target	complex_id	n_frames_used_for_ts	traj_dt_ps	traj_n_frames	n_protein_residues	n_ligand_atoms	n_lig_heavy	active_site_resids__n	n_active_site_residues	protein_partial_charge	protein_formal_charge	protein_n_titratable	active_site_partial_charge	active_site_formal_charge	active_site_titratable_names__n	active_site_resnames__n	ligand_partial_charge_sum	rmsd_bb_mean_A	rmsd_bb_std_A	rmsd_bb_last_A	rmsd_as_bb_mean_A	rmsd_as_bb_std_A	lig_drift_mean_A	lig_drift_std_A	lig_drift_last_A	lig_com_disp_mean_A	lig_com_disp_max_A	lig_com_disp_last_A	lig_escape_frac	lig_buried_sasa_mean_A2	lig_buried_sasa_std_A2	coulomb_mean_arb	coulomb_std_arb	lig_rmsf_mean_A	lig_rmsf_max_A	n_hb_mean	n_hb_std	hb_persistence_frac	n_water_bridges_mean	ifp_tanimoto_median_vs_ref	ifp_tanimoto_last_vs_ref	ifp_tanimoto_entropy	protein_rg_mean_A	protein_rg_std_A	lig_internal_rmsd_mean_A	lig_internal_rmsd_std_A	lig_internal_rmsd_last_A	lig_rg_mean_A	lig_asphericity_mean	lig_dipole_mean_eA	lig_dipole_std_eA	salt_bridges_lp_mean	salt_bridges_lp_persistence	vdw_contacts_mean	vdw_contacts_std	protein_ca_rmsf_mean_A	protein_ca_rmsf_max_A	as_ca_rmsf_mean_A	as_ca_rmsf_max_A	lig_binding_modes_1A	lig_binding_modes_2A	lig_orient_autocorr_mean	lig_orient_autocorr_last	elapsed_seconds	is_active	pchembl	xtc_MB
2XU3	0220b4986165db73cd9f0775b82b7838	301	2.0	15001	220	44	26	23	23	-11.999999999999954	-12	73	-2.9999999999999982	-3	8	13	-2.0000000000131024e-05	0.9550924705843238	0.08670675030099972	1.007624515776974	0.6486201938730767	0.08957549382949746	2.01517140584696	0.47802197825608184	2.383204734405775	0.9789336575804697	2.463267415521402	1.4575847153927666	0.0	429.97964450102563	25.0509708733227	-0.06599666741422033	0.15563224603887335	1.0522228468208636	1.9181165526949024	5.3023255813953485	1.4980478682577	1.0		0.7727272727272727	0.6666666666666666	4.418091917818351	16.556948084639647	0.06171870413485466	1.134500058352402	0.2036094348059431	1.1099263323323623	4.094279552506554	0.3437740241186463	1.3076051075477444	0.3192418676574285	0.08305647840531562	0.08305647840531562	64.80730897009967	9.542843402268453	0.5762554315457188	1.6996084930506785	0.5017931327900473	0.6620803372606695	42	6	0.6294554586160455	0.3007020422190691	116.19529795646667	False	7.3	651
2XU3	13e1da8f0e67c08c5ef1cb0ebded75a5	301	2.0	15001	220	41	24	8	8	-11.999999999999954	-12	73	-0.999999999999998	-1	2	8	1.6000000000016e-05	1.0360568228331954	0.09861071908745561	1.1196158010268593	0.9465705286554168	0.2527686626195767	21.316353490884875	10.69522528490141	17.581008566295235	20.149209593216284	44.779151751521205	16.277096740249117	0.9800664451827242	191.3753025881799	55.2361733816244	-0.00827751652018198	0.07959239421940811	18.49524608834413	19.553137080273544	0.9667774086378738	0.6713594431808508	0.7674418604651163		0.2857142857142857	0.2857142857142857	1.5591648574364878	16.529619200547668	0.07435394335026112	2.4672287310405405	0.5343181562665257	2.3225320984159006	4.019349492030146	0.5206285270464296	1.633508476516131	0.5394341851583767	0.2823920265780731	0.2757475083056478	9.69767441860465	6.817382602958875	0.5938891456075251	1.7386592677023072	0.8249553363781259	1.290053697639647	250	125	0.3623815472839875	0.002892711570825951	116.40817475318909	False	7.1	653
2XU3	187b2fb9351c5f10d65f710e85056c31	301	2.0	15001	220	56	29	16	16	-11.999999999999954	-12	73	-0.9999999999999962	-1	3	11	-8.00000000070189e-06	1.1887154511569846	0.1830950702520316	1.2720089169646627	0.6675847183005144	0.0945730337915744	2.058049747690511	0.48619520404292793	2.3568814674525695	0.6397006300196485	3.5798528749178113	0.49824805712356524	0.0033222591362126247	359.06535218432606	23.406027457530485	0.01818916333107025	0.1226733283659646	1.1355824166827562	2.560174384966177	4.48172757475083	1.3233772130589296	1.0		0.8	0.75	2.6699041186374908	16.60383054999833	0.06892175357978736	1.2040966395241097	0.3428700117586754	1.5176345795340938	4.473776407658665	0.6441413839186823	2.314744091236665	0.37274230311079565	0.0	0.0	43.627906976744185	9.264716331812574	0.6438388437297027	2.0526324803034206	0.5864466235823289	0.8313809886031026	68	6	0.4407928046386522	0.22842454261546982	114.71329283714294	True	8.3	654
2XU3	20ffceabec2b95cc0b401b1d1e504f6b	301	2.0	15001	220	53	26	18	18	-11.999999999999954	-12	73	-2.9999999999999996	-3	6	12	-6.99999999756451e-06	1.015224841270806	0.09413465532193319	0.9335692889349735	0.6178599616504299	0.11852895760675781	5.266557873728717	1.2223673933984935	6.063730134228179	3.5805020723296397	5.183255028306037	4.086944036182875	0.7043189368770764	395.84897615189783	50.53420584469593	0.02744967557278281	0.1169583064387747	3.3047479749532176	5.247228633962029	4.601328903654485	1.3494916828648442	0.9966777408637874		0.6875	0.7142857142857143	7.06448085257511	16.580388486303136	0.07323854175834699	1.9380795889555824	0.6491424782638873	2.5449731189291502	3.8509369499422283	0.48875907986628775	1.348954851941518	0.5110325883043192	0.0	0.0	31.956810631229235	9.742266468378066	0.6134650795412909	1.6716233241174634	0.534077084129983	0.9694424900319328	70	17	0.8306072671532141	0.769215562150797	118.47360849380493	True	8.3	652
2XU3	2cb6e34fab1ee523b2a48790b68ad465	301	2.0	15001	220	43	23	18	18	-11.999999999999954	-12	73	-1.9999999999999973	-2	6	12	-1.0999999999650178e-05	0.8945682821788725	0.08874885187034959	0.8791236213969138	0.6927395583724881	0.1178554596816857	3.0323155441980627	0.5150345350884411	3.486437953373367	1.2137245595941024	2.059944206685582	1.0308876412568533	0.0	425.78790334872065	17.54418197517643	-0.08167685771544417	0.14795853260375186	1.0067592707190016	2.0300111613306786	4.149501661129568	1.3691819528816866	1.0		0.7777777777777778	0.7777777777777778	3.465087433686895	16.56096232804425	0.0653132932058284	1.0788883984003412	0.4183898110127171	1.7725887869862977	4.074020877392605	0.317046774085721	0.9418513028298956	0.28346830576709175	0.2159468438538206	0.2159468438538206	51.7906976744186	7.683484024566937	0.5628545340875271	1.7844051793535656	0.4796459484296023	0.6809067953186928	34	6	0.6804519868871904	0.8165317304755415	129.2344467639923	False	6.6	651
2XU3	335dd6fbc3377cdcf2401cfc6056bc9c	301	2.0	15001	220	52	25	20	20	-11.999999999999954	-12	73	-3.999999999999997	-4	7	12	-9.999999997928333e-06	1.92729947936362	0.20133396552254623	1.952123566250374	0.8385176147080559	0.16860456294800344	6.924783097581452	1.7685554164677388	5.44294706809332	5.085476343766277	10.01903827560694	3.7669919560261196	0.8073089700996677	221.45979875990042	46.96462627640204	-0.025020994842672	0.13540813024836676	4.806512721861475	6.363733706585091	4.6976744186046515	1.3946842271038642	1.0		0.47058823529411764	0.6470588235294118	5.410613482078754	16.56592881840006	0.07095463194372195	1.8949785292408567	0.4231982560228661	2.3869034544718923	3.7967417920384094	0.5458473467776697	1.3677959956816297	0.5089641128933764	0.013289036544850499	0.013289036544850499	15.418604651162791	6.987234638030174	0.5669470793968605	1.6965938279012784	0.5627361117643381	0.7916981561005564	251	117	0.33952286803502346	0.6856145801019411	112.68551468849182	True	7.4	652
2XU3	37eaa144facb029500f427e04d484481	301	2.0	15001	220	39	24	20	20	-11.999999999999954	-12	73	-1.9999999999999978	-2	6	12	2.7755575615628914e-17	1.048169672802199	0.13151347274510425	1.0955885275126211	0.5304258210009892	0.07161078661833994	1.4203964799300945	0.45982314158190285	0.6995060998484417	0.41001706378478914	1.4228333454442428	0.17678780245779815	0.0	396.34556681027766	18.784303603502472	0.10651495461791896	0.1840618402348136	0.954814410575635	2.5840673673232426	4.837209302325581	1.2295142003316275	1.0		0.8421052631578947	0.8	1.9229700193378318	16.583173274307644	0.06971560792429048	1.1748150020529902	0.4427148427597443	0.33243411445718163	3.953664645384075	0.40331081322357765	0.9159892313727409	0.4223810293689615	0.0033222591362126247	0.0033222591362126247	55.82724252491694	7.870424180545368	0.592126169894287	1.7871107751525341	0.4600088693118954	0.5804449191078999	23	4	0.2874519913591015	0.02022596812500247	108.03177380561829	True	8.0	651
2XU3	39cbab9e91b4af7ae5b0eed4a14b90f9	301	2.0	15001	220	37	22	19	19	-11.999999999999954	-12	73	-1.9999999999999978	-2	5	12	-9.999999995569109e-07	0.9123614326178655	0.11268376954207647	0.9905695201101754	0.7203317499037596	0.11792056842601305	1.5054079906113038	0.4853887825387964	1.2122657760116322	0.7221878575225497	1.5955373777148512	0.825684706331907	0.0	378.9769143596381	19.09301089495006	0.003124580028081764	0.16511909995329635	0.9557004810391766	2.2395354491418074	4.186046511627907	1.2516851038362533	1.0		0.8421052631578947	0.8947368421052632	1.2131764207990001	16.565422225579358	0.07374590698569294	0.808623733080178	0.2831519080467368	0.6554352229436754	3.840053887161382	0.3817624732505163	1.2418455125199561	0.3497632840879947	0.009966777408637873	0.009966777408637873	50.524916943521596	9.802207210068298	0.5962525698305298	1.8888554373281305	0.509475798345599	0.6570895850606263	24	2	0.6933734338418125	0.47268898751707167	118.74733328819275	True	6.3	651
2XU3	4232bcfa9c606f52c8067ff9e22fe8af	301	2.0	15001	220	46	25	13	13	-11.999999999999954	-12	73	-2.0	-2	4	10	-1.9999999987529993e-06	0.9611236240135821	0.12136868529023627	0.9652590536491439	0.6126241233294502	0.13068414109747603	6.994822971688037	1.0679333916497904	7.246201755643939	5.083290500210473	6.198841897114584	5.4449197211710025	0.9667774086378738	417.8816578897768	27.93760368888496	0.008496317615035755	0.09154547711758773	1.5867879792049997	3.1957475935409283	1.8172757475083057	0.7796203312128206	0.946843853820598		0.8333333333333334	0.8333333333333334	0.7231608551966519	16.561234111808403	0.07805516657512566	1.8545971876995673	0.23792217684482692	1.8937042176446723	3.795264447359835	0.43628383747959015	1.08679722847012	0.7607432561642011	0.04318936877076412	0.04318936877076412	40.64119601328904	8.278629809718685	0.5862203878341491	1.5578404435645763	0.515062138480189	0.8664903423167524	42	15	0.19957890709457696	0.31667763694914947	122.49201846122742	False	7.5	651
2XU3	424689a2bad294c9a4d19ed5924324de	301	2.0	15001	220	38	23	21	21	-11.999999999999954	-12	73	-1.9999999999999982	-2	6	12	-1.2000000000469968e-05	0.9750040899497391	0.1093304907051908	1.0372009807897888	0.7394031175645495	0.12473073676993511	1.7029627360630464	0.4236674881854021	1.6228323000029272	0.6367167495247331	1.4995262062622283	0.6097177313990308	0.0	377.8463554512806	14.311493197830137	0.05922281315881297	0.21835818786674702	0.9725628955698463	2.0241374232049245	4.790697674418604	1.2572896460697485	1.0		0.8823529411764706	0.9375	1.5091968687944697	16.591213919130244	0.06353914109317908	1.2282594502097122	0.2998934071904878	1.2296326813762732	3.8381755907814235	0.4130454248019771	1.0197383945163734	0.4194051052702488	0.10963455149501661	0.10963455149501661	53.395348837209305	8.372148394058314	0.6073084181272458	1.9977271001202792	0.48756985841868117	0.7263023883515475	34	3	0.2722858433240069	0.36102984559414936	112.19786810874939	False	6.0	651
2XU3	6ef67d129dcb37a0be630ca24c321f02	301	2.0	15001	220	44	25	12	12	-11.999999999999954	-12	73	-1.9999999999999991	-2	5	8	-1.2000000000261801e-05	1.063141247555676	0.1262496038843463	1.0337996576838129	1.106755661616679	0.17450085222135536	4.338408741126465	1.3092104563025142	3.7758897837377106	1.187730232325669	4.888733431994148	0.6196939575783145	0.0664451827242525	339.51003381614623	33.333562223419655	-0.03316192107824883	0.11164479635716146	2.2605638891320057	4.410591782438848	0.46511627906976744	0.6492615814116204	0.3853820598006645		0.8181818181818182	0.7272727272727273	1.8184465581410238	16.52373270206664	0.07184590053196407	1.7638259093700748	0.2591798676796739	1.7541458301534072	3.8672752714171135	0.35156830575876913	2.3819557559711657	0.24233704762284056	0.0	0.0	40.325581395348834	8.740651013723578	0.642005102610393	1.7968675495383564	0.7049988976637662	1.2200123098163085	111	25	0.16241956593263582	0.22413954862345856	105.11644649505615	False	7.3	653
2XU3	7969946fa4a7d73df90d5fadcdef4b59	301	2.0	15001	220	44	25	20	20	-11.999999999999954	-12	73	-1.9999999999999982	-2	5	14	-8.000000000840668e-06	1.0123905533814401	0.09998127202672537	1.018454773586287	0.7259707735062556	0.071369075062133	2.1435600943161432	0.4469187329632441	2.4272315940325258	0.7273557310904606	2.4466436731132526	0.4874849674423797	0.0	428.3937013700402	18.051378916965	-0.07197655591246543	0.15789510571962617	0.9971365675369128	2.188891845756894	4.2425249169435215	1.1313938733063855	1.0		0.8	0.8	1.8436612385971567	16.536011198816084	0.07199868141367304	1.470228434932139	0.367724066009117	1.8353248841381162	4.190799559046817	0.41698334302833073	1.041839853380264	0.30810243235869933	0.0	0.0	53.21262458471761	8.237018786770784	0.5882420878638233	1.6051179557800446	0.4611866074487921	0.67796131583165	52	4	0.7095156439810488	0.13906541119072127	87.42800211906433	False	6.9	652
2XU3	88de53427c78a4f8890a2b946385d70b	301	2.0	15001	220	43	22	11	11	-11.999999999999954	-12	73	6.661338147750939e-16	0	1	7	-2.100000000035407e-05	1.0381764513534126	0.1438401097119574	1.1436250984116672	0.7296139910712183	0.11617564177372389	5.237699057089342	1.9034788848158384	4.419986031000431	3.879735805168395	8.651438780939804	3.184719871182273	0.6611295681063123	256.3881377341861	32.6585583624613	-0.006138314851946129	0.0897530961103167	3.222293634706686	4.8786658730123635	1.5614617940199336	0.8275026609358532	0.9169435215946844		0.5555555555555556	0.7	4.132834995997146	16.58580425063597	0.07317861008743018	1.5653430971229123	0.3979384573485837	1.8172254071174154	3.758039411993904	0.5772301656916754	1.136093504799764	0.6146572576690803	0.0033222591362126247	0.0033222591362126247	17.272425249169434	9.755765163165364	0.6586507943590647	2.2289386664366293	0.6206293622198313	0.9533205980006323	219	64	0.37398966736755074	0.11828270308974399	96.77872824668884	False	5.5	653
2XU3	98cf559a50ee84d38e7648c91b0c564d	301	2.0	15001	220	38	23	20	20	-11.999999999999954	-12	73	-2.0	-2	6	11	-1.199999999945689e-05	1.2478745941991158	0.13103899358896978	1.324721717737682	0.7863777798042737	0.12194889296256024	5.9304290162314475	1.6933815354539412	7.023238113120298	5.035302577347138	8.418577290910063	3.0308468543445017	0.867109634551495	281.7660766786016	47.55072688585153	-0.06269916995695475	0.14944395898994406	3.7732214393000336	6.124007527693898	2.485049833887043	0.9526719275297738	0.9767441860465116		0.4444444444444444	0.6842105263157895	7.297792058922146	16.474193758399725	0.07730028039439442	1.7326260874401382	0.4738901326244489	1.7101087719093835	3.8185174524977317	0.5467491003877283	0.5861013272839276	0.29290306607947075	0.11960132890365449	0.11295681063122924	31.142857142857142	13.118531583470086	0.5858546210763789	1.7200574851154113	0.552675370122483	0.7613803332297978	112	27	0.5507721768712195	0.054235780660369146	83.47319197654724	True	6.0	651
2XU3	99c9a8dee8fadf56676d8f90e6848e58	301	2.0	15001	220	37	22	19	19	-11.999999999999954	-12	73	-1.9999999999999978	-2	6	12	1.999999999349744e-06	1.048616630226798	0.11385257809667142	1.222476763661195	0.6016143247349434	0.08564871198889651	2.4735202485805643	0.39058576402480205	1.8662522340624084	1.2818925753919312	2.278720153474744	0.7298659255146732	0.0	370.3708472215353	15.858032207410735	-0.009110287228300658	0.12970465646012921	1.0630365043662002	2.050472449419486	3.1461794019933556	1.2596050985764449	0.9833887043189369		0.7777777777777778	0.9411764705882353	2.9955702634321093	16.57588799488996	0.06624228407422567	1.3166606342110412	0.24301700638363252	0.8311918106154794	3.745348034249652	0.4172379448863485	1.3533027747028294	0.4444902650599446	0.059800664451827246	0.059800664451827246	48.61461794019934	8.973437302031966	0.5674518576009633	1.6944237892877385	0.5073393047861757	0.6542523748497148	35	5	0.6406930182048025	0.5130922303464769	96.71397423744202	False	6.3	651
2XU3	9c772b2f96c879dc662e5f137990844f	301	2.0	15001	220	55	26	16	16	-11.999999999999954	-12	73	-0.9999999999999993	-1	6	9	-2.6999999998778e-05	1.2077726005208866	0.15572452611923737	1.374609161960487	0.9694833218750284	0.21947967467773438	9.713534673641705	2.801083140316527	11.607657068498535	7.889957721137115	14.969036706717315	9.534601039848697	0.8604651162790697	269.18366702880377	58.669536521016	0.005402935055922637	0.09826342617164892	6.265156761690488	8.054087009546938	1.6843853820598007	1.079892653850128	0.8704318936877077		0.3333333333333333	0.25	5.159884778813798	16.572945416897806	0.07464100814321747	2.1487232950956314	0.34480120699932004	2.386276628796078	4.183907564078774	0.6138139745659893	1.1383810312294542	0.36259987226579077	0.019933554817275746	0.019933554817275746	13.850498338870432	10.688938055841898	0.6414835525102961	3.8571703265125477	0.6541824973984758	1.4397542755591455	259	107	0.24894953017386498	0.08600848742449879	99.21386194229126	True	7.9	653
2XU3	a1409d89193dd0a7a4a54efb7c4b0b88	301	2.0	15001	220	43	27	19	19	-11.999999999999954	-12	73	-1.9999999999999978	-2	5	12	-8.9999999992596e-06	1.133608672090945	0.12327352454841403	1.3013115800639437	0.577843936213517	0.08056637981890037	1.9376343668038642	0.46029318266927327	2.3772994062312636	0.8917060711408518	1.8949846547500793	1.1995480667453562	0.0	417.9567709529866	18.716435980367837	0.04934206154081853	0.17078596474936428	0.9994444037199558	2.686440707337269	3.9335548172757475	1.276768002696399	0.9966777408637874		0.9473684210526315	1.0	0.9881583632349711	16.5478828673925	0.06573790948343665	1.318650015341211	0.3311449003245113	1.651759976038047	4.252363680664141	0.3946800740644605	1.1747867957086044	0.4330712433516747	0.009966777408637873	0.009966777408637873	62.25249169435216	10.91416383406328	0.5920511526289961	2.239072302247539	0.49254131857283595	0.6412806197147769	35	2	0.46390673833519497	0.6087125662677018	95.08175706863403	False	7.6	651
2XU3	a864b4e510a4a9f05aa2438e3cebd634	301	2.0	15001	220	40	25	15	15	-11.999999999999954	-12	73	-0.9999999999999998	-1	5	11	4.440892098500626e-16	0.9722879118983284	0.09672297680657348	1.1353178101381352	0.7351096921424655	0.09346764862086049	3.0356965124138253	0.35753281357537603	3.024156540589624	1.707016981948669	2.6017181253083805	1.6496961831513912	0.0	369.5526053519287	27.431865811964496	0.05203504871039984	0.16952909647236947	1.2115340859840245	2.4070574220439234	2.8970099667774085	1.2115272876297205	0.9568106312292359		0.9285714285714286	1.0	1.3646001366042373	16.572816678056807	0.07949804802485792	1.692954894276135	0.2767983503772029	2.0745512944941344	4.024307001601554	0.47906651644230325	1.609172581383035	0.34855180880422176	0.013289036544850499	0.013289036544850499	47.40531561461794	10.039548290823452	0.6135519363403956	2.199090655207862	0.4886036650095441	0.6296720004304287	37	7	0.8215565484809301	0.8613584785322651	89.49081611633301	False	6.0	651
2XU3	ad3886476184578f75d5af9504b7aca7	301	2.0	15001	220	53	32	10	10	-11.999999999999954	-12	73	-1.9999999999999982	-2	3	7	6.9999999997572004e-06	1.1536802977838498	0.2122899135180209	1.2614068303280919	0.7339249292426223	0.16386788101659333	4.342931142318729	1.2068304938845633	3.431866548642526	2.967963269614477	6.607251424593092	2.6036226093669286	0.4418604651162791	363.6411512872788	59.14396662413658	-0.012129488029195919	0.09195520800248898	3.128378031110528	5.1791111143502215	1.0199335548172757	0.7103422007009477	0.7740863787375415		0.6666666666666666	0.7777777777777778	3.5004749988341075	16.571049806589315	0.07218081222924216	1.6728796735758489	0.3591788476411711	1.3912502556520283	5.002557262777265	0.6112864090147357	1.3021348287935348	0.45944656301212344	0.006644518272425249	0.006644518272425249	26.694352159468437	9.673383765981638	0.6769767590679516	2.0593113076405265	0.7435690575856739	0.9312413670907586	245	61	0.5848296008288275	0.38406603953386403	90.78059577941895	False	6.6	651
2XU3	c42e22237c07702a044507738b0805b2	301	2.0	15001	220	43	22	14	14	-11.999999999999954	-12	73	-1.9999999999999982	-2	5	10	-1.0000000000731646e-05	1.0119989212510272	0.1456321725162305	1.133106226614769	0.6497188646547987	0.08824306544744065	2.7924751633499767	0.8649900518229651	2.113309392559704	1.2141527460849306	2.4543565430460106	1.1070432405834025	0.0	324.57043191263415	22.38768912904191	-0.030966605148434388	0.1516012790043333	1.6089330535117279	4.285465971743366	3.3156146179401995	1.3206972527950789	0.9933554817275747		0.9230769230769231	0.9230769230769231	0.8071627319905108	16.55889508567545	0.07694518708747217	1.5196906507057628	0.7019133542136068	0.5852704579171623	3.7991880791745753	0.5650788782362107	0.8571388812046523	0.3293785945038887	0.4186046511627907	0.4186046511627907	45.74750830564784	10.377718693743624	0.650814375948492	1.8915572181569755	0.5176866031811755	0.6846019679573282	45	5	0.2939671952851501	0.07271898326529189	115.44121193885803	False	5.9	651
2XU3	c5cf1f886c6849f8233c8b282a929680	301	2.0	15001	220	41	22	10	10	-11.999999999999954	-12	73	5.551115123125783e-16	0	1	7	-8.999999999675934e-06	1.1367708824407043	0.12356627256640315	1.145516474822503	1.1632879361833597	0.16537434007191035	6.655584672368512	0.8637037820807169	6.508344030985847	2.9481797765555453	7.26444304569055	3.6678223445224267	0.48172757475083056	270.93648922783194	41.39448781992921	-0.019770849591594558	0.11055647821111933	3.0383336986882514	4.6574884038190705	0.8970099667774086	0.724069591950278	0.7009966777408638		0.5	0.4	3.6229531089027387	16.538049410115217	0.07523381910438823	1.358525345746923	0.3486145696518882	1.2840920690529085	3.4706318904746603	0.4529479756586324	2.1963857679584944	0.3687428386810124	0.0	0.0	22.691029900332225	10.061317949098921	0.662079586296261	1.658671062458596	0.7222706834564045	1.0522290199755089	186	59	0.18855896306729722	0.04614820125839457	96.66557240486145	False	5.4	654
2XU3	c842104ea7034c335c96f16efde3aff4	301	2.0	15001	220	40	23	15	15	-11.999999999999954	-12	73	-0.9999999999999971	-1	3	10	3.608224830031759e-16	1.0375108630566827	0.13870524807769696	1.272181921697516	0.9108999986389393	0.1742693742169668	4.440858283770254	1.0832994340748607	3.9907192309542694	1.6921635012938974	5.38420040077433	0.05300816211426205	0.12956810631229235	292.12710479791747	35.352257730628935	-0.009570359554504781	0.12865767793403995	3.216360820024819	5.069815110543344	3.352159468438538	1.1708972286604693	0.9966777408637874		0.5333333333333333	0.3333333333333333	2.758879157087356	16.5433941260722	0.08577427530558619	2.029884705243785	0.5067364982834766	2.976855730581313	3.9018159890872	0.5934420077147216	0.9626211239002247	0.47719343628290023	0.0	0.0	32.883720930232556	10.960959144041	0.629049925070099	1.6770685595506414	0.6019753043230586	0.8327378218584706	200	61	0.27111563322392035	0.8410706066675051	112.19428753852844	False	5.8	652
2XU3	cb20abd70e0ece3d85e1338101d4bd72	301	2.0	15001	220	46	25	15	15	-11.999999999999954	-12	73	-0.9999999999999976	-1	4	9	1.4710455076283324e-15	0.9917529324723303	0.11136895826858387	0.9793561068475317	0.9028550937614893	0.15553235674981997	5.801131626359758	2.479996465706735	7.16246591172528	3.569462826479666	12.268131062812522	5.464424479180092	0.6046511627906976	287.06313431837145	39.071675341313316	-0.005569808930241589	0.1267400998142634	3.897366651755856	5.151526684666852	1.8372093023255813	1.0000386301740434	0.9368770764119602		0.5384615384615384	0.5833333333333334	7.199368547452021	16.52134486816177	0.07741645183149465	1.7904402901241583	0.3528535927498936	1.7399307253602754	3.987729699947717	0.5846997614520518	1.2315553290249133	0.5053527831354099	0.0	0.0	29.325581395348838	13.744958970008918	0.5962302849248909	1.6339905659618041	0.6826477941939089	1.082569270280649	196	58	0.38480438430290365	1.5807255594196968e-06	121.27588272094727	False	6.2	653
2XU3	d60363c0fec1c05a155d848f9a232a3e	301	2.0	15001	220	46	21	16	16	-11.999999999999954	-12	73	5.551115123125783e-16	0	4	10	1.3000000000318312e-05	1.035948185312363	0.12412029513467403	1.159340854882249	0.6139122809974639	0.10517060774568561	8.063535444445634	1.0725770974243196	8.400899661317359	2.672178546528756	9.081638913022989	2.760132752859906	0.31893687707641194	295.15097913968964	56.38961128266279	0.025305431194277115	0.12766744641716016	3.8066069313104056	4.9487440654485715	4.21594684385382	1.2455414907371998	1.0		0.5714285714285714	0.75	7.122666571043885	16.507133940215684	0.07341054905414711	1.4343507182433766	0.3967118179722732	1.994997136916218	3.5283531390474563	0.42089231965045615	1.5463479273768665	0.30630601016793624	0.0	0.0	27.162790697674417	13.223484502131782	0.6301278291203223	2.499075032817562	0.5785028326576835	0.8434284449948288	140	66	0.22603594899197088	0.09324259744241466	115.7837884426117	False	6.2	652
2XU3	def33b1b26713c8ce7794e1cee2141c6	301	2.0	15001	220	52	28	20	20	-11.999999999999954	-12	73	-1.9999999999999978	-2	6	12	-2.0999999998605468e-05	0.991658965504182	0.09021732292475537	1.1003364980887307	0.6132572290330836	0.0850301476547556	2.621618291421843	0.7804666881084987	2.5172492725184132	0.8228287601596218	3.8897158110648746	0.6545719853150507	0.026578073089700997	431.35607637232215	39.63135910812044	0.026717437763661252	0.16674090937677424	1.5088835846674538	2.5577931686773527	3.8006644518272426	1.522849081802143	0.9966777408637874		0.9	0.9	1.8409576601159225	16.580215009593392	0.06798235365899544	1.569338616757072	0.362947635683784	1.5078051546403473	4.261714761588617	0.38600546479516457	0.8877596770331989	0.3646602920207709	0.0	0.0	47.43189368770764	10.768764634942306	0.5588944505161397	1.6835689350505996	0.49636599133386117	0.6419915588791714	84	9	0.6341503466057073	0.6130067523019732	91.4640166759491	True	8.9	652
2XU3	e93a4d36831e1c123940b06eb94b7e74	301	2.0	15001	220	37	20	13	13	-11.999999999999954	-12	73	-0.9999999999999993	-1	4	10	-2.000000000002e-06	1.0805875809863645	0.1148218127299657	1.005648131660001	0.7653424793779174	0.1723547744237103	8.051821459701713	2.1940342943614297	8.53171882980978	6.70688850659013	14.457070391327592	7.033041102335193	0.9568106312292359	228.11115352728118	43.112404602927896	-0.00649819904211566	0.11327920265730164	4.427197354825575	6.291149942421457	1.6511627906976745	0.9120312349361663	0.9169435215946844		0.36363636363636365	0.3333333333333333	6.495766604913971	16.48914635923121	0.0734362207465006	1.4171483548331467	0.2389470300262308	1.312452500591563	3.3622047417236853	0.43772821476428764	1.9741151000289536	0.3122427426701993	0.0	0.0	17.083056478405314	9.98153171489966	0.6301262555141599	2.5381890562212077	0.6726476349728817	1.0550441879290704	216	87	0.28494014612437724	0.5078381593109444	93.75672507286072	False	5.0	652
2XU3	f885f085c98c18670a7ddbe3c7a763da	301	2.0	15001	220	57	29	11	11	-11.999999999999954	-12	73	-0.999999999999998	-1	2	9	7.999999998481444e-06	1.312048253784633	0.12418764610254404	1.6131510692213349	1.042694734009	0.19802749418535429	4.7889539698117405	1.0860398619031724	6.669323740611969	2.1990184377039976	6.52193674395564	3.9955954584886597	0.20930232558139536	309.83335874674043	53.22969052649749	-0.03647123382641475	0.12392829403129461	2.8369350646610303	6.050499907852203	1.9767441860465116	0.8982027261242467	0.9833887043189369		0.45454545454545453	0.36363636363636365	1.8269244583917683	16.541176853854086	0.06340588684166559	2.059814518646325	1.0272685641173958	1.9978115656550874	4.1679628105209074	0.5704015430876457	1.3045826292479135	0.37180347070419933	0.0	0.0	22.19269102990033	8.486617160650512	0.6263051121755353	1.6648429786209669	0.6521535325645641	0.9915954696566713	130	21	0.31583696555615776	0.05032662555849133	108.16304111480713	True	9.9	655
2XU3	fd5ba50d24141a833001dc12a320fc8f	301	2.0	15001	220	40	23	20	20	-11.999999999999954	-12	73	-1.9999999999999978	-2	6	13	4.163336342344337e-16	0.8746191088567674	0.08486289475079521	0.8796806198072427	0.573358184546304	0.07272530477420482	2.9282611456433925	0.46677860343366584	3.5216158840910707	1.6197117976256603	2.4660979906946694	2.220177826490673	0.0	386.29389440953787	28.267624322351335	0.010773430387551441	0.15987818188470984	1.4020468040167697	2.0989907040532683	7.089700996677741	1.4054687600633309	1.0		0.8888888888888888	0.7777777777777778	1.9980854486704724	16.585858346583088	0.07060131344041547	1.4191285738578887	0.22525781369847112	1.6910376550661868	3.8563613100640306	0.3792501161502601	1.2811204310004805	0.2869419460351713	0.0	0.0	53.74418604651163	9.480755525492548	0.5779470451449005	1.8437307722945566	0.4873254309375817	0.676862686648841	51	6	0.4567072012409431	0.05222230831236958	105.69838881492615	True	6.9	651
2XU3	ff8edf23e1c4463cdc767531d804cef1	301	2.0	15001	220	42	19	21	21	-11.999999999999954	-12	73	-1.9999999999999978	-2	6	13	-6.000000000089267e-06	4.661872018133896	0.7886208792071224	5.472257545156874	0.708357531158527	0.12071459731090237	1.937188804474957	0.44572169736377387	2.208632635887104	0.4619340748559028	1.685488944602705	0.4569744541989634	0.0	379.22535207894	15.631565506189666	-0.025151039586304838	0.15781630530366517	0.7909759344776383	1.64667860907112	6.152823920265781	1.4106501642644957	1.0		0.8947368421052632	0.8888888888888888	2.176335341150683	16.63746980645892	0.12977580847001133	1.019383870505657	0.34033745453143494	1.2344995561601928	3.600625474890987	0.5347693417128037	1.056813768016211	0.2706772687767663	0.0	0.0	43.053156146179404	7.87720322007137	1.0597171757613988	29.64132653417615	0.6147013083101854	0.8536944475888046	24	2	0.7077530329246922	0.3070856012997055	88.55090475082397	False	5.6	652
2XU3	fffe47a81a0ad8b0cd7beae03f34b077	301	2.0	15001	220	46	23	11	11	-11.999999999999954	-12	73	-0.9999999999999989	-1	2	9	1.9999999999187335e-06	1.0376335223925117	0.12398969046588107	1.1536879813343928	0.9763272922680565	0.2065523771331031	18.898352778132473	10.845353042030125	23.745063017344446	17.275925528725054	48.77521905273954	23.26734056645152	0.9700996677740864	137.54504968435646	100.25384855677903	-0.004691591207386404	0.06606716177915463	20.587801634172333	21.37641627591222	2.647840531561462	0.8562281039138714	0.9966777408637874		0.0	0.0	2.4776163275479255	16.48552473220808	0.07299475485648028	2.069101112628522	0.35167194998431023	2.0530502370343964	3.9301756129605345	0.5800702314174947	1.305210134659958	0.5546125098535662	0.03986710963455149	0.036544850498338874	6.6843853820598005	10.509134866969076	0.5999226706422232	1.761668615447313	0.6859754143267016	1.3909042408388936	278	238	0.46312922313224053	0.6464924348684937	103.56908559799194	False	7.2	652
3I06	0708a8656ea2024a7a2f0e1407f518a7	301	2.0	15001	215	48	28	12	12	-12.99999999999989	-14	49	-3.999999999999996	-4	5	7	-7.000000000229045e-06	1.0355753663072447	0.11358442153855154	0.9877414255245193	1.7065291062476373	0.29559570910182187	7.305580255982332	1.2518612760669843	8.166226911275281	4.840674923797726	6.9788158341401	5.45311035420458	0.9601328903654485	372.07128628031256	33.58363870632814	-0.012142601041208062	0.10857464745346364	2.461784050408493	4.715000921483637	0.7142857142857143	0.7720804431703674	0.5415282392026578		0.5	0.5	2.8995775192827358	16.279158496174645	0.0765545358733622	2.401976272870142	0.6138867396142875	2.319637672209412	3.7694428525210255	0.37309229679879147	1.8779277848683307	0.41570131379008163	0.0	0.0	35.0265780730897	7.598694453220649	0.5584893917010427	2.0335978443968163	0.6479551487489592	1.6577444724555963	130	27	0.30649740431613226	0.9798963284950879	127.94892001152039	False	5.425	602
3I06	0790157ee26dfb0fea3a1ce3db026f75	301	2.0	15001	215	44	25	8	8	-12.99999999999989	-14	49	4.440892098500626e-16	0	2	6	-9.992007221626409e-16	1.7144330912550296	0.32513724107215974	1.8013081980974512	1.5189472488384979	0.2896925015020071	8.3207228938158	0.8640651537082544	8.143320473023232	3.5482877359458738	5.347960776748476	3.245376099728501	0.8837209302325582	314.07941771384975	36.9183948071964	-0.005714762895553205	0.07571331266078644	2.2234536202465414	3.5873965219977793	1.4019933554817277	0.7610946915620662	0.9169435215946844		0.8571428571428571	0.8571428571428571	1.461065209272469	16.308172605496132	0.07120400123782902	2.096432586833129	0.24935087581478838	2.2466566968798984	3.8534818324938227	0.5689835057754993	0.5832359469978052	0.3189658626514691	0.0	0.0	37.27242524916944	10.420982718972809	0.6011239806018553	2.566354905161693	0.7741555455553398	2.4149372427656544	89	21	0.20247199342654768	0.047538765661552115	106.94890642166138	False	6.5	595
3I06	37f9f904b3a0eaee2c624e4559ebe52f	301	2.0	15001	215	61	35	5	5	-12.99999999999989	-14	49	-1.9999999999999991	-2	2	3	9.999999998400178e-06	1.1250718763702077	0.15476757509132563	1.3004590037549963	0.6432900956572529	0.1221647099312531	10.019337365140332	2.582892197856874	11.804577315448745	7.261853426126194	12.549537870106992	9.261125274850304	0.9634551495016611	313.5357525455118	69.71130473320476	-0.0038627690302353215	0.08062314985726762	5.443985901326855	8.256746580891354	0.23920265780730898	0.4493532030847273	0.2292358803986711		0.5	0.5	1.760435242959405	16.315821800611467	0.07682352440754035	2.34039940215129	0.5833403815494901	1.9731306003481242	4.50712994806011	0.42282389112566426	1.7409102395201355	0.5736195423018925	0.0	0.0	11.29235880398671	10.18439174913412	0.614477310795644	2.667270899522751	0.5289999989265552	0.6443759599240773	269	124	0.4991356785113251	0.36670519312689315	114.8090078830719	False	5.4	604
3I06	3c117a293542d626d77f570da38bd5f1	301	2.0	15001	215	52	30	4	4	-12.99999999999989	-14	49	-0.9999999999999993	-1	1	4	-1.2000000000123023e-05	1.4097588022808765	0.29750209743181744	1.2919282584328164	0.44817679835484264	0.1923234048330716	11.458259703250055	1.8423033604576518	13.937604494976988	9.167622875855454	13.796291645511209	12.350146031133626	0.9966777408637874	284.6652803661669	41.82723649939273	-0.0013581315263915452	0.07751622387357074	4.231031585982473	6.908728848405278	0.019933554817275746	0.13977198649809058	0.019933554817275746		0.25	0.25	0.908908734898781	16.329542180560715	0.0738147780680705	2.4510771062983236	0.5687310456673117	2.193372732921843	4.090424332256544	0.4735492223924983	1.6232942890542403	0.35479393218517463	0.023255813953488372	0.023255813953488372	9.518272425249169	5.362336198633934	0.5842640099875386	1.8850440771031847	0.6692436858773693	1.0076509219023144	240	84	0.365181852610223	0.2593233845357063	112.82729935646057	False	6.43	598
3I06	3f6e40d3068fb0fd99bfa763ed0ca2bb	301	2.0	15001	215	43	22	11	11	-12.99999999999989	-14	49	6.661338147750939e-16	0	3	7	-1.3000000000096268e-05	1.5344939231551538	0.2660662381367473	1.455892135756868	0.9231065876971483	0.14680869958956044	9.766884600760484	2.2748241553087585	10.459703230102326	7.795083311851187	17.03036430072751	9.193195489274318	0.9667774086378738	238.60574352268938	41.614948035168524	-0.006054746251715762	0.09012136314719366	4.644181172592732	6.450149155732742	1.2192691029900333	0.650908486514148	0.9069767441860465		0.36363636363636365	0.5454545454545454	2.545033926619645	16.374717897400036	0.07576926344153698	1.4780252832593443	0.3835488796188915	1.68308746801833	3.8420542994556284	0.6702892748413518	0.9617581670555958	0.39672816412698464	0.0	0.0	17.930232558139537	8.434924802529187	0.6047460445793991	2.9198198925173227	0.7129215172556338	1.101323599225564	267	110	0.3492543521321204	0.40416313542080884	123.70818257331848	True	7.3	597
3I06	4438f9709f9cecfb7ddd62b05fff9f8d	301	2.0	15001	215	43	27	9	9	-12.99999999999989	-14	49	4.440892098500626e-16	0	2	7	4.996003610813204e-16	2.4332659400622574	0.608488468933427	2.697251434102225	0.8052317745687607	0.13716821955474767	7.86225042939682	1.192441817413713	8.421756395898779	4.93677687872528	9.389007963772242	6.073274638541409	0.8571428571428571	295.5079065738515	40.46834822458275	-0.02676188904058481	0.10275891543748936	5.676427979623547	9.22764373227476	0.7375415282392026	0.6728374506419577	0.6212624584717608		0.7777777777777778	0.6666666666666666	1.9578779756443538	16.28145121261269	0.0711743734205362	2.2762803478699007	1.1656289506141242	2.213813687362009	3.9073421562568855	0.5050926508785536	1.5917159697197953	0.4113260914816628	0.053156146179401995	0.04983388704318937	24.99003322259136	9.797106173134342	0.7266772019195261	22.815713649769936	0.6453628859143773	1.0343431877977367	184	67	0.28482045124011496	0.01580708552867194	98.23611211776733	False	6.78	596
3I06	47a8000e16980306005511b953a06ecf	301	2.0	15001	215	47	25	11	11	-12.99999999999989	-14	49	6.661338147750939e-16	0	2	8	8.999999998621222e-06	1.3231261306199387	0.2460332556825522	1.597998338211212	0.8830971538207566	0.16038716926810537	5.038171760395706	1.036787698664017	5.209134207051434	1.5343300267089415	5.897236992668459	2.191020100471372	0.06312292358803986	315.4749103719913	28.0228203204379	-0.004231124576518645	0.10314284556543575	2.642244859035168	4.194427125795485	2.3255813953488373	0.8274626453328928	0.9900332225913622		0.8	0.7	2.632299514976394	16.393358189117052	0.09209617083890909	1.6265826287708858	0.20808264231865672	1.8032287185883575	3.4916680415513532	0.26861956871094106	0.9948431144516843	0.2796376033847611	0.0033222591362126247	0.0033222591362126247	35.75083056478405	10.033550411577007	0.6265884566126964	3.3292668188707406	0.6071244710926086	0.8764196900705284	148	29	0.4568602025487099	0.09442964218671733	116.21049737930298	False	6.77	596
3I06	4a67881e46b87364ec2e0ec7cbbf0bec	301	2.0	15001	215	57	32	12	12	-12.99999999999989	-14	49	-1.9999999999999991	-2	4	9	2.700000000041558e-05	1.0828756998949247	0.10300503759698322	1.311935703300742	0.8565725443246104	0.15890982308484383	11.813805591567384	2.740399868258199	10.24286558340011	8.902564527349137	15.45197061985077	6.016106576757343	0.973421926910299	349.7328945258785	68.22405167689874	-0.030063184604556748	0.10602934208360859	5.072059278021254	8.106282382457644	2.362126245847176	0.8100864135084741	0.9833887043189369		0.6666666666666666	0.75	2.962013361107585	16.25168777100505	0.07146628662065535	3.228590010273271	0.7907234189162633	3.673852296668309	4.495189697100586	0.5857314799551787	1.1810164156006577	0.43807561938269823	0.0	0.0	33.53156146179402	13.793559834599417	0.5749624148364951	1.9891659386753524	0.634447340910009	0.8402103318807438	179	60	0.4521458303716983	0.8118849115007477	115.06386661529541	False	7.1	599
3I06	5d418a86059c42695f5856b68e7a7118	301	2.0	15001	215	43	25	12	12	-12.99999999999989	-14	49	-0.999999999999998	-1	3	9	1.0000000005006004e-06	1.1275382377239054	0.17333500140863017	1.263242081230095	0.923591068673808	0.18706973821183587	6.258820454755952	1.230277595176981	7.2635401633202585	3.903979602349701	8.957261708672592	3.3011951674041176	0.7342192691029901	293.57522204639577	36.40033226656087	-0.029209961258291926	0.13119397972610175	3.6125257870524137	6.140061771549703	2.5382059800664454	1.0355967211554375	0.9867109634551495		0.6	0.5	4.320305192124989	16.31534650465631	0.07893168361786554	2.2643924183712203	0.48200383991038237	1.7769543647670927	3.8426646815987713	0.5653232359787499	1.0047034968700215	0.29093127633538163	0.0	0.0	33.325581395348834	12.132449148312885	0.6143981857251319	2.9626567068369156	0.6642185257591451	0.8931639930909238	200	58	0.3751371509253306	0.4252206995432447	114.48805093765259	True	7.41	596
3I06	642b2e0e340ac4d3adcf66589e7fd012	301	2.0	15001	215	48	29	12	12	-12.99999999999989	-14	49	-0.9999999999999993	-1	4	8	-7.9999999997582e-06	1.153465461360919	0.25086274394432784	1.2980525487367336	1.1713013478543959	0.37536987180211073	7.6410223234451555	1.9819443694780385	8.534223570769694	5.141640634860131	9.527464933255972	5.778037406161841	0.8770764119601329	304.87649209355345	48.6154616771818	0.013666274176805219	0.10923006273924513	4.226384263935181	5.868334834076714	1.3754152823920265	0.799871403887201	0.920265780730897		0.7272727272727273	0.7272727272727273	3.2134556745617027	16.306393472130477	0.0661898276004693	2.261349626431581	0.5132506035177852	3.488234887775573	3.9957703863727456	0.44904976286365916	1.5322346547253214	0.40569097008987365	0.0	0.0	36.66112956810631	11.557660619254081	0.6419413393009592	2.86644865322789	0.9266770851766828	2.832575086898498	205	85	0.47285646431962586	0.9585151403316794	116.97042489051819	True	8.4	598
3I06	7024d698ad06da1b887b5df50f7728d3	301	2.0	15001	215	64	36	15	15	-12.99999999999989	-14	49	-0.9999999999999989	-1	5	8	-8.999999999814712e-06	1.034068972635345	0.15548171918883616	1.13538229993306	1.046233808608745	0.18869639129609253	8.161064107106808	1.5482386897221185	8.418544926995892	5.28215589851164	9.21760274541832	5.157811607518625	0.9800664451827242	316.977209813075	42.37595871171802	-0.0721101854245873	0.13163717554449675	3.434194334344068	6.175990860072986	1.132890365448505	0.6738701270372174	0.8538205980066446		0.6428571428571429	0.5714285714285714	3.437174584957781	16.29772434510176	0.07453945656698452	2.3949979915170156	0.24838477264467365	2.1623265919055283	4.442589987269179	0.459663803605207	0.7082320809103613	0.2761373306835027	0.08305647840531562	0.07641196013289037	31.561461794019934	8.766463004579816	0.58251443999592	2.3438372907491827	0.6478581223822731	1.1479380375762072	179	38	0.08944191038614031	0.4609041157122594	107.56239295005798	False	6.965	596
3I06	752f05c1f66a8f4b3b1789ec136a4c33	301	2.0	15001	215	48	29	16	16	-12.99999999999989	-14	49	-0.9999999999999989	-1	5	7	-9.999999989185326e-07	1.123769967575294	0.18447082255551378	1.073727909083765	1.5428148002861213	0.3069672191652371	20.23389222304154	16.120013543112808	43.22512513786909	19.362868049726696	44.843550802215326	42.80075872988366	0.8770764119601329	215.40113889079905	68.84523481536311	-0.007082027714137529	0.09801686599498383	21.728924137092175	22.410630527130532	1.850498338870432	0.8670268923493905	0.9501661129568106		0.13333333333333333	0.0	4.295804663703404	16.354192034623512	0.08755880037003216	2.338487839131329	0.8859699317853269	3.323104678108749	3.9331213314037874	0.44304828575626654	1.0820517470018431	0.47902829685502024	0.0033222591362126247	0.0033222591362126247	17.358803986710964	18.510053761777797	0.5945016278125795	2.5440382401065134	0.7248736388486074	1.6980838874170228	236	110	0.37068461210393727	0.02157834806614901	111.8960394859314	False	5.4	596
3I06	77b75df8109925be76df5616a3e1c899	301	2.0	15001	215	52	30	6	6	-12.99999999999989	-14	49	-0.9999999999999997	-1	2	4	-1.5999999999377623e-05	1.0268721710253708	0.12719741743897778	1.1268521186985376	0.6734127158437412	0.13792522020017783	9.371500064018349	0.8478491669608205	9.487723384213469	6.309758392839451	7.376980093623285	6.09429346014739	0.9966777408637874	287.6104160103231	29.993778167886926	-0.03773359039104055	0.0584125971615845	1.8184204154289525	2.8443680427044016	1.1827242524916943	0.6939466936763287	0.8338870431893688		0.8333333333333334	0.8333333333333334	0.6007595437851062	16.302762805486136	0.08017406850253134	1.9938266021223583	0.3347400706543655	2.8459736646025084	4.069850731361386	0.5326557084898875	1.836604937343954	0.27466562819046614	0.009966777408637873	0.009966777408637873	37.056478405315616	8.067415256900722	0.5878092500271783	2.207432868102274	0.6456590110714285	0.7135855205539842	82	20	0.11864852549066557	0.01811830412317664	87.25427532196045	False	5.744999999999999	595
3I06	8aec869639fd159e3c91d77b4fcc4e79	301	2.0	15001	215	48	28	15	15	-12.99999999999989	-14	49	-0.9999999999999984	-1	4	9	-6.000000000061512e-06	1.874265490173383	0.3136654424664186	2.0756207511736844	1.0347028785555574	0.17801352080936242	13.728493221181443	9.655041071396933	13.925128545255456	11.65220959249458	41.696520391629036	13.081356323965766	0.8305647840531561	199.69614581712565	101.03576400071543	0.0013202176529446051	0.09945083329844331	14.134562264581353	15.219976360829115	1.2325581395348837	0.7980893509302699	0.8372093023255814		0.2857142857142857	0.0	8.149244181885502	16.323770808540342	0.0881449044504601	2.032457684871198	0.4243120073891728	1.8581088918612059	3.7794231248544468	0.39241361875658254	1.163146408626893	0.33159456542125104	0.0	0.0	17.18936877076412	15.174095558335916	0.6218226451692322	2.3957395400514323	0.6850367617675222	0.9811448259980784	273	169	0.2739989679259734	0.31837572850240964	99.85125684738159	False	5.73	595
3I06	922db9175a15e6a2d34d02717b0de6ab	301	2.0	15001	215	57	31	15	15	-12.99999999999989	-14	49	-1.9999999999999991	-2	5	10	4.000000000309312e-06	1.1054072397075825	0.13425578411395167	1.06289291125836	0.8387108644160063	0.175658455853004	8.950819103412867	6.509525204405495	20.528352215165572	7.191714800371993	37.97653559205575	18.330888684967245	0.7906976744186046	269.4408050523445	92.79917471422276	0.0012079960960608093	0.11751438427495658	8.776874199822581	10.825152072821798	2.4551495016611296	0.9233848577865312	0.9867109634551495		0.5	0.0	5.420513535606265	16.275677059972626	0.07620399678128595	2.900613802073957	0.8118685819011261	3.6353830285324644	4.470681360473548	0.5824706860429059	1.3551757225921428	0.38388462096818754	0.059800664451827246	0.05647840531561462	25.87375415282392	15.371501725866926	0.6136433801061144	2.4416111973904178	0.7117515146693053	0.9599328645033538	272	128	0.6163123701444424	0.979838233975118	95.90281128883362	False	7.2	598
3I06	9dff198666f179b8a182da3e203eae73	301	2.0	15001	215	57	32	13	13	-12.99999999999989	-14	49	8.881784197001252e-16	0	2	8	-6.99999999806411e-06	6.8231496564058505	8.455480063251093	2.312040991208714	3.895952224715626	5.371859671763851	9.45137810952617	6.5562812365229295	7.037722126777353	6.2893651022102235	22.686407418478623	3.7305959934976247	0.3853820598006645	341.5806598843782	56.32877624114217	-0.03921725521829301	0.11989560370732534	9.238583372279695	11.641446218729826	2.129568106312292	1.0874500696580987	0.9401993355481728		0.6923076923076923	0.5	5.503630529891931	17.622968802701745	2.477285784365895	1.3833203158595941	0.22835083244110493	1.595245171716738	4.392277228144515	0.5181544933836736	0.7782714019428395	0.2228732587504565	0.0	0.0	45.29568106312292	15.146755448474345	8.765756783035018	19.511748439617147	9.670199961044686	12.911726162257187	153	52	0.39872875157517346	0.020130864815560263	76.18864917755127	False	5.39	596
3I06	b19d1a70ff3d2abd6986665d47eff086	301	2.0	15001	215	52	27	13	13	-12.99999999999989	-14	49	7.771561172376096e-16	0	3	7	-3.999999999726445e-06	1.2471727165622868	0.169024896977324	1.4354697388664899	0.9675390034991699	0.2245631828639504	23.624511555183087	13.950943084344525	37.43995309196466	22.030193029818165	44.0847603544947	36.74684106702172	0.9302325581395349	261.9683070102158	73.88498928696475	-0.0071730321219956	0.07781313116920308	19.451194982366573	20.147065002629276	3.0033222591362128	1.1309547869106404	0.9966777408637874		0.0	0.0	5.805185904816793	16.31128911636574	0.08955049189362416	2.3561076438944974	0.7915647213762971	1.705369962728606	3.9426737167153334	0.4414065558804157	1.3615059669614995	0.5247306112226217	0.0	0.0	9.90033222591362	12.961867145192699	0.6170943240010063	2.7918121252295918	0.7380692519472858	1.3685857078357626	280	145	0.29657716497399755	0.3616229466991897	101.7755126953125	True	7.3	596
3I06	b60c297c7199140f1f38ac6909b5bf24	301	2.0	15001	215	56	30	12	12	-12.99999999999989	-14	49	6.661338147750939e-16	0	3	8	-1.700000000021129e-05	0.9447710921193249	0.09859701932284264	0.883674694703911	0.8931870382137279	0.13851302568037074	4.854433881751283	1.0044928171749852	6.666721929248073	2.305529751033776	6.367921152402348	1.5354138315020007	0.19269102990033224	273.0371225751335	28.097831936590772	-0.022369058773499127	0.11700244483821975	2.946103399491864	4.686332466152948	1.6843853820598007	0.8985344496058615	0.9401993355481728		0.7	0.8181818181818182	3.545007089561588	16.307817809919644	0.07999497544686605	1.4217866240698265	0.3191579515205799	1.6625942146540063	3.6177358218242186	0.29562649927519175	0.8689299550597525	0.27271868356586476	0.0	0.0	36.458471760797345	10.815076670036632	0.5695807786970154	1.881859874508644	0.63865574488912	1.2737737082503913	169	45	0.7848686925678255	0.04801657278102636	102.79996967315674	True	8.8	596
3I06	b85a22ec0aa0dc6afd4221dc2f0bb482	301	2.0	15001	215	66	36	13	13	-12.99999999999989	-14	49	-1.9999999999999987	-2	4	9	-2.8000000000638625e-05	2.7581303290069625	0.5265302599194581	2.8435085970323533	0.9181986135824186	0.17981865514222853	6.084978824785887	1.3489978036131658	6.887038924369499	2.5789443355629125	7.719288572725611	1.1729120838565112	0.3122923588039867	316.51892707310935	54.563059683782754	-0.00904356462856999	0.11129753972702565	4.012707304552378	6.821484255031008	2.504983388704319	0.9836580397978499	0.9767441860465116		0.75	0.4166666666666667	3.1033668173610334	16.288064946523217	0.07331346228823561	2.0505490128775943	0.3190576520992245	1.9578138422852183	4.404016252443425	0.45664277984994933	0.7646570858857957	0.33596221473400234	0.0	0.0	36.285714285714285	11.581780366158254	0.7254476950555209	26.6059621298982	0.6926563364440189	0.8786701843974167	240	75	0.4546563255921171	0.033579611560479915	99.43453812599182	True	6.6	598
3I06	ba808f52df2ffa29ea7a2a6a9cd5f0b8	301	2.0	15001	215	56	30	16	16	-12.99999999999989	-14	49	-0.9999999999999989	-1	5	9	1.599999999990498e-05	1.009377718080829	0.10116931008230513	1.0054310278170233	0.9911534824271586	0.16916285801581687	8.023520378219386	2.686599672193071	9.053980739651735	5.454221597328243	13.401605546351359	5.684355381569759	0.8604651162790697	275.4179699169774	46.95466677660438	-0.003479593407850518	0.11901302350300794	4.6218870605960785	6.8435926422341975	1.1362126245847175	0.6138362632763278	0.8970099667774086		0.4666666666666667	0.3333333333333333	3.7183712335963643	16.284942341764985	0.07084781610937367	1.4031948333295212	0.4643794111335573	2.2008515994850537	4.038338701215475	0.5114048859680708	1.2686741785085718	0.25533921573454776	0.0	0.0	23.87375415282392	10.729102017055439	0.5432122571838387	1.7894811739312049	0.6060581698624921	1.0406789883088707	270	122	0.3009403428461393	0.2787779937371462	132.61027240753174	False	5.775	596
3I06	c2f2ee45493f8ae40c2fd957499cc3f6	301	2.0	15001	215	61	35	12	12	-12.99999999999989	-14	49	-0.9999999999999993	-1	4	9	-1.4000000000513602e-05	1.2590920835346109	0.18684542484971844	1.3896089211138607	1.6143197798582625	0.1969293063592006	5.2593287461177765	1.0074698560673043	6.3605143341061705	3.4835373437413977	8.889312007167197	3.0668789544600337	0.7840531561461794	376.6681659466919	58.62690746672537	-6.981434947162521e-05	0.11566379027728002	3.831424747992964	6.462500505860479	0.46511627906976744	0.6594161338957129	0.37209302325581395		0.8333333333333334	0.5454545454545454	3.2456146394142746	16.319099315039594	0.0846422576854431	2.7571854426746176	0.6335960989737196	4.003127858536188	4.688951011924573	0.5426870295845289	0.8289344431548324	0.38143163987783474	0.0	0.0	49.06644518272425	14.756120538384762	0.5977625311760367	2.550145108932224	0.6229045591141255	0.8739364465369647	151	42	0.6806222915363286	0.2842598292079278	111.3010904788971	True	6.4	600
3I06	cabddb27a77b57b277eb28c407a26d3f	301	2.0	15001	215	57	33	17	17	-12.99999999999989	-14	49	-0.9999999999999989	-1	5	9	2.2000000001715092e-05	1.111598313191355	0.15428156396114223	1.223238799378207	0.9555595788171681	0.1491212390787668	5.393245138046394	0.9835448748162925	6.52334226948141	3.321392709698511	5.9073840433068145	5.242146562717483	0.6112956810631229	346.17764302156303	37.0436584408073	-0.0027568229377299158	0.12896276518344574	2.8127648734820534	5.272144593687177	1.026578073089701	0.8228210436165412	0.7209302325581395		0.6	0.6	6.570255642668648	16.29999407104096	0.07818839887510089	2.2991697962166198	0.4974193948696642	2.5277911299567375	4.157211587138959	0.34648085548351504	1.027515564240714	0.4324962129479586	0.0	0.0	36.95016611295681	11.279925498047826	0.6030469838305875	3.0170985319033456	0.6353141778388574	0.8739477893812468	204	60	0.24986923380122122	0.18425692178269112	109.18361854553223	False	5.6	597
3I06	d03b3614f1c49ff6b9fbf5832ee9770f	301	2.0	15001	215	57	31	10	10	-12.99999999999989	-14	49	-0.9999999999999993	-1	3	9	1.2000000000261801e-05	1.2770155334202211	0.16209141871079513	1.3845734433069061	1.5284230141524169	0.2691286221591103	15.952314144419253	14.21516629476243	36.005474243831465	12.606735009643453	43.431970675829895	35.11245927577619	0.627906976744186	253.002884274144	83.45549632707187	-0.009177922718662511	0.08732222656021905	16.77951552851912	19.131676268744798	0.27906976744186046	0.5300226897132889	0.2425249169435216		0.75	0.0	4.183495332445555	16.344624921025478	0.08570406002375841	2.010757343508657	0.3790527205558817	2.948444133728034	4.175362122662353	0.5047504064906696	1.4005048248296414	0.5003925421778227	0.04318936877076412	0.04318936877076412	22.295681063122924	16.91258396274651	0.6081731657401475	2.8204702170771356	0.7306778524270193	1.0926030061065348	229	125	0.3230183533877721	0.39044766541390474	116.25840830802917	False	6.85	597
3I06	e32bacbac8502d337dc3d54d78b564a2	301	2.0	15001	215	43	27	12	12	-12.99999999999989	-14	49	-0.9999999999999993	-1	4	9	-1.100000000020529e-05	1.8726775650524945	0.1751603072952944	1.3395706112304804	1.0732462738916024	0.2000106322758255	5.38179214374022	0.8606703646161171	6.617099818892766	4.669701544093883	7.121963888595551	6.2433819513417905	0.920265780730897	340.43823573727764	23.37461739143102	-0.03170055401368947	0.10797043455508609	1.894149126698072	2.473021832766182	0.7342192691029901	0.812562374867695	0.5282392026578073		0.7777777777777778	0.7	1.780446223816336	16.298167272270046	0.07763860497266743	1.6208455859234385	0.23745639027219412	1.5504549506405993	3.79527522813412	0.44061724221129783	0.7033079282900259	0.35269993941998184	0.0	0.0	45.920265780730894	9.664141752362662	0.5808595840070073	2.4541775350537676	0.6792373633764114	0.905572507806286	69	14	0.13599879121853492	0.1133290846018024	102.42568778991699	False	6.85	595
3I06	e40809a6930ce378fdcb37d1b644e2d6	301	2.0	15001	215	48	29	13	13	-12.99999999999989	-14	49	-0.9999999999999993	-1	4	9	-8.999999999675934e-06	0.9979432969988319	0.11746754866185957	1.1691250546911889	1.007059459813175	0.27099091374952033	7.905892778310447	2.079636981651259	13.998017056629175	5.9091356882721175	13.140849551640605	13.140849551640605	0.9036544850498339	296.59735335307795	36.35658604725807	-0.01482937081128492	0.10863907228416553	4.318537209401884	5.955673304601278	1.0730897009966778	0.7698470887952287	0.7873754152823921		0.7272727272727273	0.36363636363636365	3.7678162387793983	16.296630126129166	0.06810216047705218	2.4324856254914913	0.760707337695111	1.9120037379711312	3.956063575661841	0.3934395881406794	1.6965390522635238	0.36365931172073723	0.0	0.0	36.41860465116279	12.488832993839667	0.6133477001575665	2.16334467585345	0.856731209919119	1.7220752564309911	228	93	0.3156619703962349	0.1358498757939279	100.17362093925476	False	5.815	597
3I06	e49cfa366cc64bab8e1edf37b372cbf6	301	2.0	15001	215	66	36	13	13	-12.99999999999989	-14	49	-0.9999999999999989	-1	4	9	-2.699999999916658e-05	2.5202151068969845	0.18590813293322606	2.7836123449007077	1.1691052176296195	0.16646494073887	20.410101927155644	14.659444453031307	41.87740668474594	18.96981075626734	42.97764246850079	41.52341531662117	0.9667774086378738	213.50441286340825	108.21984383815476	-0.009408002099165692	0.09835538553550167	21.260096058870108	24.467856306584423	1.3521594684385383	0.9089278418806945	0.8039867109634552		0.4166666666666667	0.0	4.122389873581656	16.255826732389114	0.08313019726691202	1.8504787861332406	0.7530475600408412	2.607968836454996	4.436655722850062	0.4093811499050189	0.76021114248151	0.2898563447291453	0.0033222591362126247	0.0033222591362126247	20.960132890365447	21.460581309658252	0.5863029780012828	2.0628884673640755	0.7178171372210262	1.688350604500102	262	144	0.2309130977320229	0.08239192233201231	104.9360716342926	True	7.26	599
3I06	ea7f0fb058ae9dd251ae33c9d872926b	301	2.0	15001	215	73	36	19	19	-12.99999999999989	-14	49	-0.9999999999999989	-1	5	10	2.5000000001440537e-05	1.1073656572490949	0.10861691490220073	1.168392553550653	1.0721826039886293	0.1520369096751692	20.887567613651562	10.170993126779987	20.57982576020632	19.642240225627493	38.31680522916834	19.173628485097165	0.9900332225913622	194.16402062485403	65.21712532241187	-0.013531633523637619	0.07255868435081063	21.912086388667007	24.487049210232495	1.9800664451827243	1.1115228526950955	0.9335548172757475		0.0	0.0	3.9806149292049136	16.305110869455426	0.07169609112649616	3.3306424854538177	0.3661253390262343	2.921725231413511	5.111750371271497	0.6556568126982113	1.1159720959848183	0.3925323838821844	0.009966777408637873	0.009966777408637873	8.299003322259136	13.686947209789956	0.5761232495683808	2.3922564554363084	0.6211197637068975	1.0616128976112134	279	166	0.3247698491134906	0.4596401271683669	99.1019914150238	False	4.52	601
3I06	f1a057393d7efd3f562b774490f9dfd1	301	2.0	15001	215	43	25	12	12	-12.99999999999989	-14	49	-0.999999999999998	-1	3	8	-1.000000000667134e-06	3.2650938939200764	0.6789320869728896	3.5149841478120263	0.9857003481824028	0.25658077007096436	6.084129458466782	1.5701169235081611	7.390881527878913	4.5646047283684785	8.193967338566887	6.272139914166629	0.7873754152823921	304.3805529976003	31.586165445217283	-0.04659837258852944	0.11109918012725978	3.1874016165286116	5.727239050402138	2.644518272425249	1.1041502123925817	0.9933554817275747		0.5	0.45454545454545453	5.074851712394284	16.317117446693423	0.0836012967933733	2.0298029533698894	0.49931300606361123	2.4881341442713665	3.642692125304213	0.40115332288556454	1.2593194072956633	0.292850284036684	0.9368770764119602	0.5016611295681063	37.57475083056478	9.600243647640449	0.7003289807496738	13.982564613814475	0.7175899989402676	1.4208020036406912	156	41	0.30289445319555725	0.0017056579457506362	97.8809106349945	False	6.44	595
3I06	fa4de5e62b4e32e8b3d71088211803e0	301	2.0	15001	215	47	25	12	12	-12.99999999999989	-14	49	-0.9999999999999993	-1	4	9	-2.9999999990870663e-06	1.2235026139345806	0.17381612051790224	1.3479599755120284	0.8488527575182228	0.13659245657427974	7.821431192093355	2.253435460766849	6.475287173706448	5.234279403401719	14.5614785340135	3.455405773452638	0.893687707641196	294.2306765620241	58.19873710102291	0.014116768364327712	0.11095951744559109	4.24790837254229	5.693612207955943	0.8006644518272426	0.5283958897560411	0.7408637873754153		0.5	0.5	5.081989246797334	16.303878615192723	0.0699806235973558	2.2872651417121244	0.46807797286439834	2.3130669565157413	3.545702967138637	0.3291518929619032	1.1106195112089694	0.47500698861166407	0.0	0.0	26.561461794019934	13.742544092304707	0.6197600345362955	2.9313991831688484	0.6599241859263728	1.050672493830595	169	80	0.42747481349197797	0.25540737163276855	101.9270989894867	True	7.4	596
3I06	ff032b5793a25a8e4f9611a34a394671	301	2.0	15001	215	63	36	12	12	-12.99999999999989	-14	49	-0.9999999999999982	-1	5	7	1.4999999997961089e-05	1.1059320970819573	0.17884027855204945	1.218832114638737	1.6554207201544593	0.3822833243638179	38.0737649748087	12.755085213112071	42.33626181260812	37.143469944407286	47.57547919227127	41.746325054939184	0.9833887043189369	214.7613139340611	47.75684036091217	-0.0016795310595035344	0.053252731390187304	17.091235618291982	18.830288531615782	2.186046511627907	1.1636541644526368	0.946843853820598		0.0	0.0	1.721252280205684	16.30710182027479	0.07787509150970388	2.6473381849049824	0.5363301165720179	1.8994041694964117	5.199930286659277	0.6583765804535847	1.6201837023391232	0.5863286756377826	0.09302325581395349	0.08970099667774087	1.8106312292358804	5.278995544013001	0.6168161414933213	2.6083991093450187	1.131658394918885	2.6083991093450187	299	210	0.45030186647656845	0.39288000191096334	321.8616681098938	True	6.9	603
4A5S	163d7079bdd82c1e475b5abe5436959a	301	2.0	15001	733	52	29	14	14	-13.999999999999746	-16	237	-2.000000000000001	-2	5	10	-1.1999999998901778e-05	2.0014731674428026	0.4309107554308795	2.0492723139839115	1.8243003080582514	0.3992966108062026	5.563030645055766	1.4245062510695	2.1022771511296816	3.9808553405675573	7.763292905646961	0.97962069474898	0.8372093023255814	372.5624137494494	42.10290952677617	-0.027611563195204063	0.1157656075673341	2.866153352778708	5.803295521082443	0.9867109634551495	0.8853680351435154	0.6644518272425249		0.6153846153846154	0.8461538461538461	3.7709747520714574	27.046329573831336	0.10088982400810215	2.2395303906562116	0.6305666383207499	1.0186485550282713	4.719835860853711	0.7351642132942185	1.5507305046530009	0.3141631416160212	0.0	0.0	49.70431893687708	11.680503730289027	0.9473119044919613	11.315325247127253	1.2187440294323666	2.7480410899609575	132	32	0.7215341815851342	0.9432684478417419	515.1370387077332	True	8.82	1879
4A5S	1b98d4c02a814a1c58e384be9fe73e92	301	2.0	15001	733	35	16	11	11	-13.999999999999746	-16	237	1.0	0	1	8	1.3999999999902979e-05	4.03614991145745	0.9546636563435132	4.4736595210608305	0.7565381116082379	0.13888166349726716	42.60320036827103	27.62471714282939	66.06492614353964	41.859146594234936	76.78478570978	65.8884262493127	0.7873754152823921	163.27279402481017	84.91928690307195	0.0024599639021924465	0.04848640610922633	33.82588872142683	34.22920796463329	1.4850498338870433	0.9171360961051757	0.8604651162790697		0.0	0.0	3.2259952992148757	26.841118607840468	0.08050352285156864	0.7469972262867178	0.2603810051031868	0.35750079525139833	3.142259108821656	0.7039568821384024	1.2606279679462489	0.1687574376408413	0.013289036544850499	0.013289036544850499	5.956810631229236	9.68240493076019	0.8568230580826294	26.315292754945823	0.6060527231415997	0.740340547561994	267	190	0.4192878746464116	0.004228282849607446	421.7828116416931	False	6.99	1879
4A5S	25f842cc3cf5b87a32d72adc77c97780	301	2.0	15001	733	43	24	12	12	-13.999999999999746	-16	237	-1.0	-1	6	10	-2.1000000000326313e-05	2.933485595982329	1.19546437361861	2.0125313679615764	1.131280227524	0.16838297347939657	4.527674502610641	1.7886448876001635	5.010768689893579	2.9381751050770983	5.009805258989247	3.1510222541339594	0.6179401993355482	292.3957933088497	26.312194098650004	-0.07580332782192593	0.10355490087194448	2.7559961068601044	5.129778427270098	1.564784053156146	0.9679013001276977	0.8737541528239202		0.5833333333333334	0.5833333333333334	1.743533542251233	26.53320213459457	0.0792810864180767	1.7685830664093047	0.7705114472845286	1.9108666349553043	4.186329620882561	0.7362255766207663	1.2776408827946077	0.3654259185740006	0.0	0.0	28.514950166112957	7.427430242966128	0.9718754383191084	33.3810351940833	0.8251032550585272	1.5644135796295153	122	27	0.6812146275481545	0.7379689895126793	422.6417315006256	False	7.12	1878
4A5S	26daa23c738cb8c7dababa4ee2a1c4fb	301	2.0	15001	733	43	24	11	11	-13.999999999999746	-16	237	-2.000000000000001	-2	4	8	3.885780586188048e-16	2.9859886475234307	1.4405519077297513	5.929512934756289	1.2031560169999653	0.2986103437199646	8.091552536597835	3.6072297881393247	11.683697222044616	5.151771030932665	10.104115321439295	9.034550094160057	0.6976744186046512	295.4005405484072	47.747457267086745	0.0035140548183256776	0.10191014845334069	5.138375659218691	8.422940203576932	0.6112956810631229	0.9141224840769251	0.38205980066445183		0.6	0.3	4.0526009053661225	26.444219770973618	0.10898832672964881	1.2474057318478111	0.26790247714739485	1.0746064070853407	4.5197834963531225	0.782986687258106	1.6356898281257128	0.37232063330768345	0.0	0.0	23.687707641196013	11.086288636950098	1.0478374075041428	34.70967717603217	1.1846902280090863	2.5645680621263924	185	61	0.5232108006687999	0.0823626610498038	445.75782656669617	False	5.88	1879
4A5S	308f2419f5e0ca7b6d39aac23a7de2ff	301	2.0	15001	733	33	16	7	7	-13.999999999999746	-16	237	5.551115123125783e-16	0	2	7	-8.881784197001252e-16	2.4973412054031354	0.7928196984619569	4.64582814303455	0.6623182574590948	0.17062047297217317	13.4273925829393	4.1858614182409735	16.88439959171267	12.286415692458563	17.92031782140788	16.18020915995623	0.9335548172757475	221.51544492296983	52.45718017230158	0.0018798364794028561	0.06525682641051657	6.98669869233242	7.575794944202399	2.176079734219269	1.1436198490280585	0.9036544850498339		0.0	0.0	1.4336489674410902	26.644169312961292	0.10100105912666729	1.6856174112935192	0.530901985158386	2.10663965967368	3.09740797495783	0.6732986051651588	1.4135098226531586	0.349888065041185	0.4950166112956811	0.3920265780730897	3.308970099667774	6.611242257584784	0.8612729822053413	21.661407532039256	0.9439081794848317	1.305904560124632	214	90	0.2937654962155068	0.001061015676721938	419.7873182296753	True	6.06	1877
4A5S	40cb8b0c3343c02f5a6c40f02757e920	301	2.0	15001	733	33	16	7	7	-13.999999999999746	-16	237	-0.9999999999999997	-1	3	5	-3.000000000086267e-06	3.1428518811809214	0.9515403008186614	3.4455708187286773	0.5655300781121441	0.1369010324322932	25.487939038124082	14.317357586960394	20.038718886274573	24.86352631978389	67.86521502392998	19.56475507570927	0.9634551495016611	190.7928484099473	76.8561850251034	0.0024293501888169476	0.028246164175905298	17.852152221300347	18.41271703990502	0.6079734219269103	0.5211183469419587	0.5913621262458472		0.0	0.0	1.961862889503886	26.619367987313378	0.09180162856872326	0.653050335869813	0.21393621853836403	0.7331723857234305	3.151026404764697	0.7113463684649363	1.168796052819344	0.14237585666988398	0.006644518272425249	0.006644518272425249	1.3820598006644518	4.25556626810165	1.0079834544428645	33.81035733722484	1.0851419131477333	1.508722156034494	228	139	0.2110134872138043	0.3361184508603617	259.4486310482025	True	7.68	1878
4A5S	5266e860e65e5fc94b8ebfcb7843c31f	301	2.0	15001	733	47	23	13	13	-13.999999999999746	-16	237	1.0	0	1	10	1.1999999999873223e-05	2.1780029483664602	0.30015842308790314	2.301228222999991	0.7591929415168981	0.1574193040846852	3.389935644776333	1.3189665924418592	2.716085357547745	1.6501441124727658	3.875785739307075	0.8012752015834124	0.09634551495016612	374.6917085440143	40.5208530778713	-0.01641691834028925	0.11146356246328866	2.3781748809242784	4.598083902511366	2.558139534883721	0.9579750205503558	0.9966777408637874		0.8461538461538461	0.7692307692307693	0.9704104319564337	26.795548917242574	0.09115509831957976	1.6201708360344576	0.5729412995515786	1.6203060094969437	3.8897021755116605	0.6641486745573819	1.1493725519100175	0.24707947735546815	0.0	0.0	31.558139534883722	8.955451310044431	0.8080770425244951	3.2272060675419425	0.6621628530761937	1.0664235376975808	113	22	0.6811113919445757	0.7771559257367905	418.2660582065582	True	7.31	1879
4A5S	57bff1b2673d3c8b9006213161935522	301	2.0	15001	733	45	21	5	5	-13.999999999999746	-16	237	3.3306690738754696e-16	0	1	4	2.0000000000519602e-05	2.074593388022988	0.22237861511781776	1.9478882626747707	0.6813480934534966	0.14568163200907214	15.913762719172079	16.47921323780899	53.15493693963096	14.54759045835206	58.62618513544223	52.89577006017432	0.8538205980066446	217.18716742346368	58.46840956659024	-0.007536671816079971	0.05990315381742355	19.32321195103013	20.313811707096267	0.21262458471760798	0.4172048525169595	0.20930232558139536		0.4	0.0	1.1734140905474442	26.959367098867133	0.09834335375911869	1.778170357804604	0.4811653790505596	1.5094318105677855	3.991425040045494	0.7325592271978985	1.2213531089609797	0.2976566313095648	0.1760797342192691	0.11295681063122924	9.345514950166113	8.737604688831	0.7592531579901173	7.803518672309679	0.7478563658529971	1.1727943569013664	268	166	0.36245856852626335	0.04234520109114964	407.15360474586487	False	5.79	1879
4A5S	6c4846b6eaf17057657b89d9f3678cfc	301	2.0	15001	733	44	22	8	8	-13.999999999999746	-16	237	1.0000000000000004	0	1	8	1.4988010832439613e-15	4.903343908843409	2.1753433622824185	9.101850008751047	0.48704632590114894	0.07626553621686723	7.333720844063449	1.4207650708196944	8.440224664072623	5.772002114643012	7.287530906859865	6.431311262350235	0.9501661129568106	380.1816954403196	43.93305085644015	-0.033405892233726024	0.0834846819570063	2.4282718008007165	5.517387436553241	1.4186046511627908	0.7319382495637047	0.8870431893687708		0.8571428571428571	0.8571428571428571	0.7947111687436834	26.610551389857132	0.09175663925498857	1.7168554305769839	0.2640238269526857	1.692069765499069	4.1849865928813825	0.7671012408322812	1.3670836680798426	0.28988068942839235	0.009966777408637873	0.009966777408637873	19.08637873754153	6.174579263330355	1.5278135342646106	34.7339216292656	0.7575784868717316	0.9677302446317253	97	27	0.3825079904869005	0.2031335522238157	264.2344937324524	False	7.92	1880
4A5S	6efdc9276471f46eacd8dbafd71ddfd6	301	2.0	15001	733	33	16	13	13	-13.999999999999746	-16	237	2.0000000000000018	1	2	10	9.999999999898979e-06	5.835506767650981	1.549860009215716	6.93342904273795	0.6742969573216994	0.1271187365923875	4.5839888172342995	2.1081562266512304	5.717966498270557	3.2029003220171908	6.215514279438546	3.9627739176789376	0.6312292358803987	310.73386598648483	27.58508129741557	-0.031806077373423815	0.09174018948567642	2.7681789041012257	4.937879755149856	3.784053156146179	1.1011372181768075	1.0		0.6153846153846154	0.46153846153846156	2.6787331513834647	27.02491205951793	0.09717456094020056	1.4893658100493994	0.7423727469767588	2.0338259139872297	3.0375797189645275	0.6599001310075889	1.1754703758231921	0.1973924398120142	0.0	0.0	31.66112956810631	9.048675168891618	1.1359312072034038	34.81973879338199	0.7710572483490871	0.9869570202461249	67	14	0.4479588060122098	0.21811761627457987	347.8624951839447	True	6.84	1879
4A5S	7a1bbdb9f1f8528edd767025c45e5cc8	301	2.0	15001	733	55	26	14	14	-13.999999999999746	-16	237	-2.9999999999999996	-3	6	11	-3.0000000003083116e-06	3.0623770975532003	1.3380808322325974	4.828715961004877	1.211864922396225	0.3746823983470393	6.157931460877272	2.068881401541526	7.03113685349607	4.498615066956826	11.116982973249344	5.28023886572525	0.8172757475083057	308.8072465246587	57.42271189704379	-0.016830165340754304	0.09229824383171537	3.870591605620604	5.976905323717167	0.521594684385382	0.7270511928661944	0.39867109634551495		0.46153846153846156	0.46153846153846156	4.426696264931743	26.75936210170545	0.08163055360744276	2.1929187111866417	0.731770587243362	2.440447006460701	4.174574831841133	0.6844936520401975	1.3765982515665667	0.19637647639852407	0.0	0.0	28.651162790697676	9.768818128003891	1.0243794569512317	34.87542333366401	0.9719103510501904	1.6576421883042625	219	65	0.6106608407607352	0.5965910040106859	299.332346200943	False	8.05	1879
4A5S	819a7f7be372131a469fbed045c9eb33	301	2.0	15001	733	46	23	15	15	-13.999999999999746	-16	237	1.000000000000003	0	2	10	-1.2000000000178535e-05	2.9167455147662222	0.9190104690894811	3.8978429493823032	1.055014171863611	0.1492043471079159	6.325329150376447	1.3755797558615206	6.900044010747232	3.47578633989786	7.893990690555235	4.6322370188197945	0.6744186046511628	364.9193950765405	45.25236360711944	-0.03763776273736558	0.10313730466227362	2.934187202932744	3.8013031782026014	3.511627906976744	1.0135449815637656	0.9933554817275747		0.46153846153846156	0.46153846153846156	5.722518666050393	26.947204517174182	0.10707942797195383	1.8885864866974922	0.487981923109757	2.492931656103513	4.423936363364987	0.7440658433403391	1.2608662371139112	0.23795896857376356	0.0033222591362126247	0.0033222591362126247	27.62126245847176	9.924770835997293	0.9555876692983459	34.78577927825227	0.8457773200651888	1.7929246461566832	112	37	0.23782946487297899	0.38290317642150756	338.4256510734558	False	7.52	1878
4A5S	96e384ca0fb900959cf2205b9121fb47	301	2.0	15001	733	46	26	13	13	-13.999999999999746	-16	237	-0.9999999999999989	-1	4	10	-1.2000000000622624e-05	3.7313044332471046	0.5904556357252942	3.553526073195416	2.8427186285341426	1.1294434717672754	6.577879624406844	1.5506726725628477	7.822629247881398	5.547488100192421	10.08683887226896	6.985880973710827	0.9601328903654485	413.2848466255496	57.636067353295395	-0.028181453728754483	0.1353668020627336	2.6908435620998974	3.7881348304384437	1.5348837209302326	1.1219402405755396	0.8106312292358804		0.7272727272727273	0.7272727272727273	3.9373500319477666	27.086691789675356	0.11916479732054404	1.3893985881016466	0.30773323215157755	1.725741244070352	5.055777868081187	0.8277917206369665	1.622362927595083	0.49968655514028365	0.0	0.0	46.33887043189369	14.300690596890632	0.9920441728281066	22.066187483238462	1.7596498898840447	5.462299811407406	127	32	0.45116630278460373	0.4493558667174081	303.7682001590729	True	8.0	1879
4A5S	abcebd7334a50be9b204a4899d5d8881	301	2.0	15001	733	58	33	14	14	-13.999999999999746	-16	237	-0.9999999999999989	-1	5	12	-2.799999999891778e-05	2.112020685762266	0.22834670963787657	2.373652453698495	1.0264045998135793	0.24535336575150712	4.548663590950289	2.3228287702381376	8.590360269199103	2.7846118910231192	8.483949359240702	5.7843938917957844	0.39867109634551495	349.26830780558504	50.13328786084057	-0.039248736705659995	0.15510273213403772	3.7149771370357385	5.901491514001579	0.973421926910299	0.8106176133053971	0.6843853820598007		0.5	0.38461538461538464	5.005338437152362	26.630579444995817	0.09653020722020285	1.6686576746653445	0.7269445294243031	1.5825953003714517	5.188025858953443	0.695542302524882	1.9862546697622672	0.6853517198420338	0.0033222591362126247	0.0033222591362126247	31.448504983388705	10.709459883090123	0.7816628426932373	8.967867637326417	0.8523444504370135	1.6163976564539553	185	53	0.7696622959305067	0.09235598556012302	402.689101934433	True	9.14	1878
4A5S	ac0197ee4a02894e2611e255e0125503	301	2.0	15001	733	32	15	12	12	-13.999999999999746	-16	237	2.0000000000000018	1	2	9	-1.5000000000431335e-05	7.493315901668795	1.9105768410995647	7.344612960120919	0.8736456901163179	0.17218595989613558	13.72994008646668	15.13881428660411	45.76852360114518	12.678396575775894	68.71769620352778	45.63003108848064	0.8239202657807309	189.22993311730772	86.12690747300599	0.0	0.0	18.097791561145677	18.785399816710004	2.0996677740863787	0.8451738439534311	0.9767441860465116		0.2222222222222222	0.0	4.824904614231787	26.919881984553612	0.11204429507087776	1.6189621703740675	0.3911787834405832	1.7663940549329795	2.93403055530228	0.6787419882154253	0.0	0.0	0.0	0.0	9.096345514950166	8.832551916388743	1.4873325021089825	34.5572786592841	0.9500647884098904	1.5217425374940288	212	128	0.40598290897491535	0.22856960735347578	423.2354907989502	False	8.08	1878
4A5S	b2bcac7a4f0262268b1a6d2db8d7eb5a	301	2.0	15001	733	47	24	16	16	-13.999999999999746	-16	237	-3.9999999999999996	-4	8	11	1.2000000000678135e-05	3.031055971414155	0.4720159233265271	3.065184971126519	1.782066521429619	0.4206404156285508	7.984493648357071	3.13001752994867	11.917119682149906	5.287814218303764	10.29246418771697	8.513696270242296	0.8571428571428571	329.61178102244656	54.26215257878932	-0.008304995431847406	0.09333893226460102	4.852253785475314	8.518090595119043	1.4717607973421927	0.8873604270530079	0.8571428571428571		0.38461538461538464	0.38461538461538464	8.491789589091342	27.015792461042988	0.11379802720168349	1.5118656025689292	0.5007563803391275	1.9944897598423037	4.761966458637449	0.8278262780181974	1.36599265917266	0.3516990861900898	0.019933554817275746	0.019933554817275746	33.053156146179404	11.438866760435397	0.9249253231154846	14.27214300758689	1.2422281651904536	2.5382636844389874	187	65	0.43597026668781164	0.19883974123226025	354.6118915081024	True	7.96	1879
4A5S	b4d6bf83422567e92f6475f4f9bd6ec8	301	2.0	15001	733	44	23	5	5	-13.999999999999746	-16	237	2.220446049250313e-16	0	1	5	1.2000000000012001e-05	3.88102441711	1.4231706876542836	1.8045124378879285	1.030755431905111	0.15588736495067618	6.148418305659659	1.956964503715774	5.725047924072984	4.115369860153857	8.958564522131159	2.7637296837762073	0.707641196013289	308.61342915861815	70.04864463837895	0.00024579049600127577	0.06522298295571267	5.332276682439059	8.749122415857274	0.08305647840531562	0.3099865394134053	0.07641196013289037		1.0	0.8	1.1734140905474442	26.57906933940005	0.09516941783430644	1.9039917437035432	0.9487277255425316	1.1402102157211658	3.786020628820748	0.529006082230259	1.611447366216461	0.4640853604819704	0.0033222591362126247	0.0033222591362126247	20.186046511627907	11.485015717492912	1.0197837028255838	34.49717428668276	0.9480333398438422	1.1933075482573188	185	66	0.32852780458045633	0.6797115004439315	403.39636158943176	False	8.05	1879
4A5S	ba32a5ca5c7e6e2db41283cf2f90660d	301	2.0	15001	733	53	26	10	10	-13.999999999999746	-16	237	-0.9999999999999989	-1	3	8	-2.09999999997712e-05	2.2803503435491965	0.6260566994307653	2.930726206670233	1.4989095769794865	0.5128180886361741	7.758163597659008	1.6988955551676055	8.038971533705524	5.780846259650017	10.91727602046782	3.9511236170545647	0.973421926910299	329.91922964320645	44.26559863920257	0.005701180067786481	0.07107162353770341	5.176108509454045	8.425306171044229	0.6810631229235881	0.7412435896103386	0.5415282392026578		0.5555555555555556	0.5555555555555556	1.9578779756443538	26.551016748687353	0.08171558421512382	1.8275117318487386	0.25486375064741174	1.473298916604162	4.844858014336604	0.7923573066470325	1.5105790633651095	0.32016230689761394	0.0	0.0	22.219269102990033	8.537493668336506	1.0160760702946823	7.556024208644995	1.7761947568470806	3.62265162946408	211	61	0.4764476536316451	0.08852211115284443	430.5428774356842	False	5.54	1879
4A5S	bd1567927f497abd4e18605be0e5f9dc	301	2.0	15001	733	39	20	5	5	-13.999999999999746	-16	237	3.3306690738754696e-16	0	1	4	-1.4000000000236046e-05	5.333818946261318	0.869848064633792	5.003714740991444	1.0248466235508489	0.33471037024062417	6.446907616410758	1.4883333926695457	6.4696673152554744	3.5223515364300844	5.99758579100744	4.205585575634306	0.6810631229235881	286.50463271053144	37.64497167773577	-0.005669196833605674	0.06006440959576804	2.8808054332023736	5.13860773988503	0.09302325581395349	0.361775562467536	0.06976744186046512		0.8	0.6	0.8515265080606242	26.672401382213067	0.0777972996664747	1.1619575765220285	0.34375310974353546	1.115228803649226	3.7381480462282153	0.7578702023553441	1.314937519286383	0.18181037637314143	0.0	0.0	20.960132890365447	7.712767512805805	0.998591880177636	31.443181753915013	0.9724642966589151	1.5562196433379336	157	47	0.16563512398379052	0.1622134530942754	410.83086347579956	False	6.14	1879
4A5S	c6780a0007686453a29186d9ec94b23f	301	2.0	15001	733	47	25	8	8	-13.999999999999746	-16	237	3.3306690738754696e-16	0	1	7	-1.3000000000873424e-05	4.394143283492439	1.5255339246250463	5.722968055554496	0.9363309868082754	0.1787269097095566	26.038098348050344	21.089247277827283	49.03248339941257	24.51948397739272	63.329047292539045	48.83729641212988	0.9368770764119602	210.15302529981844	87.26164866036214	-0.0024110512318477433	0.08893312038102316	27.09922652556522	28.640841306770017	0.2026578073089701	0.5666180891781487	0.1362126245847176		0.25	0.0	1.9472421343131996	26.709589377268383	0.10022807571846301	2.3224394180874333	0.6696560992702164	2.3126098701315168	4.152171319903294	0.635537846843612	1.6501089924862737	0.5895396937677702	0.07973421926910298	0.07973421926910298	9.986710963455149	11.986141893365291	1.0086619276292266	34.84785501444586	0.8816948064262069	1.1998490170327902	275	186	0.5141819932457169	0.7865206284416568	316.0687267780304	False	7.36	1879
4A5S	c82e0b161bf77b819bbafff08f9a082e	301	2.0	15001	733	46	23	11	11	-13.999999999999746	-16	237	1.0	0	1	8	-1.1000000001010202e-05	3.7432997826529957	1.0206941089590162	4.754033940270894	0.7219705066185945	0.1414527315095118	14.809876904163891	0.8856679792137302	14.662949491285604	3.5122564650880213	4.9001873788728645	3.04489854597862	0.8737541528239202	331.12185823238235	26.461104493897007	0.013287337725968955	0.07122751491515007	2.314851360650608	4.94400053015375	2.259136212624585	0.8388161556073623	0.973421926910299		0.9090909090909091	0.9090909090909091	0.4824334460137169	26.424491677819343	0.09229070869390334	1.1552785356559006	0.4453471947549827	1.3805797348016187	4.692071519277578	0.8579866224518382	1.4897739321180412	0.5209702163611648	0.029900332225913623	0.029900332225913623	24.485049833887043	6.328541770768401	0.9219217797716632	35.2192009825168	0.676704449114221	0.8844365645148367	146	26	0.7023055530462308	0.5700795892118007	323.8341603279114	False	8.14	1878
4A5S	c8dee15f6cbcf595a6900314ad342f99	301	2.0	15001	733	43	23	10	10	-13.999999999999746	-16	237	-0.9999999999999993	-1	4	8	1.000000000045409e-05	4.72009301807257	0.5960575558581738	4.9856682962758665	0.9522753779629272	0.16530813313850565	4.5251107270890705	2.0260595475475793	7.921706620871865	2.1013134966727947	8.222399726239958	3.422156117133068	0.11627906976744186	324.73810972626694	61.51424046007182	-0.004624165539478661	0.07770225292510603	3.6450633904656637	5.156820264953063	0.3853820598006645	0.6242488670796625	0.3122923588039867		0.75	0.5714285714285714	3.7630417640693525	26.9753071669319	0.09521351909766547	1.8660348516832383	0.8040399267805636	3.2809067905453486	4.178251195759007	0.6774471621968409	1.3369057778346176	0.27380142412605823	0.0	0.0	31.87043189368771	11.354737159425895	0.8517477479549886	23.7118677466963	0.8574214513376367	1.194379271305575	132	42	0.6695971020629385	0.1590193780343121	469.5203263759613	False	7.27	1878
4A5S	c94a26f4dff73a180f04c48dad017723	301	2.0	15001	733	46	24	11	11	-13.999999999999746	-16	237	1.0000000000000013	1	1	9	-5.551115123125783e-16	1.9442118375176713	1.011295329203153	2.496423899349814	1.0180738912553953	0.15649470505433064	10.59494108202971	5.761309857268591	17.10692863843791	8.160537755349942	58.48022665367989	16.151890628572097	0.6710963455149501	257.702925310572	63.292846319163594	-0.00498976289780835	0.09135242181380357	8.570344363410328	10.044129498641219	2.7574750830564785	1.1284536225662092	0.9800664451827242		0.5	0.09090909090909091	4.09240707623694	26.768272939301013	0.09066022745233508	1.8147994918751433	0.5150828018699443	2.4852394016891393	3.4499765941507943	0.3709556786335619	1.068820512043694	0.40947983608944954	0.0	0.0	13.757475083056478	11.597527471779555	0.9248209245380918	20.917599225355463	0.8383890853696488	1.0218383620183962	225	98	0.27100836917423154	0.026075177614330907	439.8828568458557	False	7.7	1878
4A5S	ca1e569ab7c7bc83c949f9e20ed78453	301	2.0	15001	733	45	26	15	15	-13.999999999999746	-16	237	2.0000000000000036	1	3	12	-2.220446049250313e-16	3.1422557377500313	0.4836440711251015	3.3013997057743762	2.541243381907244	0.7236256700715634	4.218779077396391	1.3652326626883824	5.126494384782275	2.277181349454965	4.604090629952766	3.121379539324402	0.22591362126245848	392.539967999272	35.92686761357887	-0.07707891879723462	0.1406702790603787	2.051029512410724	4.372403448321061	4.009966777408638	1.1882174869267208	1.0		0.8461538461538461	0.7857142857142857	1.22633802338837	26.91423272182416	0.10832741131539633	2.1035128400967116	0.6252636481933622	2.3648520214620232	4.306408847656625	0.7278876460764816	2.0196516585080944	0.4678155622598093	0.0	0.0	53.7906976744186	9.13716334527846	0.9076549650677158	14.69671105185429	0.9493341017299461	3.118696588458762	99	18	0.3587692275302352	0.0017999988235470417	335.6993820667267	True	9.32	1879
4A5S	cfe4d9b13bebf025bdbd30504f03c83a	301	2.0	15001	733	35	16	8	8	-13.999999999999746	-16	237	-0.9999999999999984	-1	3	6	1.0000000000287557e-06	2.5998862033736816	0.7641079379250394	3.460511057301177	0.7484909462495062	0.13566024166415228	6.145147326725121	1.5836923039886641	7.195818963795834	2.81510313380915	10.322002727130933	2.30434289415271	0.2823920265780731	239.7371670587892	32.2276037357462	-0.008320672297435577	0.08601499530519463	4.239007770300084	5.9034520737272596	0.5049833887043189	0.5742032611420147	0.46511627906976744		0.7142857142857143	0.75	2.754045198746627	26.590041832000843	0.0989234848855854	1.2378011076288213	0.23479636537298865	1.212654161283275	3.153951730453518	0.7073077411984487	1.2375750108267698	0.1937808491607303	0.0	0.0	19.867109634551493	6.904831084844828	0.9652642080903414	33.329070508110256	0.9891040962344644	1.208122251057194	158	60	0.4792847831440689	0.6802036761450787	309.3473081588745	False	7.48	1878
4A5S	d15af9a4462ff88f2cfafbc6cc94912e	301	2.0	15001	733	43	23	8	8	-13.999999999999746	-16	237	1.0000000000000004	1	1	6	1.0000000000065512e-05	2.421393999274892	0.4201630648926882	2.8589420498772125	0.6602627029150269	0.17383757106567252	10.812115637154205	3.0383933775735867	10.562249139880604	9.466833001930127	16.655512244508074	9.62169449440749	0.9401993355481728	286.5726469337378	61.09962240560891	-0.017294449770106458	0.07178838175023508	5.36822671232537	7.984990508995273	1.5681063122923589	0.7815433674527118	0.9235880398671097		0.42857142857142855	0.42857142857142855	2.10188624839918	26.57240214134407	0.08669540419436907	0.9250543240573366	0.4495953629499176	0.3860669671219666	4.258825896443007	0.7414130804395234	1.8801544235270513	0.3506236034569902	0.0	0.0	19.880398671096344	11.191432169024894	0.8625612259369271	17.377939252516356	0.9733023742220117	1.13673325788517	220	93	0.5817341110161935	0.8124367979190469	613.8340878486633	False	5.89	1878
4A5S	d1a961f69c709d74aaec2945249f508c	301	2.0	15001	733	38	17	9	9	-13.999999999999746	-16	237	-0.9999999999999997	-1	2	7	-9.999999999621423e-06	3.8485628149440156	0.5771316593188339	3.8700589516026387	2.2523256263189566	0.8380001403154963	11.158264393015925	4.923457303319849	14.12937174574745	9.482960643157321	63.19953513977602	13.969834266304982	0.9102990033222591	239.32409339462248	49.606196329458875	-0.002226470238136235	0.05987308945997458	7.201726671516926	8.695089741695686	0.6843853820598007	0.849108602940154	0.47840531561461797		0.2857142857142857	0.14285714285714285	3.824357359689155	26.727449893453297	0.09756554457832912	0.8790796073744129	0.36305876534598897	0.30851051430106313	3.299287463000027	0.7332638637323476	1.2315869018859662	0.23354192899201529	0.023255813953488372	0.019933554817275746	7.780730897009967	8.005713955931407	0.9888924926061147	33.85108026036789	2.3714102078700257	4.359519476561568	214	99	0.633332427006714	0.7496713671878614	302.6046681404114	False	6.5	1879
4A5S	de36f12fbdb6f099ba5ac3231fe389e0	301	2.0	15001	733	44	24	10	10	-13.999999999999746	-16	237	-0.9999999999999998	-1	4	9	1.9999999999686935e-05	7.3642566838089785	1.4678925590189142	7.829751215510655	1.091812172581731	0.24367782468673096	7.340788293440089	1.324290043566391	8.467459826790545	3.007670869080159	9.938068885013463	1.4197742260859016	0.48172757475083056	292.93855634686537	57.66247110723788	-0.003789560533752924	0.09148846776780427	4.406013520515552	6.399136570921936	0.44518272425249167	0.6580589471373584	0.3588039867109635		0.625	0.7777777777777778	3.6561483955511562	27.045451284579354	0.11058256960799723	1.802671527381005	0.6810267868002096	1.3312786449386929	4.578037044846527	0.750855699478326	1.4829285289850929	0.6978773823980543	0.0	0.0	24.88372093023256	10.235260893434596	1.0620444340907407	19.212034998676053	1.027309612772129	1.5246871316982251	197	74	0.23312415245582643	0.39791735956350827	444.0427620410919	True	8.36	1879
4A5S	ea054fd43eb193b0b6268f917ed60185	301	2.0	15001	733	33	16	12	12	-13.999999999999746	-16	237	-1.9999999999999987	-2	4	11	1.0000000000398579e-05	4.099041866953393	0.7722166739369434	3.841307098065101	0.9454901691365848	0.2516223356936282	16.004837126716303	17.830297148465103	11.45952223560746	14.95365109321884	82.79307296185473	10.579305355172956	0.7940199335548173	173.1164794439004	88.68026451078727	-0.003721148641865512	0.08671179174349859	23.37697574811908	23.89505269774638	2.4451827242524917	1.002232582455839	0.9933554817275747		0.1	0.1	6.076323374700205	26.960162637971	0.14427707054788846	0.8192743088970169	0.25197787954364625	0.6668277123159114	3.1365587808274475	0.6909984066903863	1.2953464628099236	0.32389100350314887	0.023255813953488372	0.023255813953488372	8.445182724252492	10.480221129985248	1.1081617843254237	34.9114350117545	1.1286395494507537	1.610558776712694	239	160	0.45149937961033443	0.37775953859842615	368.70707845687866	False	6.12	1879
4A5S	fbf450a68aa0a625ec13f6c762944a3b	301	2.0	15001	733	48	25	14	14	-13.999999999999746	-16	237	2.000000000000003	1	3	11	-7.999999999896978e-06	2.1125946287880875	0.4916566793863146	3.105528111318899	1.4774354445673061	0.7990951902738491	6.532414402450602	2.5367494481898336	4.988666813137775	4.287746180972163	8.066970309915167	2.7274119856810937	0.6976744186046512	370.4060842637985	36.76755772118636	-0.03468757593718107	0.1219128964379353	3.7327118681063105	7.6669343525776235	3.833887043189369	1.1112447783186323	1.0		0.8333333333333334	0.7692307692307693	2.3594486148559457	26.62860639067685	0.11838369030665945	2.3130046913433793	0.8388801182370219	2.489883220715841	4.763905603851871	0.7811795034411972	1.274057454658112	0.4685581034189881	0.0	0.0	31.245847176079735	9.771102439691433	0.9146112480495627	9.970338254019351	1.1335694264585687	4.053476801477292	154	55	0.3983648584742174	0.41833183331675206	442.87502789497375	False	7.82	1879
4L7G	03d2d012db8145e06c35d7e016c645dc	301	2.0	15001	388	52	31	19	19	-11.000000000000146	-11	107	4.440892098500626e-16	0	9	11	2.4999999998734368e-05	2.9953694751911866	0.25352286675203306	2.925084993933704	1.4737540456041422	0.27552648579940725	7.196414622036375	4.051591164127173	11.827854522000974	5.648116639174221	17.53457850453635	8.33843419712938	0.867109634551495	364.9243653322751	78.81309418429876	-0.07109957433980389	0.20442003482432336	4.767001621278985	9.780052417930529	3.558139534883721	1.2418940605407645	0.9966777408637874		0.47058823529411764	0.375	7.763834310270038	20.867362281661176	0.10732166665218491	1.4439064806779311	0.36680261630937194	1.5019877252544114	4.988510331400683	0.7612627237399199	2.0102264311953038	0.3319876579582428	0.19601328903654486	0.16943521594684385	31.92358803986711	14.47959298597827	0.8542253607858109	16.249066008830617	0.9549702346297433	1.7184770436933645	158	40	0.586953255120783	0.05716192732233938	171.1075155735016	True	8.36	1040
4L7G	055e1e9c95b2378efd3fc90b82948709	301	2.0	15001	388	55	32	23	23	-11.000000000000146	-11	107	3.000000000000004	3	9	12	1.3000000001428536e-05	5.488772458746865	1.2738378068255625	6.1237383948663	1.2286089707879462	0.19830823261845892	2.394604636809817	0.32539812279318875	2.1948136825575437	1.3783129242159253	2.4735486511953586	1.0257677490634456	0.0	461.6429031201811	26.66094859062889	-0.02270434092456454	0.2705668821737235	1.2309322015872146	2.043671348783154	3.8538205980066444	1.2248372409500974	1.0		0.7	0.7	3.989880580228865	20.94350326434838	0.1131705013559519	1.1278634480428877	0.1564137806947155	1.0159185480161972	5.092515308119158	0.8375606160801208	1.6135095830035204	0.24837955603380626	1.627906976744186	0.8538205980066446	43.75747508305648	8.853795042130253	1.2586012760572733	23.78415649435916	0.8213662626392181	1.7427722371482948	35	4	0.9329210630148771	0.8405857355010737	210.6557171344757	False	5.33	1040
4L7G	0677f513ac408d66c189e10e0ee4d76f	301	2.0	15001	388	44	27	15	15	-11.000000000000146	-11	107	1.0000000000000004	1	3	11	-2.0999999999882224e-05	7.026462283441798	2.494186159752757	8.281034273536191	1.4908081345117663	0.20742990874637468	4.785898731641536	1.5948014037556568	8.853347036863019	3.5264752848167618	7.069988624275836	7.001572778697885	0.6245847176079734	361.9809915211978	55.02475785998716	-0.04411747869977449	0.20167261061970523	2.5290223093358657	3.691798161433903	2.3421926910299002	1.2385745649347841	0.9601328903654485		0.46153846153846156	0.26666666666666666	6.624726807926657	20.692451885205	0.10681296276311036	1.2007265305517694	0.3252212176836958	1.4381083086348352	4.163069142328331	0.706607516998133	2.0351950982066698	0.18294101343295543	0.5348837209302325	0.3654485049833887	32.461794019933556	10.704240571694399	1.3569947168172707	24.649217253444856	0.9101602042753455	1.4723983266870766	77	16	0.8660142090621595	0.25864881618838115	163.95577239990234	False	5.29	1040
4L7G	078844c7f38624b3996505d0f98526ca	301	2.0	15001	388	49	30	14	14	-11.000000000000146	-11	107	1.0000000000000009	1	4	10	1.9999999992803552e-06	7.244366886798853	1.8518452715888112	8.379656761719156	1.2348943405840331	0.20503930418605476	5.162360204953668	0.6450259587743078	5.353094994836678	3.0686053686107204	4.220941905278572	3.391798300226453	0.5880398671096345	436.6456449152176	24.27798943935394	-0.10464644970347649	0.16042458639014592	1.1474958190096416	1.9655354989050993	2.993355481727575	0.9916373100563857	0.9966777408637874		0.5	0.5	2.6034988187346646	20.843807246212382	0.11964633582615512	1.1500124591913865	0.19607300956702758	1.2343398064849873	4.93167245549735	0.7997967079313785	2.0352070001430413	0.13701803045545652	0.6312292358803987	0.5780730897009967	19.485049833887043	5.115016887068084	1.340603348857407	28.63189520300052	0.7468748936594464	1.372017564520901	31	6	0.4494846834253196	0.4305414275889165	175.04055213928223	True	8.01	1040
4L7G	0a826045d720c0a795bd1979a728e35c	301	2.0	15001	388	46	27	12	12	-11.000000000000146	-11	107	3.3306690738754696e-16	0	5	12	3.000000000530356e-06	3.3164645702292903	0.3148935683672714	3.538488945721799	0.9241321938200405	0.11425673142980296	22.104802002302677	13.978174315661686	34.04660054244057	20.35760820219048	43.81338789775374	33.42292978394026	0.8172757475083057	260.1681787022142	74.23074867511899	-0.006259037583159858	0.10758346520638432	18.797750597016442	20.173454049307203	4.029900332225914	1.1906765393235774	1.0		0.0	0.0	5.018192322917399	20.636279196587882	0.09146457392089255	1.4833112335434022	0.46504058130947257	1.2749089008926047	3.800685344405483	0.5395780731948644	1.6377616698994593	0.4173643712916079	0.21926910299003322	0.1760797342192691	5.853820598006645	9.031059014936735	0.8752297750413017	5.81357591440825	0.7230992726903245	1.2112551444398298	206	104	0.41453362139727307	0.004421089244834564	224.78522849082947	False	5.3	1040
4L7G	166e854e6f7609934b769fb3b19101c0	301	2.0	15001	388	49	30	12	12	-11.000000000000146	-11	107	2.220446049250313e-16	0	5	10	7.999999999785956e-06	3.119113312785305	0.9846451284359525	3.7997687521626915	2.0103807625365886	0.40974365589970313	3.5286910185370117	1.3229435953014919	4.370225745182394	2.6239237532451294	4.457329296253858	3.585557911514859	0.5880398671096345	381.8169886663477	24.081836766936323	-0.07270068020295836	0.19025756593323861	2.008361547652519	3.4638627598438854	2.262458471760797	0.9683801262280282	0.9900332225913622		0.9090909090909091	0.9090909090909091	0.770060342941117	20.910839579290272	0.12462601430095427	1.0025236804640512	0.3215038373392663	1.1022818148340459	4.6885009570041305	0.6676657458004199	1.7474000598078754	0.3294943403995041	2.355481727574751	0.9634551495016611	34.84385382059801	9.056056714771419	1.152478694353875	27.335399734392254	0.8564106198285795	2.4204398628437565	48	11	0.914505585505613	0.8927190854938692	159.027850151062	True	9.22	1040
4L7G	3116f4c5342bf41e08cd23593057d9ac	301	2.0	15001	388	51	30	22	22	-11.000000000000146	-11	107	2.000000000000002	2	7	13	-1.2999999999485645e-05	4.766943167948031	1.0204864826518334	4.664644245555971	1.0635335173701992	0.18727189300338642	4.384088857028437	1.0211871972704072	5.234677095017595	2.9252958229700803	5.673195083029886	4.348137415853143	0.5481727574750831	492.0175578791388	32.80841750717851	-0.09000512542272926	0.21796377293701155	1.7663777677466768	2.7198419622335175	4.079734219269103	1.2889594798349109	1.0		0.6666666666666666	0.5789473684210527	7.349764870887609	20.69945985279633	0.09830466306726814	1.1274822183285904	0.2956550529810501	1.2756336348857829	4.60345094693557	0.7394877478627666	2.4768246050875287	0.2277151045455681	0.5681063122923588	0.5382059800664452	52.62126245847176	9.740626965888316	1.077956522576888	28.500365258594655	0.6896517617345407	1.0884873059115516	92	11	0.5582914873447711	0.5599482722181506	146.92802262306213	False	5.15	1040
4L7G	39f4f10d914c61149f1719bf477dd932	301	2.0	15001	388	47	26	20	20	-11.000000000000146	-11	107	3.000000000000002	3	6	13	-1.0000000005838672e-06	3.6186433811243996	1.0872291437970976	3.6149373077878204	1.323838801643393	0.27818904627600693	2.936911131812714	0.38856311814406397	2.8310394851136227	1.8147489204160414	2.887366084919858	1.3062304699378653	0.0	469.81165110878726	25.191262785917893	-0.07644568087506728	0.20497796481128114	0.9936961134262631	1.2254910329784303	3.53156146179402	1.2587899137214675	0.9966777408637874		0.6666666666666666	0.6875	5.4269802714482	20.843404121099475	0.12396855810810334	0.5754612217370929	0.13880485017474678	0.5308736297927498	4.015168463172942	0.7004463439471987	1.6948368890165355	0.10717216166518498	1.8006644518272426	0.9800664451827242	31.98671096345515	7.5363894269204765	1.2061442033524912	25.9924585967083	1.0202433792596524	1.5110339255213834	23	4	0.7675937746269154	0.6739244638619392	161.05444383621216	False	5.27	1040
4L7G	3a87c373b8ee3ee690e68ccce89857a3	301	2.0	15001	388	44	26	14	14	-11.000000000000146	-11	107	1.0000000000000022	1	3	9	-1.0000000010279564e-06	2.641581030633009	0.7025162961489108	3.4734951651238757	1.1589048711652183	0.1924096946974329	2.272542972256255	0.41316763561126746	1.515392716694019	2.011387193201029	2.9326892572309498	1.227053219496415	0.0	410.7775190567299	25.192714798900493	-0.08276219400408948	0.18394551613419294	0.9141432991891137	1.2657686918577782	1.6578073089700998	0.9878903876542522	0.8970099667774086		0.7857142857142857	0.7142857142857143	1.234581275794151	20.640459456224583	0.09005320574066367	0.4168798294385386	0.1263019237618205	0.3022187794383987	3.541160600750763	0.6159186898948629	1.2750382997439684	0.12224060504392524	1.1727574750830565	0.9136212624584718	40.99667774086379	9.147553215280118	0.8008947837015616	28.86469909136098	0.8116112207261635	1.8387555460568212	29	5	0.6763855648853391	0.7988113904618837	209.31250762939453	True	6.0	1040
4L7G	52d2e2cddbd6c2ca52b2a6692a1be706	301	2.0	15001	388	50	30	20	20	-11.000000000000146	-11	107	3.4416913763379853e-15	0	7	14	3.000000000030756e-06	4.253494700227734	0.6357493446912702	2.6922316886097186	1.2993113883566754	0.19193392023408773	2.208905868593966	0.7950388227632652	6.619709551048577	1.3853492948165183	4.939902692056142	4.939902692056142	0.029900332225913623	474.8754264820888	28.279142658298763	-0.10531825184076772	0.22835716911194495	1.7652424725347402	2.6927153797031442	3.46843853820598	1.0767092817709356	1.0		0.7368421052631579	0.4444444444444444	6.0241075390101635	20.734001417363032	0.0999472043327814	0.7290495897850466	0.3253239794313461	1.2135834931655312	4.356445813654501	0.686694870527086	2.045434176807828	0.17585085960361263	0.9235880398671097	0.6511627906976745	41.91029900332226	9.972816553525126	0.9596428632969333	25.716241260500468	0.7656863313954341	1.6831385470629032	71	11	0.9503372357516164	0.6956232666469145	156.0610854625702	False	5.14	1040
4L7G	6ed539a8e565bc920be9f146e577ce98	301	2.0	15001	388	44	25	16	16	-11.000000000000146	-11	107	1.0000000000000013	1	5	10	9.999999998622222e-07	3.1478127089158385	0.6346011168665673	3.677839688294153	2.241261909900808	0.4565503913833366	7.709672558019251	1.9958790510106128	8.106822748935965	7.166459071093547	10.601430444864937	7.730832280535144	0.8770764119601329	328.7583609348574	46.7371948398886	0.028201316240352537	0.20585542221923145	3.0338412151059986	3.7756296410111005	1.8073089700996678	1.0887890195635677	0.9036544850498339		0.1875	0.1875	3.9700119400283747	20.61872707121337	0.10433415064372283	1.9368013537608002	0.27822560874591284	2.0162491737465498	3.57792931047949	0.699543479337771	1.7482863987422592	0.24513329301950015	0.3654485049833887	0.292358803986711	13.023255813953488	6.904386686204091	1.019107094927662	28.365357523979092	1.1790179071075066	2.587810965015037	73	16	0.835636798659157	0.8538647551136866	153.86119294166565	False	5.18	1040
4L7G	71d81c144a98e11bef7a990464b30910	301	2.0	15001	388	51	32	22	22	-11.000000000000146	-11	107	3.000000000000005	3	6	14	1.8999999999103068e-05	3.335725390466028	0.45313005541244833	3.5409440789215476	1.117234845258772	0.12048025974400106	2.7354138764260165	0.3978785619733808	2.769607470407501	1.5892338324861346	2.8683010219860448	1.6159521582929302	0.0	509.0283097852121	19.69259888106058	-0.16022110779040896	0.21815637243678307	0.9409950823046038	2.150987065085944	3.8073089700996676	1.1625723572891393	0.9966777408637874		0.6190476190476191	0.6666666666666666	5.080357308916251	20.70350737427668	0.0896709291038245	0.8087183018555636	0.2836361984373271	0.9140426794113187	4.375681473622542	0.6276827246804174	1.5005669541293982	0.21309163508174642	2.5714285714285716	1.0	52.95681063122924	8.973278629509426	0.7638050102446718	12.911546188801424	0.7471225443492188	1.7259283312016345	26	4	0.806106647035376	0.8890395338994236	177.13415575027466	False	5.31	1041
4L7G	7f8c5f877cc7df732365ed9f3035e71a	301	2.0	15001	388	49	30	15	15	-11.000000000000146	-11	107	6.661338147750939e-16	0	5	12	-9.999999980303542e-07	8.574950369083084	1.9799838096758713	6.278337402476824	2.4230770763013436	0.6496205671848945	12.916450428233569	5.401905441570931	17.42702911221198	11.165121857122475	20.598431688160737	16.728680631966185	0.9003322259136213	239.68704366602498	71.53174191401251	-0.04575481954944843	0.13895343051219336	7.669881145735443	10.380856121166063	2.176079734219269	1.298693151063483	0.9667774086378738		0.21428571428571427	0.0	6.89795545364832	20.821312357655213	0.13322282004971223	2.396456588000293	0.32232961184521897	2.636579641634272	4.562892104603416	0.617501281292329	1.85302003371314	0.39348031957289675	1.1727574750830565	0.6910299003322259	16.561461794019934	11.46830283678372	1.7587677393800454	29.24873117638122	1.2274139873671335	2.5418891165935826	227	88	0.39374854702018913	0.14539724105815313	123.55836963653564	True	8.2	1040
4L7G	824df1fae448411a738d6987cd933d7b	301	2.0	15001	388	64	35	23	23	-11.000000000000146	-11	107	1.0000000000000009	1	8	15	-2.000000000022817e-06	3.688693498720612	1.077788972749863	4.622752283635054	1.461028728016223	0.23810872067394873	13.78386364444707	3.7920626680655234	14.491165668236267	12.225431319304247	18.169774996139992	13.6136972162621	0.9601328903654485	325.3196537654159	56.454067361583725	-0.030263973392415443	0.1623018059432957	4.961239460672366	8.289088918734071	2.9867109634551494	1.296490078801723	0.9933554817275747		0.2222222222222222	0.16666666666666666	6.8940363173420565	20.726407326233264	0.09933087331216979	1.2619205889098362	0.2199912031084523	1.4137799093625312	5.06000352959289	0.6414422936966456	2.4443930238912466	0.3743690637031057	0.5149501661129569	0.3488372093023256	29.976744186046513	10.118046968141103	1.005066336084681	28.592737264744432	0.782187015990141	1.8200658522971263	202	63	0.20615697092121216	0.05170828150655942	156.4261348247528	True	8.52	1040
4L7G	9510387a41d9428f814f1e8a487e626d	301	2.0	15001	388	47	28	16	16	-11.000000000000146	-11	107	-0.9999999999999984	-1	4	11	-2.200000000035507e-05	3.575634241103248	0.8591177253237171	5.068499761967041	1.5989621813418848	0.23793652917617966	8.284201019112347	6.485759892224597	34.19757686602192	7.471049273904895	36.487082623188655	33.336760046528795	0.654485049833887	313.37306463165794	119.54030164088572	-0.07986288377764966	0.23028823927551131	8.490643435628403	9.363698709947965	1.6611295681063123	1.4041173625910743	0.8006644518272426		0.35714285714285715	0.0	8.528572073616992	20.731704521138138	0.09267756176124793	0.9864381187667307	0.28694555692284923	0.9994994139628391	4.074821674895506	0.6220822106631171	1.3252422542704745	0.22109722919257524	0.4152823920265781	0.2857142857142857	32.498338870431894	16.382192865664372	1.0828546919135262	27.630819044179898	0.9070274515528378	1.9265725900021353	184	83	0.5650547849569695	0.287169075688909	134.78476762771606	True	7.0	1040
4L7G	ab32da1f7ea48da050cb3f074c41b42f	301	2.0	15001	388	37	20	18	18	-11.000000000000146	-11	107	1.0000000000000009	1	4	12	-6.661338147750939e-16	3.7850731940616402	1.3406785982667098	4.739310961829945	1.1489422993673717	0.17355234688769328	2.981779321217018	0.8875833255811655	3.465047813712364	1.4431838381984445	2.2719865371351715	1.3944445218764223	0.0	393.7611300606891	18.416825725101276	-0.046909204467757044	0.2150636069328025	2.0370600943978783	3.238880914528713	3.664451827242525	1.448001985268154	0.9867109634551495		0.875	0.8125	1.089725188897169	20.99907413595207	0.11371971394761766	0.9642770112538048	0.075504342680384	1.1082425550734156	2.8583836593906655	0.4540331573388585	1.4696037355230864	0.20318995544017437	0.029900332225913623	0.029900332225913623	39.30232558139535	9.174478607234025	1.0841927851242892	28.598329119281505	0.8188811655848336	1.5051789763358123	24	6	0.5443343482374285	0.49494899079620513	127.83603477478027	False	5.21	1040
4L7G	b1a7ee597e9d75bd95fcad2e74c8ab83	301	2.0	15001	388	46	27	25	25	-11.000000000000146	-11	107	2.000000000000006	2	5	14	-1.0000000000565112e-05	6.314579802455891	1.9264916432033037	7.476419036709454	1.3633543531072727	0.23979070101316846	2.157776806485215	0.5546132857651122	2.906256800810665	1.7464046720689674	2.915658094441415	2.626586483828214	0.0	511.29970948987017	16.843604201567704	-0.05095015533024779	0.22951228384525116	1.0618056132525726	1.2858708065081375	2.9003322259136213	1.335696922345591	0.9867109634551495		0.7619047619047619	0.7619047619047619	2.9391519040990826	20.796146924408863	0.08942382516775688	0.47602842879639634	0.13271621454045507	0.33396229594939547	4.6532198951505315	0.8091791729476642	1.4006799066521662	0.1701564081767708	1.4252491694352158	0.920265780730897	47.946843853820596	8.631463248651857	1.1813427124105889	28.496110645503403	0.808714493850491	1.6138672527441056	21	3	0.9685462968359219	0.9868821041301915	129.40721487998962	True	6.54	1040
4L7G	b7649d4e54db2998f4f380ff5b78484d	301	2.0	15001	388	48	29	19	19	-11.000000000000146	-11	107	1.1102230246251565e-15	0	6	12	1.0999999999927734e-05	4.719102639057526	2.2366311664839875	4.039301582466809	1.705015230206111	0.30925768246368507	8.044945915983357	1.0420017703480347	8.468574964270433	6.449709609420515	8.131734988215372	6.4024098578406115	0.9833887043189369	445.308813106667	26.338816520997156	-0.022201842296389034	0.16834089357886287	1.4564233810421363	2.2228412333595204	3.292358803986711	1.1646401997388458	0.9966777408637874		0.3125	0.375	6.071184851561252	20.831120526767094	0.10413152347388102	0.6302026774405562	0.1786783021379545	0.8284987603466941	4.625369694338909	0.774149127567018	2.000981087185593	0.14658871732162082	0.9634551495016611	0.8970099667774086	17.714285714285715	6.987751165450946	1.4520318463250386	28.021519495964625	0.9545096638104061	1.718687485119613	37	9	0.15356378936667978	0.055453182947333306	162.10482907295227	False	5.22	1040
4L7G	c3abed8fe47c90e2af144bafbdc1da21	301	2.0	15001	388	44	22	13	13	-11.000000000000146	-11	107	1.0000000000000004	1	4	10	2.000000001056712e-06	5.743340142242432	3.7479971059039308	20.482977908990073	1.6356262197621927	0.3226095469260906	5.9036825533394905	1.1016159453259513	6.3674940585828095	3.9762844617716144	6.17848695132293	4.629777884470671	0.8305647840531561	378.38051977013026	27.826337603202898	-0.049099541749638057	0.1752352037448596	2.0795474594309784	2.9233120259717627	3.292358803986711	1.081822667177866	1.0		0.5454545454545454	0.5454545454545454	3.6590004825769142	20.927381875277497	1.02739432759308	0.99653198328631	0.14015761797415505	0.914880044557406	3.0967503666436422	0.4458285419600726	1.8656430208093426	0.11529270696333209	0.8803986710963455	0.6744186046511628	22.694352159468437	6.986907642219171	3.7195032947864495	12.055967173161653	2.172842465252525	2.994030463744247	43	12	0.06046570451305196	0.008619047864698321	147.34316205978394	False	5.14	1040
4L7G	c3e6f0472fa7320f5e210e26cfc4ecec	301	2.0	15001	388	33	18	13	13	-11.000000000000146	-11	107	2.000000000000001	2	2	7	1.3000000000540357e-05	6.74673984495319	5.151089852251576	16.886735620344922	1.3517558963289098	0.16701635827106706	4.0743309462892014	0.46644511415284196	3.8252545671534337	3.6327492388392217	5.173587353563407	3.513241955725709	0.946843853820598	388.93135962824067	19.773395460502886	-0.04074787710855907	0.18865857001429143	1.057415433462564	1.3678515158705862	1.930232558139535	1.2193550984908847	0.8803986710963455		0.7272727272727273	0.7272727272727273	1.8269244583917683	21.129645542953902	0.7928283075879352	0.325835933031582	0.10915669658492175	0.39501865961830007	2.7934103098566276	0.47435859185788404	1.453323512178303	0.10140251178927238	0.0	0.0	22.966777408637874	6.451883696732867	4.158686232086598	24.054699273962473	2.4260331275088216	2.8433505424827406	23	5	0.7147145902912	0.5504215935784714	150.1043984889984	False	5.33	1040
4L7G	c5b72985a64d484d55f5162f79464155	301	2.0	15001	388	51	28	21	21	-11.000000000000146	-11	107	6.661338147750939e-16	0	7	11	-1.4000000000125024e-05	4.52054309977248	1.0089822124791024	4.9850066597174525	1.1140501163484926	0.2675742366741001	6.749222001404169	1.6787748715323447	7.765659353133269	4.0382657248374905	8.383241625194811	4.704344285004314	0.7574750830564784	341.3533473862422	46.10892384896551	0.008710129543164637	0.20537345646050845	3.4471314426101687	5.326032411716289	4.584717607973422	1.3798378509830689	1.0		0.5294117647058824	0.5294117647058824	7.618824141016718	20.82252993359959	0.12889608887127907	2.043850712632832	0.27091251413726664	2.138364488975971	3.8985196921984926	0.5841531305885228	1.4233124794853371	0.18558246355930902	1.282392026578073	0.7840531561461794	22.32890365448505	7.367531927654149	0.9523504084733402	23.1555339050381	0.7684195480176832	1.618006185103199	94	37	0.3781875888372741	0.009836211285063455	199.91762137413025	False	5.28	1040
4L7G	c83d057a219e5a25a09f354503a70d4d	301	2.0	15001	388	51	30	24	24	-11.000000000000146	-11	107	2.0000000000000075	2	6	13	-1.999999999990898e-05	3.9575434728133927	0.8947033137449821	3.353137627131355	1.0938007539027197	0.34264797777007905	2.057900637225158	0.5956717709469911	2.2031826074564935	1.3202892260561392	2.479512206539971	1.9547488316036539	0.0	523.2674127556154	22.12318003283988	0.017273821623368005	0.22329324956971391	1.259462465142287	2.533796613994144	5.694352159468439	1.3442141285866678	1.0		0.7391304347826086	0.6956521739130435	4.62973091246325	20.775282605849412	0.125857275808166	0.8345987514281521	0.36699994626493726	0.4034684796435587	4.526842202083996	0.7570832363876412	1.3662843663956958	0.15192459361648597	0.7375415282392026	0.5614617940199336	42.86046511627907	9.374833692413484	1.1363086111623335	26.384672143647876	0.795362290897084	1.573923945180916	27	6	0.9658782409736378	0.997834096862299	131.27027487754822	False	5.33	1040
4L7G	cf4a8047b69fbbe4ae6525a51c3063a1	301	2.0	15001	388	52	29	23	23	-11.000000000000146	-11	107	2.000000000000002	2	7	14	-1.9999999995024e-06	2.598616554937064	0.24359267536411056	2.7722033127067016	1.5164238401956374	0.2456361357118355	6.436080968807822	2.5000416682826705	8.625218501036812	4.836928111223831	7.948656773512649	6.520131587672701	0.7275747508305648	469.39234266816555	33.16111951700117	-0.03717804235231173	0.22403483505186023	2.927530659914207	5.511117958117426	1.1029900332225913	0.9946823880298723	0.7009966777408638		0.47368421052631576	0.5263157894736842	9.624443779627606	20.63552468401071	0.10268091533428052	1.2765279326655723	0.28992556547690485	1.8244230346881545	4.429733933695989	0.7020997253251382	1.7255093032887423	0.4128757475491899	0.4019933554817276	0.36212624584717606	28.571428571428573	11.01942023028777	0.7827675442168864	2.217987557126795	0.8575730854659535	1.6746368850954256	97	16	0.5032170263165214	0.23189427445310068	202.0852131843567	False	5.1	1040
4L7G	d1d524dd925a24438ecd2d014b089d87	301	2.0	15001	388	44	22	14	14	-11.000000000000146	-11	107	3.0000000000000004	3	3	8	-1.6000000000016e-05	4.189037763909102	0.8958377684830758	5.180570218842145	1.012156333701256	0.18186894240021392	6.888082356973467	3.3093145127599852	14.462452596731469	5.6744167266268395	14.152714951635684	13.425248192143892	0.8538205980066446	300.2085605011181	44.608334259389636	-0.042380034543445036	0.17425642902101887	4.360542578238834	5.181245905614707	2.0232558139534884	0.9624808913015794	0.9700996677740864		0.5833333333333334	0.08333333333333333	5.352776946813881	20.85239518838331	0.10915669009758049	0.3658250246136401	0.16591043085868265	0.2924033438062208	3.3076409293657556	0.6249924897612638	1.9070758013452827	0.11447159077978225	0.42524916943521596	0.4053156146179402	19.571428571428573	9.335694776635851	1.1958078115838993	28.835993717150462	0.7854594557755125	1.8565514063456374	141	37	0.23588717127329134	0.009485619092367729	160.17783379554749	False	5.32	1040
4L7G	e123cf065380d0b0c8f3053e9ba7be61	301	2.0	15001	388	51	30	16	16	-11.000000000000146	-11	107	2.0000000000000036	2	6	10	2.999999999309111e-06	2.1940849437389804	0.5252578026660946	2.3521798669671274	1.2846047947208323	0.13961524467247402	3.7803876175380378	0.787833694019562	4.552994643499926	2.744745719863085	4.319569776702213	3.388614660084146	0.37209302325581395	472.69806175783435	28.58267078467958	-0.09932189280152691	0.21468400135494858	1.807112791411356	2.5774254783753596	2.893687707641196	1.1904911276716197	0.9900332225913622		0.6428571428571429	0.6428571428571429	4.328206241671028	20.761617467706344	0.09553160469523403	1.3347913486815504	0.4138680052042221	1.7087840464169282	4.891119937315686	0.8209648235603036	1.6686056966223317	0.4119095779068018	0.6744186046511628	0.6046511627906976	39.3156146179402	9.853582010763537	0.9523539847346408	24.945969262212905	0.7419501394536698	1.368705038418323	73	10	0.9615441685988438	0.9158024403540265	154.67619514465332	False	5.3	1040
4L7G	e3b605e5b9101a4f3fa1aae790d69360	301	2.0	15001	388	43	26	17	17	-11.000000000000146	-11	107	3.000000000000002	3	5	11	9.9999999985112e-06	4.299899735905626	0.9952281113305298	5.330366978724609	1.8284150305658948	0.19758520173195185	6.5760561258538175	1.4382803078691833	7.513981670339265	3.176598105846348	5.816585210518018	3.642236760581096	0.5614617940199336	387.56598161727135	56.50355447406602	-0.020320555809201845	0.18942181369226876	3.654741389931639	4.596246014094317	1.9069767441860466	1.104799780175776	0.9169435215946844		0.6428571428571429	0.6666666666666666	4.864640110244903	20.56792859346897	0.10487193060189035	0.38685102624603995	0.1336511818673966	0.6213834520023138	3.5216206192539525	0.5170720505539346	1.463754947809738	0.14135012821400383	0.8571428571428571	0.574750830564784	37.04318936877076	11.286430646498735	0.98454988774306	28.459770194042452	0.9421686421405063	1.4791597506004885	75	19	0.2740838650197219	0.3421551123139591	139.19491839408875	False	5.05	1040
4L7G	e8db4af0c7a34ddcd59bd43979c83a63	301	2.0	15001	388	50	30	15	15	-11.000000000000146	-11	107	1.0000000000000009	1	5	11	-2.9999999990870663e-06	2.217553472669305	0.8008209365647567	1.8935363498524784	1.7781771998786402	0.3493080161064192	10.159949313543727	2.8072416313392887	10.908471738023227	7.860796917369593	13.244881301242891	8.310133474226152	0.9302325581395349	302.59715638304687	62.234985382188036	-0.04361453688816794	0.15889012916259196	4.465643334056346	8.41851259323722	2.2524916943521593	1.4407577270325866	0.9401993355481728		0.26666666666666666	0.26666666666666666	5.531799767984084	20.866281461975518	0.11857903845990572	1.502413013234816	0.24748518095841876	1.4198221527070405	4.362517361016422	0.6533672251953498	1.7466036939056613	0.34706453973777096	1.2093023255813953	0.6445182724252492	16.717607973421927	12.207643795412935	0.8821818798484908	20.281122037445936	0.9495133682628794	2.034072881595713	125	38	0.18674742984706216	0.00043683494906882547	204.5160210132599	True	7.96	1041
4L7G	ec4ccad83d01498f18eec3728419c3aa	301	2.0	15001	388	38	20	19	19	-11.000000000000146	-11	107	2.000000000000002	2	3	11	-1.19999999990128e-05	4.676544019275472	1.2451581277621808	6.357305772963781	0.8917411664468157	0.1259265054286114	3.684355381617951	1.1738123547951131	5.062382339893943	1.5245929097827398	2.875634600746491	2.290049326519943	0.0	411.90386354167566	15.560723000891791	-0.0858488095817794	0.1705244810262312	1.7095082109339628	2.6414459086764213	2.5382059800664454	1.051514698057055	0.9833887043189369		0.6666666666666666	0.5	4.6796147665083865	20.771654731541926	0.11922580900265414	0.5818414205240958	0.28616698888321224	0.41389682878397593	3.118908340089412	0.5822619164563313	1.9480739850512403	0.11081683277054323	0.10299003322259136	0.10299003322259136	43.92358803986711	7.640868113721472	1.2440804832972407	28.5083746345593	0.7621507822784821	1.1536500834169663	19	6	0.6331720311643562	0.17433175958947386	128.62466406822205	False	5.21	1040
4L7G	ee2e7b45aae1b85d5c18aad16d03d855	301	2.0	15001	388	48	30	16	16	-11.000000000000146	-11	107	3.000000000000003	3	6	12	-1.3999999999902979e-05	2.518039773811538	0.3938112087447126	4.332860879791801	1.4520757238188795	0.4443045569241395	9.867749869893629	6.868193428746784	22.136158776657446	8.223617498712658	22.072475711362053	19.961286573959292	0.53156146179402	364.32840456710784	114.95583021369322	-0.017018197516030037	0.15915326826296933	7.748436992971135	9.684016249243596	1.3754152823920265	0.8977233535823343	0.8604651162790697		0.6	0.06666666666666667	6.569292870556526	20.585363800608558	0.09956250545509755	1.3306184949255337	0.20695624343362728	1.2846182582914196	5.029606213959469	0.7968473714418433	1.4461537520327936	0.13704484926376737	0.43521594684385384	0.42524916943521596	32.84717607973422	19.638846352202258	0.854576658042155	22.611989316066516	0.9844267457575839	2.188616027726696	121	37	0.42723967186882594	0.4428374625889216	145.31340670585632	True	7.45	1040
4L7G	f5b52bef73821d9cc3d674e42de6608f	301	2.0	15001	388	54	28	20	20	-11.000000000000146	-11	107	1.0000000000000027	1	5	12	-1.9999999998299156e-05	5.9107548330581094	1.8253659907466164	7.709434963005176	1.1225623511837548	0.18861084870432557	13.902343484579955	8.950923833963115	22.483533381222124	12.584970503836177	27.327067126853645	21.325530542123694	0.8372093023255814	259.45813398868944	106.6939257635163	-0.004263319569701063	0.12366484369218941	11.260886737643895	12.26114311509908	3.395348837209302	1.2810314163236913	0.9933554817275747		0.23529411764705882	0.0	5.020149830628518	20.690214710336075	0.10944093842848994	1.3052486357687263	0.44048993173478224	1.0798552462741575	4.171980231815817	0.6154782183210179	1.7821606496602362	0.5831824967704207	1.3388704318936877	0.6013289036544851	13.242524916943522	14.304390943668755	1.1906167853864356	28.527764556852336	0.8594535559288852	1.5046747918128212	231	107	0.35004680891561696	0.2129381648239279	138.79531264305115	False	5.07	1041
4QB3	04d89e15e651861ca58bbec52b719c49	301	2.0	15001	127	50	28	20	20	0.9999999999999202	1	39	-1.999999999999997	-2	7	12	3.608224830031759e-16	2.9882226386743618	1.0491261035863422	3.904777472786287	0.9092588908123079	0.145116562341061	2.7910443835015726	0.45982005490199557	3.106431124597065	2.247597525371867	3.545424113054776	0.511029494167744	0.04318936877076412	467.63228691785827	37.88383823002382	0.01488239017887697	0.10947565616371469	1.054484361292832	2.3481425511901404	2.3588039867109636	1.2162372799117898	0.9568106312292359		0.631578947368421	0.8235294117647058	4.076673538379146	15.083953557956072	0.1093970938130122	0.6961828235917888	0.21698507159907998	1.323634883999046	4.156794980568053	0.4816967642986812	1.2879336879429768	0.09830017325299754	0.026578073089700997	0.026578073089700997	44.71760797342193	10.536599191267147	0.9549266473885196	27.10624751486764	0.6895760088519124	1.0506304958100197	37	7	0.9735066926236637	0.9696038784768393	39.00106906890869	False	6.33	500
4QB3	0b4fbf7130a60ebdf348cd8d14c36b77	301	2.0	15001	127	47	29	13	13	0.9999999999999202	1	39	5.551115123125783e-16	0	5	11	-6.9999999990355555e-06	1.0824882707210126	0.13257243797724247	0.935371379707626	0.922456953304886	0.1733670581462222	2.2894815745843777	0.6095866834256198	2.302137352867251	1.206735650946375	2.919730395211467	1.232889742055485	0.0	430.27428898218466	24.385861194851447	-0.03672441849892101	0.15395533893161978	1.3397258357396908	2.3119825578861266	2.0631229235880397	1.043570195210486	0.9534883720930233		0.9166666666666666	0.8333333333333334	1.7979509471548052	15.07342330583338	0.10532674201845953	1.03342761571284	0.2325623092821005	1.1944007697597934	4.192093672753258	0.2902642580732335	1.1197227731494421	0.12938256369732953	0.09966777408637874	0.09966777408637874	34.57807308970099	8.899105050825131	0.6811567849033657	2.5619086764550816	0.7072175905219061	1.2286678568528997	54	9	0.37197122698849866	0.11425508647173684	64.1164824962616	True	7.515	501
4QB3	15044c0c9f83bb877f5ea28fece53a3d	301	2.0	15001	127	55	29	15	15	0.9999999999999202	1	39	-1.9999999999999978	-2	5	11	-1.1657341758564144e-15	2.7667636925353145	0.698097933931143	2.67841368283949	1.5474286511742346	0.3630832465817316	2.284186281428946	0.556880235655048	2.980386254335117	1.0088442033505816	2.0736864589587802	1.2971468189109212	0.0	407.790004364862	25.36487167756159	-0.03758993846310994	0.17016963767267357	1.0188194940858684	1.7937439579666137	1.9601328903654485	1.1019788824760697	0.9235880398671097		0.7857142857142857	0.7142857142857143	1.3574868055356357	15.09943481834173	0.10289453928115032	0.7843650427457121	0.1974567253729248	0.8438580332927736	3.8534905175064766	0.45912744261829685	1.310686672606468	0.15338564411030375	0.0033222591362126247	0.0033222591362126247	30.920265780730897	7.6149194306968955	0.9481588507049015	22.87776512135659	0.7857677961877808	1.4320000173884093	31	6	0.41407892004954144	0.09938513732142433	71.18233561515808	False	6.38	501
4QB3	2b0132dda46dfc13890fc97f3e161079	301	2.0	15001	127	41	22	12	12	0.9999999999999202	1	39	-1.9999999999999978	-2	4	9	1.500000000015378e-05	6.124056652369596	3.5812661722176573	5.485026626078548	0.8990261243609571	0.14957746057040264	4.151108826889072	0.7326661693494938	2.845750126662266	2.376982563981476	5.933388858590881	2.032823142456555	0.16611295681063123	323.9094762706804	27.09344658988681	-0.0034752410923995706	0.11296584032102659	2.432595269608271	3.628817012212947	0.12624584717607973	0.33212623089252324	0.12624584717607973		0.75	0.6666666666666666	2.1097376384739364	15.993899477173219	1.6378166726732166	0.6700845112144681	0.30719704939612796	0.6225645212591896	3.2618329301885893	0.2940777535336254	0.6223030741252805	0.08418980331531517	0.006644518272425249	0.006644518272425249	19.166112956810633	7.596050370844719	4.11432899053733	27.85407454431527	2.470202363851682	3.827684136566697	118	29	0.14887258147854818	0.7727698371484923	67.18503975868225	False	6.295	500
4QB3	3dd7fe0b27b084a92f8091446da1a66e	301	2.0	15001	127	49	29	16	16	0.9999999999999202	1	39	-1.999999999999997	-2	5	12	1.8999999999991246e-05	3.0106108056161007	1.221359063771999	3.919036671586185	0.7371569832064578	0.12433687184872999	2.278348898880518	0.81725228031518	2.9475588832962067	1.1868221089133695	4.932537364827291	2.305257638330202	0.006644518272425249	419.6599477051633	36.58488070298283	0.014554370335610594	0.11783480024593138	1.6965849243116633	2.8956824500838816	1.850498338870432	0.7652598743214034	0.9667774086378738		0.8461538461538461	0.6666666666666666	4.877789456336267	15.05863946781885	0.09592789013169907	0.9467570959470195	0.2762902680092824	0.9454014386390547	3.5610864134099716	0.25286946935632665	0.4341447809366826	0.13865534934136528	0.0	0.0	31.704318936877076	9.09175896152985	0.9414439583323765	22.77276092381479	0.6912940781638381	0.9118949008982936	55	11	0.23376256480819174	0.0929786084148332	76.04756689071655	False	5.68	500
4QB3	492b610efd391e76c199bfed5b16cf2a	301	2.0	15001	127	56	29	12	12	0.9999999999999202	1	39	-1.9999999999999982	-2	5	8	-2.2999999998774e-05	4.550074664314685	1.5253427956305878	4.116217103173503	1.326656780616931	0.47909030565114297	9.80020039161282	2.4029241544119273	9.036129831325454	7.071847086790972	12.414773658639257	6.654340411791727	0.9667774086378738	350.2107333054619	58.52997948098154	-0.033550463165210535	0.11386116016251298	4.5001511607160785	7.0339531594235405	1.9900332225913622	0.7753899451260454	0.9767441860465116		0.5833333333333334	0.5454545454545454	3.4080946341800464	15.217494806246966	0.29895201176050773	1.564323051879419	0.4536631353027721	2.4415540947437333	4.17752665349308	0.48438243818575916	0.9252061947670446	0.19472383697707	0.1461794019933555	0.1461794019933555	19.687707641196013	8.827743287824036	2.307172159971856	22.373242590188934	1.878388267119625	2.6848452361730195	203	64	0.4156434791803215	0.4555014429739444	72.7710816860199	False	5.51	501
4QB3	594685ab2c2c7dfb758c69d0a9bc2a8d	301	2.0	15001	127	54	29	19	19	0.9999999999999202	1	39	5.551115123125783e-16	0	5	13	3.9999999996709334e-06	3.032762867464656	0.3392210149836731	3.0407742140353458	0.7401818700929444	0.1150276459017499	2.91372081645321	0.4943019891587306	3.3603481489434404	1.3383536167214904	2.1767757189571277	1.956363038242292	0.0	499.95355311669005	23.767274646941242	-0.07199914685089591	0.14799965508882085	0.7005818948410248	1.636308758795115	5.122923588039867	1.2206036130569677	1.0		0.875	0.75	1.7291670478445769	15.011749811851859	0.09288929561965534	1.6298733801129472	0.27206295118603413	1.7293412723600263	4.1416595744116025	0.3495391149788946	1.415194497915952	0.20001655133715543	0.3787375415282392	0.3787375415282392	43.96345514950166	7.668938516005599	0.7388650846305171	9.2093394127958	0.5474714419288356	0.8245308057391575	13	2	0.2500044734545547	0.20726118930152926	80.82711696624756	False	6.33	500
4QB3	605f40bd8c866d6adb1d6f2bec42c9b3	301	2.0	15001	127	51	33	12	12	0.9999999999999202	1	39	-1.9999999999999978	-2	2	9	9.999999999177334e-07	2.3064303616789257	0.43168512067086656	2.4830571807946304	0.9805152282019519	0.19653454264937598	3.992226614693157	1.3398265280861192	4.829269451352642	2.884342212816691	4.854822680688251	3.616179916500878	0.5880398671096345	400.8464944835528	23.384897845617786	-0.03177181777392342	0.16044619484972802	2.0195231415672037	3.243115669164133	0.17940199335548174	0.40063194415874015	0.17275747508305647		0.7272727272727273	0.7272727272727273	2.4812880564697446	15.016896003085003	0.092693519534915	1.3158791697495078	0.27197682709256965	1.1968737740488664	4.510829617327146	0.4592057810975746	1.6839683242146026	0.2808221409893418	0.8803986710963455	0.6710963455149501	31.019933554817275	8.099440200226606	0.8780510602910352	23.112392954524744	0.7681466259794472	1.2611955688981016	128	12	0.6830524370017896	0.33887260030826954	72.88856029510498	True	8.004999999999999	505
4QB3	65316367b1c7ba80511f9cb5fb2fd2a4	301	2.0	15001	127	57	32	15	15	0.9999999999999202	1	39	5.551115123125783e-16	0	5	10	0.0	1.440616835425408	0.521144506684111	1.9962117750686583	0.905943086799677	0.2233457135898033	2.45241792179206	0.8745778391651707	3.48687812436406	1.3997194183472692	3.3505456248662524	1.4267761325758517	0.009966777408637873	422.5946475187475	26.11028926042387	-0.06637869625983218	0.13504075124552678	1.4174752231930983	3.362478580797548	2.697674418604651	1.3061169302650488	0.9667774086378738		0.8571428571428571	0.7333333333333333	2.0859821382276307	15.01082011888207	0.09433111109686025	1.0133018246701775	0.4063172351575249	1.8499935737831033	4.4527605905428445	0.49811658110079726	0.6522822030576167	0.28341308894606193	0.006644518272425249	0.006644518272425249	41.80398671096346	9.159610028103437	0.8349755170362987	6.177355943645652	0.8307427198806222	1.1804876492161853	104	11	0.9129401584071127	0.6705854362791983	73.14092350006104	True	8.25	502
4QB3	6b43e44fb3ada6de6c351a68d32eaa65	301	2.0	15001	127	49	27	14	14	0.9999999999999202	1	39	-0.9999999999999993	-1	6	11	-2.1999999999189335e-05	2.510409477240012	0.323622277176294	2.895211257840179	1.1476242626531101	0.22209063174761295	5.299108587074552	1.3936342475098902	4.550381937898544	4.257114359703928	7.1965543194104	3.717754246241319	0.9235880398671097	388.58918590348367	36.23468375161086	-0.040236334154554756	0.15185850983015078	2.092754313837667	3.49239795255091	1.5083056478405317	1.0036962186191734	0.8903654485049833		0.6153846153846154	0.5714285714285714	3.7716561492138996	15.035409189807792	0.12100505032768999	1.0675336193392808	0.2696676558287263	1.065014300640796	3.882667723510696	0.30215228379435743	1.2353408221396462	0.2499336596802903	0.023255813953488372	0.023255813953488372	31.963455149501662	8.885502396938232	0.7743335997059021	3.4455199676008723	0.8334776436490825	1.5064655588893738	80	11	0.5901148412939667	0.5498165831515368	75.62140130996704	True	8.74	501
4QB3	6f8f3139923f55cc6cf8ceaccedb3aa4	301	2.0	15001	127	61	41	21	21	0.9999999999999202	1	39	-1.9999999999999973	-2	7	12	-1.3000000001206491e-05	1.3803757405704076	0.35515065893446807	1.7888857984354574	1.077602175216971	0.2616373492860522	4.702073137726188	1.6255456555347632	6.406569748714292	2.9328744092765002	5.454933245479399	4.136356346876245	0.49169435215946844	484.76292425506085	29.408938465005356	-0.07273076571068485	0.173743658253947	2.1307821267848075	4.847283846755264	3.8073089700996676	1.6167971294177956	0.9900332225913622		0.7368421052631579	0.631578947368421	2.0493567385848497	15.041730991971193	0.11437332934882971	2.4394355600087376	0.7162426805226528	2.7604315843918585	5.979075966579737	0.7238656552252843	0.7295386444649576	0.19869416643363835	0.013289036544850499	0.013289036544850499	66.85049833887044	12.366801613339035	0.8411335256218598	4.5051581121226105	0.8763656823633358	1.4618629708103696	133	18	0.4723824119432677	0.023936250135405485	77.05410432815552	False	5.91	502
4QB3	71610ced88f2d058ad64b79635b26b20	301	2.0	15001	127	43	23	11	11	0.9999999999999202	1	39	1.4432899320127035e-15	0	2	9	-2.0999999999826713e-05	3.1115640151201314	0.9169778359427407	4.294678225457724	0.8593715404270682	0.22148327369795343	7.258272928622737	1.7870874678962112	7.578765006405634	4.468989222893565	10.593694883016157	4.02167474792852	0.770764119601329	301.9375665038868	42.42117404257847	-0.004494402351488441	0.08176498219859456	4.05621171065832	5.25382177179256	0.013289036544850499	0.11450955441604044	0.013289036544850499		0.5454545454545454	0.5454545454545454	3.370728399731959	14.91015036065722	0.09271630370825788	1.0701597160212588	0.5082476932000523	1.7423754161196452	3.2976263623763846	0.3129067324918429	0.8581792414871244	0.08510401718541458	0.0	0.0	20.52159468438538	8.54985567179217	0.9340688006253087	21.859562004187165	0.8464882541779816	1.2887393006154295	155	49	0.3623820114150547	0.0011565224623768153	72.90094757080078	False	5.74	500
4QB3	749b421329101fb34bf4c33daa32ff2e	301	2.0	15001	127	45	24	13	13	0.9999999999999202	1	39	-0.9999999999999982	-1	3	10	1.6653345369377348e-16	3.544134829114042	0.3985890485014739	3.001849141611125	0.8736823929772889	0.2222442582017169	7.101591987046481	3.3516423081064617	14.864926063951144	5.396415152597554	15.718292384960607	14.539351676879768	0.7840531561461794	253.53642176092086	50.70411094850685	-0.022977834085799686	0.09030579335268236	4.331848071891753	5.998167219323145	0.6179401993355482	0.6445867689738697	0.53156146179402		0.4166666666666667	0.1	6.086025244568251	15.03299655360617	0.10248688247661883	0.5174917835031014	0.25430280668563643	0.9651169851107414	3.4868142625233745	0.3554491159508338	0.6860533172040226	0.09639561634503446	0.026578073089700997	0.026578073089700997	21.564784053156146	7.523161735260993	0.8312253007577913	11.551626021910453	0.7874289315800453	1.1253380301833642	129	38	0.44663385314957366	0.8620023780688665	75.77331805229187	False	5.555	500
4QB3	79ff013c97a88f8bec1adfae42218746	301	2.0	15001	127	43	30	19	19	0.9999999999999202	1	39	-1.999999999999997	-2	5	12	1.0000000000343068e-05	5.217335171392822	4.894371440278722	3.0171035088722276	2.2883621860533583	4.258558482702028	2.4822160346568287	3.5482017700873363	0.9539793546981814	1.759744377393252	13.898138806857897	0.288288618113973	0.11627906976744186	479.13924104343533	31.071367712419384	0.0038830148598904225	0.11420527846450554	3.770213717710149	5.647941331360537	2.2458471760797343	1.1977377748527853	0.9435215946843853		0.8888888888888888	0.875	2.41229704473788	15.735509658954518	1.803155178367536	0.7112314622286433	0.189298444144478	0.6791429309549525	4.192050643805146	0.3081985303658387	0.6979122232131143	0.10775195166618212	0.08305647840531562	0.08305647840531562	56.388704318936874	11.259771923521166	5.3226539471679	23.051178536135424	4.9334673235518185	10.657860413423844	34	4	0.7973032631374882	0.8630384546917619	47.00953459739685	False	6.115	500
4QB3	8016222bad11f4d65a8f6f4e49b5cd67	301	2.0	15001	127	67	39	12	12	0.9999999999999202	1	39	-2.9999999999999982	-3	4	8	-3.999999999088066e-06	1.1797759056010715	0.152206978975917	1.3484608847963595	0.8159760677520066	0.1446660414000546	7.091107944863441	1.3554078705442871	7.568032113428445	5.689324238544338	7.855087292219442	5.978122905056086	0.973421926910299	423.0315784390665	34.076211531915575	-0.03275831211553514	0.14418500413195287	2.1044955343349097	3.1453367486529085	0.9867109634551495	0.31542221797788494	0.946843853820598		0.75	0.6666666666666666	1.0321813114071356	14.940718804908935	0.09761402579192562	1.448938874979168	0.29205195338926354	1.667559052606253	4.419811817336131	0.20141319284153408	1.1404150236511492	0.4193340115188206	0.30564784053156147	0.2757475083056478	38.48172757475083	9.01993906132245	0.658378651787982	2.942081157335703	0.7004383104456959	0.9686000692571725	127	21	0.38474826909504445	0.25379995902511016	66.92944502830505	False	6.074999999999999	501
4QB3	8072d1cd9b9a836cbeec520610c1f9bd	301	2.0	15001	127	39	23	10	10	0.9999999999999202	1	39	-1.9999999999999978	-2	2	8	1.0000000004728449e-06	4.861496557110737	0.7482780999326456	6.615893767691662	1.6670746724805232	0.7119970977344855	4.807291437753751	1.181701208796974	6.568144161142655	3.6075665384291833	5.797706923920192	5.48210679735747	0.6710963455149501	352.45657563671233	27.577728861650247	-0.032804443058504475	0.08376405422710066	2.4095873650599016	4.386543984755862	0.2059800664451827	0.4125491448843956	0.2026578073089701		0.7777777777777778	0.4444444444444444	2.0869415980759305	15.076075709163685	0.15097868637800027	0.6181636815575831	0.36633735331038597	0.2849775624916031	3.227566060406831	0.31359704219532647	0.6051601520270212	0.05333860535028083	0.009966777408637873	0.009966777408637873	21.44518272425249	7.131965736430256	1.0523845415551403	17.553644627855707	1.0989814962627384	2.5291268121047006	67	14	0.3795474573027317	0.018529049719574236	64.80100774765015	False	5.67	501
4QB3	80b0fe984d15b87a9da0bed91ab28b29	301	2.0	15001	127	47	30	17	17	0.9999999999999202	1	39	-1.999999999999997	-2	5	12	-6.0000000000060005e-06	2.550362083063955	0.601461189306127	3.613594409706461	0.6147251900701675	0.08904521025220577	1.6812606654338544	0.45445246781269727	2.3379325298627216	0.5197574257107811	1.0760073213774515	0.5798910803706102	0.0	498.2542268783301	24.835244353551563	-0.03335639453328261	0.12196933137515031	0.884373938148181	3.1568038529818434	3.8438538205980066	1.1111951148573076	1.0		0.9411764705882353	1.0	0.7293099052383866	14.953977796054545	0.09929819746830565	1.177194473515401	0.48543179127917896	1.7773900412503802	4.218570651167761	0.3099749492616455	1.2434515778715118	0.4639464638614126	0.292358803986711	0.292358803986711	48.6843853820598	8.681330755823799	0.7640712202091792	19.677199095875892	0.5435657244615597	0.7030572567558843	23	3	0.6737175188564627	0.8336558667448165	65.17608952522278	True	7.77	500
4QB3	8a909432391c80b5414f2aed6279b942	301	2.0	15001	127	50	30	14	14	0.9999999999999202	1	39	-1.9999999999999978	-2	4	10	-1.0000000008059118e-06	1.0973666286743777	0.11346340217128115	1.069566956053415	1.166128878861933	0.14957789579973166	8.408496397618	0.9464265140613943	8.488595600207876	3.2945017084920027	3.997592894260962	3.4788068704964354	0.9069767441860465	460.7465044964856	29.104304179957136	-0.04834173962573906	0.14645096935115115	1.3268457740442559	2.0390861682714387	2.6411960132890364	0.9768910776159411	0.9933554817275747		0.6923076923076923	0.6923076923076923	2.9669216980263653	14.962336274813156	0.08159265916836762	1.1783297769741632	0.2176509998396045	1.088561777168888	4.1302574954821445	0.3877402070749955	1.4457999197541398	0.08542189580608339	0.0	0.0	44.029900332225914	8.706497153338777	0.5584859985056048	1.604893753041072	0.5868261103311105	0.7549917728829274	23	5	0.3690310317098773	0.4058948833737013	57.5778968334198	True	7.01	503
4QB3	971c944ef6916e2840b6d63b8f00425e	301	2.0	15001	127	42	24	12	12	0.9999999999999202	1	39	-1.9999999999999978	-2	4	9	-7.99999999995249e-06	3.6305888589205537	1.184807597967556	4.734814574489339	0.8876338353150223	0.25576488878192216	3.426169578922472	1.750183417247768	5.756914175054873	2.365448253375884	5.421420106355604	4.566899791432688	0.46511627906976744	360.3828063598457	25.394485276494155	-0.03147771566127512	0.09085460189539463	2.3881717234822317	3.2197511906115728	0.036544850498338874	0.22022343414188106	0.029900332225913623		0.75	0.75	1.0321813114071356	15.086336519932047	0.2364013298549007	0.6120161386443795	0.34424398040433396	1.1029913051297855	3.314233910747731	0.30075301094246626	0.6619433640007256	0.04051702509974995	0.0	0.0	28.46511627906977	9.115880728974272	1.2273671227517915	23.95533483711741	0.8867921770610082	1.1857488206642888	60	10	0.45640937931778225	0.00743235826463813	57.51065492630005	False	5.625	500
4QB3	aa4ab13cb4df4d90f08700b97350a57b	301	2.0	15001	127	50	29	16	16	0.9999999999999202	1	39	-1.999999999999997	-2	5	12	1.0000000013610233e-06	2.3370048624298243	0.22855435658925033	2.3711226568863357	0.6703704934898277	0.11103823374344099	1.9939696867964598	1.0156369728803014	1.896643701331505	1.1480424404010234	4.065786416460869	0.8027197781386983	0.05647840531561462	412.3265897194581	26.320750428576826	-0.026557875670166323	0.10642307254479919	1.4803680703142694	2.8396877510677125	1.9435215946843853	0.7471760058734077	0.9700996677740864		0.9285714285714286	0.7857142857142857	2.0859821382276307	14.974167336267296	0.0815867218407748	0.6368321250400701	0.2856078333739428	0.3008088722806211	4.255310270386991	0.48079174494294963	0.9930873568169264	0.16314154589521887	0.0	0.0	36.40531561461794	9.261887664313765	0.7106527866627909	14.860359407889261	0.5568387477500304	0.7532018698821193	74	10	0.4595182922754525	0.3456799350885648	54.417165994644165	True	6.055	500
4QB3	ac6254a319053d53d01f6c8c06bc783d	301	2.0	15001	127	50	30	13	13	0.9999999999999202	1	39	-1.9999999999999982	-2	4	8	1.000000000528356e-06	3.8987354007907227	1.3742820195248153	4.629808908903128	0.7504465250661183	0.13803503721106014	8.345054971719252	0.8432600532855224	8.491556465458759	5.261476214741763	7.501765672301771	5.366825481703565	0.9767441860465116	463.54547095221994	49.43644283411083	-0.03445353742417894	0.08971867559301228	2.0065194222003906	2.9236107455209472	0.6744186046511628	0.672410804409347	0.5581395348837209		0.6666666666666666	0.6666666666666666	2.7029743395083945	14.951270067903275	0.0852562405568423	1.2963643487689267	0.1594323685508123	1.322218566810814	4.003131027536583	0.27202061431039115	0.8463554284439816	0.08402315337775221	0.0	0.0	38.48172757475083	10.520214602749828	0.8204098787737578	18.057516614694517	0.7155597856736495	0.956122101310209	61	22	0.2942006178917637	0.18055722033371857	53.32143831253052	False	6.415	501
4QB3	b2d145c83fe363359f846985aa11d3ba	301	2.0	15001	127	53	28	17	17	0.9999999999999202	1	39	-0.9999999999999991	-1	6	12	2.1000000000437336e-05	5.27250144224825	1.5658018192805994	6.4848199398236455	0.9738236676823391	0.20770179000759734	4.675392772104789	1.047290020162995	4.030827013646183	2.7063667848317285	6.432626122688331	1.9570314612075363	0.2956810631229236	402.2655666846312	31.427565639741697	-0.0032134384235218303	0.12665943514024192	2.2136739143187514	4.154079488619884	2.079734219269103	1.0535281315869018	0.9534883720930233		0.8	0.8823529411764706	3.80552440650156	15.20766319454699	0.2756854690404537	1.3443237910514836	0.24124722539252755	1.610807549792668	4.122178235963586	0.45754547252511973	0.8739909530353306	0.16869892621313393	0.0033222591362126247	0.0033222591362126247	29.88372093023256	8.776465478059409	1.5850369735499326	25.85180655112275	0.8275914687674595	1.3546242550367005	89	18	0.4878787460756962	0.7638902539146599	72.06793308258057	False	5.965	500
4QB3	bf34923dc4f956fa0c26fb0a54550049	301	2.0	15001	127	41	26	18	18	0.9999999999999202	1	39	-0.9999999999999993	-1	4	12	-1.0000000008059118e-06	3.5346337297689048	1.4450748609428938	3.1151766557176677	0.744081727783097	0.15133367715032342	1.0609520035490858	0.3949078768547874	1.0152397770370032	0.6978422344375603	1.8787038192058967	0.5745021976358631	0.0	453.5694017823688	18.98917299832079	-0.005476762306538738	0.12311637036682554	0.8437080436039481	1.3859041030995851	1.6677740863787376	1.0671435599461134	0.8903654485049833		0.7647058823529411	0.7647058823529411	3.1176093741946667	15.06296927599005	0.1774813694525563	0.3314823812773334	0.15209754904196077	0.4118983323287393	4.112536453737034	0.5659592269671144	1.1742042733245444	0.06939655464567453	0.0	0.0	33.817275747508305	8.128729691596735	1.290392575629708	22.619514305401665	0.635810966929876	1.0384964624703419	18	2	0.2241577691548933	0.00031458491678753914	75.74311351776123	False	5.28	500
4QB3	cc7b6263adb98dd621cdb08fde955a6f	301	2.0	15001	127	51	30	11	11	0.9999999999999202	1	39	-1.9999999999999978	-2	3	9	9.999999999094067e-06	3.045226035430484	0.9748703182698909	3.6832299480995774	0.8695288004165316	0.19792361937644237	7.1349755746897365	2.348182272960192	8.107186065345545	5.170906998900498	7.242575139763086	5.633076587368573	0.8538205980066446	477.19955787432247	77.1304930745535	-0.052302454636770156	0.13393779284535506	3.023491774079467	5.694424400091443	0.09302325581395349	0.3016860088969167	0.08970099667774087		0.9	1.0	1.7693471111097416	15.133383279781917	0.12153461221984496	1.9039956410960919	0.522308315290269	2.0537202715645964	4.260878271112799	0.38004889010258736	0.8729442324277324	0.24962132295091805	0.6079734219269103	0.4883720930232558	27.209302325581394	8.799693054426434	0.9804259181910214	23.502243859849386	0.7676863288369732	1.1303122921029678	63	18	0.7438777186974135	0.3646067727354002	66.40114450454712	True	9.505	505
4QB3	ce9a796b1b540bd01171a965543d5ed4	301	2.0	15001	127	46	30	16	16	0.9999999999999202	1	39	-0.9999999999999989	-1	4	12	-2.000000000002e-06	7.611154056081843	3.414472694088807	7.814291377961396	2.3135509907879404	4.298116181540262	4.157505053384813	3.043523424164476	3.6196696576678318	2.757110345680001	15.602360896319277	2.4686980570988233	0.12292358803986711	389.81399272497754	45.44864512750663	-0.06622047765765045	0.1694398869910404	4.048764652137933	5.061495387981594	2.0598006644518274	0.9831192950528467	0.9534883720930233		0.6875	0.6875	1.7833833068918703	15.794854449186214	2.00989699341994	1.1018626057466068	0.42608360234054377	1.1119465706179725	3.8292944263200956	0.43063043235911697	0.9663200591318509	0.22456918892332908	0.0	0.0	33.87043189368771	9.348893878796005	5.261678794598207	21.190174245534035	4.558376830645981	7.995051017535626	104	21	0.5256933798190719	0.767456026407902	64.58800339698792	True	7.99	501
4QB3	d14a66e8dd811490ccafaf75afa970de	301	2.0	15001	127	33	20	15	15	0.9999999999999202	1	39	-2.9999999999999973	-3	4	11	1.0999999999872223e-05	6.850481241948922	3.4883330593681467	13.219749090599787	0.9951175829060649	0.19493740818180133	4.337136584079881	1.592503611407541	4.8476671136714815	3.022104042745607	5.2094652521893465	3.594254067383589	0.7541528239202658	355.77117596102534	25.542718671693926	-0.03931820581249811	0.09491412349153991	2.0346355031603123	2.867750993306292	0.8870431893687708	0.706306354147239	0.707641196013289		0.5714285714285714	0.6153846153846154	4.457714202095153	15.579520932225678	0.9744526876060611	0.25918481662470527	0.08451984880444252	0.4790431052223865	3.2243097804850014	0.5767689695979858	0.3635999078585161	0.06586993849004817	0.0	0.0	36.32890365448505	8.128216416919868	4.003309950097294	20.448504725427323	1.847979569487584	2.8259458779709017	26	6	0.2759481838281309	0.21501288899471535	68.4857280254364	False	6.35	500
4QB3	e157f064686d18428292a95c75eebffe	301	2.0	15001	127	49	27	13	13	0.9999999999999202	1	39	-0.9999999999999996	-1	4	10	2.199999999996649e-05	8.984069843739988	7.747680601715522	6.448342680921615	5.299584329647148	7.19744598954364	9.29458896705243	8.625924380621461	3.1086491447341635	6.928393657980961	24.295738484532365	0.28498282088957305	0.3289036544850498	383.177994753354	91.7688714127834	-0.06801199136675112	0.14317433299074311	10.308544304082536	12.767138857186206	2.524916943521595	1.0830360962556378	0.9867109634551495		0.9230769230769231	0.7692307692307693	1.3618220674941914	17.65692958650532	4.309341708334353	1.1219915111129655	0.22531873327992022	0.695950314188954	3.8933131310414906	0.4142942103547362	1.2794797239342737	0.24342156009818292	0.43853820598006643	0.43853820598006643	36.87043189368771	9.886388986322718	9.36373884177251	23.706937909977874	8.538241828776826	11.374853560350648	83	14	0.510374475740527	0.1101297826789485	45.930251359939575	True	8.495000000000001	500
4QB3	eb86c0e119d2fe75487a399c76724176	301	2.0	15001	127	49	29	14	14	0.9999999999999202	1	39	-1.9999999999999978	-2	5	11	-9.00000000070289e-06	7.608458908977645	3.669771916448022	6.344606498402289	0.6801367975387054	0.12797044848419864	3.290819392403422	1.085290954982589	4.38422600500971	2.2377467257304584	4.097336700104473	3.356480721493891	0.24584717607973422	387.2368541243435	31.910930219132045	-0.0002152317612840352	0.13025546967248863	1.9334907228087685	3.9883096771362023	1.813953488372093	0.7977988725399636	0.9601328903654485		0.8571428571428571	0.7857142857142857	1.234581275794151	15.602868990281205	0.9867506288663854	1.2585329295217178	0.4050300878140713	1.257485654114989	4.05990904373705	0.38056790988812805	1.8121934050432313	0.317239565525071	0.036544850498338874	0.03322259136212625	28.006644518272424	8.576020557802554	4.030250781041613	23.616062794177356	1.795282762888293	2.275160086352685	122	16	0.2668071698373303	0.32845099304475206	59.61446976661682	False	6.0600000000000005	500
4QB3	ec69e1666eb0eb27ed19cf2994bc675f	301	2.0	15001	127	55	28	12	12	0.9999999999999202	1	39	1.4432899320127035e-15	0	4	8	9.999999999621423e-06	3.451803427427352	0.7414813554769082	2.7058606246421872	0.9056148682762993	0.22564451497072283	9.740841724834732	2.2710765980483365	10.132121897960905	6.917442752417982	13.87375935122232	7.350065544261911	0.9568106312292359	373.3895916001158	42.89068265312303	-0.02729849128616716	0.09592902445167964	3.3578937927058865	5.9458255677141025	0.08305647840531562	0.2759675701966137	0.08305647840531562		0.5833333333333334	0.5454545454545454	4.639827115873477	15.005201950413358	0.10227572305637435	1.1719104916219372	0.29424764966882355	1.1665248925674319	4.078258716529579	0.4509504808514984	0.9079558808298521	0.2374407814185865	0.013289036544850499	0.013289036544850499	14.916943521594684	7.2905809137498165	0.8375792448157974	17.2394739743102	0.8988477187860582	1.1615977113872613	171	39	0.41014573992139153	0.6335935651974083	81.82626962661743	False	5.845	501
4QB3	fa512f9f244e78009694ff207c157f04	301	2.0	15001	127	61	39	20	20	0.9999999999999202	1	39	-2.9999999999999973	-3	6	12	2.3000000001258125e-05	2.509227413575887	0.8379420536660375	2.74553947555037	0.693469096101593	0.1186592464639671	5.765407781033272	2.936581751406763	8.634445272237494	3.693909989968217	7.792383501311	5.326521812836829	0.6478405315614618	473.49407716463594	49.69816751675288	-0.0409260136131508	0.17926420202905674	3.403654341278159	7.332823431417317	2.2259136212624586	1.173684141623934	0.9401993355481728		0.7647058823529411	0.7058823529411765	2.8970297869382646	14.984691925316032	0.18844427689916227	1.7292690596448754	0.5758142830530479	1.7557124666195512	5.237874876558953	0.6701542840747723	0.7524088523573057	0.3201601840028687	0.0033222591362126247	0.0033222591362126247	45.926910299003325	14.442277365553593	0.827007241192179	17.622172997953307	0.585013423034677	0.880500498212272	157	33	0.6542943281310851	0.2564342316174522	62.639318227767944	False	5.975	502
5HU9	066409425aa3969efdeb577c7443fbbd	301	2.0	15001	275	44	25	8	8	-9.0	-9	97	-0.9999999999999991	-1	3	7	-8.999999999481645e-06	4.967559320644283	1.5320699503833903	4.562318628569263	3.206093803957039	0.6484488413701169	18.058856506872903	3.1047527281246707	22.711072263739066	6.319416694473327	15.527681986674411	14.278457717840999	0.6910299003322259	429.5171842320234	78.89726609569315	-0.020476647686553325	0.06876150862834444	6.295533799103875	11.513319753781442	0.4418604651162791	0.577060249908996	0.39867109634551495		0.625	0.25	1.9472421343131996	20.311542995510113	0.3806450424324612	12.105360102784148	1.8584491715540654	12.375390262326128	5.096251046069176	0.8877068599304289	0.9301675415401014	0.12713615738377115	0.05647840531561462	0.04318936877076412	15.0	7.559728940982578	2.1677287343778615	31.46602395020896	2.235824434154451	4.251915684045145	175	47	0.31507595530381377	0.2543365363014195	162.18293356895447	False	7.38	825
5HU9	0d441b18656df0b6da1659391eb123e7	301	2.0	15001	275	47	27	7	7	-9.0	-9	97	-0.9999999999999993	-1	3	6	-1.2999999999652179e-05	4.9507673225473345	1.3804516956213213	5.672648863704735	1.5951844581184087	0.5725321184749654	8.982545908015679	4.1594443100076415	14.320560437107806	7.483655129966915	13.121796486278438	11.77899787261211	0.9800664451827242	280.46846854602313	43.6944620738993	-0.04892904937087193	0.10552493902622787	5.5864451215571345	8.831664740176272	0.47840531561461797	0.6343166321893794	0.4019933554817276		0.6	0.6	2.865477800133922	19.738452792048243	0.22958120346331948	1.1451467594304807	0.3163609451314482	1.3554577837229274	4.457794299676943	0.7270561759069294	1.5015322200844587	0.2753607017796168	0.3488372093023256	0.27906976744186046	17.764119601328904	15.39299712328703	1.8230156554227461	26.043864675769985	1.663320456463202	2.3577364044091054	190	44	0.6654532634242829	0.5703610331986897	128.15817308425903	False	7.38	827
5HU9	11575d57d06531080c7c3f1703538086	301	2.0	15001	275	51	28	13	13	-9.0	-9	97	-2.9999999999999987	-3	5	9	-1.4000000000222168e-05	3.880736498033989	0.8283775193800582	4.408747373774539	1.8593270261096821	0.46565388764487303	8.72387471848889	1.8934318572499478	9.865351744044053	2.993702634080893	5.713564006857093	2.5746260718826455	0.4950166112956811	359.3632118568537	58.712275623865565	-0.04542468308672362	0.15086125707713638	3.5803195122061444	5.731348728886483	1.5813953488372092	0.8727240242120292	0.920265780730897		0.6923076923076923	0.75	4.199689023996	19.839610042594884	0.3331052678018346	1.3092570004605493	0.16760329066902452	1.4277661647240723	4.525147233895726	0.7364334316924608	1.161371012487468	0.2478325529250723	0.5514950166112956	0.37209302325581395	27.73421926910299	10.093045127147308	1.508015351949768	13.008481815283867	1.1282151994883072	1.8088576700449777	134	30	0.3699611510395825	0.37390535795219887	153.29181814193726	True	8.0	827
5HU9	12004f3f2e7c95e0f8ddf8877cb7684c	301	2.0	15001	275	44	28	10	10	-9.0	-9	97	-0.9999999999999991	-1	3	8	-9.999999995291553e-07	5.801819353364072	1.7492284538164724	7.516153104073607	2.6203662064953543	0.6848974882346741	7.729069021528417	1.998213443221036	8.24085186627117	2.9218691210628034	5.207458771147345	3.320765039159092	0.5415282392026578	354.80876516997523	25.09504641327176	-0.06239279564782879	0.10442710476212227	2.7022174104222993	4.199391808502223	1.4684385382059801	0.97638251264886	0.8239202657807309		0.7	0.8	1.842759832436132	20.443403137924488	0.25347248903642927	1.1596897063837137	0.3180797868160284	1.2759490848913675	5.399913432393685	0.9057586015562633	2.287617340753496	2.308381771027313	0.3687707641196013	0.292358803986711	40.4485049833887	10.666563995304298	2.05975107314085	25.994730536490312	1.7447807104255346	2.7132383053396887	109	21	0.6117247951450242	0.7217566361871486	131.95650935173035	False	7.24	827
5HU9	1dd183338ac9d0d5904e89f4aca06e34	301	2.0	15001	275	37	24	9	9	-9.0	-9	97	-2.999999999999998	-3	3	6	2.000000000140778e-06	4.052322899994182	0.7726635110025243	5.55961512049487	2.0070538418269193	0.34437729570929215	12.592426910055593	0.8958445215713167	12.338954568293842	4.150279053373651	7.633748882939111	3.9717672955471617	0.8704318936877077	325.4057046075513	49.697362391390214	0.006160017007180527	0.10159917678552995	2.781130328203863	3.5129083932445133	0.5149501661129569	0.6651823227007218	0.42524916943521596		0.5	0.4444444444444444	4.239054760668358	19.90161977260032	0.27933251750478644	0.817690418513196	0.29935598791356105	0.9953721919615902	4.533145122787108	0.8758683157402742	0.738307100762584	0.5884708072488846	0.5049833887043189	0.29900332225913623	18.95016611295681	8.857726040222497	1.483849620355166	3.8842849617326776	1.4766516937116754	2.0442430860223606	116	33	0.6628406804823015	0.793737882298276	153.54540586471558	False	6.86	825
5HU9	2be277119d6eae84726b1921013ba77e	301	2.0	15001	275	41	24	13	13	-9.0	-9	97	5.551115123125783e-16	0	7	11	-1.0000000006116228e-06	6.25753304034096	0.6533462203051466	6.66913384302855	4.242730572765613	0.8065541211736319	8.218920119046404	1.267457315688544	8.078423678696229	6.857020232244627	10.268351764833938	6.308259725284897	0.9767441860465116	292.462988796361	40.44998477358271	-0.048825277670339444	0.10358580880710201	4.33853509028738	7.406936428934768	3.916943521594684	1.3577923111674108	0.9933554817275747		0.4166666666666667	0.5833333333333334	4.606109315609067	19.67787055367808	0.2407964589378846	1.4600180112558823	0.17342274459533358	1.53090509990838	4.664814066014359	0.8744363212643922	0.9885795731924488	0.1319946512511581	1.4750830564784052	0.6843853820598007	30.53156146179402	12.845226134206959	1.8718883393580885	11.938032974017595	1.6892585469457335	5.170069558655528	120	50	0.5078843045795468	0.45244690140666094	139.84766459465027	False	7.38	825
5HU9	302044e4781ac510fc30f16377e71d45	301	2.0	15001	275	40	25	6	6	-9.0	-9	97	0.9999999999999999	1	3	6	-1.0000000001952891e-06	3.766363054481712	0.4769598941549528	4.193572571047171	0.48342210941902675	0.07706028345996027	15.579700260981024	1.329896238294798	15.758869430551172	6.401764686819699	11.778646399544511	7.0488994317968485	0.8770764119601329	288.5657897936768	39.042169612941926	-0.011876707288536304	0.09356487790627378	4.0906654882095985	5.195303502644613	1.6578073089700998	1.0561544876298157	0.867109634551495		0.5	0.6666666666666666	1.934051390979278	20.042762773375426	0.25625602047432067	13.217907263079448	0.7651517254175572	13.23432141628694	4.83134423122274	0.8853378012849004	1.2643233149128927	0.8500739425790732	0.44518272425249167	0.3787375415282392	14.750830564784053	8.96547684496873	1.4066596552434223	6.868403180690638	1.0627131198124828	1.6047262261718858	144	37	0.2827030408740064	0.20082614085758177	174.92526698112488	True	10.73	825
5HU9	353af6c9cfe7ecb0019d13eaa7b46eaf	301	2.0	15001	275	44	25	9	9	-9.0	-9	97	-1.9999999999999996	-2	4	8	-4.996003610813204e-16	3.9869769885671276	0.4222718714850835	4.12446160174443	2.2919617945191817	0.2596589998701979	4.997139379641771	0.7305658907483584	5.098088110686102	3.4632852878241986	5.763750867915372	3.489930719017398	0.8106312292358804	375.2978838593732	46.79198355495247	-0.043843821545853805	0.10225303674685528	2.1978530310193163	3.238645214331712	0.8903654485049833	0.7633247346316941	0.6744186046511628		0.6666666666666666	0.6666666666666666	2.4574992944943777	19.48351351132975	0.2091623406717565	0.9625675635535029	0.2532721971591483	0.8271527116657051	4.733901659905087	0.8822486488911766	0.698141894976513	0.3250153851572263	0.08970099667774087	0.08970099667774087	23.770764119601328	8.727925686641502	1.2433103156359195	8.15997645907326	1.2578547034196068	2.7623777696382366	98	26	0.5960383336992723	0.6802097236592611	131.2600383758545	False	7.3	826
5HU9	3d395f6de7723b7b1aeebfb375bb1c5d	301	2.0	15001	275	56	32	13	13	-9.0	-9	97	1.1102230246251565e-16	0	4	11	-2.399999999973257e-05	7.423706495248281	2.226050749178219	7.543287899362684	3.3637073990273985	1.3739147504696325	5.749136716111404	7.034366325329266	5.083131209557989	2.644313901367078	48.576339525608496	1.6092131310685325	0.026578073089700997	416.72768681153923	73.82880102529505	-0.05041367096940034	0.13837596234009564	7.99592179590558	9.500032012316959	2.840531561461794	1.2067714745804266	0.9900332225913622		0.7692307692307693	0.7692307692307693	0.9704104319564337	19.828811563170014	0.5502690726078705	2.071204298769698	0.24587371259277602	1.9988666784937956	5.859475884072596	0.8794690833205541	1.232981578526573	0.3646019133053304	0.4186046511627907	0.4053156146179402	39.78737541528239	9.025322815032256	3.0477688167878885	11.532390060203356	5.647676651295338	6.369243324864165	97	14	0.5431199725761372	0.45965385917187784	135.63029789924622	True	8.7	825
5HU9	3fa0c6c3d51d517940f2d737b2a070f2	301	2.0	15001	275	56	31	14	14	-9.0	-9	97	5.551115123125783e-16	0	6	11	2.299999999971769e-05	11.097531139367335	6.269054457882293	8.416438651759426	3.0532666692057795	0.3635933789660747	22.69929696442846	20.12338563510168	4.137622517135652	15.507606308562025	56.47031230597519	2.924474438771532	0.3488372093023256	299.17650752745226	169.01834712431253	-0.040472571868958904	0.17371167785976022	23.738283796347712	37.08220039638304	3.8870431893687707	1.2524520381113322	1.0		0.75	0.6666666666666666	2.1275667044192867	20.96794277129505	1.7253296005795475	7.6617669765809575	2.9934568656650598	2.280943415119456	5.602391907413068	0.6791130365425742	4.18300104040245	4.7835514537258454	0.08305647840531562	0.08305647840531562	30.976744186046513	7.920459483907506	7.583858412914937	26.819999816687467	15.9538252260672	18.219473865435106	151	38	0.9144416002545677	0.9996185838402805	127.70975375175476	True	9.15	826
5HU9	427745a99482f89e2af213daac24f2c4	301	2.0	15001	275	36	22	10	10	-9.0	-9	97	1.887379141862766e-15	0	5	9	1.0443035325380379e-15	3.9000356347262723	0.741063916920828	4.752907717760069	2.2566009171969132	0.4606980335777691	17.111096629315885	8.526703628191019	28.462765480282897	16.411933459445738	52.0788911479252	28.174340308820707	0.9900332225913622	224.02400839991907	61.24372886460064	-0.016224907642075747	0.07461320869846334	11.233849271398688	13.638936912149177	2.39202657807309	1.2331803463952329	0.9435215946843853		0.1111111111111111	0.0	2.2020140397928225	19.597664086129747	0.20067243288895384	0.8337167648838685	0.2635569754782653	0.5389662887778508	4.524823006036879	0.8463587957605235	0.5851949081337059	0.18562385190394687	0.1760797342192691	0.11295681063122924	10.475083056478406	12.606102925693097	1.5655356242835545	7.533020962810675	1.7901334189404199	4.997694685605609	249	98	0.352754573540389	0.1644769651957117	163.08328580856323	False	7.14	825
5HU9	47d61683781a3671bead51f8f8e84eb9	301	2.0	15001	275	55	32	9	9	-9.0	-9	97	1.0	1	5	8	2.499999999997643e-05	3.2202696051871524	0.5830110240347224	3.719706942652235	0.6166871700258852	0.12243945081556952	21.189688364786434	6.907561354249054	19.657722873983673	7.385018789310256	14.062303980070462	7.405226119851504	0.9833887043189369	284.0091896714284	50.5017844754294	-0.032356857279931726	0.10938868185064786	4.761599723316008	21.60415718680749	2.7308970099667773	1.180127052407895	0.9900332225913622		0.625	0.5	2.739567131104969	19.893916273594748	0.22905312166490838	11.022738497313897	4.144588580821606	13.035138315565941	7.522605895352305	0.8220651679000596	2.1263588196615286	0.5118334672473643	0.7541528239202658	0.5249169435215947	13.727574750830565	6.36791717920569	1.4805349359610773	10.967287368972904	0.8109191392642003	1.0536475312275522	261	81	0.33627022285419894	0.2307092042226303	136.1154661178589	False	7.38	826
5HU9	57f8d9f325a6ba6d6f33f1306c042866	301	2.0	15001	275	42	26	14	14	-9.0	-9	97	-1.9999999999999982	-2	4	11	1.7999999999573912e-05	6.997992223848352	1.007220352366649	7.799461048330987	2.4495434612176736	0.5280382312053221	6.733446349526364	2.321469216196451	8.37068285421435	5.470472885968488	9.100215566808634	7.057331305793433	0.7574750830564784	392.6720488344852	29.69013252897195	-0.019845707953057845	0.11981366001636785	3.1598304503262633	4.269072941303773	1.9435215946843853	1.1206901455610245	0.9269102990033222		0.7692307692307693	0.7692307692307693	2.4695059667056998	20.205760376518192	0.42916392788797664	1.6140163605099194	0.24777864341067946	1.8408848394681425	4.994192952034135	0.8890887526833159	0.5856979314038758	0.2292440341897806	0.6212624584717608	0.4717607973421927	34.1063122923588	10.917783658878518	2.487811281687613	28.316606714111824	1.830798974340059	3.3169362798884934	56	14	0.651272479318352	0.5101227419298211	157.21127247810364	False	6.67	825
5HU9	5aeaf69cbe372b3d35c6e0ef066dc05b	301	2.0	15001	275	46	26	14	14	-9.0	-9	97	-1.9999999999999996	-2	6	10	1.3000000000595868e-05	5.205625705793203	2.9450431503389582	4.811722076956986	2.260944283646504	1.6629927459924947	21.62545807251777	6.578072076845466	20.659610599822507	8.531689209264266	56.37438782463778	10.045714383296422	0.9800664451827242	298.82295182844837	63.665866201796995	-0.01107221319394344	0.11240913156361412	10.756776589235203	34.48202962521439	1.910299003322259	1.032009414778614	0.9368770764119602		0.38461538461538464	0.35714285714285715	4.768670975255697	20.27560702414235	0.6426206000022593	6.958503328382104	4.41122658195546	12.339196535680799	10.972404547860512	0.8709400775113375	3.602616766526862	1.7358321774533856	0.22259136212624583	0.18604651162790697	20.089700996677742	7.051443167264542	3.691796481101906	28.962253382890122	5.622972122475096	6.779729079801659	225	96	0.2932556530026936	0.09909513156920248	134.2489194869995	False	6.67	827
5HU9	6625c7dedbb9078036a34c78f2ad4182	301	2.0	15001	275	40	25	13	13	-9.0	-9	97	-0.9999999999999996	-1	5	12	-9.999999995985442e-07	4.836422766500677	1.9301406721562886	3.9132136359251106	1.8127145913803435	0.37661294054250133	6.451701424372649	1.7023609511733657	6.326092070459935	4.600124047378738	7.758259359729382	4.2007629842157765	0.8239202657807309	365.10133982662677	37.639730076416384	-0.059361820808122204	0.12156181360396776	2.682881659189858	4.755506785187078	2.86046511627907	1.5120111959759253	0.9601328903654485		0.8333333333333334	0.9166666666666666	3.218281317746142	20.519062889274142	0.3187223443820683	0.7439235135095303	0.32152448537927064	0.517773090968218	4.559503920426551	0.865139183820863	1.388304072399715	0.2755813104687155	0.17940199335548174	0.15282392026578073	30.956810631229235	10.342063022859154	2.330451322326462	21.96382398322254	2.024126331725758	3.6633134087084622	94	24	0.5309086696232425	0.6287772923322689	132.28218984603882	False	7.38	825
5HU9	6fe2e1378b320a53571e4688376156bc	301	2.0	15001	275	39	21	9	9	-9.0	-9	97	-1.9999999999999982	-2	4	6	-1.7999999999435135e-05	5.072555563851886	2.118149738415913	8.605102540954093	3.9123845658770593	1.029123904545813	28.405821669447974	17.63069327218681	40.674963227023866	27.17828563021833	52.467625429929754	40.3342103988328	0.9335548172757475	195.10548051887972	96.32586048765717	-0.01829275435704573	0.06945972321795935	23.677141247982952	24.473111998904503	0.8039867109634552	0.8016494953810325	0.5913621262458472		0.14285714285714285	0.0	3.8707433805579994	20.099496762850638	0.29409408428687434	1.2668048763605577	0.2734768994546518	1.4154757632338524	4.273914019471216	0.8823510627277216	0.947472049586908	0.3243697457668467	0.12956810631229235	0.09302325581395349	13.528239202657808	15.962894054669077	2.1173166802537007	24.13383306504596	2.7666526147476254	4.694764612954837	272	144	0.26055005261666686	0.20487513439034466	136.4678566455841	True	7.96	825
5HU9	83426a9786b17364e36e1efe6db37be6	301	2.0	15001	275	48	29	9	9	-9.0	-9	97	-4.440892098500626e-16	0	6	7	7.999999999393909e-06	6.04022568312924	1.0249084263915706	5.811154693496115	0.8412402091830667	0.14930692612400542	4.280145153237448	5.672679903896207	3.5097312787064876	3.763082734682465	53.46121934890038	2.980521815699415	0.5946843853820598	338.3756569534744	21.788494292641445	-0.09195767258832538	0.10544892450252971	6.160892062810292	6.351082661671232	4.106312292358804	1.1876971864883825	1.0		0.8888888888888888	0.8888888888888888	0.8970210284863324	20.012121670182538	0.26114244596534913	1.0406618380506347	0.15584419794424653	1.2882706518244005	5.2172409399079145	0.8844630122334937	1.4336024124059408	0.12447189836506525	1.1727574750830565	0.8272425249169435	54.80398671096346	11.368990174791593	1.8332109357768533	14.335067933417545	1.1296438134259945	1.554096781398601	30	9	0.8747455716802627	0.9820631167298374	133.29560804367065	False	6.88	827
5HU9	8b7977f1eab9ea4074744154d19bfa8d	301	2.0	15001	275	44	28	11	11	-9.0	-9	97	-1.9999999999999996	-2	6	9	1.5000000000320313e-05	3.8059372542385557	0.5589676043306205	4.313707047718185	2.206503758653353	0.44053745853906706	6.132066022148131	2.0800402807505636	4.50099093909834	4.469855993900347	10.250573609952445	3.564771848992633	0.7109634551495017	330.0402211255858	53.83320015147568	0.0027111812774237003	0.11781725403868346	4.304722129881308	7.024873887229839	1.0863787375415281	0.7855720408140205	0.7541528239202658		0.7272727272727273	0.8181818181818182	2.181274363154567	19.649061004589186	0.26035976069523753	1.1301572855394886	0.3206576492598556	1.4065351769244707	5.198706731996251	0.899621769548363	1.0756290778299515	0.2964544989071047	0.17940199335548174	0.14285714285714285	23.13953488372093	9.713185806994963	1.6029658684121866	21.608046737636407	1.2920524598502754	2.5182890047259914	195	67	0.6240072610686591	0.7698996303177343	114.32093286514282	False	7.07	827
5HU9	8f625b232d5b3f24ef0fccc5663f85b7	301	2.0	15001	275	45	23	8	8	-9.0	-9	97	-1.9999999999999987	-2	4	6	-9.000000000494723e-06	4.2395134689258756	0.472579242611893	3.6579174762515505	2.5230106939439456	0.4785621770142783	36.91356234708315	10.902187757740045	32.847537843019275	28.658716047657183	44.99628298072616	26.85451575873124	0.9933554817275747	193.35938369885068	94.2039643424139	-0.008948155206424377	0.05779555636165694	26.74611113942178	28.960029407358178	1.1295681063122924	1.144025131356599	0.6511627906976745		0.0	0.0	2.2735494175958575	19.832952555830072	0.22680002031041582	10.412439818223655	5.928613517398884	14.60731155286957	8.580999965079958	0.926519439260197	6.346890640146793	7.905388994867105	0.029900332225913623	0.026578073089700997	5.102990033222591	8.750473610147854	1.4727128447150033	7.045742615230923	1.5698300433291519	2.1465186547607544	285	173	0.15851387412276066	0.0224892641515412	121.89927363395691	False	6.39	825
5HU9	9c39d3ac13c2b5c81959b897757d862d	301	2.0	15001	275	42	25	8	8	-9.0	-9	97	-0.9999999999999996	-1	3	6	-8.000000000008e-06	5.115724139286514	1.6442809744360076	3.920871036219641	3.5602116834239763	0.6415389845732162	5.309146456799491	2.0788343172613253	9.428138019835039	4.360153862904144	10.526850636262454	5.516265670604937	0.8970099667774086	273.40417936984915	33.74894409923859	-0.11980272673689712	0.10135785903525622	2.535726296599877	4.017395430236257	1.3554817275747508	0.8947307082937263	0.8073089700996677		0.625	0.625	1.6873119416032203	19.729119156011144	0.28204098188208504	0.9217310396485682	0.13434094575047553	0.9370432330298114	4.70137191679848	0.8640988316391425	0.7858698978375972	0.26498503487661307	0.9900332225913622	0.6943521594684385	35.82724252491694	12.263851293232095	1.9525629263316555	30.11851899110133	2.051115338406613	3.3460497809210548	114	34	0.7683874866188427	0.1255117945766719	112.2081880569458	True	9.7	826
5HU9	a9feaf2e38ac31b8f513a09f91500ce9	301	2.0	15001	275	32	20	8	8	-9.0	-9	97	-0.9999999999999996	-1	3	7	7.999999999751262e-06	5.388143826789301	1.0218066818591647	3.8098863503977944	1.9424558340124285	0.2297142266318876	8.92118783797124	3.0012911746730127	9.77030731395788	5.982129925481712	12.365230071159564	5.459511557482647	0.8571428571428571	305.6715160335363	39.91838931409522	0.0	0.0	4.583183955967035	7.537887132395581	0.8903654485049833	0.8097866086181125	0.6378737541528239		0.625	0.75	2.754045198746627	19.78793700994881	0.217220372309642	0.639777857735522	0.17283212387421262	0.8728115886833477	3.8031500328245156	0.814901010785114	0.0	0.0	0.0	0.0	16.55481727574751	8.27523735042171	1.4505707673447594	22.515734628824926	1.207342085451759	1.7068853576097809	112	38	0.7461233441626873	0.9735856133341968	111.50013780593872	False	6.38	824
5HU9	b97da2a131609768b2ffb5b85b870db2	301	2.0	15001	275	48	29	8	8	-9.0	-9	97	1.1102230246251565e-16	0	2	7	-1.0000000000148779e-05	3.273131448242375	1.0017454435249682	4.0874226237837865	2.0833698677389374	0.22504609494418548	8.390555870357874	2.2117712438352695	9.8261431873926	2.954397903775911	5.981769911049354	2.372682050133254	0.45514950166112955	286.035344093913	38.13366855498508	-0.060789827356973386	0.08185269201841164	2.747395223365694	4.316261965909758	0.5149501661129569	0.63972254225672	0.43853820598006643		0.5	0.5	1.570471973056763	19.53437700310766	0.2001392319217548	1.4560301283928747	0.331069435423786	0.955576161265244	5.4986639897107095	0.8972660310993504	5.228250082743679	3.8440315113210404	0.6843853820598007	0.3388704318936877	33.269102990033225	10.825895289994477	1.4589438453135395	24.137365518945526	1.2385861898052946	1.6329593791582138	198	55	0.5697546851497681	0.6791610661906811	134.16803765296936	False	6.44	827
5HU9	b9b9bfeefa0e6a15732b8a6efe510a7f	301	2.0	15001	275	48	29	10	10	-9.0	-9	97	-0.9999999999999991	-1	3	8	-1.000000000139778e-06	5.266287077932038	0.9787955786364478	5.512054840825495	2.7029669000563885	0.6855248911568651	9.106842015150669	2.8884132090473016	11.793397161851432	4.006987640396356	9.848005202754397	6.935987973933721	0.5448504983388704	334.16490049824955	55.10156644318525	-0.056369339288725145	0.10223089121507953	5.503452807318672	7.714594391641058	1.1461794019933556	0.9069098097555631	0.7375415282392026		0.6666666666666666	0.2	3.542819626853275	20.18912975715174	0.3084214480373016	0.9961652628682927	0.32361544580828355	1.4749844454541663	5.64216192142683	0.9151569643941125	1.6373345799433228	0.7854219806686047	0.5083056478405316	0.2956810631229236	34.2093023255814	18.4642794190138	1.8766466376496762	18.455014370776663	2.5788667487349053	5.231940986196855	168	46	0.49174351537557265	0.43443965861516043	125.19572973251343	False	7.28	828
5HU9	bc27b2dd2f1cfe96f171984d54609c4e	301	2.0	15001	275	32	19	9	9	-9.0	-9	97	-0.9999999999999991	-1	3	8	-7.00000000045109e-06	4.950935933614677	1.3488827691919947	4.764806591899094	3.182941173241186	0.9289827853970156	8.990638644591277	3.3346099403422964	10.37625100220539	8.127829624887204	13.783191390123303	9.802898837035693	0.8737541528239202	356.09093898046575	44.38272056622749	0.0	0.0	4.680651296377081	5.953969899851096	0.5415282392026578	0.6173862411790789	0.4750830564784053		0.2222222222222222	0.3333333333333333	2.2020140397928225	19.570908089383206	0.20975038347944977	0.36741702505776064	0.13076177977992762	0.3794423673203518	3.6237660157214617	0.7907264858923084	0.0	0.0	0.0	0.0	10.282392026578073	12.849111126326234	2.2046643257172076	22.44334978767776	2.4670754937227213	4.429468292159691	107	35	0.40594573915326926	0.5842269889319603	139.9739272594452	True	6.36	825
5HU9	cee48dd72369c4e1f48b01651c970791	301	2.0	15001	275	48	26	9	9	-9.0	-9	97	-0.9999999999999991	-1	3	8	-9.999999999843467e-06	4.79734676523251	0.6594183095172278	4.672958863811446	2.3023292393835826	0.5028225417368924	22.422014246992696	3.996792052576416	21.384487652544202	16.604864260447684	25.040576596296535	15.484091419891831	0.9767441860465116	259.63933935654046	69.98710967490412	0.0006893511132563964	0.05922231163355526	7.79565846631778	19.857139304571838	0.5548172757475083	0.5417625810136746	0.53156146179402		0.0	0.0	2.0680641728305744	20.280656664101883	0.33571393242532377	8.225422223218008	2.672060250347859	9.388394409084718	5.563431174545307	0.7348091683232184	1.423582241027588	0.7105850441192753	1.0365448504983388	0.6611295681063123	1.7142857142857142	5.291951065956705	1.5001827855789354	7.919625979213452	1.7315767106871247	2.8575252722344446	271	148	0.37827706487439516	0.15890254502223444	136.6006374359131	False	7.38	825
5HU9	d4f996968bb63065cac387c064aaed66	301	2.0	15001	275	42	23	14	14	-9.0	-9	97	-0.9999999999999996	-1	5	11	1.6000000000182535e-05	5.9661387701316695	2.3360938054344236	8.129819097483988	2.9811947798793663	0.752421491416729	9.637306494406783	6.673158207670514	8.523572692633254	4.276365323114451	49.794650695770734	2.5352642257572144	0.3687707641196013	292.83049232511377	66.27789103124734	-0.02585058764579131	0.11029967454518193	8.579911615429376	9.716001470745285	0.7142857142857143	0.7092848193160469	0.574750830564784		0.46153846153846156	0.38461538461538464	2.660557544396491	19.626947323543664	0.18223294952925934	0.8608225558747868	0.1568434510950971	0.8613521841998636	4.516458896266769	0.865822950989237	0.5500118552984985	0.14859591881537842	0.1362126245847176	0.09634551495016612	21.44518272425249	9.121976223153691	2.1298032366557638	27.713589079382068	1.492796820726568	2.7133088335083313	126	44	0.7238835088009049	0.915568312430252	160.7358536720276	True	7.38	825
5HU9	d53bf0815e07a7eed23cd2bbc64997ea	301	2.0	15001	275	37	23	8	8	-9.0	-9	97	-0.9999999999999991	-1	3	7	-3.999999999698689e-06	5.814431479915478	1.4979332011147237	6.702910424690094	4.196979044246314	1.0539536170711301	16.003868788284354	1.4315857185783936	16.487894742434563	6.823333090919502	10.206427142445168	9.344197578098312	0.8870431893687708	395.33355996463035	70.39765413773503	-0.019986251206484458	0.10547638019205285	4.825770817973208	6.83646510933727	0.38205980066445183	0.607437630402658	0.31893687707641194		0.42857142857142855	0.42857142857142855	2.6642213930179888	20.45842822950341	0.4325674239143179	13.186867224070884	1.3630744238233818	13.343610812274893	4.675504960654891	0.8876335318922679	1.1426906729948496	1.1544962549544624	0.12624584717607973	0.10299003322259136	14.245847176079733	11.10203466865213	2.225382649530471	25.295261789969146	2.3551162149314964	3.4441283256313984	216	59	0.7539959611695042	0.9607957184791448	129.7758548259735	False	7.38	825
5HU9	e111d883881d5735e54ce398821e189a	301	2.0	15001	275	42	22	11	11	-9.0	-9	97	-1.0	-1	5	9	6.38378239159465e-16	8.62854239870703	2.4412687669416244	9.26554834264385	2.3198435527213643	0.5483163195878478	26.21258787296282	8.648304866083809	19.012485775304377	25.527233916376495	45.255524952962766	18.701915482130936	0.9700996677740864	207.6612768587992	79.85178788309811	-0.0038588548073215205	0.051001938620634284	21.019691810094766	22.78413713178273	2.0664451827242525	1.124583490776013	0.9401993355481728		0.0	0.0	1.9243677117662634	20.945461437425948	0.47319588100320614	1.117870402560889	0.22118336915405648	1.2148079943863406	4.386547134311069	0.8965169754188502	0.9162762528530045	0.4298418411190221	0.19933554817275748	0.10299003322259136	1.3554817275747508	6.696794357621471	3.985849138505533	34.74481065460381	3.5087299801320655	4.629993569896427	263	143	0.3354076235517506	0.30565030363676676	103.26153111457825	False	6.62	824
5HU9	e705cc4eb668b2bbc015283bc2b78b89	301	2.0	15001	275	56	32	13	13	-9.0	-9	97	-0.9999999999999987	-1	3	9	7.9999999997582e-06	9.886338866864088	3.059762534397871	13.694119361145944	1.7449399605033344	0.37377602140882027	4.825428518637018	1.1020483506707042	6.329516699621539	2.0830592745871823	4.39757370800683	2.943900594234829	0.09302325581395349	377.5866060873093	25.335063639957536	-0.059185126882100356	0.11755886656594267	2.209732112069286	4.817566238102676	1.2225913621262459	0.8589694411265016	0.8073089700996677		0.5	0.4166666666666667	3.0844690697428563	20.899920031231854	0.7526756741945322	1.7492841694811372	0.29025263426607284	2.1299505990905536	5.610088143094398	0.7959794804529621	1.5172480161885642	0.27163508361697897	0.6345514950166113	0.43853820598006643	35.30564784053156	8.271529925265044	3.0078800557338803	31.675785348104746	1.9610470191497487	2.6984080001963866	107	23	0.9052208805989957	0.743477170823052	119.80652952194214	True	7.57	826
5HU9	ee504f886574b282ca630cb14509614b	301	2.0	15001	275	41	24	7	7	-9.0	-9	97	-1.1102230246251565e-16	0	4	7	6.999999999784956e-06	3.2680425737704164	0.39963903212498314	3.44876039030499	1.0062667180829101	0.12482105729276512	36.55551960605436	13.386551974597657	50.223221859656476	29.50943858264277	51.60782185867413	47.71453627523027	0.973421926910299	124.34835321936141	82.24072701362056	-0.007206803215937431	0.08824006801675077	26.974442444333402	28.364592254374426	1.9667774086378738	1.1171686061822235	0.9136212624584718		0.3333333333333333	0.0	1.4336489674410902	19.67717591252546	0.22933520978304273	10.532428642697706	4.137117765573587	12.609673341465628	6.522580865163488	0.8961189954718373	2.6071011797032844	2.351649032542045	0.5116279069767442	0.3953488372093023	12.418604651162791	11.488728524202994	1.3894826512859162	8.206009076028991	0.8688120547455842	1.1397709305909993	281	198	0.4307536091513454	0.5870157252243223	123.45989108085632	True	7.8	825
8ELC	04e69510b344ad3e65a21130b7429d06	301	2.0	15001	355	40	26	23	23	-5.000000000000174	-5	121	-0.9999999999999991	-1	6	16	2.7755575615628914e-17	5.055836428538461	0.6439190566635485	5.500467460386421	1.7117425538382618	0.6189271439195811	3.233662518829943	1.6611760341292647	4.936530712426867	1.498895970097117	3.3195874255236766	2.1877471757004945	0.019933554817275746	508.19695421114693	24.191233179582003	-0.1645971324941154	0.22924437282643179	2.2574441474670404	4.5210818246478714	4.2425249169435215	1.2853579734109248	0.9933554817275747		0.6086956521739131	0.4782608695652174	5.868942746720466	22.02512125844736	0.23219189485329933	1.1423896472771355	0.2520705899285451	1.3955759485584136	3.959533742934443	0.5174492057850337	0.6814892358801488	0.2111637914519836	4.043189368770764	1.0	70.0265780730897	17.607362867870027	1.2747155422643748	27.078420816348295	1.2756829574107285	3.8495558283347577	25	5	0.5071907448371787	0.023471825602604003	180.93335676193237	True	8.8	1036
8ELC	1468bf8fe44d2660d4245111ed256bb3	301	2.0	15001	355	26	17	14	14	-5.000000000000174	-5	121	-0.9999999999999984	-1	3	10	5.551115123125783e-17	4.642246245806017	1.2256377377960175	5.7936642634508635	0.914983473290456	0.20652011594067474	5.939620798894885	2.5981454861107682	8.72022092794113	4.957630684926639	13.410139170633414	7.869441935005089	0.7242524916943521	280.64519691134404	49.56110048632696	0.0	0.0	4.100724890717051	4.8414550890683	0.9800664451827242	0.6865591385558416	0.7574750830564784		0.4	0.1	6.196536085675165	21.66328616908532	0.21012070148738748	0.16446801797340233	0.043386656040680725	0.20331186420153968	2.74231241400294	0.5703726034459901	0.0	0.0	0.0	0.0	24.578073089700997	8.857193949502841	1.4026085049773946	31.05924934487388	0.9565083259813235	1.7650815841298226	58	22	0.38067088663775545	0.059245167275915604	166.52311515808105	False	4.5	1036
8ELC	14e61945a20724d1818139fef8823538	301	2.0	15001	355	42	24	28	28	-5.000000000000174	-5	121	-1.999999999999997	-2	8	17	1.0000000009724452e-06	10.035672592052308	4.494548792801024	13.579475486767475	2.4260705218688985	0.8249139718667559	9.147503254032234	1.7339590048384665	11.211956507632996	7.79379728850227	11.275259151820132	10.773490942885307	0.973421926910299	385.82884104663486	41.85785902223819	-0.03024561743215094	0.17567150800925757	3.612731264771835	5.950937765195306	5.511627906976744	1.5881719179448979	1.0		0.46153846153846156	0.34615384615384615	9.139185178730372	22.36902221428739	0.4157427828462583	1.265961276713746	0.4011472404724094	1.8906638957026136	4.44468285482713	0.7868326906148345	1.2467785176269368	0.2382587028170456	0.09634551495016612	0.08637873754152824	32.0	9.286148724823164	3.6754764212343836	33.51739268181605	2.084997766804	3.965897667852929	129	33	0.5689409037508142	0.9397293107643166	169.36921191215515	True	6.6	1036
8ELC	1c58151c5cca3757a0dafb204cf925ad	301	2.0	15001	355	76	39	27	27	-5.000000000000174	-5	121	1.887379141862766e-15	0	7	15	-2.800000000080516e-05	3.7824060743494594	0.5666448120581775	3.745236824104771	2.221566207454572	0.24221393216124804	5.006077638939701	1.5933877450822305	6.479697106680585	3.1775027000104705	5.934941993896342	4.339053069158305	0.5880398671096345	609.8744189115231	46.03680614113472	-0.11046706353798355	0.15115041704347001	2.573398612867898	4.769367486871412	4.3455149501661126	1.7878014535042497	1.0		0.6153846153846154	0.5833333333333334	6.560402518360084	21.815771583415327	0.18150542047258628	1.581047132681889	0.37110708685516297	1.533888524666532	5.884668000675949	0.7356777243393153	1.1965067797084137	0.15306625680630093	0.06976744186046512	0.06976744186046512	46.76079734219269	11.353395647106074	1.0330339181449228	23.431465111436182	0.974471555079774	2.1733033544680302	109	16	0.8790813802414622	0.7732346860468396	177.19134521484375	True	8.2	1038
8ELC	22449a0ea60f206a1700d752b8923709	301	2.0	15001	355	44	29	30	30	-5.000000000000174	-5	121	-0.9999999999999982	-1	8	15	0.0	5.315026461841189	1.9925950799513885	7.226906160685992	1.6936492143888582	0.24932754206697735	2.1437707948284848	0.2006055845299178	2.2518593547113213	0.7934724843499955	1.746817946679082	0.6423415617395992	0.0	594.8219811472742	14.133734820172553	0.03715492653525017	0.22386476998860175	0.6251135590739929	0.9543184146763767	8.17607973421927	1.9963985631327064	1.0		0.7777777777777778	0.7857142857142857	4.194079060016137	21.579127792354768	0.14825927867201943	1.3133455693960634	0.1656842880054898	1.450267983404971	4.947584291999632	0.7489555214765874	0.7222167217894477	0.10759160062681397	0.03986710963455149	0.03986710963455149	76.90365448504983	11.409066450677209	1.396609608081831	29.763593501112304	0.9231962357060451	2.1012253514733312	13	3	0.859874742906065	0.8536838941010102	165.0871741771698	True	6.2	1036
8ELC	3701efaa518b8864dbdbd2befc3c3bad	301	2.0	15001	355	52	32	24	24	-5.000000000000174	-5	121	1.0000000000000049	1	6	14	-1.7999999999546157e-05	9.257845759659258	2.9423498830255914	14.56346437960318	2.8000592761479095	0.570183182775142	3.551917651015248	1.1456937618318088	3.738143655023086	2.105636139774405	3.9664801982852445	2.871710783941865	0.09634551495016612	465.0577435972991	38.36981221249108	-0.08702898005306328	0.22233866149101403	1.7311035709469003	3.403132502332743	6.461794019933555	1.9638008363920392	1.0		0.5238095238095238	0.5	7.840135122719591	21.975322462051203	0.5103764233672607	0.6708092222881068	0.19507952262285919	0.9310770171975716	5.847866854088148	0.9001844675264056	1.5772875698342295	0.25764110182428573	0.14285714285714285	0.13953488372093023	53.564784053156146	11.103856848568421	3.7309775862383363	27.839396380044796	1.5422435428849113	3.296666659234212	71	7	0.7987715481470492	0.615749044524111	171.27924299240112	False	5.4	1036
8ELC	3b35ddb2b8a33d05d6b5870a9da6c712	301	2.0	15001	355	44	26	24	24	-5.000000000000174	-5	121	1.0000000000000022	1	4	13	-1.5999999998683734e-05	6.775734570742522	1.1826456179907858	7.318155843142808	2.5677762663101893	0.6138102015987195	7.207770187461144	3.9413913078132388	11.273403267434896	4.866078258711875	9.674765253487994	7.984047127364084	0.5348837209302325	441.7601631279192	50.11144831448234	0.053409297889126586	0.2064032340401247	4.148474265041535	9.3646691551484	6.362126245847176	1.6898448288300854	1.0		0.5238095238095238	0.5	6.254704093645104	21.82889180219334	0.19893649172310007	1.4145276622575995	0.643939625545228	2.2625159713286305	4.821796097472159	0.741117310901267	1.2747151217241333	0.2727331847901016	0.006644518272425249	0.006644518272425249	43.86046511627907	14.194910361898659	1.5024561610485268	25.720852577191295	1.3973301335457202	2.9193922165412336	128	20	0.40958747959535435	0.05144932552382445	169.76050972938538	True	7.9	1036
8ELC	3f4c270aff052556802e3ea59a80940f	301	2.0	15001	355	20	12	16	16	-5.000000000000174	-5	121	-1.9999999999999973	-2	2	11	0.0	3.347710352082753	0.6102089162049364	3.887079629457312	1.1818000491568545	0.2082622735542913	5.074199222048424	0.4875789625870526	5.201908878346065	1.320798267939448	2.6160545395889803	1.2129740965223266	0.0	310.2964761217328	11.954461922413905	0.0	0.0	1.2356764521925294	1.6777196453000613	1.388704318936877	0.7850801315183915	0.9136212624584718		0.625	0.6666666666666666	4.331416077452601	21.733246773423616	0.19664386034278086	0.19345804835773886	0.04715432981788295	0.19671106782502296	2.4002907785628897	0.580299376574797	0.0	0.0	0.0	0.0	28.485049833887043	7.188303235314451	1.0260020909315475	23.00175580204252	0.9336150787419338	1.5677872434972202	25	7	0.5776575111322624	0.7107946890968405	177.05733394622803	False	5.1	1036
8ELC	48a1e72551999e470167671de99c60b0	301	2.0	15001	355	29	20	23	23	-5.000000000000174	-5	121	1.4432899320127035e-15	0	5	15	-1.0408340855860843e-16	4.257898326786897	0.6980123894943113	4.929303138207473	2.4939124686553815	0.6589348712572461	5.625116288814815	2.2281845963013156	3.7309693569267957	3.994142286317857	8.042839611377104	2.6200613164946853	0.6079734219269103	393.5485763155013	45.43274633869161	0.0	0.0	3.0610176625859595	4.4946136608670955	4.837209302325581	1.6971964921412968	1.0		0.391304347826087	0.5454545454545454	8.6302172576627	21.837623210618897	0.21004682453836795	1.2806317287717577	0.3090940152817305	1.0892420931374518	3.4910140923789323	0.5360277105937289	0.0	0.0	0.0	0.0	36.159468438538205	15.49475803708278	1.3109741436400797	27.013657536099622	1.4950201828325698	4.956143805093017	98	24	0.3998094690890163	0.7239067411186059	175.2708911895752	False	5.4	1035
8ELC	4ec28cb2a7a8589319f3a418eb12f1fd	301	2.0	15001	355	17	12	13	13	-5.000000000000174	-5	121	-0.9999999999999989	-1	3	9	-2.9999999999197335e-06	5.031709915830615	2.5936169138939738	6.114682307124193	0.7276505555091912	0.15672990372900084	1.0144288711806264	0.5676451002741371	4.314644223332722	0.7206479253525967	3.2424769837503473	1.5444627446915828	0.0033222591362126247	299.2785616411567	13.675474436910545	0.0	0.0	0.9131456452543568	1.1770083030624703	0.8737541528239202	0.36998095401868275	0.8604651162790697		0.8461538461538461	0.6923076923076923	1.417867045864059	21.7846457215073	0.19599563808618803	0.13759475778861194	0.036478375836087366	0.16317001976712378	2.4256702132681722	0.45047000683727784	0.0	0.0	0.0	0.0	28.08637873754153	6.123793298401022	2.208458886917847	28.55827876153729	1.0133195899593228	1.202680644262475	13	5	0.8536955653431682	0.12470892737571523	167.6685085296631	False	4.2	1036
8ELC	519f148d49ef68ce3782c8eab23fa39e	301	2.0	15001	355	38	24	24	24	-5.000000000000174	-5	121	9.992007221626409e-16	0	6	15	-1.3999999999930735e-05	11.446312225390766	4.161217740508443	19.216593163779898	1.8918609719556	0.8710876913289196	2.5995015643299246	1.1534964627501572	4.565893536433343	1.756609760816391	4.235130316927357	3.6540459329728923	0.16279069767441862	492.0889112119537	33.54980654544161	-0.12056677935301374	0.24420555576809977	2.018965261970027	3.27117633835772	8.435215946843854	2.052457170099911	1.0		0.7391304347826086	0.5652173913043478	6.319346614403587	22.514536185357866	0.5053750707882466	0.7846292767228837	0.34531044773733727	0.602202532625188	4.061868142393175	0.7024192679011417	1.3675877262439013	0.4310046168766688	3.5415282392026577	0.9368770764119602	69.46179401993355	20.294575697992773	3.5626527085733986	37.0749712021675	1.976001350247219	4.8177435278018175	49	8	0.9504593599135328	0.815567961558459	168.6096649169922	True	8.4	1036
8ELC	6e359d9430a2de705d89d808ead7c331	301	2.0	15001	355	35	22	21	21	-5.000000000000174	-5	121	7.771561172376096e-16	0	3	11	1.4999999999987246e-05	4.266300113900456	0.5320352152824372	4.140635291326246	1.4924895578843935	0.40594316660356644	1.6227178228130295	1.1716968349348806	4.5981550534519995	1.0238035729013266	4.275229907152825	3.2605640058402576	0.06976744186046512	467.8343704061497	20.70514299486945	0.02890955057152919	0.15621354341248048	1.5587043343808062	2.6486665030621	2.784053156146179	0.9275471442550078	1.0		0.8947368421052632	0.65	2.6801828487401687	21.815177666707022	0.1847358807717526	0.5725586006952877	0.4544987309107597	1.6252501362414051	4.187528198345915	0.8107883964774623	0.5454739320472214	0.15482007530953726	0.0	0.0	42.92358803986711	10.028073968845712	1.2831195851707264	27.38896395405763	1.0537187909854768	4.104041864876815	28	7	0.9398627385380878	0.9448936661836012	170.58798384666443	False	5.4	1036
8ELC	6f6836389edc435ef5de6a0ca5c25474	301	2.0	15001	355	32	17	22	22	-5.000000000000174	-5	121	-1.9999999999999973	-2	3	13	1.0000000001952891e-06	5.214088524868677	1.668679560270745	7.848189515514912	2.632650205454175	0.4668412630746457	3.6712715118962977	1.1402978661020147	6.474806714191242	2.25107663802939	4.799160937992695	4.184477560441008	0.16279069767441862	343.7976582173651	30.446297229209627	0.0	0.0	2.073040407052954	3.26856236312541	2.179401993355482	0.9752966877309779	0.9767441860465116		0.6190476190476191	0.7142857142857143	3.598357733546946	21.851711474863148	0.1908693609125857	0.6936541801003727	0.3449022188354578	1.0563397495769744	3.0678283136081337	0.6828229713172965	0.0	0.0	0.0	0.0	29.026578073089702	8.484065066417958	1.5507323921827008	28.51586228716541	1.1530211199589333	2.2293070488560325	76	15	0.6902150250829152	0.09575769447833636	167.92762446403503	True	7.1	1035
8ELC	70ccfc52bf05ee3830737995c6d93f9c	301	2.0	15001	355	25	16	17	17	-5.000000000000174	-5	121	-0.999999999999998	-1	3	9	5.551115123125783e-17	4.457329316647546	1.612764079325907	3.4082959916722633	1.1233966195122844	0.24111713285310646	1.5247127399537421	0.6860121034491999	1.0847403261038766	1.1836848822818047	2.4544378196508276	0.8756415994383088	0.0	365.8681414436918	13.516462794254815	0.0	0.0	1.1845870007896466	1.6795587352616994	2.7176079734219267	0.9627560758559532	0.9900332225913622		0.8125	0.6875	3.5994972153089315	21.72903939917214	0.27658119844173684	0.18651559588276678	0.061604594585907536	0.21506817422158198	2.8605499141794617	0.6408428608244773	0.0	0.0	0.0	0.0	31.80730897009967	6.840572706363781	1.813570422625165	28.29495903158998	0.9667572838088084	3.0342456508671507	15	3	0.9191524678370185	0.9042566781857821	154.24499440193176	False	4.5	1036
8ELC	73ee76fa0a7cddc97ed2eb037810cd66	301	2.0	15001	355	27	16	17	17	-5.000000000000174	-5	121	1.0000000000000009	1	1	9	-1.1102230246251565e-16	4.9930419989807655	0.9605517553268327	5.7875574153266784	1.1775842038715785	0.2506791919892332	1.6624559258735447	0.47395336146833206	1.5385269357461124	1.184562365125346	2.812774549499613	0.9313249746772863	0.0	365.8321503983282	15.5512890987792	0.0	0.0	0.9843699736522014	1.349316614181671	2.106312292358804	0.6785709202696568	0.9900332225913622		0.875	0.875	1.113167385103644	21.72169611769017	0.1849008674366447	0.19016508172248153	0.058924105943375694	0.16046132782225453	3.1543421811196066	0.7645589795801073	0.0	0.0	0.0	0.0	32.70099667774086	9.720186499481715	1.2363676815755589	26.660058511664534	0.8428111488065507	1.6610299659827814	19	4	0.8192168725489763	0.7976331222731894	171.61642026901245	False	4.7	1036
8ELC	8334c32de8facb541aeda11ba000b299	301	2.0	15001	355	25	17	18	18	-5.000000000000174	-5	121	-0.9999999999999984	-1	3	9	-2.220446049250313e-16	4.174416490368399	1.1152004575988663	5.103560510262371	0.88465596123445	0.1431448386539157	2.852175622867318	1.3811811050934961	4.730570361679231	2.1058181610376314	4.598075238327981	3.602360183065444	0.2558139534883721	379.68674213803973	15.086949078215115	0.0	0.0	1.9582506267408188	3.003861754042033	2.255813953488372	0.754394271066039	0.9900332225913622		0.6666666666666666	0.5882352941176471	6.104371548034543	21.653197865596272	0.1859862531406623	0.21258602453497616	0.04869141821280746	0.24641207487738545	3.052220372881224	0.4745470837528389	0.0	0.0	0.0	0.0	34.817275747508305	7.086778238455026	1.2580535496263876	28.627661971275202	0.7273724477253144	1.1214789921730957	22	6	0.6779261172366347	0.48104673629201966	147.67682266235352	False	4.4	1036
8ELC	8dcaa68c20948305aa767048b2da4ec2	301	2.0	15001	355	42	24	24	24	-5.000000000000174	-5	121	3.219646771412954e-15	0	6	13	-8.881784197001252e-16	5.799126301177458	3.1940416637371136	13.163774302605695	1.4746590166292455	0.21291157496394927	7.1374160165139	2.116137044251338	7.272961545023115	4.116675977617071	7.014166347387856	4.98254349413897	0.7408637873754153	398.55238025734644	45.705924078933535	-0.023676591055944034	0.1443140724876239	2.85683997455523	5.019343160384735	4.887043189368771	1.5912546173604307	1.0		0.5652173913043478	0.4782608695652174	3.233519162694459	21.761525795384355	0.4305980310847472	1.0849940696166542	0.2852425131490176	0.9864714528048671	4.337616311820852	0.8398050769544929	1.0520726706878132	0.11918588947803933	0.0033222591362126247	0.0033222591362126247	41.817275747508305	9.754962986985223	2.8351243982466374	27.952876396382386	1.4830062533237978	2.8077113106825933	124	21	0.18337518651290804	0.07850231256947816	150.37915205955505	False	5.4	1036
8ELC	9c898bacf201efb96fbd136bddcadbcd	301	2.0	15001	355	25	16	19	19	-5.000000000000174	-5	121	7.771561172376096e-16	0	3	11	-3.885780586188048e-16	4.70966393807839	0.6940713705717017	5.504483711852409	1.4782819458130223	0.20415625259438244	3.395200552275935	1.2465143499413507	4.027348483888037	2.1464283821747947	6.388046387724062	2.784194567215531	0.19601328903654486	354.46276070222643	21.1927641401596	0.0	0.0	2.9052900436191402	3.717683303620943	2.431893687707641	0.9676732044229404	0.9933554817275747		0.5	0.5555555555555556	8.402867192633785	21.940044815403425	0.2054220091357422	0.7277749930812619	0.3984148555113556	0.7671057482471607	3.3525919176047885	0.8325916669622393	0.0	0.0	0.0	0.0	31.80066445182724	9.050254647967385	1.128662935458782	27.253006291791788	1.0473890459977866	2.5651718614698598	85	20	0.4766584473705259	0.5251179837012575	152.13440799713135	False	4.1	1036
8ELC	a2698e5db085c1959923b7b6eca55067	301	2.0	15001	355	51	29	26	26	-5.000000000000174	-5	121	-1.9999999999999976	-2	4	14	2.0999999998494445e-05	9.376107343547266	3.4815663705600213	14.23762525213465	2.903772438407672	0.882971405138538	3.7221052557264853	0.603459682533678	4.738267039163931	1.7191743647190039	4.164767644445616	1.707224331502484	0.026578073089700997	561.393406428419	59.13725801106131	-0.029927633646233975	0.24167168957880766	1.9058969111874011	4.017800637418693	3.8172757475083055	1.466061424375884	0.9966777408637874		0.68	0.68	6.635067775384098	22.093979446891193	0.40830736344109875	1.3382099397737226	0.23513765759655755	1.1868725819335042	4.517441164917116	0.5808209174263765	1.492642113677562	0.3845191953876818	0.3289036544850498	0.31561461794019935	44.87043189368771	10.3567505460578	3.7895336017203562	29.739855928300468	1.964067928189479	4.685673880003722	81	13	0.7993147623320138	0.6584017248186006	121.99769616127014	True	8.0	1036
8ELC	b336313e484c9484749cc0714b940ff4	301	2.0	15001	355	35	22	21	21	-5.000000000000174	-5	121	3.3306690738754696e-16	0	3	11	9.999999998344666e-07	4.6116199565491796	1.3217033385726056	13.120813328796606	3.56100722021778	0.8600895919710699	5.321890940165144	1.4406266077881815	4.344285201114304	4.806942106471199	8.358595568455994	3.8659311709948567	0.9036544850498339	346.1897294247826	33.50256990953593	0.006882674274811941	0.10705604731717187	2.221225435196391	2.981476072375424	3.009966777408638	0.9417769654843218	1.0		0.6470588235294118	0.7058823529411765	3.4592575544101756	21.809099824765276	0.3045504583497251	0.4533072947979432	0.13554779084714458	0.4425055840582545	3.79880182375575	0.6850061361366983	1.3558782092615949	0.3128312180417806	0.009966777408637873	0.009966777408637873	34.88704318936877	10.76480043784246	1.8237804214046578	28.902200004682932	1.2299356968028132	5.050837949350293	58	12	0.5043846291355014	0.5956550815457575	169.68575477600098	False	5.4	1036
8ELC	b4b28e7bbe6caf601c6f1d9f426e6b74	301	2.0	15001	355	26	16	14	14	-5.000000000000174	-5	121	-1.9999999999999982	-2	2	10	1.1999999999734445e-05	4.283390183910142	1.0594697182858681	5.166786922905906	0.9719738712359447	0.19383398907996352	5.788971137461024	0.944216560266024	6.227611591771214	1.1600391098205465	4.1738230678634425	1.528123404310454	0.019933554817275746	332.71713429525215	17.21916589768731	0.0	0.0	1.8558669122161562	2.7444795041158834	1.0498338870431894	0.8708122219484851	0.7009966777408638		0.8571428571428571	0.8571428571428571	1.59770893024581	21.900655622307138	0.1772217324629765	0.46878271882177686	0.12007739856718685	0.5640112186221949	2.74112189756177	0.6555289992329829	0.0	0.0	0.0	0.0	32.564784053156146	8.335965927437575	1.4477096461196604	29.363303707318313	0.8869770589901608	1.506178001408444	28	11	0.6483908997179032	0.855588134956546	164.15495538711548	False	4.3	1036
8ELC	bc9b7c54eb864a288d845c2e1a4018a9	301	2.0	15001	355	57	29	30	30	-5.000000000000174	-5	121	-1.999999999999997	-2	5	14	1.1934897514720433e-15	5.217476649129756	1.964485300525548	12.54426280686424	2.3121488076215204	0.30843887624308686	4.640721339261796	0.9951601813293562	6.419758385816685	1.8626099290438258	4.484307718171342	2.7569033626113915	0.04983388704318937	575.0498246705138	44.04280062628582	-0.01618846685759921	0.24672110272491038	2.4579089605003253	3.5415327712915117	5.0066445182724255	1.5847977023436373	1.0		0.6	0.5	7.377948710864249	21.844547570132203	0.27828896833090827	2.290659115290585	0.5022728874757109	3.0959603135510667	4.855532371486166	0.5959454713150703	1.316220647057861	0.3153807888017835	0.019933554817275746	0.013289036544850499	51.30232558139535	13.417582600113697	2.148009496568994	29.044706522018306	1.2054306992960733	2.4677448406662106	162	27	0.8321146271768151	0.8306905641224495	164.44146585464478	False	5.4	1037
8ELC	c52270f78e77bf608aafaa68736e6b18	301	2.0	15001	355	20	12	13	13	-5.000000000000174	-5	121	-0.9999999999999989	-1	1	10	-2.220446049250313e-16	7.928049644714912	4.778935513002436	13.317855080828393	1.3490907915492947	0.37881448486860947	4.526925989450342	1.227613523085158	6.403660881099329	3.0860880604669303	6.038198967905716	5.177475754045479	0.5980066445182725	281.2682559361864	28.38400254893745	0.0	0.0	2.4667232849731775	3.107972890634723	1.3322259136212624	0.9519649352783855	0.8006644518272426		0.6923076923076923	0.15384615384615385	2.943233052483299	22.04581567294128	0.39388021383220984	0.13935142215717752	0.038685796829161616	0.17578669978749875	2.3037604391413735	0.6804869198419895	0.0	0.0	0.0	0.0	20.637873754152825	6.817392317007695	3.584067041001667	29.10150209612791	1.4922994329743924	2.991718139727107	81	31	0.5842591921149318	0.027456666545769455	164.7425138950348	False	4.1	1036
8ELC	ccb9fbbe8dccd3e51806073eb486a17c	301	2.0	15001	355	27	17	17	17	-5.000000000000174	-5	121	-0.9999999999999991	-1	5	10	9.999999994458886e-07	5.823763611612034	2.1831535598208034	8.17142942941268	1.297950776838107	0.13967318571100912	2.139442597303363	0.5500163765802104	2.0497917669803756	1.5904046932904343	3.244395559700183	1.5963354210167022	0.013289036544850499	384.53903443348577	12.980400658033176	0.0	0.0	1.624856562766344	2.3851148068010355	3.0631229235880397	0.9502590387382511	1.0		0.8	0.8666666666666667	2.7353552952535503	21.593912329208244	0.23231101918111546	0.19913579362695025	0.07908885167721504	0.14887795698366493	3.0638406357745596	0.6543508876727107	0.0	0.0	0.0	0.0	38.096345514950166	7.948799190547545	2.2416709178969603	38.0519545287544	0.8853363736928198	1.0834049078482597	18	5	0.7213172045027108	0.3883216720360529	180.1658844947815	False	4.3	1036
8ELC	ceb2b49097d65c6344d7760b76a49be7	301	2.0	15001	355	23	14	17	17	-5.000000000000174	-5	121	9.992007221626409e-16	0	6	13	1.1000000000177534e-05	4.1554900322535655	1.3457553503770594	5.837108713269421	2.46881827415982	0.7562229179082474	7.634608501781165	2.5028400103433355	10.487685859992776	7.105121894872187	12.599983925119114	9.048623577164985	0.9069767441860465	284.57918331387253	48.29718477938102	0.0	0.0	4.148666548749327	4.756747001901151	5.129568106312292	2.0765634496233667	1.0		0.29411764705882354	0.125	6.862287616185238	22.001514137206907	0.25202369936246577	0.1929574567409719	0.052144866052433334	0.20662911263743364	2.554102717971632	0.6169961456843788	0.0	0.0	0.0	0.0	23.19269102990033	13.922999438208878	1.4219666653298544	29.134315612815666	1.524248603366494	4.483031385530613	122	45	0.6080649478684835	0.47256063900986633	164.12216663360596	False	4.5	1036
8ELC	db2ffa37256932f6732629ec5f2a035f	301	2.0	15001	355	26	16	16	16	-5.000000000000174	-5	121	6.661338147750939e-16	0	2	9	1.1999999999900979e-05	4.133440675284017	1.336064593181764	5.733757549166323	1.1628654499135733	0.21686326063559214	3.2304751780915	2.076550193175611	5.82530231035928	2.427710664141666	7.585052609361673	4.712870479230009	0.38205980066445183	356.4053010262559	23.105581994615513	0.0	0.0	2.572096525165433	3.402287923243193	1.7707641196013288	0.556396582470653	0.973421926910299		0.6666666666666666	0.5625	4.5535947636935585	21.485009746541436	0.1402140750601215	0.5040386661538511	0.25628920499841146	0.7638475368300761	3.084908838084934	0.7931619136555617	0.0	0.0	0.0	0.0	28.41528239202658	13.27915080804165	1.2423961992968033	27.26920874128324	0.8309019307778214	1.9063868279537757	43	13	0.7531321419454056	0.4009709784349405	174.75353002548218	False	4.0	1036
8ELC	ee389516e27a1853ac625548d8ca9482	301	2.0	15001	355	48	29	25	25	-5.000000000000174	-5	121	-0.9999999999999987	-1	5	14	1.5999999999447012e-05	6.313060122853203	0.7846345020159469	6.111516974176879	1.5513803359045653	0.21515896544068933	2.518418459490575	1.3413853852826134	3.9270316583320457	1.1523259775553305	2.6249131836762425	1.7587512883995629	0.0	515.269846217106	17.807061521717188	-0.04954232597372492	0.18609001111348744	1.2565027979016126	4.601531895746831	5.176079734219269	1.2113359557237477	1.0		0.782608695652174	0.75	3.693387604985366	21.850543399235747	0.17155130001147806	1.4430196155459611	0.8185633104728326	2.446030506692673	4.432802904308291	0.6904003001202664	1.1270869132978325	0.35194691330906186	0.18272425249169436	0.18272425249169436	54.817275747508305	10.484120275946292	1.410470536585071	28.168347508015497	0.8420242430914872	2.0388526714584225	38	4	0.8689635429416034	0.8075695422387739	141.79602360725403	True	6.0	1037
8ELC	eff71722c9c04f7e61a0cf427b3c6019	301	2.0	15001	355	28	18	20	20	-5.000000000000174	-5	121	8.881784197001252e-16	0	2	10	1.1102230246251565e-16	6.079488494972796	1.0857629934334525	7.423005259886101	1.1258755316841147	0.24424755941568305	3.201747976478036	1.7906913484306033	5.7826756198675096	2.395085673260813	4.753183114129017	4.3848093443826235	0.46511627906976744	402.96863711623064	15.177836005044307	0.0	0.0	2.05154030755482	3.4011600747330366	2.255813953488372	0.8338804251170188	0.9900332225913622		0.6111111111111112	0.6111111111111112	3.7756243795342024	21.80395279395776	0.17013346689327702	0.9257582280007224	0.46656083206156146	0.9668052964556483	3.4604013138144136	0.7377170192689196	0.0	0.0	0.0	0.0	37.64119601328904	7.58982733454611	1.5405538278111823	28.743136024300206	0.8243242421679582	1.3591126403026164	34	6	0.8176422231604303	0.0002819035284083841	138.7834050655365	False	4.3	1036
8ELC	f444bf4b2a5712cdb76e326e74202030	301	2.0	15001	355	43	26	26	26	-5.000000000000174	-5	121	-0.9999999999999987	-1	8	15	1.0999999999650178e-05	5.209530067496897	1.4221606300221215	6.067970598975408	1.6478025293385747	0.21995228064306852	4.348103640382323	1.1015781368851325	5.361552161439043	2.037935035982027	4.726345166020919	2.7245429807293187	0.04983388704318937	507.89426368616836	42.224317434980435	-0.06454980223698739	0.2432007947187047	1.6957655255741433	2.5750055154489075	6.946843853820598	1.6796114699251388	1.0		0.5416666666666666	0.5416666666666666	5.731504723726147	21.898666250939755	0.2050548867397735	0.8280188310308775	0.18991970009520787	0.8124451854122489	4.767593909386244	0.7331442459697166	1.0139289649914245	0.31357686373810684	0.0033222591362126247	0.0033222591362126247	50.31229235880399	15.263645876485917	1.1507566552776731	24.260981651881885	0.8259977085335588	1.5077551916444298	55	12	0.44227986546603426	0.1900518952929209	158.70858192443848	True	8.2	1036
8ELC	fae572d9925f12e9cf58d65f8235a662	301	2.0	15001	355	57	30	28	28	-5.000000000000174	-5	121	9.992007221626409e-16	0	4	14	-2.600000000135827e-05	3.776358070784535	0.4932773586716799	3.909793670874008	2.2932998641254363	0.4104629573741719	3.0296341939143896	0.3018193492043533	3.043597854067841	1.2833698353215646	2.284805468124308	1.190254204972148	0.0	603.111728697162	26.831287183874664	-0.15139172733877432	0.23443638980787757	0.8470496337938438	1.8054040418927366	5.53156146179402	1.1249956310183997	1.0		0.875	0.9166666666666666	2.055843013459014	21.778345062352276	0.1655224264669743	1.895047539782078	0.15069006440951438	1.9960892018656	4.558345137604585	0.5951533730366366	0.9074315876041688	0.14150427503578733	0.006644518272425249	0.006644518272425249	59.00332225913621	11.314148476133893	0.9862928301247182	19.553690505477352	0.8684042074736495	2.6537396170665457	19	4	0.7910837714546811	0.751806625959754	220.56168937683105	False	5.4	1036
9D9I	03f5731ad72b97ea2fd1ec352fe5dde0	301	2.0	15001	211	54	32	17	17	-10.000000000000096	-10	68	1.1102230246251565e-16	0	3	13	-9.999999988630215e-07	1.9003030912761238	0.33880680164272253	2.442874698214936	1.3990914103192647	0.5146059622506717	5.269184409682616	1.2261754512189216	5.432959926408099	3.3622031672989805	8.156325442143936	3.1693892675332145	0.627906976744186	570.5369602666568	50.859586939092075	-0.03302665352791295	0.16057649351836262	3.155594481106896	4.441748683520255	0.8073089700996677	0.7836025508468076	0.6046511627906976		0.6875	0.875	5.842781468917469	17.148314517418314	0.31666811906167197	1.3733309030971574	0.7643329533716783	2.3812482636068397	4.5199616724977085	0.64773023662239	0.7746596477656974	0.1924211874290464	0.11295681063122924	0.059800664451827246	45.564784053156146	14.876678744542314	1.256701065464749	6.1736571581705375	1.1851398800157762	2.5986365846579615	158	44	0.4798814250581971	0.9018041863202387	117.29551267623901	False	6.59	667
9D9I	0a8bd2b181a818ac245c132acb3ffd18	301	2.0	15001	211	39	23	19	19	-10.000000000000096	-10	68	-1.9999999999999973	-2	3	12	-1.4000000000236046e-05	3.522295514428566	1.1458411452504151	4.809758746630418	2.1578432914327927	0.6831549244728483	8.084304359694796	1.5722077711429108	8.197888781382018	4.3469174911131	12.175662610023608	2.1596498984882633	0.7275747508305648	459.7697095213149	45.20918410536101	-0.03200967856601301	0.142297714004406	5.841785396659207	8.458432952490496	1.0930232558139534	0.8098138681945973	0.770764119601329		0.5555555555555556	0.6666666666666666	5.792759760671072	17.816983040699128	0.5268953130645216	1.628158638703205	0.37225496271134517	1.754622277777947	3.85692858583002	0.6347509878092242	0.4035768318008951	0.15988471042373786	0.24584717607973422	0.15614617940199335	27.777408637873755	15.81685950015467	2.2961703203522332	7.1403397956974395	1.8326809551007246	2.8037232197302338	241	107	0.38451725365166634	0.8430886695922686	110.09521508216858	False	4.82	666
9D9I	0ba0e185398f759ca91fbd5fa3f0803a	301	2.0	15001	211	54	32	24	24	-10.000000000000096	-10	68	6.661338147750939e-16	0	3	13	-2.500000000010827e-05	3.152851614271689	0.5375707815863519	3.069596638132681	2.1189467077162516	0.3594843474585494	8.71924127617942	2.117767264017248	9.966528402613687	3.987498440962141	6.919128073063362	3.8755328878576516	0.840531561461794	596.4454585962341	42.80746936516919	-0.019839471029828706	0.14599181634701264	3.5215064056515137	5.529948114206776	1.7375415282392026	1.1239846370045494	0.8770764119601329		0.5217391304347826	0.6086956521739131	3.7219997288379205	17.809113106012227	0.34463159545996624	1.55229619378521	0.34705877726212203	1.2463825884524649	4.661324229787768	0.4558518675369541	0.7330791142553551	0.17601858929540273	0.0033222591362126247	0.0033222591362126247	48.9734219269103	14.865709765383627	1.6557387051437937	5.176885611775881	1.3267672040107505	2.5834977235235397	189	42	0.37392929687611337	0.3631521930766065	115.25193047523499	True	8.05	666
9D9I	0f35616c28aaaf8c39fd2467e3d2cebd	301	2.0	15001	211	36	23	19	19	-10.000000000000096	-10	68	4.440892098500626e-16	0	3	13	1.1999999999928734e-05	3.6024403244988537	0.9339551519110938	3.9588736767442443	2.0741775583946853	0.6075024832506286	7.35257385501548	1.7360114297894587	8.51940468280167	4.914347286848935	11.650802625802072	5.071020912005025	0.7308970099667774	453.14676920725924	41.870593263199424	-0.01923129182093532	0.1416531068244106	5.751185890498147	6.882596152150482	2.0598006644518274	1.1541109363005773	0.9169435215946844		0.47368421052631576	0.6111111111111112	9.35226271091336	17.952297689940195	0.5496005371171708	1.3210776042075565	0.4689211783030863	0.5494455820419716	3.642139393620589	0.5609131370255105	0.6277236681166947	0.2309862732537655	0.4684385382059801	0.23588039867109634	35.179401993355484	15.521318775138422	1.938349764835677	7.418277052628279	1.5247862028737302	2.0500809507626516	218	80	0.307980631047265	0.6828100157024789	115.56656384468079	False	5.21	666
9D9I	1a263985d22c81f9d3e9eb46e23d21ab	301	2.0	15001	211	46	28	24	24	-10.000000000000096	-10	68	-0.9999999999999949	-1	4	13	-1.0000000000037756e-05	3.4818595585627583	0.9000686113828807	3.814029253034728	2.191681301026505	0.4751300191923145	7.519063092810301	2.333117262987675	8.876971365776456	4.177810588173612	8.503623435219437	4.34016827883935	0.8438538205980066	507.64146267400815	41.99239790126058	-0.03301165401238942	0.17111609092025679	4.512394050830492	7.543578868706199	1.1162790697674418	0.9202957645306687	0.7308970099667774		0.45	0.4	13.542672061835765	17.747796250162256	0.4489829303058055	1.9440019837094566	0.6744726868419855	0.8399688479296356	4.277771549179506	0.6770735977387725	0.7293051565585423	0.24684088062064902	1.5980066445182723	0.6445182724252492	33.42192691029901	15.79366701819755	2.1460265456864964	6.740197383684178	1.9268753539178298	3.570268774530343	243	75	0.46046261760067886	0.0861459968493801	117.87087345123291	False	4.88	666
9D9I	1bf5ed1e98a047c67826a7fd54dcf64f	301	2.0	15001	211	53	30	20	20	-10.000000000000096	-10	68	-0.9999999999999976	-1	4	13	2.300000000110547e-05	3.2852351379846425	0.8920505381024743	4.648429860603763	2.157045306803344	0.7849451486035951	4.292138331005276	1.3626470588002397	5.709416533221735	2.7141878333094183	7.313153709653627	5.070001868054269	0.44518272425249167	514.5426107946597	53.05133222796139	-0.061348000682567905	0.18223699483510034	3.122445280720822	3.974605366252954	2.9767441860465116	1.26127764325037	0.9833887043189369		0.7368421052631579	0.7	5.176228473593255	17.787739059559588	0.4868971214996405	1.304950747650477	0.35271136745180814	1.2138478016927332	4.715811223245538	0.5340033197124765	0.7712439086954861	0.2185188561812338	1.9069767441860466	0.8006644518272426	43.38205980066445	14.962973473184219	1.8859434742921146	4.915304652349475	1.6005490416470955	2.627570279127248	237	55	0.7819388040289437	0.6776928561986384	116.83609175682068	True	7.52	667
9D9I	1f270ea65cd761a78a0ed8ab4ee8fec0	301	2.0	15001	211	38	23	19	19	-10.000000000000096	-10	68	2.220446049250313e-16	0	3	13	6.661338147750939e-16	3.060419213700683	0.6912440830525746	3.477619352427291	1.7135389624182182	0.486430976452003	4.17186699808941	1.7379710510347204	5.026699539246365	2.462780488841386	5.394942268282563	2.0111876023009216	0.3488372093023256	481.509992664996	32.92982617160702	-0.020079343454860277	0.13662140140034362	3.384198980194281	5.279078604970016	1.5747508305647842	0.8019248154754846	0.9136212624584718		0.631578947368421	0.6111111111111112	3.819439913719218	17.57597572689258	0.41637471108773705	0.9605465872265417	0.29603360448260163	1.2981265281961136	3.7680871539627123	0.6059233833785062	0.45621104062939455	0.1498709012048288	0.2591362126245847	0.1461794019933555	41.29568106312292	13.987498498200088	1.75994101227981	5.185857269600472	1.2362107495675954	3.1531075013374252	184	46	0.5539908416883116	0.24826943098883425	110.4292984008789	False	5.46	666
9D9I	266bbb49e60781aca4002ea95c99c033	301	2.0	15001	211	36	23	19	19	-10.000000000000096	-10	68	-0.9999999999999958	-1	2	12	1.5999999999571912e-05	2.863255824562946	0.830629045678528	3.644143613051524	2.1558335453225954	0.5513217255237984	5.170956536462631	1.315622901537172	4.427558396248359	3.173805731756494	7.0578261267687346	3.8779390855755613	0.6411960132890365	430.52595950735997	41.41735718870487	-0.0392946503071582	0.14604471045471057	3.087344405402383	4.577772713823117	1.893687707641196	1.0884442960160896	0.9136212624584718		0.5	0.5294117647058824	8.927747091212096	17.591353878271146	0.4686898694836423	1.509128055051229	0.43990498071497325	1.3709869230345066	3.5619710810940197	0.5572700344521939	0.7365971875955128	0.24179563851807467	0.7541528239202658	0.5415282392026578	30.102990033222593	13.26973016183852	1.8393074750095135	5.703936177770859	1.6156611641424625	3.1294614266362553	197	71	0.23781004352323248	0.17113801598870526	106.52801489830017	False	5.08	666
9D9I	282b4e352d38ef07443209435439bcea	301	2.0	15001	211	44	27	22	22	-10.000000000000096	-10	68	-0.9999999999999953	-1	2	12	-1.2000000000053634e-05	2.199916385441531	0.5370858445587992	3.0897458287890367	1.8925221323736279	0.5883141919924654	6.705684569121534	1.700217549163361	6.729976044466511	2.7061603389824005	7.404124909327341	4.7674587472963355	0.2956810631229236	516.8210100677229	48.672127779750326	-0.04127706112444864	0.14085839068007114	4.215011210375097	5.695861593896366	3.338870431893688	1.2803591895669166	0.9966777408637874		0.45	0.4	8.026267461914697	17.215774585869255	0.3802902739119958	1.490744340151757	0.33419342685434655	1.2094573110989977	4.60111309612337	0.6769352440610739	0.7686638447475638	0.2268077843349619	0.1760797342192691	0.16611295681063123	39.332225913621265	15.041115014934386	1.4759126646010938	5.778305812363314	1.3121019199261967	3.2145010931388254	194	50	0.21799182796188896	0.0001143663054198849	115.96684265136719	True	9.0	666
9D9I	295199ed8a4621a340b6b79b4024bec4	301	2.0	15001	211	33	18	16	16	-10.000000000000096	-10	68	-0.9999999999999967	-1	2	11	-3.000000000419334e-06	2.7818433071520343	1.1249260247049289	4.171471097949013	2.185607245218184	1.1598782215121453	5.423517965006836	2.095331888470691	4.591635012749242	3.4204546028833733	9.586546597312648	2.9155084814972354	0.43853820598006643	394.0007132082483	37.302973676640526	-0.003213032252460886	0.13158866222430313	4.273282972022802	5.870248347291104	0.9667774086378738	0.8923219442074789	0.6511627906976745		0.46153846153846156	0.42857142857142855	6.4697879400760225	17.544602554763678	0.49558663712252476	0.5732465371698686	0.19327831201578827	0.40449763198985983	2.969861012584841	0.36828398399570267	0.30935611329067164	0.11725921855391055	0.16943521594684385	0.08305647840531562	24.269102990033222	12.409031468493856	1.8241482383898582	6.188952166490096	1.7013799686813327	5.006235649923029	188	56	0.34982323243437224	0.4564413457753391	111.91096210479736	False	4.78	666
9D9I	2b0f0d7f8914675eaf8e2f5aee81598d	301	2.0	15001	211	38	25	20	20	-10.000000000000096	-10	68	-0.9999999999999958	-1	4	13	-2.220446049250313e-16	2.967491874499276	1.1293819927216966	4.934434200098229	2.237869072738233	0.9960427128871441	5.2428590140956315	2.053535922068402	7.055888514055625	2.977372965298684	7.8146779525027315	5.350402999317664	0.5581395348837209	459.5911679364736	46.176626792722956	-0.015162319167601124	0.1612258509123883	4.109176278288985	5.931524096557281	1.2026578073089702	0.916148723861506	0.7740863787375415		0.45	0.35	11.197186628361413	17.475362613526997	0.4716373666928589	1.1995579639194063	0.5591008706584123	1.4645961234948635	3.812810395095429	0.5714270783035318	0.5096061565590055	0.132865970410943	0.32558139534883723	0.14950166112956811	35.81063122923588	15.576006548541919	2.025972697894391	6.504020410191506	1.8812130065265715	3.7589808318174915	213	78	0.47460404101862363	0.028728754654598905	108.12675309181213	False	6.48	666
9D9I	395f47b77b5f161c28c20393b39e9076	301	2.0	15001	211	42	25	23	23	-10.000000000000096	-10	68	-0.9999999999999962	-1	4	13	-9.000000001119224e-06	3.3822782969575997	1.1736062163708485	4.224185689939958	2.387137637176974	1.0825730020690252	5.429733227911941	2.8188422591765256	7.324916771578464	2.807991477187007	7.542706996179407	3.2174737636221002	0.42524916943521596	469.93878688687244	47.23929514233338	-0.030799333757280545	0.16446439156990397	3.949798977056339	6.815659016046636	1.6644518272425248	1.1163383942470504	0.8604651162790697		0.47368421052631576	0.42857142857142855	16.41897844789589	17.654379669940734	0.48695369273485517	1.3650043603755233	0.7517170222701652	1.7685521443642458	3.8135217670050285	0.5642985499980548	0.5012656372868982	0.21191015235704266	1.2259136212624584	0.4883720930232558	33.8671096345515	14.976247460271965	2.186345098024975	6.268030670734928	2.0249835743497795	3.4550873218620017	182	69	0.5861175602812966	0.36861857469897524	120.92220520973206	False	5.51	666
9D9I	59573ee97914f33c9708de5aa2e356b5	301	2.0	15001	211	30	17	15	15	-10.000000000000096	-10	68	-0.9999999999999958	-1	2	11	-3.3306690738754696e-16	3.5875270661934042	0.9037659275607676	4.350906617207165	2.237897020314002	0.6275123640352078	6.343681397993986	2.2472855722811835	8.604181644878123	4.432618552381263	8.310296221382687	6.160770940407606	0.7142857142857143	391.73185778755675	34.24322341906647	0.0	0.0	4.653016757725387	6.794910198357402	1.2225913621262459	0.8394080708612756	0.7873754152823921		0.5833333333333334	0.6153846153846154	7.850643234255678	17.66771917410552	0.45891340118341445	0.7851005806109737	0.2628346755525579	0.5226707333164657	2.8807900714170436	0.39999825166258013	0.0	0.0	0.0	0.0	20.91362126245847	11.71587135913219	2.310382890538577	7.755842505736928	1.7863281429348024	3.0646878016672616	220	85	0.4092082136419679	0.29806533884935055	123.93394327163696	False	4.49	666
9D9I	5b6d2943bab2409bd0928714d9016311	301	2.0	15001	211	47	28	19	19	-10.000000000000096	-10	68	-0.9999999999999971	-1	4	13	-1.3000000000595868e-05	3.1828060479192035	0.7969867555840003	3.994965696685288	2.2360165611506755	0.6125031219754205	4.473181177463473	2.912310491046702	8.250039285189148	2.5260335284115105	7.221921102944871	4.141448951210652	0.3687707641196013	527.8708241821139	52.842974084847285	-0.04144125663473712	0.16572584961878242	3.602267651383408	6.345249217931526	0.8504983388704319	0.6923224558596999	0.7009966777408638		0.6666666666666666	0.6666666666666666	6.227645258624255	17.71042287591656	0.4545470284093473	1.3676268886715983	0.524800794455578	2.0589774914453867	4.398044072469581	0.49825101188029053	0.6395582565778636	0.2432036192690732	2.2325581395348837	0.8239202657807309	41.83720930232558	15.644623040705092	1.9643817279364866	5.49953222546802	1.7276450157726144	2.4594188135294557	192	49	0.6467815382731742	0.717265007013647	122.65093922615051	False	7.06	667
9D9I	5e2a23cb4d697cfdd0e84f4a2481d982	301	2.0	15001	211	46	29	23	23	-10.000000000000096	-10	68	6.661338147750939e-16	0	3	13	2.200000000165958e-05	2.5976010919486683	0.8955850456649395	2.9037241517845582	1.7947747046447722	0.7472127505123607	4.529911072003468	2.103451520425969	7.279656400836534	2.4912097236369326	7.176873241533183	5.661771785888781	0.3222591362126246	534.0381930035666	50.39540318812819	-0.022476386562236546	0.17158739356233887	3.887202778518319	6.437806002682306	0.973421926910299	0.8228210436165412	0.6943521594684385		0.5714285714285714	0.42857142857142855	7.7885741725563875	17.431660250836646	0.5050915431488581	1.1540504875352113	0.47747699097969315	0.9516808597729184	4.30621618303758	0.6183834892781138	0.8593834877120602	0.24979533760916364	0.21926910299003322	0.08970099667774087	48.14950166112957	20.614663718255862	1.6898343722519071	5.3093493587280305	1.477026544492557	2.77511039416165	219	68	0.5167121969743546	0.5964141664107532	117.91143083572388	True	6.75	666
9D9I	69ea6e3ad23ea569f4bbfa0263cb5bdc	301	2.0	15001	211	42	28	19	19	-10.000000000000096	-10	68	-0.9999999999999976	-1	4	13	-1.7999999999435135e-05	2.7062199870266457	0.8155431134696104	2.8221785075917523	1.72333091581792	0.6781796331538276	2.787617928202103	1.0621847763402081	3.6464422675499453	1.7907710403607782	4.262531371526601	1.946152904957489	0.08305647840531562	506.1662713728511	40.35860971468706	-0.06357763257477346	0.22334224944777906	1.8962705034169258	3.5381777653589044	0.9368770764119602	0.5872416077050604	0.7973421926910299		0.7368421052631579	0.631578947368421	3.9417443594908703	17.64107817556595	0.5133933264764912	1.1814242861530635	0.45124503165641794	1.4252913148231443	4.405235432503941	0.5396947615320735	0.9396478887500225	0.297101725089472	3.521594684385382	0.9833887043189369	45.66445182724252	15.810664388963446	1.8762244526815874	5.173755039980736	1.4672711265749967	2.9659831347451218	149	26	0.7133404176512833	0.3509344222880896	124.97879314422607	False	7.06	665
9D9I	7f401a529b655f4a54438d8f5d6f0225	301	2.0	15001	211	37	25	18	18	-10.000000000000096	-10	68	4.440892098500626e-16	0	3	13	9.999999994736442e-07	2.457259411851111	0.592663122544866	2.9433134508462477	1.0797957093845516	0.2776449208454277	2.428083176372881	1.5049041967975423	5.81642697273797	1.6493496911424952	5.309939779572052	4.955029117182487	0.21262458471760798	479.249817464507	28.632922750383823	-0.06864690321278061	0.13666687192447602	1.9102516142834955	3.640017301184332	0.7043189368770764	0.5112826206833392	0.6777408637873754		0.8235294117647058	0.5294117647058824	4.173161311433971	17.225143799311823	0.2835481149397564	0.9511554298571661	0.5687506365545013	1.6545969109184433	3.952117858541407	0.5550171506169107	0.6024889290599184	0.09047412837675972	2.318936877076412	0.8770764119601329	45.04651162790697	13.594672207007337	1.3992268072739344	3.692933525126935	0.927724017879356	1.5453801675894046	61	10	0.7821062039047412	0.8485080498846749	128.85231566429138	True	6.16	666
9D9I	909628c1d41006cf8bdc95b988228e4f	301	2.0	15001	211	30	18	15	15	-10.000000000000096	-10	68	-0.9999999999999971	-1	2	11	-1.1000000000427335e-05	2.089791622651417	0.5575949954820383	3.0332074347111306	1.2300718774258834	0.440456703132924	4.951019100388148	1.8910787273818015	6.5943905189844	2.846567103000826	6.958179548632567	3.16132012696688	0.4152823920265781	391.94588492117686	30.908776866647415	0.0	0.0	4.0697341572154775	5.837272103626099	1.1561461794019934	0.7979648731394589	0.7840531561461794		0.6428571428571429	0.5714285714285714	6.197943029722259	17.245178419610408	0.3964533280280986	0.7073589252045164	0.24061565717795702	0.9764465410442751	2.9471495895473976	0.40943002619804597	0.0	0.0	0.0	0.0	30.840531561461795	12.730055146635435	1.4761350482376463	8.179857588315867	1.0906460529266402	2.43192114441164	161	48	0.3670409009967691	0.02549786627721161	104.98892617225647	False	4.54	666
9D9I	ace45146c6a78c8039ff1fcd87b39fda	301	2.0	15001	211	42	25	20	20	-10.000000000000096	-10	68	4.440892098500626e-16	0	3	13	-1.0000000004312115e-06	2.4762644077879608	0.5378201939184524	3.4061229254058922	1.6939488976295791	0.3334255404642049	6.324937440717162	1.742771995526783	6.836200208288504	3.7595521436868213	8.978913106390017	4.320418598145494	0.6777408637873754	497.43435746709866	43.310983345131135	-0.012217991402387421	0.12586939309428863	4.254929691411889	5.774367621391238	0.8205980066445183	0.663005069454429	0.6877076411960132		0.5263157894736842	0.47368421052631576	4.627396706225975	17.3800674256322	0.38757959638709294	1.831526734819655	0.4285429872008987	1.7649718650465038	3.8985955592205817	0.595757645411017	0.6190811101773419	0.17290640766861112	0.5780730897009967	0.2425249169435216	32.53488372093023	13.802701324628853	1.5658264102460724	5.756550929731461	1.1330515656740379	1.938135517022876	240	76	0.3601422203370916	0.40199078942937927	89.72501730918884	False	5.62	666
9D9I	b6465c8ac0ed173d3faf7c401e0c4924	301	2.0	15001	211	48	30	19	19	-10.000000000000096	-10	68	-0.9999999999999976	-1	4	13	1.5999999999377623e-05	3.5096841671248953	1.0054676591888838	4.103082718133449	2.1309684982496093	0.610508708069275	3.4996709929188468	1.4348851709145307	6.099337814651828	2.1165441466598107	6.669287075368339	5.419170284383591	0.2691029900332226	547.0894339199205	41.75388050401678	-0.11084748767148744	0.1690146668992958	2.143830145681077	4.070204761904509	2.382059800664452	1.5217832725620932	0.9102990033222591		0.7894736842105263	0.6666666666666666	3.2692069863790136	17.858724603339986	0.5161105993307978	1.3096277959819045	0.37458521812647383	1.7520231125706156	4.678056634090314	0.5375409540315025	1.1874094852376809	0.359534615151075	2.1960132890365447	0.7840531561461794	49.75083056478405	18.63732477383609	2.001566152999797	6.8162147927921195	1.5585110273705047	2.5757004352911865	200	27	0.39764841856995653	0.3706698231380492	116.952960729599	True	7.25	666
9D9I	b8ac149673f7c3cd33b88439965cd67f	301	2.0	15001	211	51	31	21	21	-10.000000000000096	-10	68	-0.9999999999999976	-1	4	13	1.1000000001565313e-05	3.310168781267629	1.1260541560773758	4.4564622611431055	2.7387754431067037	1.2436363938865993	5.025858620978496	2.2116801629264646	8.360028849585692	2.5503825391660033	5.843068427922229	4.955378829960436	0.38205980066445183	576.1247643099435	53.79303468605796	-0.0882904751678836	0.18611687514132924	3.812419934246234	5.9584993044188135	3.744186046511628	1.5840801910779116	0.9900332225913622		0.6842105263157895	0.5263157894736842	7.411672527799082	17.39911651796097	0.40455722603989147	1.519820968735155	0.52227024339804	1.6665849597213558	4.870793558085677	0.5346658590115263	1.156340722446688	0.3515075773326687	1.3388704318936877	0.5182724252491694	55.880398671096344	19.795272293067253	2.292834386338226	5.7685290107642695	2.228689473828316	3.321335359157582	214	64	0.5955770726715195	0.3516294970782781	116.54901051521301	True	7.47	666
9D9I	b935f060fc633ecb59aac069eeb99d71	301	2.0	15001	211	34	19	18	18	-10.000000000000096	-10	68	-0.9999999999999962	-1	4	12	1.9999999997244444e-06	2.227268175248317	0.4542292147917808	3.0592419630445162	1.7496265351270106	0.45854408237434213	5.761761069946704	1.171914664197424	7.101924847796599	3.550372883142858	8.591136918753078	5.464398300464759	0.6943521594684385	414.55496631634617	39.95946671306248	-0.018546815038116695	0.13364059824379695	3.7898375325236344	5.562090054285672	0.9501661129568106	0.7431916707348616	0.717607973421927		0.5384615384615384	0.3125	11.706269358645667	17.222820305887055	0.4209207259239941	0.677677113786981	0.2391573517039392	0.8799697860603592	3.072869825276203	0.3980520538600989	0.522571821537479	0.1547142876488672	0.8305647840531561	0.42524916943521596	28.38205980066445	11.839606811247107	1.479377902882228	5.603594801300101	1.2264858851852825	2.271791856607753	190	68	0.3509404142567811	0.5054888297848742	118.84233474731445	False	4.64	665
9D9I	ca3e30b78b8b15c1aa76fed50341d715	301	2.0	15001	211	39	25	17	17	-10.000000000000096	-10	68	4.440892098500626e-16	0	3	13	2.220446049250313e-16	2.6029995015346192	0.6144437865549256	3.046770767366702	1.7414056372914524	0.4252995932146444	6.812566736460954	1.5073721934248596	5.5831418161535815	4.202296056220919	14.051591588028232	2.3488191631275073	0.8504983388704319	477.4589161423593	55.963827866657724	-0.003718842055228822	0.1506355290175822	4.530578087299646	6.107656028215868	0.8737541528239202	0.6751464903359765	0.7043189368770764		0.5294117647058824	0.7058823529411765	6.994866260448976	17.473709463687598	0.3864617058272271	1.452680821102462	0.49812490717159646	1.8851700940505975	3.934405672066681	0.5675124463373789	0.6298720680079536	0.1485763992366475	1.3122923588039868	0.7242524916943521	32.096345514950166	14.293809033213002	1.8225788199444002	6.337502684426992	1.3405410450613118	2.4779566609906896	172	64	0.3757072762459834	0.38059709139449516	145.12514781951904	True	7.09	666
9D9I	d4a029e120a4109e548f939835fea733	301	2.0	15001	211	46	28	19	19	-10.000000000000096	-10	68	-0.9999999999999976	-1	4	13	2.200000000021629e-05	4.2098412485216485	0.9648873746608554	4.414959249815196	2.398847100551435	0.5057090265504691	7.161439975649511	1.9312845845956559	7.63922694841028	4.1693345150843015	9.580221502473398	3.5873531056973076	0.7940199335548173	532.7632310196425	61.336743411681184	-0.06257189335131823	0.1811741265002845	3.6705539377171723	6.4577261677457996	1.2923588039867109	1.0506641235407153	0.7574750830564784		0.5789473684210527	0.7222222222222222	6.516700116580943	17.905115423964656	0.4697969190298628	1.4327430998794575	0.4426746105295502	2.07476372520062	4.434361009024957	0.533700090370801	0.7618808636144472	0.2636361792540519	1.2425249169435215	0.6511627906976745	38.36212624584718	14.810825734381865	2.1420907337467243	5.611154188365874	1.8559853594704767	2.627214493306976	227	77	0.19604329919063102	0.001296654157726013	129.04784107208252	True	7.92	667
9D9I	d8a2b383fc51f79cc2469b166af9122c	301	2.0	15001	211	38	25	19	19	-10.000000000000096	-10	68	-0.9999999999999971	-1	4	13	-1.1999999999928734e-05	2.10630508600075	0.3684078132882293	2.7456655138658093	1.2076136457014166	0.3931759765719022	3.6332406672860706	1.9313808528636653	5.099161565101087	1.9848759304626873	5.602959897733807	2.677837286458828	0.16611295681063123	479.54813008092043	29.496707420001837	-0.08004291505495646	0.16329441639094883	2.3595077786245917	4.004580599186971	1.2425249169435215	0.7136441528898676	0.8538205980066446		0.6470588235294118	0.5	6.641569453249405	17.30638143460484	0.3419463178941595	0.8540093105491152	0.5019003835217105	1.2213674892775956	3.8921311933349627	0.5610182771915166	0.726683573499218	0.2391396163839596	1.7541528239202657	0.9601328903654485	48.63787375415282	14.976562890417815	1.4085193555448652	6.20663668454229	0.9724596671652624	2.371869948125307	81	21	0.39205092955550674	0.15711378204578447	112.02109599113464	False	6.9	666
9D9I	de1492a39ee5b6346482dc83a1060a60	301	2.0	15001	211	42	25	18	18	-10.000000000000096	-10	68	4.440892098500626e-16	0	3	13	1.0000000000398579e-05	3.1621774979584756	0.8379540494236256	3.8179643195543007	1.5558480972281064	0.3476012009210177	3.1215915512880588	0.826626901256809	3.0108756568919586	1.6154349537161135	4.583511578522507	1.4106696678829773	0.03986710963455149	523.115270090395	33.697447606120456	-0.06996171235737927	0.11189220379358655	1.521843607882399	3.653031467531895	0.8272425249169435	0.48573201016603496	0.7807308970099668		0.7777777777777778	0.8888888888888888	2.3459107664688035	17.61796419999652	0.39603108777487783	1.7356487859361003	0.5700786232549	1.825073252906915	3.862737172251374	0.5626915909214572	0.5225743643759898	0.20311989311396503	2.697674418604651	0.9601328903654485	47.91029900332226	15.095331402230133	1.8038036371019697	6.213517143908095	1.2629198618272712	2.4188671602825385	88	21	0.8685411701816704	0.826173713644577	140.05601954460144	False	5.58	666
9D9I	e13195a3669e20a1cb71ccb752460291	301	2.0	15001	211	47	29	27	27	-10.000000000000096	-10	68	-1.999999999999996	-2	5	13	-1.3000000000595868e-05	3.579220853292651	0.6636800944269984	3.6394197114184705	2.5537951378903108	0.49525971946996433	6.849604903456702	1.754920018464482	8.625113209992632	4.75335537007679	7.812860701752048	5.824318733435532	0.8803986710963455	517.0337349365807	40.23763152182574	-0.0197608099744714	0.1865340543754378	2.7642917568909775	4.2151117077662805	2.744186046511628	1.3285796947318609	0.9767441860465116		0.4583333333333333	0.4166666666666667	10.618527507370455	17.507031043680826	0.35787706859519963	1.9001820003633314	0.6566147953918732	2.2721135094920704	4.331584570668429	0.6362101300688655	0.8806638984586619	0.25084534952528664	2.355481727574751	0.7906976744186046	47.78073089700997	16.476251734741943	1.6636795154095956	6.692107204480519	1.3460421627399994	2.241494722819551	174	37	0.30480321886854383	0.029660514202210986	102.30445337295532	False	6.18	666
9D9I	e5ec85f1b96ce3d4ca5d747969350f0f	301	2.0	15001	211	42	25	20	20	-10.000000000000096	-10	68	-0.9999999999999958	-1	2	12	-9.999999999177334e-06	2.4216668983028677	0.5154023206762003	3.2398146426394443	1.733265557709271	0.4299819832639324	2.020096950784989	0.6878705271532976	2.6606851818281467	1.4773487008148756	4.534308297066551	2.1919397660253153	0.013289036544850499	514.8793341870643	30.57111233963585	-0.04286269648340041	0.12531547568289958	1.3137041192473438	2.141294241914651	2.132890365448505	1.0855198937870774	0.9368770764119602		0.7777777777777778	0.5789473684210527	5.316008439042303	17.31855389671444	0.37126086960902305	0.5972782966018513	0.3606587671716969	0.8051069597440909	3.733482628529514	0.4717810067649209	0.4550667614020902	0.16613800982138496	2.548172757475083	0.920265780730897	44.67774086378738	15.478174631167427	1.404527082813123	4.864162140537069	1.093751434879132	2.2498816402467448	76	12	0.7624609488833907	0.8434300708029634	108.71277284622192	False	5.68	666
9D9I	f3bf65b5c175c4eb9a32b952ec009daa	301	2.0	15001	211	30	18	15	15	-10.000000000000096	-10	68	-0.999999999999996	-1	2	11	9.999999999177334e-07	2.997202004628002	0.7903748497811036	2.915535733790197	2.105009711775412	0.8486315988265444	6.19991839379182	2.3692631455925186	6.739555495651206	4.389817142135623	9.432842092276063	4.745946635559728	0.6810631229235881	411.55813715389985	28.284030172450887	0.0	0.0	5.0252734977837985	6.451412883461627	1.3122923588039868	0.9655950573913247	0.7906976744186046		0.5	0.4166666666666667	7.35703183081831	17.66060596671643	0.4663027351968806	0.7360091981695803	0.25804243838547186	1.0000446356898756	3.0863170068388763	0.3707432729565516	0.0	0.0	0.0	0.0	26.627906976744185	13.311040752633017	1.827780666983537	5.774262547504567	1.7989783438716285	3.0500929711714377	172	58	0.294778193077081	0.024874440287924553	109.13279247283936	False	4.63	666
9D9I	fa95727eed889db7226aa52d7509284a	301	2.0	15001	211	37	25	18	18	-10.000000000000096	-10	68	4.440892098500626e-16	0	3	13	-1.0000000002508003e-06	2.138811715572561	0.4763949046061289	2.1607156880601694	1.3128746552409052	0.3745846316908491	4.756470423064862	2.7276461070324487	7.2028807467896545	2.9159175281569887	7.384778986544757	4.036209398433531	0.5348837209302325	474.39262830040894	29.24749382081913	-0.028353613894300696	0.14548845337622685	3.39135807239487	4.957524575065608	0.7308970099667774	0.5911941229868432	0.6611295681063123		0.625	0.5625	6.332786674195573	17.18950554023865	0.33826946764602317	1.41035541328003	0.7211429355559814	1.9867955196163893	3.903057406614704	0.6218748754079076	0.2859297105423929	0.13873554391750403	1.3122923588039868	0.47840531561461797	45.91029900332226	17.533127455829376	1.3688226951018791	4.210392912156835	1.032862393556502	2.1840952376498057	101	31	0.4535595610434336	0.115346703082261	102.479576587677	True	8.3	666
9SI4	01bd41af226d7f8d1e5fdb361b0b562d	301	2.0	15001	218	22	13	11	11	13.000000000000183	11	42	8.881784197001252e-16	-1	3	8	-7.999999999869223e-06	1.1164339058999637	0.13740267805530731	1.152399686959936	0.5365079719272896	0.0961552780533469	10.480208574845555	3.0110088391832797	10.920812288494053	9.339224407425464	20.11129311259804	9.679004942299182	0.9401993355481728	180.7234046366338	43.13304264955741	0.0	0.0	6.858002537616707	8.059867031178912	1.4850498338870433	0.8455133184066128	0.8737541528239202		0.125	0.1111111111111111	3.8418427784088727	15.927155724880873	0.08515458126796448	0.1474737011783589	0.03846745461213274	0.0903814910418422	2.379685102028358	0.4299291961107205	0.0	0.0	0.0	0.0	8.730897009966778	8.178491087671405	0.6160008703547931	3.0958955437082816	0.48231133916917296	0.6461594105068147	183	110	0.22987380397982865	0.0129815394180081	84.09027314186096	False	5.13	626
9SI4	047b4e5133e0d4a8a3c4c2b9f29f5ee1	301	2.0	15001	218	22	13	12	12	13.000000000000183	11	42	1.1102230246251565e-15	-1	3	8	-8.000000000174534e-06	1.01034011885936	0.11371233097479437	0.9890409854519817	0.5563598477239537	0.0851853125009295	2.087560086990618	0.37301837534214244	1.6091954028105575	0.6392769389791328	2.551160701789566	0.48413139204250616	0.0	246.96890042195957	12.044973430945047	0.0	0.0	0.9088717058575038	1.4082876642243816	2.382059800664452	0.9241376026957454	0.9867109634551495		0.75	0.8333333333333334	1.5706389408075	15.95242877312569	0.07493846165621447	0.1578235630664463	0.040013664247336655	0.22486902353148616	2.473866730434494	0.6206998180322141	0.0	0.0	0.0	0.0	24.624584717607974	5.567041739667039	0.5967674566693958	1.9709398691866713	0.4393246894130883	0.6560505764950009	20	5	0.48617914666702966	0.502399821184227	126.1258807182312	False	4.46	626
9SI4	0b8c97a20e0da60b11a122b27f6c8b62	301	2.0	15001	218	42	26	13	13	13.000000000000183	11	42	1.2212453270876722e-15	-1	5	9	9.00000000057799e-06	1.0457187984287086	0.11451835205419061	1.0089541323947062	0.6148184079873397	0.12651573511380776	8.86250367054415	4.058434621022259	10.98228204302925	6.294266115942751	10.336820989664249	7.540454798578881	0.7774086378737541	325.84272274861354	38.77464965997047	-0.02751524376710281	0.11564873303420539	4.6356527907968195	8.91624037303279	3.6710963455149503	1.1003450654875455	1.0		0.6666666666666666	0.6666666666666666	4.106942366277625	15.958710339203346	0.08029014723672769	1.814498295949815	0.7640192552938728	2.2745881033582336	4.324029398769587	0.7469870269580081	0.8776751205373844	0.3515804393359308	0.0	0.0	36.45514950166113	13.581627774958212	0.6153839860587378	1.7968603963357122	0.5551967421329052	0.9301802759531339	128	38	0.4199969022809117	0.20846444220359994	107.51984715461731	False	4.89	627
9SI4	196b38c7ef93d3d9da6c8ba5fbe7cc36	301	2.0	15001	218	42	20	13	13	13.000000000000183	11	42	-0.9999999999999978	-2	5	9	1.19999999992626e-05	1.238131906887822	0.2025847160470241	1.075642161241366	0.6202596534785948	0.09995196147561086	7.979424133282082	1.9371444248065937	9.925271096580435	5.87006309997819	9.220974037829784	7.253297033685409	0.9867109634551495	301.10702672088956	51.82412865260902	-0.031537482228083315	0.10117692516457588	3.6227522116190327	5.363745615574676	2.87375415282392	1.0457994729228974	0.9966777408637874		0.5384615384615384	0.38461538461538464	2.655263486806131	15.974899068307447	0.08385877827150437	0.7656536691787323	0.20973428143098977	0.8516640537261535	3.254530165061338	0.47764615125874427	1.0138963799756853	0.06446210462639358	0.013289036544850499	0.009966777408637873	25.06644518272425	9.725923693007827	0.6800737830578282	3.7606843970703965	0.5587670757270479	0.8769669471853253	85	23	0.41770336478535103	0.8249630950557374	111.8830099105835	False	5.19	626
9SI4	238dd65aac42b2b34162c0b51a84d1db	301	2.0	15001	218	24	14	13	13	13.000000000000183	11	42	-0.9999999999999973	-2	4	8	-5.551115123125783e-17	1.0392338630223912	0.10368583768083281	1.0361297567050496	0.6548033392352315	0.11195108984574031	12.247476062112476	3.2078540944507625	12.783777700704958	11.258127684486556	17.167114435554726	11.837667448205119	0.946843853820598	210.4637262126659	33.95594619230683	0.0	0.0	5.354337751467433	6.234954573513429	3.122923588039867	0.9686992121378175	1.0		0.16666666666666666	0.16666666666666666	3.565250129834908	15.947130494990803	0.08660566643510528	0.22705931129128365	0.13006900678928981	0.2103455826390357	2.5440445372045364	0.5129669931276039	0.0	0.0	0.0	0.0	5.9335548172757475	8.852927345190459	0.6096991403178803	2.3480192234791057	0.5502412152530869	0.9084818623513667	161	66	0.2666514078512852	0.0205722591941806	106.84350180625916	False	4.01	626
9SI4	253860e6145c4fd6dd9cbc288515e367	301	2.0	15001	218	32	17	9	9	13.000000000000183	11	42	1.2212453270876722e-15	-1	3	7	-1.4999999999806835e-05	0.9889242279704739	0.08873098246106272	0.9219231039700433	0.5646905077554243	0.10519661702105358	29.603662723997644	5.970654137426283	25.827559188803324	28.99167814548055	41.99155001418848	25.051151902395112	0.9933554817275747	144.1265491983669	57.59561466956223	0.0	0.0	23.24302973835546	23.640515877667482	1.6943521594684385	0.6096684973394645	0.973421926910299		0.0	0.0	1.6873429665670718	15.94719718607183	0.07831881755294082	0.7929273627221742	0.2360329998014364	1.0512083505558771	3.0714593238389267	0.6357490142510341	0.0	0.0	0.0	0.0	0.3588039867109635	2.2789293177571226	0.5935354404417338	1.9667586339881222	0.5182638350378317	0.871179492510466	289	185	0.31859061234445163	0.4489582893128101	111.2217423915863	True	9.64	626
9SI4	359e38e810d725751e2260e2b3006df9	301	2.0	15001	218	23	14	12	12	13.000000000000183	11	42	9.992007221626409e-16	-1	4	8	9.999999999732445e-07	0.9451861432352919	0.08772469335839589	1.1160747735747047	0.5326215105802397	0.10457413243599534	1.9300498872490273	0.4812942972187455	1.2237337636370116	1.3768943893054213	2.483600448506209	0.6878123091112004	0.0	257.8457927404372	13.218695016474902	0.0	0.0	0.8681817288454442	1.6091501882452717	1.196013289036545	0.7546868307105844	0.8305647840531561		1.0	0.9090909090909091	0.7141285055825063	15.957731127742424	0.07744264686231239	0.1832085679935356	0.057648237817042126	0.2964394057464704	2.5038268853965224	0.5178810964168699	0.0	0.0	0.0	0.0	31.229235880398672	6.697344821294771	0.5971579824776638	1.89398999872497	0.47422791745980164	0.8595466593947829	21	4	0.5930595971519946	0.5958378650474282	112.52116322517395	False	4.84	626
9SI4	4be7a12b601883e91811eeb2e0c4ed4b	301	2.0	15001	218	25	16	11	11	13.000000000000183	11	42	2.0000000000000004	1	4	7	1.942890293094024e-16	1.0401589061412269	0.09991456705831334	1.2290035679518052	0.6938579852453359	0.10034141641472523	6.124698235360923	0.6854624256492842	6.606268402927173	5.08931151488528	6.02539720054282	5.270319765780723	0.9867109634551495	259.0980112381494	9.381958362061086	0.0	0.0	0.8761171788774708	1.3948339872803863	0.5681063122923588	0.552414875503695	0.5382059800664452		0.7	0.7	0.8563306442630861	15.942590078848678	0.07348085648961247	0.165793341143418	0.04099497593483315	0.17578491157393153	2.904443317809515	0.7207052046629838	0.0	0.0	0.0	0.0	32.142857142857146	6.682365632123542	0.594997757728194	1.7533516612930362	0.4496558004807028	0.6525820106745337	13	3	0.08633316267688404	0.06359053288876305	119.85780239105225	False	5.14	626
9SI4	543c819ac4256fe5b41298770a798122	301	2.0	15001	218	42	20	14	14	13.000000000000183	11	42	-0.9999999999999982	-2	6	9	-1.3999999999916857e-05	0.9324723046627506	0.09094939621558297	0.8139949801365695	0.47586814895674046	0.075549645754226	2.6082450876820484	1.0487342890497122	3.3412470769271247	0.6029879022260298	3.468026689943197	0.32381490464772367	0.006644518272425249	342.6967576093779	21.1524057259537	-0.07103322190492461	0.10200357655671617	1.2041410655114402	2.740561276554968	3.471760797342193	1.0829545638208284	1.0		0.9230769230769231	0.8461538461538461	1.6941674094050942	15.94343904401606	0.08455507346588366	1.3685460085949426	0.8431413387521711	2.067878169995395	3.1954239719460618	0.6143619155833882	0.8952085793596	0.07595169271313194	0.0	0.0	33.159468438538205	8.660128499685422	0.574253122719099	1.7542824165477997	0.43102597295740624	0.689757395055895	29	8	0.4454243555187809	0.2662837063731098	117.37198376655579	True	7.15	627
9SI4	5d9bbfbd38feae26823caf531a5db1a6	301	2.0	15001	218	23	14	10	10	13.000000000000183	11	42	1.3322676295501878e-15	-1	3	8	-2.914335439641036e-16	0.9385806770395082	0.09148528262970271	0.9474914565718129	0.592609658706575	0.1189841743814589	11.97874682316686	4.5898673794201565	8.742441944607819	11.037427756451452	33.08010732285762	8.148087479902845	0.9800664451827242	169.32366398010242	43.21431748018766	0.0	0.0	12.220010471023494	13.086258277704655	1.6843853820598007	0.5735493365996429	0.9900332225913622		0.2222222222222222	0.3333333333333333	2.788803825708984	15.979922552428993	0.07827436114596216	0.3230639834423881	0.16893585878365552	0.5216481951551103	2.548334611195831	0.567191485057035	0.0	0.0	0.0	0.0	6.810631229235881	7.4473134981073	0.6178944111376061	1.9812838643306525	0.5630188408079062	0.8956355633801546	237	130	0.23362506009632386	0.17267284526784973	120.61515522003174	True	8.0	626
9SI4	62064a9f6b5d461a4c097abbc9bffe7a	301	2.0	15001	218	29	16	12	12	13.000000000000183	11	42	8.881784197001252e-16	-1	3	9	1.2999999999888101e-05	1.0135802375225864	0.11214085308223375	1.0772030660887604	0.48332722684119195	0.07081488005720381	4.08979515499529	0.4761228651616821	4.331405708778996	2.111131783570315	3.5905364202923233	2.4249412462691837	0.023255813953488372	271.8321547540414	15.481448546958186	0.0	0.0	1.27360197605763	2.2060561651529493	1.7641196013289036	0.8197165292668738	0.9601328903654485		0.8181818181818182	0.9	1.1234689361575927	15.940026421953528	0.08134346659586275	0.5855178001078774	0.19237584733377877	0.672719326148576	2.917356985363803	0.646534079628361	0.0	0.0	0.0	0.0	30.421926910299003	6.690950719904171	0.6073713584253602	1.8163064161209495	0.4296031687747073	0.554799504424508	40	6	0.6528631062931076	0.4284339171157449	115.70548582077026	True	10.37	627
9SI4	6564af0e70be4d43388870363762e68c	301	2.0	15001	218	37	19	16	16	13.000000000000183	11	42	-0.9999999999999978	-2	6	11	1.3877787807814457e-17	1.0069126724551587	0.10428424587409867	1.0425866329233129	0.8532257550569456	0.14806071251455946	9.5677503455746	5.359884678821773	7.4006940728576645	8.400474715394072	15.574663768124204	6.446637600115423	0.6976744186046512	268.71722438966066	70.13897449305281	-0.011255944522263969	0.09707389419042932	7.099190720831234	8.205965515856859	2.9269102990033224	0.9788324908327662	1.0		0.21428571428571427	0.5	7.943769128585334	15.943623875032912	0.08287233046333939	0.5494449206660346	0.15624514245815624	0.7183141544262687	3.3342242105666133	0.6079035849817397	0.8907486642753956	0.2822804796915029	0.8272425249169435	0.29900332225913623	22.19933554817276	19.602023750283454	0.5949774737165973	2.276253675705131	0.5834842423813549	1.4455517929216863	154	69	0.4558944518931289	0.002939231893357854	115.58689069747925	True	7.96	627
9SI4	65fcca610b91676d473a89c0858c6ffc	301	2.0	15001	218	21	13	11	11	13.000000000000183	11	42	1.0000000000000013	0	3	7	1.000000000139778e-06	1.0351069817224914	0.1303506675068959	1.1421681135219202	1.1121114134785421	0.2093339849439201	14.954117733480631	9.722299066273104	13.041489542453613	14.204982377862407	44.205101626196594	12.28098750138927	0.6710963455149501	178.88636419474244	68.71797899798618	0.0	0.0	13.15449525376131	13.807507203808662	0.21926910299003322	0.43717698736467725	0.20930232558139536		0.0	0.2	2.4559349562737585	15.953656003644623	0.08563722648503148	0.17272186254197955	0.05567792079901972	0.22425305343288382	2.381594489047786	0.43985214759416313	0.0	0.0	0.0	0.0	9.983388704318937	14.483914430187786	0.5952702515866543	2.0601249834517668	0.5502901022996473	1.1722088444712517	201	138	0.3659222866670393	0.05290670801428933	117.77798867225647	False	5.1	625
9SI4	69da907af4c1f2f8307d027d4ab80d72	301	2.0	15001	218	26	17	16	16	13.000000000000183	11	42	-0.9999999999999969	-2	6	10	-1.1999999999900979e-05	1.052239563375259	0.09608452111849336	1.1293113095414666	0.9438410582054748	0.1633078593072045	3.8942998881811697	0.7683754337551377	4.111079931192355	2.592303940069269	5.088635581611548	2.933637170482533	0.11960132890365449	289.26589341315446	17.53842381685172	0.0	0.0	1.0870526945364942	1.890231694033774	3.053156146179402	1.0831685733728722	0.9900332225913622		0.7142857142857143	0.7142857142857143	1.1657667302228378	15.980475104399844	0.08192475652543672	0.508376113254117	0.39022110814060224	0.149950906249819	3.114253127673291	0.748554813834841	0.0	0.0	0.0	0.0	38.51495016611295	7.557791237274347	0.5938074698527306	1.9393976059769413	0.5207632450076336	0.8783338968665674	24	5	0.2805822926490347	0.007619423171076092	114.88709044456482	False	5.02	626
9SI4	737df570b627d06e92101677b4e3da21	301	2.0	15001	218	31	16	13	13	13.000000000000183	11	42	2.000000000000001	1	4	8	-2.0000000004322116e-06	0.9732525795091705	0.08713387733355887	0.9246844296374528	0.7753590716638293	0.13353082357803256	4.91030097919699	0.7524491486375505	4.836559129473596	2.939159740697833	3.8962935117108444	2.8824268972525644	0.6146179401993356	311.4232856810189	14.458175118135982	0.0	0.0	1.8106886276370364	2.9266278833460024	0.6910299003322259	0.637337122000117	0.5946843853820598		0.9090909090909091	0.9090909090909091	1.3645295686390595	15.96985580866612	0.07886248883790865	0.80430399414499	0.3546608272392899	0.5015880231155616	2.7581918226649536	0.5426503837507232	0.0	0.0	0.0	0.0	35.83056478405316	8.144533010151301	0.5982705175781775	1.9397044924342224	0.5339473849248588	0.8848780307840749	50	9	0.3798255223850231	0.21825139960688014	126.0277988910675	False	4.26	626
9SI4	9962e35d818f378081860dfde6088db5	301	2.0	15001	218	41	20	18	18	13.000000000000183	11	42	-1.9999999999999996	-3	7	11	5.0000000009209344e-06	1.0405436564452082	0.1042864984474084	0.984456852272189	0.7817003526796082	0.11475006771724892	15.033154456203253	3.85207583538719	12.017271764623848	12.880000127367706	25.021593048677566	9.456140369417644	0.9568106312292359	252.75482075564517	54.64803232916219	0.01973672209273693	0.10519332496692044	5.294502632521379	6.849532511076447	4.342192691029901	1.1349976990389254	1.0		0.11764705882352941	0.11764705882352941	4.61157077989664	15.950118697381294	0.10452446411044386	1.2044565249554462	0.45002221526889286	1.4299220600556792	3.6181805471669968	0.7280784307135342	1.0287296541769266	0.11203833662518758	0.0033222591362126247	0.0033222591362126247	12.747508305647841	8.501868200251595	0.6098980281806801	2.7116189140460447	0.5048912756902265	0.823580867659257	215	73	0.6348823273564427	0.6506838855600982	103.55164766311646	False	5.26	627
9SI4	9e7607ef3d929c5fd46ea0dc7f23f535	301	2.0	15001	218	36	20	18	18	13.000000000000183	11	42	-2.0	-3	6	11	-9.000000000147779e-06	0.9842379077163086	0.11651878362426377	0.9277282990892962	0.5788548915092487	0.08271410167544346	7.564537714100203	2.3296404753487847	8.972246918132907	4.980236727322515	7.978799666670807	6.088520075175644	0.8338870431893688	333.75629408829946	37.07898817493567	-0.027555037152960923	0.1340578510557445	3.582562843776042	6.983999013721721	5.421926910299003	1.4205600907395934	1.0		0.625	0.6	5.629709572895549	15.939550046665149	0.07654570099350828	1.8170833931591939	0.3602024971970631	1.366402822767444	4.1149955675826835	0.7985526041775488	0.867176846253239	0.29687878727400263	0.009966777408637873	0.009966777408637873	31.67109634551495	12.560609013818816	0.5805704606094737	2.1083295416339047	0.4859893727503096	0.8474042222497464	148	53	0.24779935008153148	0.13840013567889362	90.48956060409546	False	4.73	626
9SI4	9fdebd3e36d16344b05f496394363d9c	301	2.0	15001	218	28	18	15	15	13.000000000000183	11	42	-0.9999999999999973	-2	6	10	-4.000000000531356e-06	0.9983175100232287	0.09977460836746539	1.0406207212240262	0.5439186814525616	0.09073639279662864	0.8029925885635101	0.23087272666762088	0.9077979196375127	0.4272736787724079	1.1212738406217913	0.7199809621376343	0.0	323.7182158237066	11.906073318777446	0.0	0.0	0.6257745701101283	0.9527591663609782	2.8006644518272426	0.8192855389814762	1.0		0.8571428571428571	0.9285714285714286	1.2251413511451157	15.963661702088642	0.08051393680794405	0.3265314978518166	0.07909285264633857	0.25061761746095657	3.3160106814383017	0.7399764132747404	0.0	0.0	0.0	0.0	52.006644518272424	8.536026196409674	0.6182720980442157	2.161140409352276	0.47398904532710956	0.7351842004835829	8	1	0.6404335596583286	0.6395142944515007	99.96348118782043	False	4.96	626
9SI4	a5b2fb04b878e9fff4b764e79cf06db2	301	2.0	15001	218	30	18	20	20	13.000000000000183	11	42	-1.9999999999999996	-3	7	12	1.0000000000842668e-06	1.0193190532559224	0.1054607014555021	0.9699687287239325	0.6761501593335351	0.13404317778326566	3.098542621626695	1.3690541689991997	6.260663456973432	1.6557249386922064	4.254671672336586	3.9702348304817967	0.08637873754152824	356.7853997711814	28.46169822682379	0.0	0.0	1.9217853603887656	3.1018628921046982	5.348837209302325	1.334903399672051	1.0		0.7058823529411765	0.5	4.983484300045456	15.93460079171181	0.08040218638655787	0.9379065683035936	0.24655631715793525	1.2107741449875622	3.627579922417903	0.800521760207094	0.0	0.0	0.0	0.0	55.17275747508306	14.825789756299404	0.5998987548374176	1.9901121872546956	0.5436101821561755	1.0199558283013364	73	15	0.7306194991200735	0.9739554216176985	87.19567680358887	False	4.19	626
9SI4	bb0523a55a6136f05a592d05fd8ff8de	301	2.0	15001	218	36	20	16	16	13.000000000000183	11	42	-0.9999999999999978	-2	6	10	-2.9999999994756443e-06	0.9218845407107679	0.08268671827960176	0.9130185091971742	0.6535436630416931	0.1325700250790406	14.645580200530318	5.83905961692977	19.62345189129922	13.498570808481464	20.29903481037381	18.621868921920605	0.8803986710963455	266.1439360642227	43.09123136770579	0.004920148570699386	0.08254938658674776	8.070200804034128	9.947874119992042	2.6877076411960132	0.8866760473054407	1.0		0.07142857142857142	0.0	4.081056806304174	15.946818979108295	0.08508619427124961	1.577215104598447	0.31670370767192657	1.601491401515307	3.69143252376768	0.8151740404239288	1.300544565486184	0.21855379002591	0.023255813953488372	0.019933554817275746	8.687707641196013	14.902857595526202	0.5884069591810014	1.8056747271189955	0.5368592441180308	0.9323444408238456	207	69	0.23015905819860924	0.013074350537580024	112.21351408958435	True	8.57	627
9SI4	d005b3d8ed6ab71e5ebd50c1b26a2ffb	301	2.0	15001	218	33	17	17	17	13.000000000000183	11	42	-0.9999999999999978	-2	6	11	1.099999999983059e-05	1.1666388765113187	0.12743719494034822	1.23929085059302	0.8089440324748861	0.1917883720216065	2.7772927734709674	1.0317240257677824	4.43216597822377	1.454458247964047	3.5766658086446563	1.8916608221632583	0.009966777408637873	314.7939526528588	19.690860654650017	-0.04618735420649845	0.11930134699598972	1.7791604249474202	3.2257318583919483	5.21594684385382	1.1854088759388006	1.0		0.7857142857142857	0.6428571428571429	3.862175176592587	15.967914174870419	0.09118117558346611	0.5964458904460249	0.15321979280212722	0.7160809488266874	3.0071267738918563	0.5616479983861499	0.9034410745583595	0.07136635467331191	0.0	0.0	38.77408637873754	8.196230774943245	0.6399838690306122	2.0317666451453027	0.6117590404789861	1.5898495877557646	51	10	0.7626417691375373	0.302437553672532	105.13752150535583	True	6.0	626
9SI4	d1324bec8ed2f7c4caac7dd5ac774f98	301	2.0	15001	218	23	14	9	9	13.000000000000183	11	42	1.2212453270876722e-15	-1	3	7	9.99999999995449e-06	0.9969729732138038	0.09957460053564043	1.059449705049805	0.6054356918066051	0.11400852365531339	10.492794879524551	4.86173928874516	7.733729125846283	8.963420960589252	27.73309500195092	5.551822029836722	0.973421926910299	207.87511751235556	51.85275042279424	0.0	0.0	6.790054718390761	8.108166878084885	1.7475083056478404	0.6439357575859518	0.9767441860465116		0.25	0.25	3.506406991749688	15.943559962439007	0.08325879640704789	0.46384199279636074	0.16911909335688427	0.6530173446240374	2.7105280943776604	0.685954689352865	0.0	0.0	0.0	0.0	9.069767441860465	9.098489320724548	0.5872157883331641	1.8486513160914322	0.5053444182805729	0.8011655307566548	197	103	0.19307771920565048	0.17631932000789932	116.26348662376404	True	8.19	626
9SI4	d9a52d46c0ccf0c1913e0eebbacfc330	301	2.0	15001	218	19	12	12	12	13.000000000000183	11	42	2.0000000000000013	1	5	8	-5.999999999950489e-06	0.9920438777204756	0.1019021108366193	1.1594881582020904	0.6111581402725957	0.14300700379318515	8.898621780968202	5.044653560554096	15.04503369875543	8.301600043090811	19.309528116671697	14.384021069472846	0.6976744186046512	207.05787751381325	40.240597670761794	0.0	0.0	7.68592661716205	8.75728512905928	0.15946843853820597	0.408975362351473	0.14285714285714285		0.2	0.2	3.040850094119352	15.956507716374523	0.09696643206699355	0.13938849815076745	0.0355960142640945	0.19049114315971222	2.2719319980839003	0.5222884973894611	0.0	0.0	0.0	0.0	12.916943521594684	13.971128700630015	0.6213883931251859	2.0116612918269037	0.5153115900929482	0.6875090433890968	120	54	0.6563231336652022	0.23425725400760322	107.63449907302856	False	5.32	626
9SI4	dbc5bdf0c84f89a682be5ac536c00bd2	301	2.0	15001	218	26	16	12	12	13.000000000000183	11	42	-0.9999999999999978	-2	4	8	2.7755575615628914e-16	1.1066052073676702	0.1246681044064088	1.1317156179928924	0.7547346112297634	0.15980805441257362	5.034995121598483	2.294284938995063	16.518344504144906	3.7577743436264637	17.683998259158347	16.09262442418437	0.6843853820598007	295.22397692967195	53.38761584346916	0.0	0.0	3.4096744928384273	4.0048351479699855	3.777408637873754	1.014981430754221	1.0		0.5833333333333334	0.0	2.5958092648848816	15.965812078520237	0.07681984276189895	0.9735495211342188	0.29472819987489873	0.9311019416865096	3.1640655624446747	0.7322651067053149	0.0	0.0	0.0	0.0	35.51495016611295	12.881156590042075	0.6564713213138837	2.5347872507654157	0.5833013383985276	0.9328249446138376	89	30	0.28936573603378674	0.8660283883493144	184.97531270980835	False	5.12	626
9SI4	de91618eee657d877d0668058bd50ff6	301	2.0	15001	218	28	15	13	13	13.000000000000183	11	42	1.2212453270876722e-15	-1	5	9	8.999999999537156e-06	1.10434979225472	0.13357456981821733	1.1354888819512154	0.8280068908850912	0.1545245397584299	11.045700033868792	3.9350272903386743	11.38169173186547	10.010231314207946	20.441407889074362	9.688906499139664	0.8704318936877077	206.58842194795437	37.71874037158114	0.0	0.0	6.3731333463571485	7.136457270840911	1.7973421926910298	0.6383061933942241	0.9833887043189369		0.08333333333333333	0.25	3.174115307294982	15.945615482774647	0.08367482032809945	0.8958805989548484	0.35747536757556836	0.3092231303937153	2.6920393550593595	0.6214724539445685	0.0	0.0	0.0	0.0	8.408637873754152	10.995126909344226	0.6149439004023343	2.1171364769457823	0.501784331096714	0.7598644527270563	251	120	0.3987289469579717	0.26450663032539284	93.9132673740387	False	5.05	626
9SI4	e8397fcd2197e27d094058bc02fbba6a	301	2.0	15001	218	42	20	20	20	13.000000000000183	11	42	-1.9999999999999996	-3	7	12	7.000000000229045e-06	1.093858182005934	0.14100132577673014	1.1694002323389472	0.6772331816744942	0.08525964969988142	2.1681322342837546	0.44053304672147475	2.031032634879373	0.7973506166003238	2.7857280206827424	0.6031858325672554	0.0	467.4999925396859	28.5153023937613	0.0016514778716556163	0.13681170695722855	1.173527532144282	1.5856175181879946	5.863787375415282	1.3657111887717335	1.0		0.8947368421052632	0.9473684210526315	1.8923898682653297	15.95061627183162	0.0884669889694848	0.9967045833770721	0.34386696138737227	0.8195938658847808	4.189314591450774	0.7364040919993698	0.8805528746247756	0.08131330101947648	0.0	0.0	69.07641196013289	14.57450129927771	0.6063449983428583	2.6127496764369758	0.4686692297241695	0.7599704829004599	37	5	0.8137180727399735	0.5205584397631996	104.79941654205322	False	4.5	627
9SI4	eb1eb691e1c65761a234212818817153	301	2.0	15001	218	30	19	17	17	13.000000000000183	11	42	-0.9999999999999969	-2	6	10	-3.608224830031759e-16	1.0216254824458992	0.09909848203188903	1.0287960187766458	0.646373828780294	0.10020459642033304	6.58926520895732	2.776862383695714	3.285293644837279	3.9662805057558375	7.535162569852374	1.5225603496868734	0.6677740863787376	294.87868788195385	35.3153499782493	0.0	0.0	3.3421536278381985	5.77261325739944	3.0930232558139537	0.9872868773546567	0.9966777408637874		0.5625	0.75	3.980250644847186	15.958255582980174	0.07546404248694612	0.5631137109816305	0.3542655033863238	0.2699677964688042	3.882688966322874	0.8374037511266234	0.0	0.0	0.0	0.0	35.72757475083056	10.651167972011349	0.591391092907081	2.016912969526109	0.5230990866510374	0.9523216050893376	93	23	0.39831965898314786	0.34108999124597605	106.29078435897827	False	5.09	626
9SI4	f93dfb8ee56b2a98182d0adc1030c114	301	2.0	15001	218	41	25	14	14	13.000000000000183	11	42	1.4432899320127035e-15	-1	5	10	6.000000000561112e-06	0.9865491995768065	0.11259964102461031	1.3883386239655222	0.7385761592510378	0.14459966676677488	7.105160800729668	2.281261324729188	8.44814474832223	4.938381358467791	9.271284545342427	6.192629956857452	0.8039867109634552	266.56322606871646	29.563383066461444	-0.03400100722508149	0.12757769966722998	4.125973809286146	6.506702266532777	2.5182724252491693	0.8093094174006958	0.9966777408637874		0.5384615384615384	0.38461538461538464	3.4166507337908194	15.960096620973216	0.0668882102492409	1.571730659409998	0.34453801760176783	1.7043684343173056	3.8619835966075073	0.5118740072867108	0.7794686013982949	0.3377628238898823	0.10631229235880399	0.10631229235880399	31.67109634551495	10.948450418763054	0.5864366928593899	1.8699200833177902	0.5302331922804223	0.8013389695503637	172	47	0.4775148723523131	0.5986156349204554	101.93484091758728	True	6.35	626
9SI4	fc4ddc57541f29488f09921d9b36bc97	301	2.0	15001	218	42	25	18	18	13.000000000000183	11	42	7.771561172376096e-16	-2	7	10	1.69999999996423e-05	1.062893313752941	0.1012953964445106	1.0493135517718521	0.7093683863578548	0.12469427618761211	9.660764905076551	2.789833450932362	13.129304838976305	7.924612158995978	12.302133237504766	11.659020152128143	0.8870431893687708	260.5849242835205	67.8553082285203	-0.014422192059241798	0.07881891467848648	6.047940846787833	8.034984628145216	3.219269102990033	1.0238489026336415	0.9966777408637874		0.29411764705882354	0.16666666666666666	7.188810439167529	15.946464500681019	0.08907861373865174	1.974813837500263	0.5897163788611532	1.1778019295924722	4.531941230588647	0.7150833194252795	0.9389084908828484	0.40095789340335103	0.023255813953488372	0.013289036544850499	26.64451827242525	12.365282480172064	0.6278459443096258	2.048374210196971	0.5337611880994505	0.837434977958804	261	139	0.4351516776385578	0.36100130332316877	108.36831784248352	False	5.16	628
9SI4	ffdbd2aa8cc03f78eb6b433fe1a74c09	301	2.0	15001	218	48	22	18	18	13.000000000000183	11	42	-0.9999999999999969	-2	8	10	-1.700000000040558e-05	1.071480668536865	0.11046061261854438	1.1363498170304398	0.6556330086439892	0.09066049458585432	11.227668616142394	4.435435574815135	16.799427890729845	9.367843003933407	18.252741391266845	15.727030489167	0.8571428571428571	265.1579298648243	58.77641284581012	-0.004609291159055021	0.09087830672890211	6.428161536031942	7.8891812089530875	1.8006644518272426	0.6046329083440682	0.9900332225913622		0.2	0.2	8.577704991189403	15.94370709699253	0.08364133067332179	1.6352586968368596	0.5660313294118021	0.7111064479077459	3.633176169843864	0.5019705593280092	0.8692798698834555	0.06818436217046654	0.046511627906976744	0.03322259136212625	14.50498338870432	10.061809399329148	0.6168944879189219	2.4386243805752272	0.48732356011452527	0.7643197100681813	252	116	0.44602760459969204	0.08800156969538246	111.82032179832458	True	6.75	627
