config,cid,status,ns_day,wall_s
sp00,971c944ef6916e2840b6d63b8f00425e,OK,868.299,1995
sp00,f885f085c98c18670a7ddbe3c7a763da,OK,728.584,2375
sp00,def33b1b26713c8ce7794e1cee2141c6,OK,727.844,2377
sp00,37eaa144facb029500f427e04d484481,OK,726.870,2380
sp00,a1409d89193dd0a7a4a54efb7c4b0b88,OK,723.093,2393
sp00,9c772b2f96c879dc662e5f137990844f,OK,719.324,2405
sp00,20ffceabec2b95cc0b401b1d1e504f6b,OK,719.046,2405
sp00,4232bcfa9c606f52c8067ff9e22fe8af,OK,716.395,2415
sp00,187b2fb9351c5f10d65f710e85056c31,OK,690.903,2504
sp00,f885f085c98c18670a7ddbe3c7a763da,OK,860.525,2011
sp00,e157f064686d18428292a95c75eebffe,OK,990.544,1750
sp00,0220b4986165db73cd9f0775b82b7838,OK,847.725,2043
sp00,def33b1b26713c8ce7794e1cee2141c6,OK,845.191,2048
sp00,20ffceabec2b95cc0b401b1d1e504f6b,OK,844.377,2050
sp00,335dd6fbc3377cdcf2401cfc6056bc9c,OK,853.503,2028
sp00,187b2fb9351c5f10d65f710e85056c31,OK,840.046,2061
sp00,9c772b2f96c879dc662e5f137990844f,OK,838.417,2065
sp00,37eaa144facb029500f427e04d484481,OK,836.704,2069
sp00,a1409d89193dd0a7a4a54efb7c4b0b88,OK,834.523,2074
sp00,4232bcfa9c606f52c8067ff9e22fe8af,OK,833.971,2076
sp00,62064a9f6b5d461a4c097abbc9bffe7a,OK,857.566,2019
sp00,bb0523a55a6136f05a592d05fd8ff8de,OK,853.449,2028
sp00,d1324bec8ed2f7c4caac7dd5ac774f98,OK,849.317,2037
sp00,6564af0e70be4d43388870363762e68c,OK,840.445,2059
sp00,909628c1d41006cf8bdc95b988228e4f,OK,837.988,2066
sp00,59573ee97914f33c9708de5aa2e356b5,OK,827.740,2092
sp00,5d9bbfbd38feae26823caf531a5db1a6,OK,826.658,2094
sp00,253860e6145c4fd6dd9cbc288515e367,OK,812.873,2129
sp03,03f5731ad72b97ea2fd1ec352fe5dde0,OK,772.918,2241
sp02,d14a66e8dd811490ccafaf75afa970de,OK,1002.633,1727
sp02,b60c297c7199140f1f38ac6909b5bf24,OK,871.744,1987
sp02,e93a4d36831e1c123940b06eb94b7e74,OK,848.729,2041
sp02,b935f060fc633ecb59aac069eeb99d71,OK,850.253,2036
sp06,69da907af4c1f2f8307d027d4ab80d72,OK,825.693,2096
sp02,1a263985d22c81f9d3e9eb46e23d21ab,OK,846.398,2047
sp02,295199ed8a4621a340b6b79b4024bec4,OK,842.669,2055
sp02,266bbb49e60781aca4002ea95c99c033,OK,841.494,2058
sp02,0f35616c28aaaf8c39fd2467e3d2cebd,OK,839.669,2063
sp02,0a8bd2b181a818ac245c132acb3ffd18,OK,837.541,2068
sp05,ca3e30b78b8b15c1aa76fed50341d715,OK,765.640,2261
sp05,5e2a23cb4d697cfdd0e84f4a2481d982,OK,763.469,2267
sp05,5b6d2943bab2409bd0928714d9016311,OK,751.560,2304
sp05,d8a2b383fc51f79cc2469b166af9122c,OK,753.681,2297
sp05,69ea6e3ad23ea569f4bbfa0263cb5bdc,OK,746.695,2318
sp01,bc9b7c54eb864a288d845c2e1a4018a9,OK,617.339,2804
sp05,03f5731ad72b97ea2fd1ec352fe5dde0,OK,725.604,2385
sp04,99c9a8dee8fadf56676d8f90e6848e58,OK,889.832,1946
sp05,79ff013c97a88f8bec1adfae42218746,OK,1097.133,1578
sp05,2b0f0d7f8914675eaf8e2f5aee81598d,OK,708.073,2445
sp01,48a1e72551999e470167671de99c60b0,OK,579.856,2984
sp04,03f5731ad72b97ea2fd1ec352fe5dde0,OK,859.017,2015
sp04,2cb6e34fab1ee523b2a48790b68ad465,OK,850.971,2035
sp04,39cbab9e91b4af7ae5b0eed4a14b90f9,OK,807.996,2143
sp03,e111d883881d5735e54ce398821e189a,OK,708.156,2444
sp03,b97da2a131609768b2ffb5b85b870db2,OK,706.049,2451
sp04,e13195a3669e20a1cb71ccb752460291,OK,870.067,1991
sp04,7f401a529b655f4a54438d8f5d6f0225,OK,854.290,2027
sp04,2b0f0d7f8914675eaf8e2f5aee81598d,OK,849.152,2039
sp04,ace45146c6a78c8039ff1fcd87b39fda,OK,859.056,2016
sp04,de1492a39ee5b6346482dc83a1060a60,OK,844.346,2051
sp04,1f270ea65cd761a78a0ed8ab4ee8fec0,OK,853.900,2028
sp03,a9feaf2e38ac31b8f513a09f91500ce9,OK,724.216,2390
sp03,8f625b232d5b3f24ef0fccc5663f85b7,OK,723.251,2394
sp04,395f47b77b5f161c28c20393b39e9076,OK,843.890,2052
sp04,e5ec85f1b96ce3d4ca5d747969350f0f,OK,842.435,2056
sp05,eb86c0e119d2fe75487a399c76724176,OK,1076.469,1610
sp05,8016222bad11f4d65a8f6f4e49b5cd67,OK,1022.868,1694
sp05,3c117a293542d626d77f570da38bd5f1,OK,907.382,1908
sp05,c2f2ee45493f8ae40c2fd957499cc3f6,OK,879.024,1971
sp06,4438f9709f9cecfb7ddd62b05fff9f8d,OK,953.067,1817
sp05,03f5731ad72b97ea2fd1ec352fe5dde0,OK,865.027,2002
sp06,47a8000e16980306005511b953a06ecf,OK,947.828,1826
sp05,395f47b77b5f161c28c20393b39e9076,OK,859.742,2013
sp05,de1492a39ee5b6346482dc83a1060a60,OK,859.317,2015
sp05,7f401a529b655f4a54438d8f5d6f0225,OK,856.512,2021
sp05,e13195a3669e20a1cb71ccb752460291,OK,855.663,2024
sp06,b85a22ec0aa0dc6afd4221dc2f0bb482,OK,935.505,1851
sp05,5e2a23cb4d697cfdd0e84f4a2481d982,OK,847.791,2041
sp05,2b0f0d7f8914675eaf8e2f5aee81598d,OK,844.538,2050
sp05,ace45146c6a78c8039ff1fcd87b39fda,OK,837.120,2068
sp05,e5ec85f1b96ce3d4ca5d747969350f0f,OK,835.210,2073
sp06,8aec869639fd159e3c91d77b4fcc4e79,OK,972.318,1782
sp06,77b75df8109925be76df5616a3e1c899,OK,967.696,1791
sp06,ba808f52df2ffa29ea7a2a6a9cd5f0b8,OK,952.414,1818
sp06,c2f2ee45493f8ae40c2fd957499cc3f6,OK,949.374,1825
sp06,f1a057393d7efd3f562b774490f9dfd1,OK,947.386,1828
sp06,e40809a6930ce378fdcb37d1b644e2d6,OK,929.304,1864
sp06,37f9f904b3a0eaee2c624e4559ebe52f,OK,940.229,1842
sp06,3c117a293542d626d77f570da38bd5f1,OK,934.337,1855
sp06,ea7f0fb058ae9dd251ae33c9d872926b,OK,931.645,1858
sp06,cabddb27a77b57b277eb28c407a26d3f,OK,932.130,1859
sp06,9dff198666f179b8a182da3e203eae73,OK,926.647,1869
sp06,752f05c1f66a8f4b3b1789ec136a4c33,OK,926.056,1871
sp06,0708a8656ea2024a7a2f0e1407f518a7,OK,920.783,1882
sp04,3116f4c5342bf41e08cd23593057d9ac,OK,580.316,2981
sp06,0790157ee26dfb0fea3a1ce3db026f75,OK,904.190,1915
sp10,1bf5ed1e98a047c67826a7fd54dcf64f,OK,1032.272,1678
sp06,ee504f886574b282ca630cb14509614b,OK,743.898,2327
sp06,3d395f6de7723b7b1aeebfb375bb1c5d,OK,742.730,2331
sp06,6fe2e1378b320a53571e4688376156bc,OK,742.025,2332
sp06,11575d57d06531080c7c3f1703538086,OK,737.274,2348
sp06,295199ed8a4621a340b6b79b4024bec4,OK,905.507,1911
sp06,0a8bd2b181a818ac245c132acb3ffd18,OK,877.856,1971
sp11,4438f9709f9cecfb7ddd62b05fff9f8d,OK,1117.277,1550
sp06,e705cc4eb668b2bbc015283bc2b78b89,OK,732.996,2361
sp06,1a263985d22c81f9d3e9eb46e23d21ab,OK,847.296,2043
sp07,eb86c0e119d2fe75487a399c76724176,OK,1131.476,1531
sp07,c2f2ee45493f8ae40c2fd957499cc3f6,OK,955.612,1811
sp09,0a826045d720c0a795bd1979a728e35c,OK,677.441,2554
sp07,77b75df8109925be76df5616a3e1c899,OK,943.740,1835
sp07,8aec869639fd159e3c91d77b4fcc4e79,OK,943.514,1835
sp07,e40809a6930ce378fdcb37d1b644e2d6,OK,943.390,1835
sp07,ba808f52df2ffa29ea7a2a6a9cd5f0b8,OK,930.306,1862
sp07,fa512f9f244e78009694ff207c157f04,OK,1141.146,1520
sp07,cabddb27a77b57b277eb28c407a26d3f,OK,915.680,1891
sp07,aa4ab13cb4df4d90f08700b97350a57b,OK,1077.164,1609
sp07,b2d145c83fe363359f846985aa11d3ba,OK,1096.778,1580
sp07,6f8f3139923f55cc6cf8ceaccedb3aa4,OK,1076.578,1610
sp06,b935f060fc633ecb59aac069eeb99d71,OK,907.912,1908
sp07,d4a029e120a4109e548f939835fea733,OK,905.493,1912
sp07,1bf5ed1e98a047c67826a7fd54dcf64f,OK,902.019,1919
sp12,0790157ee26dfb0fea3a1ce3db026f75,OK,1121.634,1545
sp07,ca3e30b78b8b15c1aa76fed50341d715,OK,900.865,1922
sp07,b8ac149673f7c3cd33b88439965cd67f,OK,885.634,1954
sp07,b6465c8ac0ed173d3faf7c401e0c4924,OK,883.643,1959
sp15,25f842cc3cf5b87a32d72adc77c97780,MDRUN_FAIL,,456
sp08,cb20abd70e0ece3d85e1338101d4bd72,OK,888.423,1948
sp08,a864b4e510a4a9f05aa2438e3cebd634,OK,884.343,1957
sp08,98cf559a50ee84d38e7648c91b0c564d,OK,897.783,1928
sp08,d60363c0fec1c05a155d848f9a232a3e,OK,862.091,2007
sp13,88de53427c78a4f8890a2b946385d70b,OK,1145.895,1512
sp08,5d418a86059c42695f5856b68e7a7118,OK,937.839,1846
sp08,642b2e0e340ac4d3adcf66589e7fd012,OK,934.305,1853
sp08,b60c297c7199140f1f38ac6909b5bf24,OK,930.645,1860
sp08,c42e22237c07702a044507738b0805b2,OK,898.851,1925
sp08,c842104ea7034c335c96f16efde3aff4,OK,890.052,1944
sp08,424689a2bad294c9a4d19ed5924324de,OK,887.176,1951
sp08,ff8edf23e1c4463cdc767531d804cef1,OK,879.260,1968
sp08,c5cf1f886c6849f8233c8b282a929680,OK,893.105,1938
sp08,e93a4d36831e1c123940b06eb94b7e74,OK,887.748,1949
sp07,5b6d2943bab2409bd0928714d9016311,OK,868.158,1995
sp08,7024d698ad06da1b887b5df50f7728d3,OK,966.399,1793
sp08,88de53427c78a4f8890a2b946385d70b,OK,880.636,1965
sp11,166e854e6f7609934b769fb3b19101c0,OK,729.258,2373
sp08,ff032b5793a25a8e4f9611a34a394671,OK,939.466,1844
sp08,e49cfa366cc64bab8e1edf37b372cbf6,OK,938.272,1847
sp08,3f6e40d3068fb0fd99bfa763ed0ca2bb,OK,953.287,1817
sp08,e32bacbac8502d337dc3d54d78b564a2,OK,943.934,1835
sp08,fa4de5e62b4e32e8b3d71088211803e0,OK,941.984,1839
sp08,4a67881e46b87364ec2e0ec7cbbf0bec,OK,941.919,1839
sp08,b19d1a70ff3d2abd6986665d47eff086,OK,936.697,1849
sp08,922db9175a15e6a2d34d02717b0de6ab,OK,883.540,1960
sp08,65fcca610b91676d473a89c0858c6ffc,OK,918.840,1884
sp00,bf34923dc4f956fa0c26fb0a54550049,OK,1000.941,1730
sp08,eb1eb691e1c65761a234212818817153,OK,901.250,1920
sp00,492b610efd391e76c199bfed5b16cf2a,OK,993.901,1742
sp08,69da907af4c1f2f8307d027d4ab80d72,OK,894.437,1935
sp15,4a67881e46b87364ec2e0ec7cbbf0bec,OK,1238.674,1398
sp08,de91618eee657d877d0668058bd50ff6,OK,883.439,1959
sp08,e8397fcd2197e27d094058bc02fbba6a,OK,939.641,1842
sp08,047b4e5133e0d4a8a3c4c2b9f29f5ee1,OK,935.550,1850
sp08,0b8c97a20e0da60b11a122b27f6c8b62,OK,933.414,1855
sp08,9fdebd3e36d16344b05f496394363d9c,OK,907.499,1907
sp08,9e7607ef3d929c5fd46ea0dc7f23f535,OK,902.754,1917
sp08,359e38e810d725751e2260e2b3006df9,OK,901.007,1921
sp03,c6780a0007686453a29186d9ec94b23f,OK,340.851,5074
sp08,12004f3f2e7c95e0f8ddf8877cb7684c,OK,762.153,2271
sp08,b9b9bfeefa0e6a15732b8a6efe510a7f,OK,755.122,2292
sp08,8b7977f1eab9ea4074744154d19bfa8d,OK,752.805,2299
sp08,83426a9786b17364e36e1efe6db37be6,OK,748.769,2312
sp08,427745a99482f89e2af213daac24f2c4,OK,748.349,2313
sp08,57f8d9f325a6ba6d6f33f1306c042866,OK,748.187,2313
sp08,1dd183338ac9d0d5904e89f4aca06e34,OK,747.870,2314
sp08,5aeaf69cbe372b3d35c6e0ef066dc05b,OK,747.105,2316
sp08,b97da2a131609768b2ffb5b85b870db2,OK,756.093,2291
sp18,d53bf0815e07a7eed23cd2bbc64997ea,MDRUN_FAIL,,521
sp08,e111d883881d5735e54ce398821e189a,OK,740.479,2339
sp00,9c39d3ac13c2b5c81959b897757d862d,OK,722.270,2395
sp00,302044e4781ac510fc30f16377e71d45,OK,716.338,2415
sp00,6fe2e1378b320a53571e4688376156bc,OK,714.781,2420
sp14,ceb2b49097d65c6344d7760b76a49be7,OK,770.670,2247
sp00,3d395f6de7723b7b1aeebfb375bb1c5d,OK,713.170,2426
sp00,11575d57d06531080c7c3f1703538086,OK,712.605,2428
sp00,3fa0c6c3d51d517940f2d737b2a070f2,OK,709.913,2437
sp08,d1d524dd925a24438ecd2d014b089d87,OK,593.713,2914
sp00,ee504f886574b282ca630cb14509614b,OK,695.042,2490
sp08,0a826045d720c0a795bd1979a728e35c,OK,589.362,2935
sp08,71d81c144a98e11bef7a990464b30910,OK,574.970,3008
sp14,6e359d9430a2de705d89d808ead7c331,OK,755.589,2292
sp17,fd5ba50d24141a833001dc12a320fc8f,OK,1152.016,1505
sp17,0708a8656ea2024a7a2f0e1407f518a7,OK,1235.321,1403
sp00,0d441b18656df0b6da1659391eb123e7,OK,714.021,2423
sp00,47d61683781a3671bead51f8f8e84eb9,OK,713.370,2425
sp11,ea054fd43eb193b0b6268f917ed60185,OK,445.023,3887
sp00,d53bf0815e07a7eed23cd2bbc64997ea,OK,725.891,2384
sp00,e705cc4eb668b2bbc015283bc2b78b89,OK,707.008,2447
sp11,308f2419f5e0ca7b6d39aac23a7de2ff,OK,446.693,3872
sp11,26daa23c738cb8c7dababa4ee2a1c4fb,OK,447.440,3866
sp00,6625c7dedbb9078036a34c78f2ad4182,OK,715.903,2417
sp11,d15af9a4462ff88f2cfafbc6cc94912e,OK,445.229,3885
sp01,8aec869639fd159e3c91d77b4fcc4e79,OK,886.545,1952
sp11,57bff1b2673d3c8b9006213161935522,OK,445.101,3886
sp00,066409425aa3969efdeb577c7443fbbd,OK,708.687,2442
sp01,77b75df8109925be76df5616a3e1c899,OK,862.357,2007
sp08,e123cf065380d0b0c8f3053e9ba7be61,OK,590.466,2931
sp16,8f625b232d5b3f24ef0fccc5663f85b7,OK,937.722,1847
sp00,d4f996968bb63065cac387c064aaed66,OK,722.028,2396
sp01,cabddb27a77b57b277eb28c407a26d3f,OK,847.656,2042
sp11,ba32a5ca5c7e6e2db41283cf2f90660d,OK,444.869,3888
sp00,1a263985d22c81f9d3e9eb46e23d21ab,OK,831.126,2082
sp06,96e384ca0fb900959cf2205b9121fb47,OK,358.211,4830
sp00,2be277119d6eae84726b1921013ba77e,OK,722.766,2393
sp17,a1409d89193dd0a7a4a54efb7c4b0b88,OK,1118.311,1550
sp01,0708a8656ea2024a7a2f0e1407f518a7,OK,897.886,1928
sp06,abcebd7334a50be9b204a4899d5d8881,OK,355.717,4864
sp00,cee48dd72369c4e1f48b01651c970791,OK,679.136,2547
sp06,b4d6bf83422567e92f6475f4f9bd6ec8,OK,355.028,4873
sp17,9c772b2f96c879dc662e5f137990844f,OK,1095.676,1582
sp06,6c4846b6eaf17057657b89d9f3678cfc,OK,354.223,4884
sp06,819a7f7be372131a469fbed045c9eb33,OK,354.137,4885
sp06,40cb8b0c3343c02f5a6c40f02757e920,OK,355.817,4862
sp01,752f05c1f66a8f4b3b1789ec136a4c33,OK,878.746,1970
sp06,ca1e569ab7c7bc83c949f9e20ed78453,OK,353.372,4896
sp06,163d7079bdd82c1e475b5abe5436959a,OK,353.185,4899
sp06,b2bcac7a4f0262268b1a6d2db8d7eb5a,OK,352.232,4912
sp06,c82e0b161bf77b819bbafff08f9a082e,OK,352.197,4912
sp06,de36f12fbdb6f099ba5ac3231fe389e0,OK,351.556,4921
sp06,c94a26f4dff73a180f04c48dad017723,OK,349.632,4948
sp00,353af6c9cfe7ecb0019d13eaa7b46eaf,OK,724.598,2388
sp06,c6780a0007686453a29186d9ec94b23f,OK,349.414,4951
sp06,7a1bbdb9f1f8528edd767025c45e5cc8,OK,349.330,4952
sp19,c94a26f4dff73a180f04c48dad017723,MDRUN_FAIL,,647
sp06,ac0197ee4a02894e2611e255e0125503,OK,350.809,4931
sp06,cfe4d9b13bebf025bdbd30504f03c83a,OK,349.139,4955
sp06,fbf450a68aa0a625ec13f6c762944a3b,OK,346.797,4989
sp06,5266e860e65e5fc94b8ebfcb7843c31f,OK,348.575,4964
sp20,b9b9bfeefa0e6a15732b8a6efe510a7f,MDRUN_FAIL,,411
sp00,0a8bd2b181a818ac245c132acb3ffd18,OK,847.892,2042
sp00,12004f3f2e7c95e0f8ddf8877cb7684c,OK,723.279,2392
sp00,427745a99482f89e2af213daac24f2c4,OK,719.529,2404
sp00,b9b9bfeefa0e6a15732b8a6efe510a7f,OK,718.486,2408
sp20,353af6c9cfe7ecb0019d13eaa7b46eaf,MDRUN_FAIL,,488
sp20,12004f3f2e7c95e0f8ddf8877cb7684c,MDRUN_FAIL,,399
sp00,1dd183338ac9d0d5904e89f4aca06e34,OK,732.087,2363
sp00,295199ed8a4621a340b6b79b4024bec4,OK,837.856,2066
sp00,b935f060fc633ecb59aac069eeb99d71,OK,836.846,2069
sp20,2be277119d6eae84726b1921013ba77e,MDRUN_FAIL,,524
sp20,427745a99482f89e2af213daac24f2c4,MDRUN_FAIL,,413
sp00,f3bf65b5c175c4eb9a32b952ec009daa,OK,831.896,2081
sp00,8b7977f1eab9ea4074744154d19bfa8d,OK,720.001,2403
sp00,83426a9786b17364e36e1efe6db37be6,OK,718.893,2407
sp20,83426a9786b17364e36e1efe6db37be6,MDRUN_FAIL,,464
sp19,e93a4d36831e1c123940b06eb94b7e74,MDRUN_FAIL,,804
sp20,8b7977f1eab9ea4074744154d19bfa8d,MDRUN_FAIL,,503
sp19,40cb8b0c3343c02f5a6c40f02757e920,MDRUN_FAIL,,881
sp20,d4f996968bb63065cac387c064aaed66,MDRUN_FAIL,,485
sp20,cee48dd72369c4e1f48b01651c970791,MDRUN_FAIL,,509
sp19,819a7f7be372131a469fbed045c9eb33,MDRUN_FAIL,,888
sp00,5aeaf69cbe372b3d35c6e0ef066dc05b,OK,724.754,2387
sp19,ca1e569ab7c7bc83c949f9e20ed78453,MDRUN_FAIL,,813
sp18,543c819ac4256fe5b41298770a798122,OK,1439.348,1205
sp01,0ba0e185398f759ca91fbd5fa3f0803a,OK,850.788,2035
sp01,282b4e352d38ef07443209435439bcea,OK,850.800,2034
sp21,f885f085c98c18670a7ddbe3c7a763da,MDRUN_FAIL,,599
sp19,3c117a293542d626d77f570da38bd5f1,OK,1423.710,1216
sp19,b60c297c7199140f1f38ac6909b5bf24,MDRUN_FAIL,,1073
sp01,fa95727eed889db7226aa52d7509284a,OK,831.437,2082
sp01,d4a029e120a4109e548f939835fea733,OK,848.707,2039
sp01,b6465c8ac0ed173d3faf7c401e0c4924,OK,844.951,2048
sp01,1bf5ed1e98a047c67826a7fd54dcf64f,OK,844.088,2051
sp01,b8ac149673f7c3cd33b88439965cd67f,OK,839.804,2060
sp01,5b6d2943bab2409bd0928714d9016311,OK,836.654,2068
sp18,de91618eee657d877d0668058bd50ff6,OK,1429.932,1212
sp18,69da907af4c1f2f8307d027d4ab80d72,OK,1428.218,1214
sp01,69ea6e3ad23ea569f4bbfa0263cb5bdc,OK,842.605,2054
sp19,37f9f904b3a0eaee2c624e4559ebe52f,OK,1366.312,1267
sp01,ca3e30b78b8b15c1aa76fed50341d715,OK,806.284,2147
sp01,d8a2b383fc51f79cc2469b166af9122c,OK,823.539,2102
sp19,9dff198666f179b8a182da3e203eae73,MDRUN_FAIL,,1036
sp22,9c39d3ac13c2b5c81959b897757d862d,MDRUN_FAIL,,343
sp01,5e2a23cb4d697cfdd0e84f4a2481d982,OK,839.901,2060
sp22,3d395f6de7723b7b1aeebfb375bb1c5d,MDRUN_FAIL,,341
sp21,642b2e0e340ac4d3adcf66589e7fd012,MDRUN_FAIL,,814
sp01,2b0f0d7f8914675eaf8e2f5aee81598d,OK,852.588,2030
sp01,03f5731ad72b97ea2fd1ec352fe5dde0,OK,844.243,2050
sp21,5d418a86059c42695f5856b68e7a7118,MDRUN_FAIL,,822
sp22,3fa0c6c3d51d517940f2d737b2a070f2,MDRUN_FAIL,,459
sp01,395f47b77b5f161c28c20393b39e9076,OK,854.693,2025
sp01,1f270ea65cd761a78a0ed8ab4ee8fec0,OK,854.407,2026
sp01,de1492a39ee5b6346482dc83a1060a60,OK,852.121,2031
sp01,ace45146c6a78c8039ff1fcd87b39fda,OK,849.968,2036
sp01,e5ec85f1b96ce3d4ca5d747969350f0f,OK,846.768,2044
sp01,7f401a529b655f4a54438d8f5d6f0225,OK,842.853,2054
sp01,e13195a3669e20a1cb71ccb752460291,OK,840.602,2059
sp19,ea7f0fb058ae9dd251ae33c9d872926b,OK,1385.211,1250
sp21,fa4de5e62b4e32e8b3d71088211803e0,MDRUN_FAIL,,836
sp22,cb20abd70e0ece3d85e1338101d4bd72,MDRUN_FAIL,,611
sp01,0f35616c28aaaf8c39fd2467e3d2cebd,OK,838.309,2065
sp01,266bbb49e60781aca4002ea95c99c033,OK,829.713,2086
sp22,302044e4781ac510fc30f16377e71d45,MDRUN_FAIL,,402
sp20,a5b2fb04b878e9fff4b764e79cf06db2,OK,1377.547,1258
sp22,6fe2e1378b320a53571e4688376156bc,MDRUN_FAIL,,350
sp23,98cf559a50ee84d38e7648c91b0c564d,MDRUN_FAIL,,563
sp01,8dcaa68c20948305aa767048b2da4ec2,OK,590.048,2932
sp01,3f4c270aff052556802e3ea59a80940f,OK,614.623,2815
sp22,11575d57d06531080c7c3f1703538086,MDRUN_FAIL,,407
sp01,3701efaa518b8864dbdbd2befc3c3bad,OK,586.372,2951
sp23,a864b4e510a4a9f05aa2438e3cebd634,MDRUN_FAIL,,613
sp23,b7649d4e54db2998f4f380ff5b78484d,MDRUN_FAIL,,465
sp22,492b610efd391e76c199bfed5b16cf2a,MDRUN_FAIL,,504
sp01,b336313e484c9484749cc0714b940ff4,OK,578.671,2989
sp01,ceb2b49097d65c6344d7760b76a49be7,OK,614.822,2814
sp21,8aec869639fd159e3c91d77b4fcc4e79,MDRUN_FAIL,,1023
sp21,0708a8656ea2024a7a2f0e1407f518a7,MDRUN_FAIL,,994
sp22,bf34923dc4f956fa0c26fb0a54550049,MDRUN_FAIL,,522
sp20,238dd65aac42b2b34162c0b51a84d1db,OK,1329.609,1303
sp21,7f401a529b655f4a54438d8f5d6f0225,MDRUN_FAIL,,902
sp23,c52270f78e77bf608aafaa68736e6b18,MDRUN_FAIL,,486
sp21,d03b3614f1c49ff6b9fbf5832ee9770f,MDRUN_FAIL,,1087
sp21,922db9175a15e6a2d34d02717b0de6ab,MDRUN_FAIL,,817
sp21,4a67881e46b87364ec2e0ec7cbbf0bec,MDRUN_FAIL,,818
sp01,eff71722c9c04f7e61a0cf427b3c6019,OK,614.124,2817
sp23,424689a2bad294c9a4d19ed5924324de,MDRUN_FAIL,,676
sp01,c52270f78e77bf608aafaa68736e6b18,OK,612.163,2826
sp23,4ec28cb2a7a8589319f3a418eb12f1fd,MDRUN_FAIL,,537
sp23,ccb9fbbe8dccd3e51806073eb486a17c,MDRUN_FAIL,,556
sp23,c42e22237c07702a044507738b0805b2,MDRUN_FAIL,,665
sp23,c842104ea7034c335c96f16efde3aff4,MDRUN_FAIL,,634
sp21,b19d1a70ff3d2abd6986665d47eff086,MDRUN_FAIL,,860
sp23,d60363c0fec1c05a155d848f9a232a3e,MDRUN_FAIL,,771
sp21,752f05c1f66a8f4b3b1789ec136a4c33,MDRUN_FAIL,,1019
sp01,73ee76fa0a7cddc97ed2eb037810cd66,OK,574.328,3012
sp01,70ccfc52bf05ee3830737995c6d93f9c,OK,582.965,2966
sp21,cabddb27a77b57b277eb28c407a26d3f,OK,1510.263,1147
sp23,9c898bacf201efb96fbd136bddcadbcd,MDRUN_FAIL,,560
sp21,77b75df8109925be76df5616a3e1c899,OK,1422.928,1217
sp01,b4b28e7bbe6caf601c6f1d9f426e6b74,OK,581.799,2972
sp02,6b43e44fb3ada6de6c351a68d32eaa65,OK,1002.245,1728
sp01,4ec28cb2a7a8589319f3a418eb12f1fd,OK,576.160,3001
sp01,ccb9fbbe8dccd3e51806073eb486a17c,OK,575.557,3005
sp02,cc7b6263adb98dd621cdb08fde955a6f,OK,959.238,1805
sp23,db2ffa37256932f6732629ec5f2a035f,MDRUN_FAIL,,341
sp01,9c898bacf201efb96fbd136bddcadbcd,OK,576.463,3000
sp23,8dcaa68c20948305aa767048b2da4ec2,MDRUN_FAIL,,526
sp25,5aeaf69cbe372b3d35c6e0ef066dc05b,MDRUN_FAIL,,347
sp01,1468bf8fe44d2660d4245111ed256bb3,OK,547.591,3159
sp24,abcebd7334a50be9b204a4899d5d8881,MDRUN_FAIL,,589
sp01,8334c32de8facb541aeda11ba000b299,OK,546.317,3165
sp25,8f625b232d5b3f24ef0fccc5663f85b7,MDRUN_FAIL,,333
sp21,e13195a3669e20a1cb71ccb752460291,OK,1384.443,1250
sp21,3f6e40d3068fb0fd99bfa763ed0ca2bb,OK,1516.755,1142
sp21,e49cfa366cc64bab8e1edf37b372cbf6,OK,1528.958,1133
sp22,909628c1d41006cf8bdc95b988228e4f,MDRUN_FAIL,,1097
sp25,a9feaf2e38ac31b8f513a09f91500ce9,MDRUN_FAIL,,365
sp25,bc27b2dd2f1cfe96f171984d54609c4e,MDRUN_FAIL,,362
sp24,9c898bacf201efb96fbd136bddcadbcd,MDRUN_FAIL,,469
sp23,bc9b7c54eb864a288d845c2e1a4018a9,MDRUN_FAIL,,636
sp24,65316367b1c7ba80511f9cb5fb2fd2a4,MDRUN_FAIL,,500
sp25,e111d883881d5735e54ce398821e189a,MDRUN_FAIL,,415
sp25,b97da2a131609768b2ffb5b85b870db2,MDRUN_FAIL,,424
sp25,57f8d9f325a6ba6d6f33f1306c042866,MDRUN_FAIL,,439
sp25,f444bf4b2a5712cdb76e326e74202030,MDRUN_FAIL,,417
sp01,db2ffa37256932f6732629ec5f2a035f,OK,543.593,3182
sp24,e157f064686d18428292a95c75eebffe,MDRUN_FAIL,,593
sp25,22449a0ea60f206a1700d752b8923709,MDRUN_FAIL,,420
sp24,d1a961f69c709d74aaec2945249f508c,MDRUN_FAIL,,621
sp25,519f148d49ef68ce3782c8eab23fa39e,MDRUN_FAIL,,484
sp25,1c58151c5cca3757a0dafb204cf925ad,MDRUN_FAIL,,483
sp24,6efdc9276471f46eacd8dbafd71ddfd6,MDRUN_FAIL,,685
sp24,163d7079bdd82c1e475b5abe5436959a,MDRUN_FAIL,,792
sp23,b85a22ec0aa0dc6afd4221dc2f0bb482,MDRUN_FAIL,,803
sp21,37f9f904b3a0eaee2c624e4559ebe52f,OK,1433.509,1209
sp25,3b35ddb2b8a33d05d6b5870a9da6c712,MDRUN_FAIL,,519
sp25,fae572d9925f12e9cf58d65f8235a662,MDRUN_FAIL,,487
sp25,14e61945a20724d1818139fef8823538,MDRUN_FAIL,,524
sp23,0790157ee26dfb0fea3a1ce3db026f75,MDRUN_FAIL,,855
sp25,04e69510b344ad3e65a21130b7429d06,MDRUN_FAIL,,579
sp25,fd5ba50d24141a833001dc12a320fc8f,MDRUN_FAIL,,664
sp23,9dff198666f179b8a182da3e203eae73,MDRUN_FAIL,,864
sp25,7969946fa4a7d73df90d5fadcdef4b59,MDRUN_FAIL,,677
sp25,6f6836389edc435ef5de6a0ca5c25474,MDRUN_FAIL,,549
sp25,3701efaa518b8864dbdbd2befc3c3bad,MDRUN_FAIL,,453
sp25,a2698e5db085c1959923b7b6eca55067,MDRUN_FAIL,,600
sp25,ee389516e27a1853ac625548d8ca9482,MDRUN_FAIL,,563
sp03,f885f085c98c18670a7ddbe3c7a763da,OK,864.517,2002
sp23,f1a057393d7efd3f562b774490f9dfd1,MDRUN_FAIL,,936
sp25,6e359d9430a2de705d89d808ead7c331,MDRUN_FAIL,,520
sp02,a5b2fb04b878e9fff4b764e79cf06db2,OK,854.535,2025
sp25,8dcaa68c20948305aa767048b2da4ec2,MDRUN_FAIL,,436
sp03,20ffceabec2b95cc0b401b1d1e504f6b,OK,878.325,1970
sp24,0708a8656ea2024a7a2f0e1407f518a7,MDRUN_FAIL,,968
sp02,238dd65aac42b2b34162c0b51a84d1db,OK,846.491,2045
sp25,3f4c270aff052556802e3ea59a80940f,MDRUN_FAIL,,391
sp25,b336313e484c9484749cc0714b940ff4,MDRUN_FAIL,,557
sp03,187b2fb9351c5f10d65f710e85056c31,OK,851.870,2032
sp03,9c772b2f96c879dc662e5f137990844f,OK,877.056,1973
sp03,a1409d89193dd0a7a4a54efb7c4b0b88,OK,872.651,1983
sp03,37eaa144facb029500f427e04d484481,OK,871.034,1987
sp25,eff71722c9c04f7e61a0cf427b3c6019,MDRUN_FAIL,,396
sp23,47a8000e16980306005511b953a06ecf,MDRUN_FAIL,,1000
sp23,59573ee97914f33c9708de5aa2e356b5,MDRUN_FAIL,,1146
sp03,def33b1b26713c8ce7794e1cee2141c6,OK,832.144,2080
sp03,6ef67d129dcb37a0be630ca24c321f02,OK,883.472,1959
sp25,bc9b7c54eb864a288d845c2e1a4018a9,MDRUN_FAIL,,526
sp03,0220b4986165db73cd9f0775b82b7838,OK,876.484,1975
sp03,4232bcfa9c606f52c8067ff9e22fe8af,OK,845.542,2047
sp03,7969946fa4a7d73df90d5fadcdef4b59,OK,871.154,1986
sp03,fd5ba50d24141a833001dc12a320fc8f,OK,869.708,1990
sp03,fffe47a81a0ad8b0cd7beae03f34b077,OK,867.851,1994
sp23,62064a9f6b5d461a4c097abbc9bffe7a,OK,1460.801,1187
sp02,055e1e9c95b2378efd3fc90b82948709,OK,572.728,3021
sp02,c3e6f0472fa7320f5e210e26cfc4ecec,OK,561.283,3082
sp25,ceb2b49097d65c6344d7760b76a49be7,MDRUN_FAIL,,465
sp25,48a1e72551999e470167671de99c60b0,MDRUN_FAIL,,540
sp03,335dd6fbc3377cdcf2401cfc6056bc9c,OK,859.962,2012
sp03,13e1da8f0e67c08c5ef1cb0ebded75a5,OK,859.737,2013
sp25,73ee76fa0a7cddc97ed2eb037810cd66,MDRUN_FAIL,,509
sp03,ad3886476184578f75d5af9504b7aca7,OK,855.917,2022
sp25,4ec28cb2a7a8589319f3a418eb12f1fd,MDRUN_FAIL,,468
sp25,1468bf8fe44d2660d4245111ed256bb3,MDRUN_FAIL,,515
sp03,2cb6e34fab1ee523b2a48790b68ad465,OK,848.260,2040
sp03,99c9a8dee8fadf56676d8f90e6848e58,OK,847.694,2042
sp03,ff8edf23e1c4463cdc767531d804cef1,OK,898.407,1926
sp03,e49cfa366cc64bab8e1edf37b372cbf6,OK,927.369,1866
sp03,39cbab9e91b4af7ae5b0eed4a14b90f9,OK,869.451,1991
sp03,b60c297c7199140f1f38ac6909b5bf24,OK,895.323,1933
sp25,c52270f78e77bf608aafaa68736e6b18,MDRUN_FAIL,,484
sp25,70ccfc52bf05ee3830737995c6d93f9c,MDRUN_FAIL,,543
sp17,de36f12fbdb6f099ba5ac3231fe389e0,OK,479.049,3613
sp03,5d418a86059c42695f5856b68e7a7118,OK,918.721,1884
sp03,642b2e0e340ac4d3adcf66589e7fd012,OK,918.126,1885
sp03,cb20abd70e0ece3d85e1338101d4bd72,OK,862.699,2006
sp25,ccb9fbbe8dccd3e51806073eb486a17c,MDRUN_FAIL,,513
sp03,424689a2bad294c9a4d19ed5924324de,OK,856.941,2020
sp03,98cf559a50ee84d38e7648c91b0c564d,OK,856.491,2021
sp25,b4b28e7bbe6caf601c6f1d9f426e6b74,MDRUN_FAIL,,525
sp03,3f6e40d3068fb0fd99bfa763ed0ca2bb,OK,908.318,1905
sp03,d60363c0fec1c05a155d848f9a232a3e,OK,852.637,2030
sp03,c42e22237c07702a044507738b0805b2,OK,850.119,2036
sp02,c83d057a219e5a25a09f354503a70d4d,OK,564.979,3062
sp25,9c898bacf201efb96fbd136bddcadbcd,MDRUN_FAIL,,518
sp02,d1d524dd925a24438ecd2d014b089d87,OK,575.080,3008
sp03,c842104ea7034c335c96f16efde3aff4,OK,844.514,2049
sp03,a864b4e510a4a9f05aa2438e3cebd634,OK,844.520,2049
sp02,e123cf065380d0b0c8f3053e9ba7be61,OK,574.360,3012
sp03,b19d1a70ff3d2abd6986665d47eff086,OK,896.146,1932
sp03,e93a4d36831e1c123940b06eb94b7e74,OK,864.457,2002
sp02,0a826045d720c0a795bd1979a728e35c,OK,570.089,3035
sp25,8334c32de8facb541aeda11ba000b299,MDRUN_FAIL,,595
sp03,fa4de5e62b4e32e8b3d71088211803e0,OK,881.461,1963
sp02,0677f513ac408d66c189e10e0ee4d76f,OK,567.636,3048
sp03,88de53427c78a4f8890a2b946385d70b,OK,852.181,2031
sp02,71d81c144a98e11bef7a990464b30910,OK,566.829,3052
sp03,c5cf1f886c6849f8233c8b282a929680,OK,844.638,2049
sp02,39f4f10d914c61149f1719bf477dd932,OK,562.171,3077
sp03,922db9175a15e6a2d34d02717b0de6ab,OK,888.508,1948
sp03,4a67881e46b87364ec2e0ec7cbbf0bec,OK,877.636,1972
sp02,ab32da1f7ea48da050cb3f074c41b42f,OK,609.844,2837
sp26,abcebd7334a50be9b204a4899d5d8881,MDRUN_FAIL,,512
sp02,c5b72985a64d484d55f5162f79464155,OK,542.019,3192
sp03,7024d698ad06da1b887b5df50f7728d3,OK,915.428,1891
sp02,b7649d4e54db2998f4f380ff5b78484d,OK,568.985,3040
sp03,e32bacbac8502d337dc3d54d78b564a2,OK,938.439,1844
sp02,52d2e2cddbd6c2ca52b2a6692a1be706,OK,601.618,2876
sp26,c94a26f4dff73a180f04c48dad017723,MDRUN_FAIL,,585
sp02,6ed539a8e565bc920be9f146e577ce98,OK,595.782,2904
sp03,ff032b5793a25a8e4f9611a34a394671,OK,918.640,1884
sp25,b935f060fc633ecb59aac069eeb99d71,MDRUN_FAIL,,689
sp26,6efdc9276471f46eacd8dbafd71ddfd6,MDRUN_FAIL,,615
sp26,cfe4d9b13bebf025bdbd30504f03c83a,MDRUN_FAIL,,663
sp26,c6780a0007686453a29186d9ec94b23f,MDRUN_FAIL,,663
sp26,163d7079bdd82c1e475b5abe5436959a,MDRUN_FAIL,,696
sp26,40cb8b0c3343c02f5a6c40f02757e920,MDRUN_FAIL,,709
sp26,ca1e569ab7c7bc83c949f9e20ed78453,MDRUN_FAIL,,755
sp03,d03b3614f1c49ff6b9fbf5832ee9770f,OK,881.476,1964
sp02,c3abed8fe47c90e2af144bafbdc1da21,OK,566.613,3053
sp26,c8dee15f6cbcf595a6900314ad342f99,MDRUN_FAIL,,723
sp02,ec4ccad83d01498f18eec3728419c3aa,OK,540.747,3199
sp02,3116f4c5342bf41e08cd23593057d9ac,OK,559.382,3093
sp26,5266e860e65e5fc94b8ebfcb7843c31f,MDRUN_FAIL,,782
sp26,078844c7f38624b3996505d0f98526ca,MDRUN_FAIL,,710
sp03,0790157ee26dfb0fea3a1ce3db026f75,OK,936.776,1849
sp02,f444bf4b2a5712cdb76e326e74202030,OK,611.511,2830
sp02,3b35ddb2b8a33d05d6b5870a9da6c712,OK,611.221,2831
sp25,1a263985d22c81f9d3e9eb46e23d21ab,MDRUN_FAIL,,933
sp26,819a7f7be372131a469fbed045c9eb33,MDRUN_FAIL,,822
sp25,395f47b77b5f161c28c20393b39e9076,MDRUN_FAIL,,1011
sp26,d1a961f69c709d74aaec2945249f508c,MDRUN_FAIL,,765
sp26,1b98d4c02a814a1c58e384be9fe73e92,MDRUN_FAIL,,800
sp02,a2698e5db085c1959923b7b6eca55067,OK,606.933,2851
sp26,e8db4af0c7a34ddcd59bd43979c83a63,MDRUN_FAIL,,731
sp03,4438f9709f9cecfb7ddd62b05fff9f8d,OK,915.860,1891
sp02,e3b605e5b9101a4f3fa1aae790d69360,OK,562.917,3073
sp03,47a8000e16980306005511b953a06ecf,OK,905.894,1912
sp25,0f35616c28aaaf8c39fd2467e3d2cebd,MDRUN_FAIL,,1064
sp02,cf4a8047b69fbbe4ae6525a51c3063a1,OK,535.276,3232
sp26,25f842cc3cf5b87a32d72adc77c97780,MDRUN_FAIL,,886
sp26,7f8c5f877cc7df732365ed9f3035e71a,MDRUN_FAIL,,836
sp26,03d2d012db8145e06c35d7e016c645dc,MDRUN_FAIL,,857
sp26,ba808f52df2ffa29ea7a2a6a9cd5f0b8,MDRUN_FAIL,,999
sp25,1f270ea65cd761a78a0ed8ab4ee8fec0,OK,1558.321,1112
sp02,f5b52bef73821d9cc3d674e42de6608f,OK,539.636,3206
sp03,b85a22ec0aa0dc6afd4221dc2f0bb482,OK,897.341,1930
sp02,1c58151c5cca3757a0dafb204cf925ad,OK,578.259,2992
sp03,196b38c7ef93d3d9da6c8ba5fbe7cc36,OK,898.167,1927
sp26,9dff198666f179b8a182da3e203eae73,MDRUN_FAIL,,1054
sp03,9962e35d818f378081860dfde6088db5,OK,892.888,1938
sp25,266bbb49e60781aca4002ea95c99c033,OK,1501.724,1154
sp25,295199ed8a4621a340b6b79b4024bec4,MDRUN_FAIL,,1127
sp03,f93dfb8ee56b2a98182d0adc1030c114,OK,876.369,1974
sp03,d005b3d8ed6ab71e5ebd50c1b26a2ffb,OK,876.503,1974
sp25,0a8bd2b181a818ac245c132acb3ffd18,OK,1529.765,1133
sp03,d9a52d46c0ccf0c1913e0eebbacfc330,OK,875.488,1977
sp26,37f9f904b3a0eaee2c624e4559ebe52f,OK,1552.015,1116
sp26,ea7f0fb058ae9dd251ae33c9d872926b,MDRUN_FAIL,,1125
sp03,4be7a12b601883e91811eeb2e0c4ed4b,OK,868.091,1993
sp03,01bd41af226d7f8d1e5fdb361b0b562d,OK,859.143,2014
sp03,fc4ddc57541f29488f09921d9b36bc97,OK,859.209,2014
sp03,dbc5bdf0c84f89a682be5ac536c00bd2,OK,876.263,1974
sp03,65fcca610b91676d473a89c0858c6ffc,OK,872.292,1984
sp03,eb1eb691e1c65761a234212818817153,OK,900.669,1921
sp03,9fdebd3e36d16344b05f496394363d9c,OK,903.567,1915
sp03,de91618eee657d877d0668058bd50ff6,OK,872.712,1983
sp03,69da907af4c1f2f8307d027d4ab80d72,OK,879.784,1967
sp03,0b8c97a20e0da60b11a122b27f6c8b62,OK,883.303,1959
sp03,359e38e810d725751e2260e2b3006df9,OK,866.763,1996
sp03,9e7607ef3d929c5fd46ea0dc7f23f535,OK,864.028,2003
sp03,e8397fcd2197e27d094058bc02fbba6a,OK,888.181,1949
sp03,047b4e5133e0d4a8a3c4c2b9f29f5ee1,OK,878.828,1969
sp04,b2d145c83fe363359f846985aa11d3ba,OK,1052.542,1646
sp03,737df570b627d06e92101677b4e3da21,OK,887.966,1948
sp03,238dd65aac42b2b34162c0b51a84d1db,OK,882.382,1961
sp03,a5b2fb04b878e9fff4b764e79cf06db2,OK,854.193,2025
sp04,f885f085c98c18670a7ddbe3c7a763da,OK,867.572,1995
sp03,a2698e5db085c1959923b7b6eca55067,OK,608.668,2842
sp03,14e61945a20724d1818139fef8823538,OK,603.456,2867
sp04,71610ced88f2d058ad64b79635b26b20,OK,1076.005,1610
sp03,6f6836389edc435ef5de6a0ca5c25474,OK,601.596,2875
sp03,3b35ddb2b8a33d05d6b5870a9da6c712,OK,601.415,2877
sp04,ec69e1666eb0eb27ed19cf2994bc675f,OK,1053.291,1645
sp04,6f8f3139923f55cc6cf8ceaccedb3aa4,OK,1039.212,1667
sp03,ee389516e27a1853ac625548d8ca9482,OK,602.242,2873
sp04,bf34923dc4f956fa0c26fb0a54550049,OK,1099.123,1575
sp03,1c58151c5cca3757a0dafb204cf925ad,OK,584.884,2958
sp04,971c944ef6916e2840b6d63b8f00425e,OK,1087.678,1592
sp04,8072d1cd9b9a836cbeec520610c1f9bd,OK,1086.086,1594
sp04,3dd7fe0b27b084a92f8091446da1a66e,OK,1072.015,1615
sp04,492b610efd391e76c199bfed5b16cf2a,OK,1056.048,1640
sp03,fae572d9925f12e9cf58d65f8235a662,OK,596.774,2899
sp03,22449a0ea60f206a1700d752b8923709,OK,578.871,2988
sp04,749b421329101fb34bf4c33daa32ff2e,OK,1006.999,1719
sp03,b336313e484c9484749cc0714b940ff4,OK,592.329,2920
sp03,6e359d9430a2de705d89d808ead7c331,OK,579.157,2987
sp00,594685ab2c2c7dfb758c69d0a9bc2a8d,OK,871.921,1987
sp00,79ff013c97a88f8bec1adfae42218746,OK,879.541,1969
sp00,aa4ab13cb4df4d90f08700b97350a57b,OK,870.825,1988
sp00,6f8f3139923f55cc6cf8ceaccedb3aa4,OK,868.668,1993
sp00,2b0132dda46dfc13890fc97f3e161079,OK,850.272,2036
sp00,04d89e15e651861ca58bbec52b719c49,OK,835.699,2071
sp00,71610ced88f2d058ad64b79635b26b20,OK,875.768,1977
sp00,8072d1cd9b9a836cbeec520610c1f9bd,OK,871.958,1986
sp00,ec69e1666eb0eb27ed19cf2994bc675f,OK,858.953,2015
sp00,fa512f9f244e78009694ff207c157f04,OK,835.760,2072
sp00,749b421329101fb34bf4c33daa32ff2e,OK,853.118,2029
sp00,3dd7fe0b27b084a92f8091446da1a66e,OK,839.373,2062
sp05,a1409d89193dd0a7a4a54efb7c4b0b88,OK,861.514,2009
sp05,6ef67d129dcb37a0be630ca24c321f02,OK,875.510,1977
sp05,335dd6fbc3377cdcf2401cfc6056bc9c,OK,873.463,1982
sp05,fffe47a81a0ad8b0cd7beae03f34b077,OK,873.460,1982
sp04,302044e4781ac510fc30f16377e71d45,OK,721.645,2398
sp05,13e1da8f0e67c08c5ef1cb0ebded75a5,OK,874.748,1979
sp05,4232bcfa9c606f52c8067ff9e22fe8af,OK,848.086,2041
sp05,71610ced88f2d058ad64b79635b26b20,OK,1096.942,1579
sp05,0220b4986165db73cd9f0775b82b7838,OK,836.484,2069
sp05,3dd7fe0b27b084a92f8091446da1a66e,OK,1088.733,1591
sp05,aa4ab13cb4df4d90f08700b97350a57b,OK,1083.091,1600
sp05,6f8f3139923f55cc6cf8ceaccedb3aa4,OK,1067.596,1623
sp04,066409425aa3969efdeb577c7443fbbd,OK,720.510,2402
sp04,427745a99482f89e2af213daac24f2c4,OK,738.743,2343
sp04,47d61683781a3671bead51f8f8e84eb9,OK,719.786,2405
sp04,9c39d3ac13c2b5c81959b897757d862d,OK,701.672,2466
sp05,fa512f9f244e78009694ff207c157f04,OK,1063.842,1629
sp04,ee504f886574b282ca630cb14509614b,OK,717.568,2412
sp04,e705cc4eb668b2bbc015283bc2b78b89,OK,716.847,2415
sp05,7969946fa4a7d73df90d5fadcdef4b59,OK,839.803,2061
sp05,b2d145c83fe363359f846985aa11d3ba,OK,1053.842,1644
sp05,ec69e1666eb0eb27ed19cf2994bc675f,OK,1052.311,1646
sp04,6625c7dedbb9078036a34c78f2ad4182,OK,730.636,2369
sp04,6fe2e1378b320a53571e4688376156bc,OK,712.426,2430
sp04,11575d57d06531080c7c3f1703538086,OK,708.904,2442
sp04,3d395f6de7723b7b1aeebfb375bb1c5d,OK,706.882,2449
sp04,d4f996968bb63065cac387c064aaed66,OK,720.285,2403
sp04,2be277119d6eae84726b1921013ba77e,OK,719.926,2404
sp04,0d441b18656df0b6da1659391eb123e7,OK,702.233,2465
sp04,cee48dd72369c4e1f48b01651c970791,OK,718.770,2408
sp04,353af6c9cfe7ecb0019d13eaa7b46eaf,OK,716.357,2416
sp04,3fa0c6c3d51d517940f2d737b2a070f2,OK,698.130,2479
sp04,d53bf0815e07a7eed23cd2bbc64997ea,OK,714.507,2422
sp04,8b7977f1eab9ea4074744154d19bfa8d,OK,714.178,2424
sp04,83426a9786b17364e36e1efe6db37be6,OK,714.005,2424
sp05,2b0132dda46dfc13890fc97f3e161079,OK,1003.781,1726
sp04,57f8d9f325a6ba6d6f33f1306c042866,OK,707.364,2447
sp04,1dd183338ac9d0d5904e89f4aca06e34,OK,705.927,2452
sp04,a9feaf2e38ac31b8f513a09f91500ce9,OK,722.952,2394
sp04,e111d883881d5735e54ce398821e189a,OK,721.861,2398
sp04,bc27b2dd2f1cfe96f171984d54609c4e,OK,721.159,2400
sp04,5aeaf69cbe372b3d35c6e0ef066dc05b,OK,702.879,2462
sp04,12004f3f2e7c95e0f8ddf8877cb7684c,OK,702.484,2464
sp04,b9b9bfeefa0e6a15732b8a6efe510a7f,OK,701.037,2469
sp05,492b610efd391e76c199bfed5b16cf2a,OK,1047.411,1654
sp04,b97da2a131609768b2ffb5b85b870db2,OK,711.291,2434
sp04,8f625b232d5b3f24ef0fccc5663f85b7,OK,709.175,2441
sp05,8072d1cd9b9a836cbeec520610c1f9bd,OK,1026.390,1687
sp05,971c944ef6916e2840b6d63b8f00425e,OK,1024.201,1691
sp05,bf34923dc4f956fa0c26fb0a54550049,OK,1053.262,1644
sp05,ad3886476184578f75d5af9504b7aca7,OK,877.541,1974
sp05,2cb6e34fab1ee523b2a48790b68ad465,OK,874.013,1981
sp05,749b421329101fb34bf4c33daa32ff2e,OK,997.439,1736
sp05,fd5ba50d24141a833001dc12a320fc8f,OK,855.942,2022
sp05,99c9a8dee8fadf56676d8f90e6848e58,OK,848.082,2041
sp00,b97da2a131609768b2ffb5b85b870db2,OK,606.951,2850
sp00,bc27b2dd2f1cfe96f171984d54609c4e,OK,607.484,2847
sp00,5b6d2943bab2409bd0928714d9016311,OK,713.958,2423
sp00,5e2a23cb4d697cfdd0e84f4a2481d982,OK,711.083,2433
sp00,69ea6e3ad23ea569f4bbfa0263cb5bdc,OK,707.269,2446
sp00,2b0f0d7f8914675eaf8e2f5aee81598d,OK,707.446,2445
sp00,e13195a3669e20a1cb71ccb752460291,OK,714.394,2421
sp02,bf34923dc4f956fa0c26fb0a54550049,OK,822.940,2104
sp00,e111d883881d5735e54ce398821e189a,OK,607.713,2847
sp00,8f625b232d5b3f24ef0fccc5663f85b7,OK,605.752,2856
sp00,e5ec85f1b96ce3d4ca5d747969350f0f,OK,695.217,2489
sp04,519f148d49ef68ce3782c8eab23fa39e,OK,600.379,2882
sp00,a9feaf2e38ac31b8f513a09f91500ce9,OK,595.937,2902
sp04,3b35ddb2b8a33d05d6b5870a9da6c712,OK,588.207,2942
sp04,6f6836389edc435ef5de6a0ca5c25474,OK,588.066,2942
sp04,a2698e5db085c1959923b7b6eca55067,OK,587.125,2948
sp04,f444bf4b2a5712cdb76e326e74202030,OK,586.739,2949
sp04,04e69510b344ad3e65a21130b7429d06,OK,580.630,2980
sp00,de1492a39ee5b6346482dc83a1060a60,OK,662.969,2610
sp04,14e61945a20724d1818139fef8823538,OK,587.043,2948
sp04,1c58151c5cca3757a0dafb204cf925ad,OK,574.900,3010
sp04,fae572d9925f12e9cf58d65f8235a662,OK,584.372,2961
sp04,ee389516e27a1853ac625548d8ca9482,OK,578.081,2994
sp05,62064a9f6b5d461a4c097abbc9bffe7a,OK,870.640,1988
sp05,59573ee97914f33c9708de5aa2e356b5,OK,839.072,2062
sp04,22449a0ea60f206a1700d752b8923709,OK,564.163,3067
sp05,253860e6145c4fd6dd9cbc288515e367,OK,870.923,1987
sp05,d1324bec8ed2f7c4caac7dd5ac774f98,OK,868.598,1992
sp05,bb0523a55a6136f05a592d05fd8ff8de,OK,858.783,2015
sp05,5d9bbfbd38feae26823caf531a5db1a6,OK,873.089,1982
sp05,6564af0e70be4d43388870363762e68c,OK,864.494,2002
sp06,e32bacbac8502d337dc3d54d78b564a2,OK,973.155,1779
sp06,7024d698ad06da1b887b5df50f7728d3,OK,951.362,1821
sp06,d03b3614f1c49ff6b9fbf5832ee9770f,OK,948.746,1825
sp05,fc4ddc57541f29488f09921d9b36bc97,OK,888.204,1948
sp05,ffdbd2aa8cc03f78eb6b433fe1a74c09,OK,861.554,2009
sp06,ff032b5793a25a8e4f9611a34a394671,OK,942.289,1838
sp05,196b38c7ef93d3d9da6c8ba5fbe7cc36,OK,878.847,1969
sp05,d005b3d8ed6ab71e5ebd50c1b26a2ffb,OK,876.772,1974
sp05,302044e4781ac510fc30f16377e71d45,OK,722.849,2394
sp05,9c39d3ac13c2b5c81959b897757d862d,OK,718.495,2409
sp06,4a67881e46b87364ec2e0ec7cbbf0bec,OK,925.074,1872
sp05,9962e35d818f378081860dfde6088db5,OK,860.590,2011
sp05,f93dfb8ee56b2a98182d0adc1030c114,OK,859.708,2013
sp05,d9a52d46c0ccf0c1913e0eebbacfc330,OK,855.970,2022
sp05,01bd41af226d7f8d1e5fdb361b0b562d,OK,880.860,1965
sp05,543c819ac4256fe5b41298770a798122,OK,829.618,2086
sp05,dbc5bdf0c84f89a682be5ac536c00bd2,OK,879.094,1969
sp05,3fa0c6c3d51d517940f2d737b2a070f2,OK,711.735,2432
sp05,3d395f6de7723b7b1aeebfb375bb1c5d,OK,702.088,2465
sp05,4be7a12b601883e91811eeb2e0c4ed4b,OK,839.621,2061
sp06,04d89e15e651861ca58bbec52b719c49,OK,1153.892,1503
sp05,de91618eee657d877d0668058bd50ff6,OK,893.057,1939
sp06,d14a66e8dd811490ccafaf75afa970de,OK,1137.639,1524
sp06,ac6254a319053d53d01f6c8c06bc783d,OK,1133.271,1529
sp06,b2d145c83fe363359f846985aa11d3ba,OK,1131.121,1533
sp06,15044c0c9f83bb877f5ea28fece53a3d,OK,1126.245,1539
sp00,519f148d49ef68ce3782c8eab23fa39e,OK,500.707,3455
sp05,65fcca610b91676d473a89c0858c6ffc,OK,883.355,1961
sp06,eb86c0e119d2fe75487a399c76724176,OK,1121.183,1546
sp05,eb1eb691e1c65761a234212818817153,OK,866.290,2000
sp06,2b0132dda46dfc13890fc97f3e161079,OK,1117.019,1552
sp05,0b8c97a20e0da60b11a122b27f6c8b62,OK,876.101,1977
sp06,aa4ab13cb4df4d90f08700b97350a57b,OK,1090.361,1589
sp06,594685ab2c2c7dfb758c69d0a9bc2a8d,OK,1109.508,1563
sp06,fa512f9f244e78009694ff207c157f04,OK,1109.112,1563
sp06,79ff013c97a88f8bec1adfae42218746,OK,1104.654,1569
sp05,9fdebd3e36d16344b05f496394363d9c,OK,866.186,1999
sp06,8016222bad11f4d65a8f6f4e49b5cd67,OK,1069.515,1621
sp00,f444bf4b2a5712cdb76e326e74202030,OK,497.962,3473
sp05,69da907af4c1f2f8307d027d4ab80d72,OK,844.107,2051
sp00,3b35ddb2b8a33d05d6b5870a9da6c712,OK,493.182,3507
sp00,1c58151c5cca3757a0dafb204cf925ad,OK,476.297,3631
sp04,65fcca610b91676d473a89c0858c6ffc,OK,789.166,2193
sp01,078844c7f38624b3996505d0f98526ca,OK,497.178,3479
sp07,0220b4986165db73cd9f0775b82b7838,OK,921.124,1879
sp05,335dd6fbc3377cdcf2401cfc6056bc9c,OK,772.967,2239
sp01,03d2d012db8145e06c35d7e016c645dc,OK,490.464,3527
sp07,335dd6fbc3377cdcf2401cfc6056bc9c,OK,901.878,1919
sp02,bc9b7c54eb864a288d845c2e1a4018a9,OK,504.112,3433
sp05,6ef67d129dcb37a0be630ca24c321f02,OK,774.497,2234
sp02,3f4c270aff052556802e3ea59a80940f,OK,504.418,3429
sp07,6ef67d129dcb37a0be630ca24c321f02,OK,904.616,1913
sp07,13e1da8f0e67c08c5ef1cb0ebded75a5,OK,904.543,1913
sp07,99c9a8dee8fadf56676d8f90e6848e58,OK,927.629,1866
sp07,fffe47a81a0ad8b0cd7beae03f34b077,OK,898.011,1927
sp05,fd5ba50d24141a833001dc12a320fc8f,OK,765.265,2261
sp01,824df1fae448411a738d6987cd933d7b,OK,476.862,3628
sp05,fffe47a81a0ad8b0cd7beae03f34b077,OK,758.080,2283
sp05,13e1da8f0e67c08c5ef1cb0ebded75a5,OK,756.862,2286
sp07,5d418a86059c42695f5856b68e7a7118,OK,948.623,1825
sp01,ee2e7b45aae1b85d5c18aad16d03d855,OK,479.338,3609
sp05,7969946fa4a7d73df90d5fadcdef4b59,OK,754.474,2294
sp07,642b2e0e340ac4d3adcf66589e7fd012,OK,941.920,1838
sp07,7969946fa4a7d73df90d5fadcdef4b59,OK,911.096,1900
sp05,0220b4986165db73cd9f0775b82b7838,OK,740.308,2338
sp07,e49cfa366cc64bab8e1edf37b372cbf6,OK,969.202,1787
sp01,7f8c5f877cc7df732365ed9f3035e71a,OK,473.861,3650
sp07,39cbab9e91b4af7ae5b0eed4a14b90f9,OK,903.277,1916
sp07,fa4de5e62b4e32e8b3d71088211803e0,OK,930.756,1860
sp07,b60c297c7199140f1f38ac6909b5bf24,OK,922.023,1878
sp07,922db9175a15e6a2d34d02717b0de6ab,OK,951.180,1820
sp07,7024d698ad06da1b887b5df50f7728d3,OK,950.750,1821
sp07,3f6e40d3068fb0fd99bfa763ed0ca2bb,OK,946.665,1829
sp07,fd5ba50d24141a833001dc12a320fc8f,OK,894.203,1936
sp07,e32bacbac8502d337dc3d54d78b564a2,OK,945.685,1831
sp06,282b4e352d38ef07443209435439bcea,OK,881.107,1966
sp07,ff032b5793a25a8e4f9611a34a394671,OK,944.264,1834
sp07,4438f9709f9cecfb7ddd62b05fff9f8d,OK,942.062,1838
sp05,2cb6e34fab1ee523b2a48790b68ad465,OK,749.897,2308
sp02,48a1e72551999e470167671de99c60b0,OK,482.310,3586
sp05,99c9a8dee8fadf56676d8f90e6848e58,OK,750.597,2305
sp07,ff8edf23e1c4463cdc767531d804cef1,OK,906.632,1909
sp05,39cbab9e91b4af7ae5b0eed4a14b90f9,OK,756.742,2287
sp07,f1a057393d7efd3f562b774490f9dfd1,OK,935.274,1851
sp07,a864b4e510a4a9f05aa2438e3cebd634,OK,904.428,1914
sp07,2cb6e34fab1ee523b2a48790b68ad465,OK,873.746,1981
sp07,c42e22237c07702a044507738b0805b2,OK,899.142,1925
sp07,0790157ee26dfb0fea3a1ce3db026f75,OK,928.199,1865
sp01,e8db4af0c7a34ddcd59bd43979c83a63,OK,466.397,3708
sp07,c842104ea7034c335c96f16efde3aff4,OK,897.782,1928
sp07,c5cf1f886c6849f8233c8b282a929680,OK,897.600,1928
sp07,4a67881e46b87364ec2e0ec7cbbf0bec,OK,925.768,1870
sp07,ad3886476184578f75d5af9504b7aca7,OK,868.561,1993
sp05,ad3886476184578f75d5af9504b7aca7,OK,727.806,2378
sp07,b85a22ec0aa0dc6afd4221dc2f0bb482,OK,924.246,1873
sp07,d60363c0fec1c05a155d848f9a232a3e,OK,893.155,1938
sp07,d03b3614f1c49ff6b9fbf5832ee9770f,OK,922.256,1877
sp07,88de53427c78a4f8890a2b946385d70b,OK,891.866,1941
sp07,b19d1a70ff3d2abd6986665d47eff086,OK,917.437,1887
sp07,3c117a293542d626d77f570da38bd5f1,OK,945.506,1831
sp07,47a8000e16980306005511b953a06ecf,OK,913.692,1894
sp07,98cf559a50ee84d38e7648c91b0c564d,OK,883.438,1959
sp04,d1a961f69c709d74aaec2945249f508c,OK,348.581,4962
sp07,0708a8656ea2024a7a2f0e1407f518a7,OK,939.525,1843
sp07,e93a4d36831e1c123940b06eb94b7e74,OK,880.027,1967
sp07,424689a2bad294c9a4d19ed5924324de,OK,878.392,1970
sp07,37f9f904b3a0eaee2c624e4559ebe52f,OK,935.145,1851
sp07,9dff198666f179b8a182da3e203eae73,OK,929.445,1862
sp07,752f05c1f66a8f4b3b1789ec136a4c33,OK,928.338,1865
sp07,ea7f0fb058ae9dd251ae33c9d872926b,OK,923.126,1875
sp07,cb20abd70e0ece3d85e1338101d4bd72,OK,865.811,1999
sp02,73ee76fa0a7cddc97ed2eb037810cd66,OK,475.879,3634
sp04,1b98d4c02a814a1c58e384be9fe73e92,OK,338.689,5107
sp04,6efdc9276471f46eacd8dbafd71ddfd6,OK,339.460,5095
sp04,bd1567927f497abd4e18605be0e5f9dc,OK,335.749,5151
sp01,b1a7ee597e9d75bd95fcad2e74c8ab83,OK,466.700,3707
sp06,909628c1d41006cf8bdc95b988228e4f,OK,815.811,2122
sp06,ca3e30b78b8b15c1aa76fed50341d715,OK,803.786,2154
sp06,d1324bec8ed2f7c4caac7dd5ac774f98,OK,839.439,2062
sp06,bb0523a55a6136f05a592d05fd8ff8de,OK,837.136,2068
sp06,253860e6145c4fd6dd9cbc288515e367,OK,828.310,2089
sp06,59573ee97914f33c9708de5aa2e356b5,OK,813.293,2128
sp06,5d9bbfbd38feae26823caf531a5db1a6,OK,817.737,2116
sp06,6564af0e70be4d43388870363762e68c,OK,826.832,2093
sp06,543c819ac4256fe5b41298770a798122,OK,829.528,2087
sp06,62064a9f6b5d461a4c097abbc9bffe7a,OK,795.422,2176
sp07,0f35616c28aaaf8c39fd2467e3d2cebd,OK,887.453,1950
sp07,1a263985d22c81f9d3e9eb46e23d21ab,OK,877.516,1973
sp07,295199ed8a4621a340b6b79b4024bec4,OK,872.545,1983
sp07,0a8bd2b181a818ac245c132acb3ffd18,OK,872.384,1984
sp07,266bbb49e60781aca4002ea95c99c033,OK,869.242,1991
sp07,f3bf65b5c175c4eb9a32b952ec009daa,OK,889.712,1945
sp07,b935f060fc633ecb59aac069eeb99d71,OK,881.547,1963
sp08,752f05c1f66a8f4b3b1789ec136a4c33,OK,934.589,1852
sp08,9dff198666f179b8a182da3e203eae73,OK,923.595,1874
sp07,59573ee97914f33c9708de5aa2e356b5,OK,867.309,1995
sp08,37f9f904b3a0eaee2c624e4559ebe52f,OK,921.068,1879
sp08,6f8f3139923f55cc6cf8ceaccedb3aa4,OK,1147.280,1509
sp07,909628c1d41006cf8bdc95b988228e4f,OK,843.521,2052
sp07,253860e6145c4fd6dd9cbc288515e367,OK,894.509,1935
sp08,ea7f0fb058ae9dd251ae33c9d872926b,OK,928.753,1864
sp07,bb0523a55a6136f05a592d05fd8ff8de,OK,893.782,1937
sp08,aa4ab13cb4df4d90f08700b97350a57b,OK,1128.987,1534
sp08,eb86c0e119d2fe75487a399c76724176,OK,1128.936,1534
sp08,8016222bad11f4d65a8f6f4e49b5cd67,OK,1127.317,1536
sp07,62064a9f6b5d461a4c097abbc9bffe7a,OK,882.343,1962
sp08,ac6254a319053d53d01f6c8c06bc783d,OK,1122.080,1543
sp08,04d89e15e651861ca58bbec52b719c49,OK,1121.415,1545
sp08,2b0132dda46dfc13890fc97f3e161079,OK,1120.068,1546
sp08,8a909432391c80b5414f2aed6279b942,OK,1117.944,1550
sp08,15044c0c9f83bb877f5ea28fece53a3d,OK,1117.460,1550
sp08,fa512f9f244e78009694ff207c157f04,OK,1109.419,1561
sp08,d14a66e8dd811490ccafaf75afa970de,OK,1107.496,1564
sp08,79ff013c97a88f8bec1adfae42218746,OK,1099.388,1576
sp08,594685ab2c2c7dfb758c69d0a9bc2a8d,OK,1089.726,1590
sp08,b2d145c83fe363359f846985aa11d3ba,OK,1079.723,1603
sp08,71610ced88f2d058ad64b79635b26b20,OK,1117.426,1550
sp07,d53bf0815e07a7eed23cd2bbc64997ea,OK,761.885,2272
sp09,13e1da8f0e67c08c5ef1cb0ebded75a5,OK,1048.589,1652
sp08,ec69e1666eb0eb27ed19cf2994bc675f,OK,1051.383,1648
sp08,3dd7fe0b27b084a92f8091446da1a66e,OK,1084.647,1597
sp05,fbf450a68aa0a625ec13f6c762944a3b,OK,345.172,5011
sp07,ec4ccad83d01498f18eec3728419c3aa,OK,604.288,2862
sp07,b7649d4e54db2998f4f380ff5b78484d,OK,603.217,2868
sp10,cc7b6263adb98dd621cdb08fde955a6f,OK,1297.451,1335
sp05,c94a26f4dff73a180f04c48dad017723,OK,342.826,5045
sp05,25f842cc3cf5b87a32d72adc77c97780,OK,351.162,4926
sp09,98cf559a50ee84d38e7648c91b0c564d,OK,1030.592,1680
sp05,40cb8b0c3343c02f5a6c40f02757e920,OK,346.702,4989
sp09,5d418a86059c42695f5856b68e7a7118,OK,1090.487,1588
sp10,e157f064686d18428292a95c75eebffe,OK,1291.462,1342
sp07,ab32da1f7ea48da050cb3f074c41b42f,OK,607.313,2849
sp10,6b43e44fb3ada6de6c351a68d32eaa65,OK,1265.022,1370
sp10,65316367b1c7ba80511f9cb5fb2fd2a4,OK,1291.410,1342
sp07,e123cf065380d0b0c8f3053e9ba7be61,OK,590.838,2928
sp07,6ed539a8e565bc920be9f146e577ce98,OK,598.743,2890
sp07,0677f513ac408d66c189e10e0ee4d76f,OK,586.086,2952
sp07,cee48dd72369c4e1f48b01651c970791,OK,749.324,2310
sp05,cfe4d9b13bebf025bdbd30504f03c83a,OK,345.662,5004
sp10,80b0fe984d15b87a9da0bed91ab28b29,OK,1300.407,1333
sp10,ce9a796b1b540bd01171a965543d5ed4,OK,1297.955,1335
sp10,605f40bd8c866d6adb1d6f2bec42c9b3,OK,1236.690,1401
sp07,d4f996968bb63065cac387c064aaed66,OK,748.246,2314
sp05,819a7f7be372131a469fbed045c9eb33,OK,339.692,5092
sp05,c8dee15f6cbcf595a6900314ad342f99,OK,343.408,5037
sp05,5266e860e65e5fc94b8ebfcb7843c31f,OK,343.335,5038
sp07,6625c7dedbb9078036a34c78f2ad4182,OK,736.357,2351
sp10,0b4fbf7130a60ebdf348cd8d14c36b77,OK,1274.191,1360
sp07,39f4f10d914c61149f1719bf477dd932,OK,575.923,3003
sp05,d1a961f69c709d74aaec2945249f508c,OK,346.818,4987
sp05,c6780a0007686453a29186d9ec94b23f,OK,341.410,5066
sp05,6efdc9276471f46eacd8dbafd71ddfd6,OK,344.923,5014
sp07,c5b72985a64d484d55f5162f79464155,OK,567.552,3048
sp05,1b98d4c02a814a1c58e384be9fe73e92,OK,343.937,5029
sp09,59573ee97914f33c9708de5aa2e356b5,OK,1036.102,1671
sp09,fa4de5e62b4e32e8b3d71088211803e0,OK,1070.296,1619
sp09,4a67881e46b87364ec2e0ec7cbbf0bec,OK,1067.254,1623
sp09,ff032b5793a25a8e4f9611a34a394671,OK,1065.788,1626
sp09,47a8000e16980306005511b953a06ecf,OK,1059.291,1635
sp09,e49cfa366cc64bab8e1edf37b372cbf6,OK,1058.472,1637
sp09,7024d698ad06da1b887b5df50f7728d3,OK,1057.653,1639
sp09,b19d1a70ff3d2abd6986665d47eff086,OK,1055.446,1642
sp09,4438f9709f9cecfb7ddd62b05fff9f8d,OK,1055.259,1642
sp09,3f6e40d3068fb0fd99bfa763ed0ca2bb,OK,1052.520,1646
sp09,e32bacbac8502d337dc3d54d78b564a2,OK,1068.981,1621
sp09,d03b3614f1c49ff6b9fbf5832ee9770f,OK,1047.586,1654
sp15,c5cf1f886c6849f8233c8b282a929680,MDRUN_FAIL,,57
sp15,47a8000e16980306005511b953a06ecf,MDRUN_FAIL,,49
sp10,fa95727eed889db7226aa52d7509284a,OK,1052.660,1645
sp08,fc4ddc57541f29488f09921d9b36bc97,OK,932.819,1856
sp10,282b4e352d38ef07443209435439bcea,OK,1035.848,1672
sp10,1a263985d22c81f9d3e9eb46e23d21ab,OK,1032.066,1678
sp08,01bd41af226d7f8d1e5fdb361b0b562d,OK,919.687,1882
sp08,4be7a12b601883e91811eeb2e0c4ed4b,OK,918.328,1885
sp08,dbc5bdf0c84f89a682be5ac536c00bd2,OK,914.876,1892
sp12,492b610efd391e76c199bfed5b16cf2a,OK,1418.061,1222
sp15,fbf450a68aa0a625ec13f6c762944a3b,MDRUN_FAIL,,76
sp12,bf34923dc4f956fa0c26fb0a54550049,OK,1421.569,1220
sp12,749b421329101fb34bf4c33daa32ff2e,OK,1383.590,1253
sp11,cc7b6263adb98dd621cdb08fde955a6f,OK,1297.736,1335
sp11,6b43e44fb3ada6de6c351a68d32eaa65,OK,1286.531,1347
sp00,fffe47a81a0ad8b0cd7beae03f34b077,OK,852.166,2030
sp00,ad3886476184578f75d5af9504b7aca7,OK,846.949,2042
sp15,40cb8b0c3343c02f5a6c40f02757e920,MDRUN_FAIL,,152
sp00,7969946fa4a7d73df90d5fadcdef4b59,OK,842.108,2054
sp00,2cb6e34fab1ee523b2a48790b68ad465,OK,840.683,2057
sp15,c94a26f4dff73a180f04c48dad017723,MDRUN_FAIL,,210
sp00,fd5ba50d24141a833001dc12a320fc8f,OK,838.860,2062
sp00,6ef67d129dcb37a0be630ca24c321f02,OK,837.609,2065
sp00,13e1da8f0e67c08c5ef1cb0ebded75a5,OK,836.561,2068
sp00,a864b4e510a4a9f05aa2438e3cebd634,OK,849.461,2036
sp00,cb20abd70e0ece3d85e1338101d4bd72,OK,848.540,2039
sp00,c5cf1f886c6849f8233c8b282a929680,OK,846.871,2042
sp00,99c9a8dee8fadf56676d8f90e6848e58,OK,846.840,2043
sp00,e93a4d36831e1c123940b06eb94b7e74,OK,843.976,2049
sp06,d1a961f69c709d74aaec2945249f508c,OK,364.204,4749
sp00,fa4de5e62b4e32e8b3d71088211803e0,OK,868.749,1992
sp00,ff8edf23e1c4463cdc767531d804cef1,OK,842.835,2053
sp00,39cbab9e91b4af7ae5b0eed4a14b90f9,OK,842.146,2054
sp00,424689a2bad294c9a4d19ed5924324de,OK,841.706,2055
sp00,b60c297c7199140f1f38ac6909b5bf24,OK,866.036,1998
sp00,3f6e40d3068fb0fd99bfa763ed0ca2bb,OK,864.699,2001
sp00,98cf559a50ee84d38e7648c91b0c564d,OK,839.009,2062
sp00,5d418a86059c42695f5856b68e7a7118,OK,862.281,2006
sp00,642b2e0e340ac4d3adcf66589e7fd012,OK,859.031,2014
sp12,ad3886476184578f75d5af9504b7aca7,OK,1147.995,1509
sp00,d60363c0fec1c05a155d848f9a232a3e,OK,832.960,2077
sp00,c842104ea7034c335c96f16efde3aff4,OK,832.212,2078
sp00,c42e22237c07702a044507738b0805b2,OK,828.724,2088
sp00,88de53427c78a4f8890a2b946385d70b,OK,827.277,2091
sp00,b19d1a70ff3d2abd6986665d47eff086,OK,851.282,2032
sp06,25f842cc3cf5b87a32d72adc77c97780,OK,356.198,4856
sp06,1b98d4c02a814a1c58e384be9fe73e92,OK,355.912,4859
sp06,c8dee15f6cbcf595a6900314ad342f99,OK,353.717,4890
sp11,e157f064686d18428292a95c75eebffe,OK,1258.773,1376
sp16,d15af9a4462ff88f2cfafbc6cc94912e,MDRUN_FAIL,,215
sp10,ceb2b49097d65c6344d7760b76a49be7,OK,743.587,2328
sp10,eff71722c9c04f7e61a0cf427b3c6019,OK,741.781,2333
sp15,819a7f7be372131a469fbed045c9eb33,MDRUN_FAIL,,168
sp10,c52270f78e77bf608aafaa68736e6b18,OK,744.062,2326
sp15,3c117a293542d626d77f570da38bd5f1,MDRUN_FAIL,,677
sp06,bd1567927f497abd4e18605be0e5f9dc,OK,343.283,5038
sp10,8334c32de8facb541aeda11ba000b299,OK,709.760,2439
sp06,6efdc9276471f46eacd8dbafd71ddfd6,OK,342.207,5054
sp10,ccb9fbbe8dccd3e51806073eb486a17c,OK,707.827,2445
sp10,e3b605e5b9101a4f3fa1aae790d69360,OK,663.618,2608
sp10,4ec28cb2a7a8589319f3a418eb12f1fd,OK,710.581,2435
sp10,9c898bacf201efb96fbd136bddcadbcd,OK,709.208,2440
sp10,db2ffa37256932f6732629ec5f2a035f,OK,707.609,2446
sp12,302044e4781ac510fc30f16377e71d45,OK,966.087,1793
sp14,65316367b1c7ba80511f9cb5fb2fd2a4,OK,1395.648,1243
sp08,b336313e484c9484749cc0714b940ff4,OK,547.017,3163
sp10,b4b28e7bbe6caf601c6f1d9f426e6b74,OK,678.055,2552
sp14,605f40bd8c866d6adb1d6f2bec42c9b3,OK,1374.276,1262
sp14,ce9a796b1b540bd01171a965543d5ed4,OK,1379.143,1257
sp13,f1a057393d7efd3f562b774490f9dfd1,OK,1170.570,1480
sp14,80b0fe984d15b87a9da0bed91ab28b29,OK,1372.410,1264
sp13,0790157ee26dfb0fea3a1ce3db026f75,OK,1156.006,1499
sp16,cfe4d9b13bebf025bdbd30504f03c83a,MDRUN_FAIL,,683
sp15,ff8edf23e1c4463cdc767531d804cef1,MDRUN_FAIL,,1397
sp08,8dcaa68c20948305aa767048b2da4ec2,OK,623.949,2774
sp12,3d395f6de7723b7b1aeebfb375bb1c5d,OK,944.479,1834
sp01,3f6e40d3068fb0fd99bfa763ed0ca2bb,OK,889.393,1946
sp12,9c39d3ac13c2b5c81959b897757d862d,OK,942.331,1838
sp01,fa4de5e62b4e32e8b3d71088211803e0,OK,881.740,1964
sp00,282b4e352d38ef07443209435439bcea,OK,830.335,2084
sp12,3fa0c6c3d51d517940f2d737b2a070f2,OK,932.287,1858
sp00,d4a029e120a4109e548f939835fea733,OK,828.412,2088
sp00,fa95727eed889db7226aa52d7509284a,OK,828.317,2088
sp00,1bf5ed1e98a047c67826a7fd54dcf64f,OK,826.707,2093
sp00,0ba0e185398f759ca91fbd5fa3f0803a,OK,826.036,2094
sp12,11575d57d06531080c7c3f1703538086,OK,921.284,1880
sp15,ee504f886574b282ca630cb14509614b,MDRUN_FAIL,,1049
sp01,5d418a86059c42695f5856b68e7a7118,OK,867.172,1996
sp15,e93a4d36831e1c123940b06eb94b7e74,MDRUN_FAIL,,1319
sp01,642b2e0e340ac4d3adcf66589e7fd012,OK,864.902,2001
sp01,b19d1a70ff3d2abd6986665d47eff086,OK,890.351,1944
sp01,e32bacbac8502d337dc3d54d78b564a2,OK,890.314,1944
sp01,f1a057393d7efd3f562b774490f9dfd1,OK,882.403,1962
sp00,b8ac149673f7c3cd33b88439965cd67f,OK,807.608,2142
sp01,922db9175a15e6a2d34d02717b0de6ab,OK,880.644,1966
sp08,3701efaa518b8864dbdbd2befc3c3bad,OK,607.400,2849
sp01,b85a22ec0aa0dc6afd4221dc2f0bb482,OK,879.716,1968
sp01,7024d698ad06da1b887b5df50f7728d3,OK,878.979,1970
sp00,ca3e30b78b8b15c1aa76fed50341d715,OK,826.376,2093
sp01,ff032b5793a25a8e4f9611a34a394671,OK,876.612,1975
sp00,ace45146c6a78c8039ff1fcd87b39fda,OK,848.089,2040
sp01,d03b3614f1c49ff6b9fbf5832ee9770f,OK,874.097,1981
sp01,0790157ee26dfb0fea3a1ce3db026f75,OK,872.922,1983
sp01,605f40bd8c866d6adb1d6f2bec42c9b3,OK,1023.407,1692
sp01,65316367b1c7ba80511f9cb5fb2fd2a4,OK,1017.336,1702
sp00,b6465c8ac0ed173d3faf7c401e0c4924,OK,813.658,2126
sp00,078844c7f38624b3996505d0f98526ca,OK,594.913,2907
sp01,4438f9709f9cecfb7ddd62b05fff9f8d,OK,862.155,2008
sp00,d8a2b383fc51f79cc2469b166af9122c,OK,835.574,2071
sp01,e157f064686d18428292a95c75eebffe,OK,1011.816,1711
sp00,03f5731ad72b97ea2fd1ec352fe5dde0,OK,834.535,2073
sp00,03d2d012db8145e06c35d7e016c645dc,OK,593.662,2914
sp15,e32bacbac8502d337dc3d54d78b564a2,OK,1268.671,1365
sp15,b60c297c7199140f1f38ac6909b5bf24,OK,1244.726,1392
sp01,ce9a796b1b540bd01171a965543d5ed4,OK,1009.133,1716
sp15,642b2e0e340ac4d3adcf66589e7fd012,OK,1246.134,1390
sp01,4a67881e46b87364ec2e0ec7cbbf0bec,OK,857.732,2018
sp01,47a8000e16980306005511b953a06ecf,OK,856.381,2021
sp15,4438f9709f9cecfb7ddd62b05fff9f8d,OK,1262.283,1372
sp15,7024d698ad06da1b887b5df50f7728d3,OK,1260.393,1375
sp00,3a87c373b8ee3ee690e68ccce89857a3,OK,591.370,2925
sp00,395f47b77b5f161c28c20393b39e9076,OK,828.833,2087
sp01,cc7b6263adb98dd621cdb08fde955a6f,OK,1001.238,1730
sp15,b19d1a70ff3d2abd6986665d47eff086,OK,1246.397,1390
sp01,e49cfa366cc64bab8e1edf37b372cbf6,OK,851.562,2033
sp15,fa4de5e62b4e32e8b3d71088211803e0,OK,1241.096,1395
sp01,0b4fbf7130a60ebdf348cd8d14c36b77,OK,998.499,1734
sp15,922db9175a15e6a2d34d02717b0de6ab,OK,1247.277,1389
sp15,ff032b5793a25a8e4f9611a34a394671,OK,1247.937,1389
sp15,5d418a86059c42695f5856b68e7a7118,OK,1231.715,1406
sp15,3f6e40d3068fb0fd99bfa763ed0ca2bb,OK,1232.333,1406
sp01,6b43e44fb3ada6de6c351a68d32eaa65,OK,992.527,1745
sp00,7f401a529b655f4a54438d8f5d6f0225,OK,818.522,2113
sp01,80b0fe984d15b87a9da0bed91ab28b29,OK,987.463,1753
sp15,b85a22ec0aa0dc6afd4221dc2f0bb482,OK,1233.953,1404
sp15,e49cfa366cc64bab8e1edf37b372cbf6,OK,1224.385,1414
sp01,d14a66e8dd811490ccafaf75afa970de,OK,1016.990,1702
sp15,0790157ee26dfb0fea3a1ce3db026f75,OK,1228.639,1409
sp15,d03b3614f1c49ff6b9fbf5832ee9770f,OK,1224.355,1416
sp15,f1a057393d7efd3f562b774490f9dfd1,OK,1247.075,1389
sp15,88de53427c78a4f8890a2b946385d70b,OK,1184.834,1462
sp01,8a909432391c80b5414f2aed6279b942,OK,1000.525,1731
sp01,ac6254a319053d53d01f6c8c06bc783d,OK,999.801,1732
sp15,c2f2ee45493f8ae40c2fd957499cc3f6,OK,1241.885,1394
sp01,2b0132dda46dfc13890fc97f3e161079,OK,995.078,1740
sp01,04d89e15e651861ca58bbec52b719c49,OK,994.652,1741
sp01,c2f2ee45493f8ae40c2fd957499cc3f6,OK,872.134,1985
sp01,594685ab2c2c7dfb758c69d0a9bc2a8d,OK,991.878,1746
sp01,3c117a293542d626d77f570da38bd5f1,OK,866.418,1998
sp07,ca1e569ab7c7bc83c949f9e20ed78453,OK,353.116,4898
sp15,e40809a6930ce378fdcb37d1b644e2d6,OK,1220.772,1419
sp00,9510387a41d9428f814f1e8a487e626d,OK,565.151,3060
sp00,055e1e9c95b2378efd3fc90b82948709,OK,563.015,3072
sp00,e8db4af0c7a34ddcd59bd43979c83a63,OK,562.857,3072
sp01,15044c0c9f83bb877f5ea28fece53a3d,OK,945.205,1832
sp00,824df1fae448411a738d6987cd933d7b,OK,559.066,3094
sp00,d1d524dd925a24438ecd2d014b089d87,OK,558.581,3096
sp00,7f8c5f877cc7df732365ed9f3035e71a,OK,558.322,3097
sp00,0a826045d720c0a795bd1979a728e35c,OK,568.086,3044
sp16,c82e0b161bf77b819bbafff08f9a082e,MDRUN_FAIL,,1297
sp07,163d7079bdd82c1e475b5abe5436959a,OK,361.910,4781
sp00,71d81c144a98e11bef7a990464b30910,OK,551.369,3136
sp00,1f270ea65cd761a78a0ed8ab4ee8fec0,OK,848.196,2041
sp00,0677f513ac408d66c189e10e0ee4d76f,OK,560.128,3087
sp00,e123cf065380d0b0c8f3053e9ba7be61,OK,558.099,3099
sp07,de36f12fbdb6f099ba5ac3231fe389e0,OK,358.690,4824
sp00,c5b72985a64d484d55f5162f79464155,OK,548.255,3154
sp18,ac0197ee4a02894e2611e255e0125503,MDRUN_FAIL,,448
sp00,c3e6f0472fa7320f5e210e26cfc4ecec,OK,534.217,3237
sp00,ee2e7b45aae1b85d5c18aad16d03d855,OK,533.699,3240
sp00,39f4f10d914c61149f1719bf477dd932,OK,553.987,3121
sp01,e40809a6930ce378fdcb37d1b644e2d6,OK,895.024,1935
sp01,8016222bad11f4d65a8f6f4e49b5cd67,OK,1021.649,1696
sp01,79ff013c97a88f8bec1adfae42218746,OK,1020.522,1698
sp01,ba808f52df2ffa29ea7a2a6a9cd5f0b8,OK,889.751,1947
sp00,c83d057a219e5a25a09f354503a70d4d,OK,530.753,3258
sp15,909628c1d41006cf8bdc95b988228e4f,OK,1174.010,1475
sp00,b1a7ee597e9d75bd95fcad2e74c8ab83,OK,528.442,3272
sp00,ec4ccad83d01498f18eec3728419c3aa,OK,555.175,3115
sp07,abcebd7334a50be9b204a4899d5d8881,OK,348.838,4959
sp00,b7649d4e54db2998f4f380ff5b78484d,OK,542.116,3190
sp01,37f9f904b3a0eaee2c624e4559ebe52f,OK,876.793,1976
sp19,1dd183338ac9d0d5904e89f4aca06e34,MDRUN_FAIL,,373
sp19,8b7977f1eab9ea4074744154d19bfa8d,MDRUN_FAIL,,388
sp19,12004f3f2e7c95e0f8ddf8877cb7684c,MDRUN_FAIL,,410
sp00,6ed539a8e565bc920be9f146e577ce98,OK,601.065,2879
sp00,52d2e2cddbd6c2ca52b2a6692a1be706,OK,598.462,2891
sp00,ab32da1f7ea48da050cb3f074c41b42f,OK,595.548,2906
sp19,427745a99482f89e2af213daac24f2c4,MDRUN_FAIL,,505
sp16,e40809a6930ce378fdcb37d1b644e2d6,OK,1231.308,1407
sp19,5aeaf69cbe372b3d35c6e0ef066dc05b,MDRUN_FAIL,,486
sp19,83426a9786b17364e36e1efe6db37be6,MDRUN_FAIL,,532
sp18,6c4846b6eaf17057657b89d9f3678cfc,MDRUN_FAIL,,667
sp19,57f8d9f325a6ba6d6f33f1306c042866,MDRUN_FAIL,,509
sp18,96e384ca0fb900959cf2205b9121fb47,MDRUN_FAIL,,720
sp02,b85a22ec0aa0dc6afd4221dc2f0bb482,OK,890.787,1944
sp18,7a1bbdb9f1f8528edd767025c45e5cc8,MDRUN_FAIL,,780
sp19,e111d883881d5735e54ce398821e189a,MDRUN_FAIL,,534
sp19,a864b4e510a4a9f05aa2438e3cebd634,MDRUN_FAIL,,668
sp17,e49cfa366cc64bab8e1edf37b372cbf6,OK,1202.984,1442
sp19,424689a2bad294c9a4d19ed5924324de,MDRUN_FAIL,,663
sp00,cf4a8047b69fbbe4ae6525a51c3063a1,OK,559.400,3093
sp00,3116f4c5342bf41e08cd23593057d9ac,OK,563.865,3068
sp19,98cf559a50ee84d38e7648c91b0c564d,MDRUN_FAIL,,674
sp19,c5cf1f886c6849f8233c8b282a929680,MDRUN_FAIL,,655
sp00,f5b52bef73821d9cc3d674e42de6608f,OK,557.833,3102
sp01,59573ee97914f33c9708de5aa2e356b5,OK,855.346,2024
sp01,295199ed8a4621a340b6b79b4024bec4,OK,852.479,2030
sp01,62064a9f6b5d461a4c097abbc9bffe7a,OK,852.212,2032
sp18,b2bcac7a4f0262268b1a6d2db8d7eb5a,MDRUN_FAIL,,778
sp01,b935f060fc633ecb59aac069eeb99d71,OK,838.217,2065
sp01,909628c1d41006cf8bdc95b988228e4f,OK,846.935,2044
sp02,2b0132dda46dfc13890fc97f3e161079,OK,1015.445,1705
sp16,427745a99482f89e2af213daac24f2c4,MDRUN_FAIL,,1609
sp18,b4d6bf83422567e92f6475f4f9bd6ec8,MDRUN_FAIL,,836
sp01,0a8bd2b181a818ac245c132acb3ffd18,OK,834.558,2075
sp00,9c898bacf201efb96fbd136bddcadbcd,OK,574.249,3011
sp19,cb20abd70e0ece3d85e1338101d4bd72,MDRUN_FAIL,,761
sp01,1a263985d22c81f9d3e9eb46e23d21ab,OK,822.068,2106
sp02,b2d145c83fe363359f846985aa11d3ba,OK,1012.961,1710
sp02,79ff013c97a88f8bec1adfae42218746,OK,1012.251,1711
sp02,6f8f3139923f55cc6cf8ceaccedb3aa4,OK,1010.971,1713
sp19,88de53427c78a4f8890a2b946385d70b,MDRUN_FAIL,,751
sp02,8016222bad11f4d65a8f6f4e49b5cd67,OK,1008.409,1718
sp02,aa4ab13cb4df4d90f08700b97350a57b,OK,1006.821,1720
sp02,fa512f9f244e78009694ff207c157f04,OK,1004.638,1724
sp02,eb86c0e119d2fe75487a399c76724176,OK,1002.644,1727
sp08,abcebd7334a50be9b204a4899d5d8881,OK,361.043,4790
sp19,3b35ddb2b8a33d05d6b5870a9da6c712,MDRUN_FAIL,,608
sp19,25f842cc3cf5b87a32d72adc77c97780,MDRUN_FAIL,,769
sp19,c842104ea7034c335c96f16efde3aff4,MDRUN_FAIL,,800
sp19,d60363c0fec1c05a155d848f9a232a3e,MDRUN_FAIL,,819
sp19,c42e22237c07702a044507738b0805b2,MDRUN_FAIL,,815
sp02,ec69e1666eb0eb27ed19cf2994bc675f,OK,1013.341,1709
sp02,8072d1cd9b9a836cbeec520610c1f9bd,OK,1009.244,1716
sp02,492b610efd391e76c199bfed5b16cf2a,OK,1009.362,1716
sp19,6f6836389edc435ef5de6a0ca5c25474,MDRUN_FAIL,,527
sp18,0708a8656ea2024a7a2f0e1407f518a7,MDRUN_FAIL,,1012
sp01,f3bf65b5c175c4eb9a32b952ec009daa,OK,791.578,2187
sp02,749b421329101fb34bf4c33daa32ff2e,OK,1000.791,1730
sp08,de36f12fbdb6f099ba5ac3231fe389e0,OK,361.046,4790
sp02,3dd7fe0b27b084a92f8091446da1a66e,OK,993.169,1744
sp02,971c944ef6916e2840b6d63b8f00425e,OK,993.090,1744
sp00,c3abed8fe47c90e2af144bafbdc1da21,OK,524.537,3298
sp08,163d7079bdd82c1e475b5abe5436959a,OK,358.889,4819
sp19,ff8edf23e1c4463cdc767531d804cef1,MDRUN_FAIL,,871
sp01,0b8c97a20e0da60b11a122b27f6c8b62,OK,869.973,1991
sp01,e8397fcd2197e27d094058bc02fbba6a,OK,856.130,2023
sp08,ca1e569ab7c7bc83c949f9e20ed78453,OK,353.726,4889
sp01,737df570b627d06e92101677b4e3da21,OK,865.522,2001
sp01,359e38e810d725751e2260e2b3006df9,OK,864.483,2003
sp08,7a1bbdb9f1f8528edd767025c45e5cc8,OK,357.327,4840
sp01,9e7607ef3d929c5fd46ea0dc7f23f535,OK,862.423,2008
sp08,ac0197ee4a02894e2611e255e0125503,OK,356.681,4849
sp01,047b4e5133e0d4a8a3c4c2b9f29f5ee1,OK,860.421,2013
sp01,238dd65aac42b2b34162c0b51a84d1db,OK,846.599,2045
sp08,fbf450a68aa0a625ec13f6c762944a3b,OK,360.781,4794
sp08,96e384ca0fb900959cf2205b9121fb47,OK,356.315,4854
sp08,b4d6bf83422567e92f6475f4f9bd6ec8,OK,356.172,4856
sp02,71610ced88f2d058ad64b79635b26b20,OK,960.607,1802
sp08,b2bcac7a4f0262268b1a6d2db8d7eb5a,OK,355.751,4862
sp01,a5b2fb04b878e9fff4b764e79cf06db2,OK,853.329,2029
sp01,9fdebd3e36d16344b05f496394363d9c,OK,846.857,2045
sp02,f885f085c98c18670a7ddbe3c7a763da,OK,841.787,2057
sp00,db2ffa37256932f6732629ec5f2a035f,OK,537.368,3218
sp16,ac0197ee4a02894e2611e255e0125503,MDRUN_FAIL,,2079
sp08,c94a26f4dff73a180f04c48dad017723,OK,356.602,4850
sp08,40cb8b0c3343c02f5a6c40f02757e920,OK,355.927,4859
sp08,819a7f7be372131a469fbed045c9eb33,OK,355.834,4860
sp08,5266e860e65e5fc94b8ebfcb7843c31f,OK,354.824,4874
sp01,ab32da1f7ea48da050cb3f074c41b42f,OK,609.226,2840
sp08,6c4846b6eaf17057657b89d9f3678cfc,OK,354.367,4880
sp08,c6780a0007686453a29186d9ec94b23f,OK,354.280,4881
sp07,96e384ca0fb900959cf2205b9121fb47,OK,322.740,5360
sp01,6ed539a8e565bc920be9f146e577ce98,OK,608.055,2846
sp08,cfe4d9b13bebf025bdbd30504f03c83a,OK,352.843,4901
sp08,c8dee15f6cbcf595a6900314ad342f99,OK,356.919,4845
sp08,c82e0b161bf77b819bbafff08f9a082e,OK,346.695,4988
sp19,48a1e72551999e470167671de99c60b0,MDRUN_FAIL,,701
sp08,6efdc9276471f46eacd8dbafd71ddfd6,OK,363.924,4752
sp17,427745a99482f89e2af213daac24f2c4,OK,964.741,1796
sp17,8b7977f1eab9ea4074744154d19bfa8d,OK,969.050,1788
sp17,12004f3f2e7c95e0f8ddf8877cb7684c,OK,946.063,1831
sp08,25f842cc3cf5b87a32d72adc77c97780,OK,354.902,4873
sp01,52d2e2cddbd6c2ca52b2a6692a1be706,OK,595.900,2904
sp17,e5ec85f1b96ce3d4ca5d747969350f0f,OK,1135.985,1526
sp08,1b98d4c02a814a1c58e384be9fe73e92,OK,352.698,4903
sp01,3116f4c5342bf41e08cd23593057d9ac,OK,574.263,3012
sp19,ca3e30b78b8b15c1aa76fed50341d715,MDRUN_FAIL,,785
sp11,de36f12fbdb6f099ba5ac3231fe389e0,OK,440.157,3930
sp08,bd1567927f497abd4e18605be0e5f9dc,OK,361.659,4783
sp01,e3b605e5b9101a4f3fa1aae790d69360,OK,569.601,3037
sp20,de36f12fbdb6f099ba5ac3231fe389e0,MDRUN_FAIL,,674
sp08,d1a961f69c709d74aaec2945249f508c,OK,359.954,4806
sp12,ac0197ee4a02894e2611e255e0125503,OK,470.550,3677
sp01,f5b52bef73821d9cc3d674e42de6608f,OK,565.212,3061
sp12,c82e0b161bf77b819bbafff08f9a082e,OK,468.626,3692
sp01,c3abed8fe47c90e2af144bafbdc1da21,OK,564.663,3063
sp01,cf4a8047b69fbbe4ae6525a51c3063a1,OK,564.656,3063
sp21,8334c32de8facb541aeda11ba000b299,MDRUN_FAIL,,398
sp20,25f842cc3cf5b87a32d72adc77c97780,MDRUN_FAIL,,675
sp21,1468bf8fe44d2660d4245111ed256bb3,MDRUN_FAIL,,529
sp21,ceb2b49097d65c6344d7760b76a49be7,MDRUN_FAIL,,540
sp08,ea054fd43eb193b0b6268f917ed60185,OK,353.905,4888
sp08,308f2419f5e0ca7b6d39aac23a7de2ff,OK,351.674,4918
sp11,40cb8b0c3343c02f5a6c40f02757e920,OK,446.969,3870
sp20,1b98d4c02a814a1c58e384be9fe73e92,MDRUN_FAIL,,738
sp20,c82e0b161bf77b819bbafff08f9a082e,MDRUN_FAIL,,791
sp21,ca1e569ab7c7bc83c949f9e20ed78453,MDRUN_FAIL,,621
sp21,eff71722c9c04f7e61a0cf427b3c6019,MDRUN_FAIL,,477
sp01,fae572d9925f12e9cf58d65f8235a662,OK,619.911,2792
sp21,abcebd7334a50be9b204a4899d5d8881,MDRUN_FAIL,,629
sp20,c6780a0007686453a29186d9ec94b23f,MDRUN_FAIL,,804
sp02,e705cc4eb668b2bbc015283bc2b78b89,OK,734.376,2357
sp20,163d7079bdd82c1e475b5abe5436959a,MDRUN_FAIL,,887
sp02,6fe2e1378b320a53571e4688376156bc,OK,731.303,2367
sp02,ee504f886574b282ca630cb14509614b,OK,730.959,2368
sp02,066409425aa3969efdeb577c7443fbbd,OK,730.195,2370
sp20,c8dee15f6cbcf595a6900314ad342f99,MDRUN_FAIL,,820
sp02,3d395f6de7723b7b1aeebfb375bb1c5d,OK,729.413,2373
sp21,ba808f52df2ffa29ea7a2a6a9cd5f0b8,MDRUN_FAIL,,702
sp17,f444bf4b2a5712cdb76e326e74202030,OK,813.170,2130
sp02,302044e4781ac510fc30f16377e71d45,OK,726.669,2382
sp02,d53bf0815e07a7eed23cd2bbc64997ea,OK,725.960,2384
sp02,9c39d3ac13c2b5c81959b897757d862d,OK,724.680,2389
sp17,04e69510b344ad3e65a21130b7429d06,OK,795.941,2176
sp02,47d61683781a3671bead51f8f8e84eb9,OK,721.317,2400
sp20,6efdc9276471f46eacd8dbafd71ddfd6,MDRUN_FAIL,,827
sp20,cfe4d9b13bebf025bdbd30504f03c83a,MDRUN_FAIL,,865
sp02,0d441b18656df0b6da1659391eb123e7,OK,718.951,2407
sp20,819a7f7be372131a469fbed045c9eb33,MDRUN_FAIL,,877
sp01,ee389516e27a1853ac625548d8ca9482,OK,601.785,2877
sp02,3fa0c6c3d51d517940f2d737b2a070f2,OK,715.756,2418
sp02,11575d57d06531080c7c3f1703538086,OK,714.071,2424
sp20,5d418a86059c42695f5856b68e7a7118,MDRUN_FAIL,,1003
sp17,a2698e5db085c1959923b7b6eca55067,OK,809.420,2140
sp01,6e359d9430a2de705d89d808ead7c331,OK,595.876,2904
sp02,6625c7dedbb9078036a34c78f2ad4182,OK,722.965,2394
sp02,d4f996968bb63065cac387c064aaed66,OK,722.871,2394
sp20,bd1567927f497abd4e18605be0e5f9dc,MDRUN_FAIL,,847
sp17,1c58151c5cca3757a0dafb204cf925ad,OK,793.530,2183
sp17,519f148d49ef68ce3782c8eab23fa39e,OK,778.706,2224
sp20,5266e860e65e5fc94b8ebfcb7843c31f,MDRUN_FAIL,,915
sp19,69ea6e3ad23ea569f4bbfa0263cb5bdc,MDRUN_FAIL,,1137
sp21,e40809a6930ce378fdcb37d1b644e2d6,MDRUN_FAIL,,815
sp20,d1a961f69c709d74aaec2945249f508c,MDRUN_FAIL,,891
sp02,cee48dd72369c4e1f48b01651c970791,OK,713.060,2427
sp20,e40809a6930ce378fdcb37d1b644e2d6,MDRUN_FAIL,,1058
sp22,b2d145c83fe363359f846985aa11d3ba,MDRUN_FAIL,,98
sp17,22449a0ea60f206a1700d752b8923709,OK,804.656,2152
sp17,3b35ddb2b8a33d05d6b5870a9da6c712,OK,795.930,2176
sp17,6e359d9430a2de705d89d808ead7c331,OK,813.636,2129
sp17,6f6836389edc435ef5de6a0ca5c25474,OK,796.195,2175
sp17,ee389516e27a1853ac625548d8ca9482,OK,810.106,2139
sp17,fae572d9925f12e9cf58d65f8235a662,OK,810.083,2138
sp17,14e61945a20724d1818139fef8823538,OK,789.240,2194
sp17,ceb2b49097d65c6344d7760b76a49be7,OK,806.412,2147
sp17,8334c32de8facb541aeda11ba000b299,OK,795.998,2175
sp21,9dff198666f179b8a182da3e203eae73,MDRUN_FAIL,,908
sp17,eff71722c9c04f7e61a0cf427b3c6019,OK,790.226,2192
sp19,d8a2b383fc51f79cc2469b166af9122c,MDRUN_FAIL,,1188
sp20,ba808f52df2ffa29ea7a2a6a9cd5f0b8,MDRUN_FAIL,,1159
sp19,5b6d2943bab2409bd0928714d9016311,OK,1312.549,1319
sp14,ac0197ee4a02894e2611e255e0125503,OK,466.417,3710
sp17,b4b28e7bbe6caf601c6f1d9f426e6b74,OK,773.886,2237
sp17,ccb9fbbe8dccd3e51806073eb486a17c,OK,773.419,2239
sp02,2be277119d6eae84726b1921013ba77e,OK,727.370,2379
sp03,749b421329101fb34bf4c33daa32ff2e,OK,1076.518,1609
sp03,492b610efd391e76c199bfed5b16cf2a,OK,1063.280,1629
sp21,1bf5ed1e98a047c67826a7fd54dcf64f,MDRUN_FAIL,,805
sp20,ea054fd43eb193b0b6268f917ed60185,MDRUN_FAIL,,1085
sp03,bf34923dc4f956fa0c26fb0a54550049,OK,1043.476,1659
sp14,cfe4d9b13bebf025bdbd30504f03c83a,OK,465.476,3718
sp02,5d9bbfbd38feae26823caf531a5db1a6,OK,867.649,1994
sp14,d15af9a4462ff88f2cfafbc6cc94912e,OK,465.928,3714
sp02,62064a9f6b5d461a4c097abbc9bffe7a,OK,864.813,2001
sp02,d1324bec8ed2f7c4caac7dd5ac774f98,OK,857.855,2017
sp14,26daa23c738cb8c7dababa4ee2a1c4fb,OK,464.455,3726
sp22,47d61683781a3671bead51f8f8e84eb9,MDRUN_FAIL,,329
sp22,aa4ab13cb4df4d90f08700b97350a57b,MDRUN_FAIL,,423
sp14,ba32a5ca5c7e6e2db41283cf2f90660d,OK,464.917,3723
sp22,e157f064686d18428292a95c75eebffe,MDRUN_FAIL,,515
sp22,65316367b1c7ba80511f9cb5fb2fd2a4,MDRUN_FAIL,,502
sp02,543c819ac4256fe5b41298770a798122,OK,843.243,2052
sp02,6564af0e70be4d43388870363762e68c,OK,842.499,2054
sp02,bb0523a55a6136f05a592d05fd8ff8de,OK,842.090,2055
sp02,253860e6145c4fd6dd9cbc288515e367,OK,841.770,2056
sp02,353af6c9cfe7ecb0019d13eaa7b46eaf,OK,679.953,2545
sp22,ee504f886574b282ca630cb14509614b,MDRUN_FAIL,,382
sp22,fa512f9f244e78009694ff207c157f04,MDRUN_FAIL,,468
sp21,ea7f0fb058ae9dd251ae33c9d872926b,OK,1492.887,1160
sp22,605f40bd8c866d6adb1d6f2bec42c9b3,MDRUN_FAIL,,531
sp02,ffdbd2aa8cc03f78eb6b433fe1a74c09,OK,855.437,2023
sp22,ce9a796b1b540bd01171a965543d5ed4,MDRUN_FAIL,,525
sp02,f93dfb8ee56b2a98182d0adc1030c114,OK,853.888,2027
sp22,0d441b18656df0b6da1659391eb123e7,MDRUN_FAIL,,400
sp14,308f2419f5e0ca7b6d39aac23a7de2ff,OK,452.798,3822
sp02,d005b3d8ed6ab71e5ebd50c1b26a2ffb,OK,851.297,2033
sp02,59573ee97914f33c9708de5aa2e356b5,OK,825.629,2096
sp02,196b38c7ef93d3d9da6c8ba5fbe7cc36,OK,849.845,2036
sp02,9962e35d818f378081860dfde6088db5,OK,846.941,2043
sp22,3dd7fe0b27b084a92f8091446da1a66e,MDRUN_FAIL,,454
sp02,d9a52d46c0ccf0c1913e0eebbacfc330,OK,844.357,2049
sp22,80b0fe984d15b87a9da0bed91ab28b29,MDRUN_FAIL,,538
sp22,e705cc4eb668b2bbc015283bc2b78b89,MDRUN_FAIL,,425
sp22,8072d1cd9b9a836cbeec520610c1f9bd,MDRUN_FAIL,,473
sp22,6f8f3139923f55cc6cf8ceaccedb3aa4,MDRUN_FAIL,,513
sp14,57bff1b2673d3c8b9006213161935522,OK,450.714,3840
sp22,749b421329101fb34bf4c33daa32ff2e,MDRUN_FAIL,,467
sp23,3dd7fe0b27b084a92f8091446da1a66e,MDRUN_FAIL,,434
sp22,71610ced88f2d058ad64b79635b26b20,MDRUN_FAIL,,527
sp22,971c944ef6916e2840b6d63b8f00425e,MDRUN_FAIL,,484
sp22,25f842cc3cf5b87a32d72adc77c97780,MDRUN_FAIL,,694
sp22,0b4fbf7130a60ebdf348cd8d14c36b77,MDRUN_FAIL,,603
sp22,eb86c0e119d2fe75487a399c76724176,MDRUN_FAIL,,594
sp22,066409425aa3969efdeb577c7443fbbd,MDRUN_FAIL,,488
sp21,047b4e5133e0d4a8a3c4c2b9f29f5ee1,MDRUN_FAIL,,806
sp22,b7649d4e54db2998f4f380ff5b78484d,MDRUN_FAIL,,700
sp22,ec69e1666eb0eb27ed19cf2994bc675f,MDRUN_FAIL,,598
sp13,5266e860e65e5fc94b8ebfcb7843c31f,OK,449.918,3846
sp24,6b43e44fb3ada6de6c351a68d32eaa65,MDRUN_FAIL,,419
sp22,39f4f10d914c61149f1719bf477dd932,MDRUN_FAIL,,781
sp22,ec4ccad83d01498f18eec3728419c3aa,MDRUN_FAIL,,750
sp21,737df570b627d06e92101677b4e3da21,MDRUN_FAIL,,889
sp02,69da907af4c1f2f8307d027d4ab80d72,OK,865.529,2001
sp24,8a909432391c80b5414f2aed6279b942,MDRUN_FAIL,,402
sp02,de91618eee657d877d0668058bd50ff6,OK,859.575,2015
sp02,4be7a12b601883e91811eeb2e0c4ed4b,OK,858.573,2017
sp24,cc7b6263adb98dd621cdb08fde955a6f,MDRUN_FAIL,,471
sp21,395f47b77b5f161c28c20393b39e9076,MDRUN_FAIL,,1136
sp02,01bd41af226d7f8d1e5fdb361b0b562d,OK,852.879,2031
sp02,dbc5bdf0c84f89a682be5ac536c00bd2,OK,851.499,2034
sp02,65fcca610b91676d473a89c0858c6ffc,OK,850.947,2035
sp02,fc4ddc57541f29488f09921d9b36bc97,OK,849.115,2040
sp24,ce9a796b1b540bd01171a965543d5ed4,MDRUN_FAIL,,474
sp24,80b0fe984d15b87a9da0bed91ab28b29,MDRUN_FAIL,,459
sp21,ace45146c6a78c8039ff1fcd87b39fda,MDRUN_FAIL,,1188
sp02,eb1eb691e1c65761a234212818817153,OK,855.071,2025
sp23,8334c32de8facb541aeda11ba000b299,MDRUN_FAIL,,628
sp24,605f40bd8c866d6adb1d6f2bec42c9b3,MDRUN_FAIL,,513
sp21,d4a029e120a4109e548f939835fea733,OK,1382.230,1252
sp25,0d441b18656df0b6da1659391eb123e7,MDRUN_FAIL,,386
sp21,1f270ea65cd761a78a0ed8ab4ee8fec0,OK,1441.980,1201
sp21,de1492a39ee5b6346482dc83a1060a60,OK,1410.507,1227
sp21,0f35616c28aaaf8c39fd2467e3d2cebd,OK,1444.610,1198
sp24,0b4fbf7130a60ebdf348cd8d14c36b77,MDRUN_FAIL,,570
sp23,de36f12fbdb6f099ba5ac3231fe389e0,MDRUN_FAIL,,745
sp24,b7649d4e54db2998f4f380ff5b78484d,MDRUN_FAIL,,657
sp21,266bbb49e60781aca4002ea95c99c033,OK,1407.604,1230
sp21,fc4ddc57541f29488f09921d9b36bc97,MDRUN_FAIL,,1153
sp24,15044c0c9f83bb877f5ea28fece53a3d,MDRUN_FAIL,,540
sp24,ac6254a319053d53d01f6c8c06bc783d,MDRUN_FAIL,,554
sp21,9e7607ef3d929c5fd46ea0dc7f23f535,OK,1494.654,1159
sp21,e8397fcd2197e27d094058bc02fbba6a,OK,1500.137,1154
sp21,196b38c7ef93d3d9da6c8ba5fbe7cc36,OK,1410.870,1227
sp24,39f4f10d914c61149f1719bf477dd932,MDRUN_FAIL,,785
sp21,a5b2fb04b878e9fff4b764e79cf06db2,OK,1495.334,1158
sp23,909628c1d41006cf8bdc95b988228e4f,MDRUN_FAIL,,930
sp03,3fa0c6c3d51d517940f2d737b2a070f2,OK,727.214,2379
sp03,e705cc4eb668b2bbc015283bc2b78b89,OK,745.266,2323
sp03,9c39d3ac13c2b5c81959b897757d862d,OK,723.849,2391
sp26,b97da2a131609768b2ffb5b85b870db2,MDRUN_FAIL,,510
sp03,302044e4781ac510fc30f16377e71d45,OK,719.551,2405
sp03,11575d57d06531080c7c3f1703538086,OK,732.060,2364
sp03,e5ec85f1b96ce3d4ca5d747969350f0f,OK,886.615,1952
sp16,308f2419f5e0ca7b6d39aac23a7de2ff,OK,475.622,3638
sp03,ee504f886574b282ca630cb14509614b,OK,721.652,2398
sp03,3d395f6de7723b7b1aeebfb375bb1c5d,OK,721.055,2400
sp03,0d441b18656df0b6da1659391eb123e7,OK,714.975,2421
sp03,ace45146c6a78c8039ff1fcd87b39fda,OK,863.834,2004
sp03,6fe2e1378b320a53571e4688376156bc,OK,712.504,2429
sp03,d4f996968bb63065cac387c064aaed66,OK,748.645,2312
sp03,395f47b77b5f161c28c20393b39e9076,OK,886.192,1952
sp03,2be277119d6eae84726b1921013ba77e,OK,745.704,2321
sp03,6564af0e70be4d43388870363762e68c,OK,909.662,1903
sp03,62064a9f6b5d461a4c097abbc9bffe7a,OK,901.816,1919
sp03,6625c7dedbb9078036a34c78f2ad4182,OK,737.131,2348
sp03,295199ed8a4621a340b6b79b4024bec4,OK,870.705,1988
sp03,066409425aa3969efdeb577c7443fbbd,OK,718.586,2409
sp03,543c819ac4256fe5b41298770a798122,OK,897.049,1929
sp23,b8ac149673f7c3cd33b88439965cd67f,MDRUN_FAIL,,1110
sp03,cee48dd72369c4e1f48b01651c970791,OK,735.098,2355
sp03,de1492a39ee5b6346482dc83a1060a60,OK,840.052,2060
sp03,1a263985d22c81f9d3e9eb46e23d21ab,OK,865.141,2000
sp03,0f35616c28aaaf8c39fd2467e3d2cebd,OK,865.005,2001
sp23,253860e6145c4fd6dd9cbc288515e367,MDRUN_FAIL,,1115
sp03,b935f060fc633ecb59aac069eeb99d71,OK,862.678,2006
sp25,e13195a3669e20a1cb71ccb752460291,MDRUN_FAIL,,862
sp03,1f270ea65cd761a78a0ed8ab4ee8fec0,OK,853.067,2029
sp03,d1324bec8ed2f7c4caac7dd5ac774f98,OK,877.777,1972
sp02,6e359d9430a2de705d89d808ead7c331,OK,619.724,2793
sp03,5d9bbfbd38feae26823caf531a5db1a6,OK,877.437,1972
sp03,266bbb49e60781aca4002ea95c99c033,OK,851.469,2033
sp03,bb0523a55a6136f05a592d05fd8ff8de,OK,876.611,1974
sp03,12004f3f2e7c95e0f8ddf8877cb7684c,OK,722.589,2395
sp23,bb0523a55a6136f05a592d05fd8ff8de,OK,1517.848,1142
sp03,47d61683781a3671bead51f8f8e84eb9,OK,702.438,2463
sp03,253860e6145c4fd6dd9cbc288515e367,OK,871.085,1987
sp03,0a8bd2b181a818ac245c132acb3ffd18,OK,845.023,2048
sp03,909628c1d41006cf8bdc95b988228e4f,OK,868.384,1993
sp03,b9b9bfeefa0e6a15732b8a6efe510a7f,OK,716.605,2415
sp03,d53bf0815e07a7eed23cd2bbc64997ea,OK,714.946,2421
sp04,5d418a86059c42695f5856b68e7a7118,OK,920.077,1882
sp04,642b2e0e340ac4d3adcf66589e7fd012,OK,920.110,1882
sp03,59573ee97914f33c9708de5aa2e356b5,OK,863.372,2004
sp03,ffdbd2aa8cc03f78eb6b433fe1a74c09,OK,888.903,1947
sp23,6564af0e70be4d43388870363762e68c,OK,1501.674,1154
sp04,922db9175a15e6a2d34d02717b0de6ab,OK,913.176,1896
sp23,5d9bbfbd38feae26823caf531a5db1a6,OK,1491.484,1162
sp04,7024d698ad06da1b887b5df50f7728d3,OK,910.350,1902
sp04,fa4de5e62b4e32e8b3d71088211803e0,OK,906.160,1911
sp04,b19d1a70ff3d2abd6986665d47eff086,OK,905.420,1912
sp23,d1324bec8ed2f7c4caac7dd5ac774f98,OK,1445.826,1198
sp03,f3bf65b5c175c4eb9a32b952ec009daa,OK,848.170,2040
sp03,427745a99482f89e2af213daac24f2c4,OK,702.958,2462
sp04,e49cfa366cc64bab8e1edf37b372cbf6,OK,900.723,1922
sp04,3f6e40d3068fb0fd99bfa763ed0ca2bb,OK,898.841,1926
sp25,e5ec85f1b96ce3d4ca5d747969350f0f,MDRUN_FAIL,,921
sp04,b60c297c7199140f1f38ac6909b5bf24,OK,898.356,1927
sp04,37eaa144facb029500f427e04d484481,OK,870.627,1988
sp04,187b2fb9351c5f10d65f710e85056c31,OK,868.763,1992
sp03,8b7977f1eab9ea4074744154d19bfa8d,OK,698.451,2478
sp17,25f842cc3cf5b87a32d72adc77c97780,OK,477.546,3625
sp04,4a67881e46b87364ec2e0ec7cbbf0bec,OK,888.124,1949
sp04,def33b1b26713c8ce7794e1cee2141c6,OK,861.011,2010
sp04,e32bacbac8502d337dc3d54d78b564a2,OK,912.136,1898
sp04,0b4fbf7130a60ebdf348cd8d14c36b77,OK,1083.004,1599
sp04,80b0fe984d15b87a9da0bed91ab28b29,OK,1081.721,1601
sp25,ace45146c6a78c8039ff1fcd87b39fda,MDRUN_FAIL,,956
sp04,20ffceabec2b95cc0b401b1d1e504f6b,OK,854.338,2025
sp03,282b4e352d38ef07443209435439bcea,OK,836.070,2071
sp04,ce9a796b1b540bd01171a965543d5ed4,OK,1075.180,1611
sp03,353af6c9cfe7ecb0019d13eaa7b46eaf,OK,689.145,2511
sp04,ff032b5793a25a8e4f9611a34a394671,OK,876.080,1976
sp04,c842104ea7034c335c96f16efde3aff4,OK,875.506,1977
sp04,d03b3614f1c49ff6b9fbf5832ee9770f,OK,901.984,1920
sp04,f1a057393d7efd3f562b774490f9dfd1,OK,901.409,1920
sp04,4438f9709f9cecfb7ddd62b05fff9f8d,OK,896.639,1931
sp03,03d2d012db8145e06c35d7e016c645dc,OK,595.792,2903
sp04,b85a22ec0aa0dc6afd4221dc2f0bb482,OK,887.651,1951
sp04,c42e22237c07702a044507738b0805b2,OK,859.803,2013
sp04,e93a4d36831e1c123940b06eb94b7e74,OK,858.495,2016
sp04,ff8edf23e1c4463cdc767531d804cef1,OK,857.830,2017
sp03,3a87c373b8ee3ee690e68ccce89857a3,OK,592.311,2920
sp04,0790157ee26dfb0fea3a1ce3db026f75,OK,879.727,1968
sp03,57f8d9f325a6ba6d6f33f1306c042866,OK,730.525,2371
sp04,c2f2ee45493f8ae40c2fd957499cc3f6,OK,905.718,1912
sp03,1dd183338ac9d0d5904e89f4aca06e34,OK,729.777,2372
sp04,47a8000e16980306005511b953a06ecf,OK,871.950,1985
sp04,3c117a293542d626d77f570da38bd5f1,OK,896.099,1932
sp04,c5cf1f886c6849f8233c8b282a929680,OK,840.494,2059
sp04,e40809a6930ce378fdcb37d1b644e2d6,OK,892.410,1940
sp03,5aeaf69cbe372b3d35c6e0ef066dc05b,OK,720.007,2404
sp04,ac6254a319053d53d01f6c8c06bc783d,OK,1053.834,1643
sp25,909628c1d41006cf8bdc95b988228e4f,MDRUN_FAIL,,1041
sp04,9c772b2f96c879dc662e5f137990844f,OK,813.436,2127
sp03,078844c7f38624b3996505d0f98526ca,OK,583.031,2968
sp04,88de53427c78a4f8890a2b946385d70b,OK,835.340,2072
sp04,8a909432391c80b5414f2aed6279b942,OK,1046.997,1654
sp04,15044c0c9f83bb877f5ea28fece53a3d,OK,1039.232,1667
sp03,166e854e6f7609934b769fb3b19101c0,OK,578.536,2990
sp25,de1492a39ee5b6346482dc83a1060a60,MDRUN_FAIL,,1093
sp03,83426a9786b17364e36e1efe6db37be6,OK,705.053,2455
sp25,7f401a529b655f4a54438d8f5d6f0225,MDRUN_FAIL,,1126
sp04,d14a66e8dd811490ccafaf75afa970de,OK,1049.632,1650
sp25,d005b3d8ed6ab71e5ebd50c1b26a2ffb,OK,1594.375,1087
sp03,7f8c5f877cc7df732365ed9f3035e71a,OK,567.578,3047
sp25,f93dfb8ee56b2a98182d0adc1030c114,OK,1574.741,1101
sp04,04d89e15e651861ca58bbec52b719c49,OK,1033.779,1675
sp03,ee2e7b45aae1b85d5c18aad16d03d855,OK,565.495,3059
sp25,d9a52d46c0ccf0c1913e0eebbacfc330,OK,1571.505,1103
sp04,594685ab2c2c7dfb758c69d0a9bc2a8d,OK,1065.703,1625
sp03,824df1fae448411a738d6987cd933d7b,OK,563.812,3068
sp25,196b38c7ef93d3d9da6c8ba5fbe7cc36,OK,1563.841,1108
sp03,71d81c144a98e11bef7a990464b30910,OK,572.359,3023
sp03,b1a7ee597e9d75bd95fcad2e74c8ab83,OK,559.652,3090
sp03,e8db4af0c7a34ddcd59bd43979c83a63,OK,559.607,3090
sp03,9510387a41d9428f814f1e8a487e626d,OK,559.507,3091
sp25,01bd41af226d7f8d1e5fdb361b0b562d,OK,1569.063,1104
sp25,dbc5bdf0c84f89a682be5ac536c00bd2,OK,1572.508,1103
sp03,055e1e9c95b2378efd3fc90b82948709,OK,569.274,3039
sp25,65fcca610b91676d473a89c0858c6ffc,OK,1566.727,1107
sp25,f3bf65b5c175c4eb9a32b952ec009daa,OK,1467.563,1181
sp25,eb1eb691e1c65761a234212818817153,OK,1581.300,1096
sp25,9962e35d818f378081860dfde6088db5,OK,1513.814,1144
sp04,79ff013c97a88f8bec1adfae42218746,OK,1074.977,1611
sp25,0b8c97a20e0da60b11a122b27f6c8b62,OK,1595.085,1087
sp03,c83d057a219e5a25a09f354503a70d4d,OK,564.153,3066
sp04,2b0132dda46dfc13890fc97f3e161079,OK,1060.973,1632
sp03,d1d524dd925a24438ecd2d014b089d87,OK,563.127,3071
sp25,de91618eee657d877d0668058bd50ff6,OK,1548.814,1119
sp25,4be7a12b601883e91811eeb2e0c4ed4b,OK,1483.124,1168
sp25,69da907af4c1f2f8307d027d4ab80d72,OK,1542.593,1123
sp04,9dff198666f179b8a182da3e203eae73,OK,911.595,1901
sp25,359e38e810d725751e2260e2b3006df9,OK,1560.466,1111
sp03,0a826045d720c0a795bd1979a728e35c,OK,559.464,3092
sp25,fc4ddc57541f29488f09921d9b36bc97,OK,1465.393,1183
sp04,0708a8656ea2024a7a2f0e1407f518a7,OK,908.821,1906
sp03,6ed539a8e565bc920be9f146e577ce98,OK,581.732,2974
sp04,cabddb27a77b57b277eb28c407a26d3f,OK,908.204,1908
sp04,ba808f52df2ffa29ea7a2a6a9cd5f0b8,OK,908.167,1908
sp04,8aec869639fd159e3c91d77b4fcc4e79,OK,907.165,1909
sp25,e8397fcd2197e27d094058bc02fbba6a,OK,1568.075,1106
sp25,9e7607ef3d929c5fd46ea0dc7f23f535,OK,1552.468,1117
sp03,ab32da1f7ea48da050cb3f074c41b42f,OK,580.518,2980
sp04,752f05c1f66a8f4b3b1789ec136a4c33,OK,903.418,1918
sp03,b7649d4e54db2998f4f380ff5b78484d,OK,567.356,3049
sp03,e123cf065380d0b0c8f3053e9ba7be61,OK,566.719,3053
sp03,c5b72985a64d484d55f5162f79464155,OK,565.687,3058
sp25,9fdebd3e36d16344b05f496394363d9c,OK,1500.091,1155
sp04,ea7f0fb058ae9dd251ae33c9d872926b,OK,892.126,1942
sp03,0677f513ac408d66c189e10e0ee4d76f,OK,563.315,3071
sp04,37f9f904b3a0eaee2c624e4559ebe52f,OK,889.994,1947
sp04,77b75df8109925be76df5616a3e1c899,OK,887.908,1951
sp03,c3e6f0472fa7320f5e210e26cfc4ecec,OK,545.530,3171
sp26,737df570b627d06e92101677b4e3da21,OK,1492.837,1160
sp26,69da907af4c1f2f8307d027d4ab80d72,OK,1486.856,1165
sp03,39f4f10d914c61149f1719bf477dd932,OK,552.619,3130
sp03,ec4ccad83d01498f18eec3728419c3aa,OK,548.422,3154
sp03,c52270f78e77bf608aafaa68736e6b18,OK,604.416,2862
sp02,96e384ca0fb900959cf2205b9121fb47,OK,374.291,4622
sp03,ccb9fbbe8dccd3e51806073eb486a17c,OK,574.638,3010
sp02,7a1bbdb9f1f8528edd767025c45e5cc8,OK,372.022,4650
sp03,9c898bacf201efb96fbd136bddcadbcd,OK,581.035,2977
sp04,b8ac149673f7c3cd33b88439965cd67f,OK,870.077,1990
sp03,4ec28cb2a7a8589319f3a418eb12f1fd,OK,562.146,3077
sp04,fa95727eed889db7226aa52d7509284a,OK,860.840,2011
sp04,0ba0e185398f759ca91fbd5fa3f0803a,OK,860.015,2013
sp04,1bf5ed1e98a047c67826a7fd54dcf64f,OK,858.776,2016
sp03,db2ffa37256932f6732629ec5f2a035f,OK,578.191,2992
sp04,d4a029e120a4109e548f939835fea733,OK,851.358,2033
sp04,b6465c8ac0ed173d3faf7c401e0c4924,OK,848.311,2041
sp04,0f35616c28aaaf8c39fd2467e3d2cebd,OK,851.241,2033
sp04,ca3e30b78b8b15c1aa76fed50341d715,OK,847.354,2042
sp04,d8a2b383fc51f79cc2469b166af9122c,OK,841.396,2057
sp04,5b6d2943bab2409bd0928714d9016311,OK,837.097,2068
sp04,5e2a23cb4d697cfdd0e84f4a2481d982,OK,836.115,2070
sp04,69ea6e3ad23ea569f4bbfa0263cb5bdc,OK,832.520,2079
sp04,266bbb49e60781aca4002ea95c99c033,OK,827.732,2091
sp04,0a8bd2b181a818ac245c132acb3ffd18,OK,850.491,2035
sp04,1a263985d22c81f9d3e9eb46e23d21ab,OK,815.136,2123
sp02,b4d6bf83422567e92f6475f4f9bd6ec8,OK,348.260,4967
sp05,9c772b2f96c879dc662e5f137990844f,OK,856.746,2020
sp05,e32bacbac8502d337dc3d54d78b564a2,OK,911.528,1899
sp05,98cf559a50ee84d38e7648c91b0c564d,OK,883.266,1960
sp05,7024d698ad06da1b887b5df50f7728d3,OK,911.465,1900
sp05,4438f9709f9cecfb7ddd62b05fff9f8d,OK,903.099,1917
sp05,d60363c0fec1c05a155d848f9a232a3e,OK,874.018,1980
sp05,37eaa144facb029500f427e04d484481,OK,822.312,2104
sp05,cb20abd70e0ece3d85e1338101d4bd72,OK,841.786,2056
sp05,d03b3614f1c49ff6b9fbf5832ee9770f,OK,892.046,1941
sp05,424689a2bad294c9a4d19ed5924324de,OK,864.159,2002
sp04,166e854e6f7609934b769fb3b19101c0,OK,586.115,2953
sp04,03d2d012db8145e06c35d7e016c645dc,OK,583.585,2965
sp05,a864b4e510a4a9f05aa2438e3cebd634,OK,833.863,2076
sp05,ff032b5793a25a8e4f9611a34a394671,OK,858.236,2017
sp04,824df1fae448411a738d6987cd933d7b,OK,579.128,2988
sp04,e8db4af0c7a34ddcd59bd43979c83a63,OK,581.774,2974
sp04,3a87c373b8ee3ee690e68ccce89857a3,OK,604.008,2865
sp04,078844c7f38624b3996505d0f98526ca,OK,575.833,3005
sp04,7f8c5f877cc7df732365ed9f3035e71a,OK,559.923,3090
sp04,b1a7ee597e9d75bd95fcad2e74c8ab83,OK,566.980,3051
sp04,9510387a41d9428f814f1e8a487e626d,OK,564.370,3065
sp04,ee2e7b45aae1b85d5c18aad16d03d855,OK,561.951,3078
sp00,e32bacbac8502d337dc3d54d78b564a2,OK,757.205,2285
sp00,ff032b5793a25a8e4f9611a34a394671,OK,741.087,2335
sp06,65316367b1c7ba80511f9cb5fb2fd2a4,OK,1128.791,1535
sp06,80b0fe984d15b87a9da0bed91ab28b29,OK,1149.557,1507
sp06,8a909432391c80b5414f2aed6279b942,OK,1129.746,1533
sp06,cc7b6263adb98dd621cdb08fde955a6f,OK,1135.068,1526
sp06,0b4fbf7130a60ebdf348cd8d14c36b77,OK,1112.792,1557
sp06,e157f064686d18428292a95c75eebffe,OK,1095.117,1582
sp00,d03b3614f1c49ff6b9fbf5832ee9770f,OK,735.651,2352
sp06,ce9a796b1b540bd01171a965543d5ed4,OK,1088.879,1590
sp06,6b43e44fb3ada6de6c351a68d32eaa65,OK,1079.341,1604
sp00,4438f9709f9cecfb7ddd62b05fff9f8d,OK,734.473,2356
sp06,605f40bd8c866d6adb1d6f2bec42c9b3,OK,1050.520,1648
sp06,fd5ba50d24141a833001dc12a320fc8f,OK,933.317,1854
sp06,7969946fa4a7d73df90d5fadcdef4b59,OK,922.679,1876
sp06,ad3886476184578f75d5af9504b7aca7,OK,926.398,1868
sp06,13e1da8f0e67c08c5ef1cb0ebded75a5,OK,919.835,1882
sp06,3f6e40d3068fb0fd99bfa763ed0ca2bb,OK,951.612,1819
sp06,5d418a86059c42695f5856b68e7a7118,OK,944.450,1833
sp06,d60363c0fec1c05a155d848f9a232a3e,OK,921.048,1879
sp06,39cbab9e91b4af7ae5b0eed4a14b90f9,OK,919.708,1882
sp06,2cb6e34fab1ee523b2a48790b68ad465,OK,914.355,1893
sp06,642b2e0e340ac4d3adcf66589e7fd012,OK,941.301,1839
sp06,99c9a8dee8fadf56676d8f90e6848e58,OK,917.799,1886
sp06,e49cfa366cc64bab8e1edf37b372cbf6,OK,947.110,1829
sp06,424689a2bad294c9a4d19ed5924324de,OK,917.510,1887
sp06,b60c297c7199140f1f38ac6909b5bf24,OK,933.153,1855
sp06,a864b4e510a4a9f05aa2438e3cebd634,OK,913.874,1894
sp06,fffe47a81a0ad8b0cd7beae03f34b077,OK,888.913,1947
sp06,fa4de5e62b4e32e8b3d71088211803e0,OK,927.912,1866
sp06,c42e22237c07702a044507738b0805b2,OK,905.941,1910
sp01,d1324bec8ed2f7c4caac7dd5ac774f98,OK,733.162,2360
sp06,cb20abd70e0ece3d85e1338101d4bd72,OK,897.249,1929
sp06,922db9175a15e6a2d34d02717b0de6ab,OK,928.082,1865
sp06,b19d1a70ff3d2abd6986665d47eff086,OK,923.098,1875
sp01,5d9bbfbd38feae26823caf531a5db1a6,OK,742.465,2330
sp06,98cf559a50ee84d38e7648c91b0c564d,OK,894.227,1935
sp01,bb0523a55a6136f05a592d05fd8ff8de,OK,720.300,2402
sp06,e93a4d36831e1c123940b06eb94b7e74,OK,900.456,1922
sp06,88de53427c78a4f8890a2b946385d70b,OK,896.874,1930
sp06,ff8edf23e1c4463cdc767531d804cef1,OK,895.372,1933
sp06,c842104ea7034c335c96f16efde3aff4,OK,883.395,1959
sp05,b6465c8ac0ed173d3faf7c401e0c4924,OK,844.525,2050
sp05,266bbb49e60781aca4002ea95c99c033,OK,854.266,2026
sp01,01bd41af226d7f8d1e5fdb361b0b562d,OK,735.631,2352
sp05,1f270ea65cd761a78a0ed8ab4ee8fec0,OK,842.872,2054
sp05,0f35616c28aaaf8c39fd2467e3d2cebd,OK,844.745,2049
sp05,6fe2e1378b320a53571e4688376156bc,OK,708.973,2441
sp01,4be7a12b601883e91811eeb2e0c4ed4b,OK,728.486,2375
sp01,253860e6145c4fd6dd9cbc288515e367,OK,706.091,2451
sp01,de91618eee657d877d0668058bd50ff6,OK,731.847,2364
sp01,dbc5bdf0c84f89a682be5ac536c00bd2,OK,723.554,2392
sp01,65fcca610b91676d473a89c0858c6ffc,OK,725.652,2384
sp01,eb1eb691e1c65761a234212818817153,OK,721.723,2397
sp01,69da907af4c1f2f8307d027d4ab80d72,OK,720.888,2400
sp03,282b4e352d38ef07443209435439bcea,OK,766.980,2256
sp03,308f2419f5e0ca7b6d39aac23a7de2ff,OK,356.354,4853
sp06,c5cf1f886c6849f8233c8b282a929680,OK,818.259,2115
sp03,57bff1b2673d3c8b9006213161935522,OK,354.642,4876
sp03,26daa23c738cb8c7dababa4ee2a1c4fb,OK,354.147,4883
sp03,25f842cc3cf5b87a32d72adc77c97780,OK,349.795,4944
sp02,6ef67d129dcb37a0be630ca24c321f02,OK,700.066,2472
sp03,c8dee15f6cbcf595a6900314ad342f99,OK,347.105,4982
sp03,ba32a5ca5c7e6e2db41283cf2f90660d,OK,350.951,4928
sp03,ea054fd43eb193b0b6268f917ed60185,OK,350.877,4928
sp03,6efdc9276471f46eacd8dbafd71ddfd6,OK,350.713,4931
sp03,d1a961f69c709d74aaec2945249f508c,OK,350.226,4938
sp03,40cb8b0c3343c02f5a6c40f02757e920,OK,345.395,5007
sp02,fffe47a81a0ad8b0cd7beae03f34b077,OK,681.632,2538
sp03,1b98d4c02a814a1c58e384be9fe73e92,OK,348.805,4958
sp03,d4a029e120a4109e548f939835fea733,OK,765.549,2260
sp06,d4a029e120a4109e548f939835fea733,OK,905.902,1910
sp03,d15af9a4462ff88f2cfafbc6cc94912e,OK,347.202,4981
sp03,cfe4d9b13bebf025bdbd30504f03c83a,OK,342.410,5050
sp03,5266e860e65e5fc94b8ebfcb7843c31f,OK,342.373,5051
sp03,bd1567927f497abd4e18605be0e5f9dc,OK,345.999,4998
sp03,1bf5ed1e98a047c67826a7fd54dcf64f,OK,757.241,2285
sp06,0ba0e185398f759ca91fbd5fa3f0803a,OK,882.918,1961
sp06,b8ac149673f7c3cd33b88439965cd67f,OK,890.759,1944
sp06,5e2a23cb4d697cfdd0e84f4a2481d982,OK,901.207,1920
sp06,d8a2b383fc51f79cc2469b166af9122c,OK,892.284,1939
sp06,1bf5ed1e98a047c67826a7fd54dcf64f,OK,878.453,1971
sp06,fa95727eed889db7226aa52d7509284a,OK,871.616,1985
sp06,5b6d2943bab2409bd0928714d9016311,OK,885.955,1955
sp06,f93dfb8ee56b2a98182d0adc1030c114,OK,917.507,1887
sp06,ace45146c6a78c8039ff1fcd87b39fda,OK,902.098,1919
sp06,b6465c8ac0ed173d3faf7c401e0c4924,OK,870.068,1989
sp06,7f401a529b655f4a54438d8f5d6f0225,OK,895.297,1933
sp06,69ea6e3ad23ea569f4bbfa0263cb5bdc,OK,869.468,1991
sp06,1f270ea65cd761a78a0ed8ab4ee8fec0,OK,895.827,1933
sp06,fc4ddc57541f29488f09921d9b36bc97,OK,914.597,1892
sp06,2b0f0d7f8914675eaf8e2f5aee81598d,OK,883.164,1960
sp06,196b38c7ef93d3d9da6c8ba5fbe7cc36,OK,911.645,1899
sp06,395f47b77b5f161c28c20393b39e9076,OK,891.468,1942
sp06,9962e35d818f378081860dfde6088db5,OK,907.928,1907
sp06,0f35616c28aaaf8c39fd2467e3d2cebd,OK,889.557,1946
sp06,03f5731ad72b97ea2fd1ec352fe5dde0,OK,875.480,1977
sp06,d005b3d8ed6ab71e5ebd50c1b26a2ffb,OK,899.298,1925
sp06,d9a52d46c0ccf0c1913e0eebbacfc330,OK,903.969,1914
sp06,e5ec85f1b96ce3d4ca5d747969350f0f,OK,884.503,1957
sp06,ffdbd2aa8cc03f78eb6b433fe1a74c09,OK,893.303,1938
sp06,e13195a3669e20a1cb71ccb752460291,OK,870.400,1988
sp03,819a7f7be372131a469fbed045c9eb33,OK,333.137,5191
sp06,f3bf65b5c175c4eb9a32b952ec009daa,OK,877.769,1972
sp06,de1492a39ee5b6346482dc83a1060a60,OK,867.142,1996
sp06,266bbb49e60781aca4002ea95c99c033,OK,867.198,1996
sp06,01bd41af226d7f8d1e5fdb361b0b562d,OK,903.190,1916
sp05,98cf559a50ee84d38e7648c91b0c564d,OK,754.293,2295
sp06,a9feaf2e38ac31b8f513a09f91500ce9,OK,762.140,2271
sp06,83426a9786b17364e36e1efe6db37be6,OK,753.392,2298
sp06,65fcca610b91676d473a89c0858c6ffc,OK,924.682,1872
sp06,5aeaf69cbe372b3d35c6e0ef066dc05b,OK,751.179,2304
sp05,a864b4e510a4a9f05aa2438e3cebd634,OK,720.971,2400
sp06,dbc5bdf0c84f89a682be5ac536c00bd2,OK,888.469,1948
sp06,4be7a12b601883e91811eeb2e0c4ed4b,OK,865.891,1999
sp06,8b7977f1eab9ea4074744154d19bfa8d,OK,739.001,2342
sp05,71d81c144a98e11bef7a990464b30910,OK,566.384,3055
sp06,bc27b2dd2f1cfe96f171984d54609c4e,OK,751.562,2303
sp06,e111d883881d5735e54ce398821e189a,OK,746.076,2320
sp06,b97da2a131609768b2ffb5b85b870db2,OK,746.571,2318
sp06,57f8d9f325a6ba6d6f33f1306c042866,OK,742.958,2330
sp06,1dd183338ac9d0d5904e89f4aca06e34,OK,736.234,2351
sp05,0a826045d720c0a795bd1979a728e35c,OK,565.477,3059
sp06,eb1eb691e1c65761a234212818817153,OK,931.449,1859
sp06,f885f085c98c18670a7ddbe3c7a763da,OK,812.887,2129
sp06,def33b1b26713c8ce7794e1cee2141c6,OK,812.798,2129
sp06,8f625b232d5b3f24ef0fccc5663f85b7,OK,732.096,2364
sp05,c5b72985a64d484d55f5162f79464155,OK,561.096,3083
sp05,b7649d4e54db2998f4f380ff5b78484d,OK,560.505,3086
sp05,0677f513ac408d66c189e10e0ee4d76f,OK,559.012,3094
sp06,37eaa144facb029500f427e04d484481,OK,804.182,2152
sp06,187b2fb9351c5f10d65f710e85056c31,OK,802.698,2156
sp05,e123cf065380d0b0c8f3053e9ba7be61,OK,556.513,3108
sp06,359e38e810d725751e2260e2b3006df9,OK,946.157,1829
sp05,39f4f10d914c61149f1719bf477dd932,OK,556.288,3109
sp06,9fdebd3e36d16344b05f496394363d9c,OK,922.866,1875
sp02,57f8d9f325a6ba6d6f33f1306c042866,OK,610.422,2835
sp06,0b8c97a20e0da60b11a122b27f6c8b62,OK,915.832,1890
sp05,359e38e810d725751e2260e2b3006df9,OK,778.031,2224
sp06,20ffceabec2b95cc0b401b1d1e504f6b,OK,788.276,2195
sp06,de91618eee657d877d0668058bd50ff6,OK,899.343,1924
sp05,e8397fcd2197e27d094058bc02fbba6a,OK,768.373,2252
sp05,9e7607ef3d929c5fd46ea0dc7f23f535,OK,767.783,2254
sp06,737df570b627d06e92101677b4e3da21,OK,927.078,1867
sp05,a5b2fb04b878e9fff4b764e79cf06db2,OK,769.563,2249
sp06,047b4e5133e0d4a8a3c4c2b9f29f5ee1,OK,912.625,1897
sp06,e8397fcd2197e27d094058bc02fbba6a,OK,910.612,1901
sp06,a5b2fb04b878e9fff4b764e79cf06db2,OK,919.495,1883
sp05,737df570b627d06e92101677b4e3da21,OK,765.399,2261
sp05,238dd65aac42b2b34162c0b51a84d1db,OK,761.077,2274
sp05,047b4e5133e0d4a8a3c4c2b9f29f5ee1,OK,760.898,2275
sp06,9c772b2f96c879dc662e5f137990844f,OK,758.183,2282
sp06,238dd65aac42b2b34162c0b51a84d1db,OK,905.993,1910
sp05,3f4c270aff052556802e3ea59a80940f,OK,600.756,2880
sp06,a1409d89193dd0a7a4a54efb7c4b0b88,OK,758.199,2283
sp05,bc9b7c54eb864a288d845c2e1a4018a9,OK,596.604,2900
sp05,48a1e72551999e470167671de99c60b0,OK,596.316,2901
sp06,9e7607ef3d929c5fd46ea0dc7f23f535,OK,876.789,1974
sp07,f885f085c98c18670a7ddbe3c7a763da,OK,889.976,1944
sp05,c42e22237c07702a044507738b0805b2,OK,726.728,2381
sp07,187b2fb9351c5f10d65f710e85056c31,OK,897.219,1929
sp07,def33b1b26713c8ce7794e1cee2141c6,OK,889.002,1947
sp07,cc7b6263adb98dd621cdb08fde955a6f,OK,1117.769,1550
sp05,70ccfc52bf05ee3830737995c6d93f9c,OK,587.499,2944
sp05,1468bf8fe44d2660d4245111ed256bb3,OK,586.991,2947
sp07,9c772b2f96c879dc662e5f137990844f,OK,892.713,1939
sp07,20ffceabec2b95cc0b401b1d1e504f6b,OK,884.267,1957
sp07,37eaa144facb029500f427e04d484481,OK,885.808,1954
sp07,6b43e44fb3ada6de6c351a68d32eaa65,OK,1126.202,1538
sp05,73ee76fa0a7cddc97ed2eb037810cd66,OK,572.932,3019
sp07,a1409d89193dd0a7a4a54efb7c4b0b88,OK,880.295,1966
sp06,166e854e6f7609934b769fb3b19101c0,OK,614.848,2814
sp06,03d2d012db8145e06c35d7e016c645dc,OK,614.795,2814
sp06,6ed539a8e565bc920be9f146e577ce98,OK,612.631,2825
sp07,37eaa144facb029500f427e04d484481,OK,811.827,2133
sp06,ab32da1f7ea48da050cb3f074c41b42f,OK,610.832,2832
sp07,4232bcfa9c606f52c8067ff9e22fe8af,OK,860.967,2010
sp01,a2698e5db085c1959923b7b6eca55067,OK,505.445,3422
sp06,52d2e2cddbd6c2ca52b2a6692a1be706,OK,614.419,2816
sp06,b7649d4e54db2998f4f380ff5b78484d,OK,603.312,2868
sp07,65316367b1c7ba80511f9cb5fb2fd2a4,OK,1070.897,1617
sp06,e3b605e5b9101a4f3fa1aae790d69360,OK,607.185,2849
sp06,3b35ddb2b8a33d05d6b5870a9da6c712,OK,627.630,2757
sp06,ec4ccad83d01498f18eec3728419c3aa,OK,595.399,2906
sp06,3116f4c5342bf41e08cd23593057d9ac,OK,595.957,2903
sp06,f444bf4b2a5712cdb76e326e74202030,OK,621.179,2786
sp06,7f8c5f877cc7df732365ed9f3035e71a,OK,592.313,2921
sp06,cf4a8047b69fbbe4ae6525a51c3063a1,OK,598.493,2891
sp06,6e359d9430a2de705d89d808ead7c331,OK,627.503,2758
sp06,078844c7f38624b3996505d0f98526ca,OK,592.177,2922
sp07,80b0fe984d15b87a9da0bed91ab28b29,OK,1112.549,1557
sp06,824df1fae448411a738d6987cd933d7b,OK,587.473,2945
sp06,04e69510b344ad3e65a21130b7429d06,OK,610.714,2833
sp06,f5b52bef73821d9cc3d674e42de6608f,OK,594.905,2908
sp07,d14a66e8dd811490ccafaf75afa970de,OK,1096.614,1579
sp06,a2698e5db085c1959923b7b6eca55067,OK,611.638,2829
sp06,519f148d49ef68ce3782c8eab23fa39e,OK,608.056,2845
sp06,fae572d9925f12e9cf58d65f8235a662,OK,614.160,2817
sp06,6f6836389edc435ef5de6a0ca5c25474,OK,610.288,2835
sp07,04d89e15e651861ca58bbec52b719c49,OK,1090.099,1589
sp06,ee389516e27a1853ac625548d8ca9482,OK,611.314,2831
sp06,c3abed8fe47c90e2af144bafbdc1da21,OK,577.749,2995
sp06,1c58151c5cca3757a0dafb204cf925ad,OK,601.931,2875
sp06,22449a0ea60f206a1700d752b8923709,OK,598.573,2891
sp06,9c898bacf201efb96fbd136bddcadbcd,OK,605.717,2856
sp06,14e61945a20724d1818139fef8823538,OK,589.738,2934
sp07,79ff013c97a88f8bec1adfae42218746,OK,1152.396,1503
sp06,b336313e484c9484749cc0714b940ff4,OK,585.867,2953
sp06,3701efaa518b8864dbdbd2befc3c3bad,OK,584.988,2958
sp04,ba32a5ca5c7e6e2db41283cf2f90660d,OK,348.979,4956
sp06,db2ffa37256932f6732629ec5f2a035f,OK,590.506,2929
sp04,57bff1b2673d3c8b9006213161935522,OK,348.732,4959
sp07,8016222bad11f4d65a8f6f4e49b5cd67,OK,1109.220,1562
sp07,2b0132dda46dfc13890fc97f3e161079,OK,1137.188,1524
sp07,3dd7fe0b27b084a92f8091446da1a66e,OK,1161.632,1491
sp07,594685ab2c2c7dfb758c69d0a9bc2a8d,OK,1079.550,1606
sp06,e8db4af0c7a34ddcd59bd43979c83a63,OK,571.712,3028
sp07,ec69e1666eb0eb27ed19cf2994bc675f,OK,1075.745,1610
sp07,71610ced88f2d058ad64b79635b26b20,OK,1059.511,1635
sp07,bf34923dc4f956fa0c26fb0a54550049,OK,1139.962,1521
sp07,749b421329101fb34bf4c33daa32ff2e,OK,1132.050,1531
sp07,8072d1cd9b9a836cbeec520610c1f9bd,OK,1108.928,1563
sp07,971c944ef6916e2840b6d63b8f00425e,OK,1098.284,1578
sp05,c5b72985a64d484d55f5162f79464155,OK,505.908,3420
sp07,492b610efd391e76c199bfed5b16cf2a,OK,1062.952,1631
sp09,ace45146c6a78c8039ff1fcd87b39fda,OK,1025.424,1688
sp09,e5ec85f1b96ce3d4ca5d747969350f0f,OK,1021.490,1695
sp08,4438f9709f9cecfb7ddd62b05fff9f8d,OK,955.498,1812
sp07,166e854e6f7609934b769fb3b19101c0,OK,601.430,2877
sp08,47a8000e16980306005511b953a06ecf,OK,951.920,1819
sp07,078844c7f38624b3996505d0f98526ca,OK,613.404,2820
sp07,03d2d012db8145e06c35d7e016c645dc,OK,608.713,2842
sp09,de1492a39ee5b6346482dc83a1060a60,OK,1011.579,1712
sp10,ac6254a319053d53d01f6c8c06bc783d,OK,1273.689,1361
sp08,b6465c8ac0ed173d3faf7c401e0c4924,OK,758.321,2283
sp10,8a909432391c80b5414f2aed6279b942,OK,1258.371,1377
sp08,8aec869639fd159e3c91d77b4fcc4e79,OK,946.322,1829
sp08,ca3e30b78b8b15c1aa76fed50341d715,OK,751.722,2302
sp08,0790157ee26dfb0fea3a1ce3db026f75,OK,939.217,1842
sp08,65316367b1c7ba80511f9cb5fb2fd2a4,OK,1111.337,1558
sp08,e157f064686d18428292a95c75eebffe,OK,1099.842,1575
sp07,0b8c97a20e0da60b11a122b27f6c8b62,OK,899.797,1924
sp08,b85a22ec0aa0dc6afd4221dc2f0bb482,OK,933.536,1855
sp08,80b0fe984d15b87a9da0bed91ab28b29,OK,1116.507,1551
sp07,5aeaf69cbe372b3d35c6e0ef066dc05b,OK,771.378,2243
sp07,7f8c5f877cc7df732365ed9f3035e71a,OK,595.799,2904
sp08,cabddb27a77b57b277eb28c407a26d3f,OK,926.022,1869
sp08,5b6d2943bab2409bd0928714d9016311,OK,748.643,2311
sp08,0708a8656ea2024a7a2f0e1407f518a7,OK,928.519,1864
sp07,359e38e810d725751e2260e2b3006df9,OK,889.679,1945
sp08,8072d1cd9b9a836cbeec520610c1f9bd,OK,1099.557,1575
sp08,0b4fbf7130a60ebdf348cd8d14c36b77,OK,1095.897,1580
sp07,57f8d9f325a6ba6d6f33f1306c042866,OK,764.245,2265
sp07,824df1fae448411a738d6987cd933d7b,OK,586.166,2952
sp08,d8a2b383fc51f79cc2469b166af9122c,OK,772.417,2241
sp08,605f40bd8c866d6adb1d6f2bec42c9b3,OK,1071.043,1617
sp07,9510387a41d9428f814f1e8a487e626d,OK,590.550,2929
sp08,ce9a796b1b540bd01171a965543d5ed4,OK,1068.125,1621
sp07,ffdbd2aa8cc03f78eb6b433fe1a74c09,OK,901.660,1921
sp07,a9feaf2e38ac31b8f513a09f91500ce9,OK,763.701,2267
sp07,bc27b2dd2f1cfe96f171984d54609c4e,OK,762.447,2270
sp05,308f2419f5e0ca7b6d39aac23a7de2ff,OK,349.309,4951
sp08,3c117a293542d626d77f570da38bd5f1,OK,939.999,1843
sp05,6c4846b6eaf17057657b89d9f3678cfc,OK,346.582,4990
sp08,cc7b6263adb98dd621cdb08fde955a6f,OK,1094.325,1584
sp07,e8db4af0c7a34ddcd59bd43979c83a63,OK,561.140,3082
sp08,f1a057393d7efd3f562b774490f9dfd1,OK,936.646,1849
sp08,6b43e44fb3ada6de6c351a68d32eaa65,OK,1076.193,1611
sp08,c2f2ee45493f8ae40c2fd957499cc3f6,OK,931.874,1859
sp05,d15af9a4462ff88f2cfafbc6cc94912e,OK,343.695,5032
sp05,bd1567927f497abd4e18605be0e5f9dc,OK,343.009,5042
sp05,26daa23c738cb8c7dababa4ee2a1c4fb,OK,344.704,5017
sp10,d4a029e120a4109e548f939835fea733,OK,1045.063,1658
sp05,57bff1b2673d3c8b9006213161935522,OK,343.403,5036
sp07,b97da2a131609768b2ffb5b85b870db2,OK,755.267,2293
sp07,8f625b232d5b3f24ef0fccc5663f85b7,OK,755.201,2293
sp09,6f6836389edc435ef5de6a0ca5c25474,OK,719.286,2406
sp10,b8ac149673f7c3cd33b88439965cd67f,OK,1039.269,1668
sp10,5b6d2943bab2409bd0928714d9016311,OK,1037.457,1670
sp10,ca3e30b78b8b15c1aa76fed50341d715,OK,1036.622,1671
sp10,b6465c8ac0ed173d3faf7c401e0c4924,OK,1024.868,1690
sp10,69ea6e3ad23ea569f4bbfa0263cb5bdc,OK,1029.298,1682
sp07,e111d883881d5735e54ce398821e189a,OK,732.336,2365
sp09,14e61945a20724d1818139fef8823538,OK,716.638,2415
sp09,fae572d9925f12e9cf58d65f8235a662,OK,723.233,2393
sp05,ea054fd43eb193b0b6268f917ed60185,OK,332.404,5203
sp09,ee389516e27a1853ac625548d8ca9482,OK,715.690,2418
sp09,6e359d9430a2de705d89d808ead7c331,OK,715.200,2419
sp09,22449a0ea60f206a1700d752b8923709,OK,683.734,2531
sp09,3701efaa518b8864dbdbd2befc3c3bad,OK,692.388,2499
sp07,519f148d49ef68ce3782c8eab23fa39e,OK,624.702,2770
sp07,04e69510b344ad3e65a21130b7429d06,OK,607.298,2849
sp07,a2698e5db085c1959923b7b6eca55067,OK,619.582,2793
sp07,3b35ddb2b8a33d05d6b5870a9da6c712,OK,616.572,2807
sp06,308f2419f5e0ca7b6d39aac23a7de2ff,OK,366.121,4724
sp08,d4a029e120a4109e548f939835fea733,OK,898.789,1926
sp06,d15af9a4462ff88f2cfafbc6cc94912e,OK,362.678,4769
sp08,0ba0e185398f759ca91fbd5fa3f0803a,OK,874.472,1979
sp08,9c39d3ac13c2b5c81959b897757d862d,OK,744.594,2324
sp06,26daa23c738cb8c7dababa4ee2a1c4fb,OK,361.110,4790
sp08,6625c7dedbb9078036a34c78f2ad4182,OK,765.548,2261
sp07,9c898bacf201efb96fbd136bddcadbcd,OK,598.003,2893
sp08,3d395f6de7723b7b1aeebfb375bb1c5d,OK,745.612,2321
sp06,57bff1b2673d3c8b9006213161935522,OK,359.331,4814
sp00,b2d145c83fe363359f846985aa11d3ba,OK,980.179,1767
sp08,1bf5ed1e98a047c67826a7fd54dcf64f,OK,867.713,1994
sp07,db2ffa37256932f6732629ec5f2a035f,OK,596.859,2898
sp00,4a67881e46b87364ec2e0ec7cbbf0bec,OK,868.323,1992
sp08,6fe2e1378b320a53571e4688376156bc,OK,744.818,2324
sp06,ba32a5ca5c7e6e2db41283cf2f90660d,OK,357.866,4833
sp07,6f6836389edc435ef5de6a0ca5c25474,OK,628.548,2754
sp08,11575d57d06531080c7c3f1703538086,OK,740.816,2336
sp08,3fa0c6c3d51d517940f2d737b2a070f2,OK,730.267,2370
sp08,d53bf0815e07a7eed23cd2bbc64997ea,OK,740.763,2336
sp00,b85a22ec0aa0dc6afd4221dc2f0bb482,OK,866.258,1998
sp08,ee504f886574b282ca630cb14509614b,OK,735.587,2353
sp00,0790157ee26dfb0fea3a1ce3db026f75,OK,875.960,1975
sp15,335dd6fbc3377cdcf2401cfc6056bc9c,MDRUN_FAIL,,499
sp00,47a8000e16980306005511b953a06ecf,OK,858.949,2015
sp08,066409425aa3969efdeb577c7443fbbd,OK,735.295,2354
sp00,f1a057393d7efd3f562b774490f9dfd1,OK,876.743,1974
sp10,166e854e6f7609934b769fb3b19101c0,OK,723.262,2394
sp08,cee48dd72369c4e1f48b01651c970791,OK,741.473,2334
sp07,f444bf4b2a5712cdb76e326e74202030,OK,603.346,2868
sp10,03d2d012db8145e06c35d7e016c645dc,OK,719.356,2406
sp00,8aec869639fd159e3c91d77b4fcc4e79,OK,875.322,1977
sp08,353af6c9cfe7ecb0019d13eaa7b46eaf,OK,749.300,2309
sp00,ba808f52df2ffa29ea7a2a6a9cd5f0b8,OK,870.509,1988
sp00,752f05c1f66a8f4b3b1789ec136a4c33,OK,878.772,1969
sp00,cabddb27a77b57b277eb28c407a26d3f,OK,870.160,1989
sp00,77b75df8109925be76df5616a3e1c899,OK,864.957,2000
sp10,078844c7f38624b3996505d0f98526ca,OK,724.495,2389
sp06,ea054fd43eb193b0b6268f917ed60185,OK,348.452,4963
sp08,8f625b232d5b3f24ef0fccc5663f85b7,OK,740.981,2335
sp08,03f5731ad72b97ea2fd1ec352fe5dde0,OK,889.570,1947
sp00,0708a8656ea2024a7a2f0e1407f518a7,OK,861.770,2007
sp08,5e2a23cb4d697cfdd0e84f4a2481d982,OK,884.453,1958
sp07,1c58151c5cca3757a0dafb204cf925ad,OK,592.679,2921
sp08,282b4e352d38ef07443209435439bcea,OK,856.671,2021
sp00,e40809a6930ce378fdcb37d1b644e2d6,OK,849.795,2036
sp08,e5ec85f1b96ce3d4ca5d747969350f0f,OK,882.743,1962
sp08,ca3e30b78b8b15c1aa76fed50341d715,OK,881.714,1964
sp08,de1492a39ee5b6346482dc83a1060a60,OK,886.672,1953
sp08,fa95727eed889db7226aa52d7509284a,OK,860.160,2013
sp08,7f401a529b655f4a54438d8f5d6f0225,OK,870.591,1988
sp08,e13195a3669e20a1cb71ccb752460291,OK,870.048,1990
sp15,99c9a8dee8fadf56676d8f90e6848e58,MDRUN_FAIL,,528
sp10,824df1fae448411a738d6987cd933d7b,OK,688.374,2515
sp08,d8a2b383fc51f79cc2469b166af9122c,OK,864.822,2002
sp08,ace45146c6a78c8039ff1fcd87b39fda,OK,877.915,1972
sp10,7f8c5f877cc7df732365ed9f3035e71a,OK,691.922,2502
sp08,e705cc4eb668b2bbc015283bc2b78b89,OK,749.028,2312
sp08,b6465c8ac0ed173d3faf7c401e0c4924,OK,872.327,1984
sp08,5b6d2943bab2409bd0928714d9016311,OK,859.495,2015
sp08,b8ac149673f7c3cd33b88439965cd67f,OK,856.532,2022
sp08,69ea6e3ad23ea569f4bbfa0263cb5bdc,OK,854.930,2025
sp08,0d441b18656df0b6da1659391eb123e7,OK,743.390,2329
sp08,2b0f0d7f8914675eaf8e2f5aee81598d,OK,864.805,2002
sp08,166e854e6f7609934b769fb3b19101c0,OK,610.609,2834
sp11,6f6836389edc435ef5de6a0ca5c25474,OK,742.079,2332
sp08,d4f996968bb63065cac387c064aaed66,OK,750.163,2309
sp08,2be277119d6eae84726b1921013ba77e,OK,743.476,2327
sp08,47d61683781a3671bead51f8f8e84eb9,OK,724.504,2390
sp08,03d2d012db8145e06c35d7e016c645dc,OK,603.771,2865
sp10,e8db4af0c7a34ddcd59bd43979c83a63,OK,677.837,2554
sp08,078844c7f38624b3996505d0f98526ca,OK,605.809,2856
sp08,ee2e7b45aae1b85d5c18aad16d03d855,OK,604.001,2864
sp08,824df1fae448411a738d6987cd933d7b,OK,584.462,2960
sp08,e8db4af0c7a34ddcd59bd43979c83a63,OK,592.961,2918
sp08,b1a7ee597e9d75bd95fcad2e74c8ab83,OK,593.727,2913
sp08,3a87c373b8ee3ee690e68ccce89857a3,OK,591.373,2925
sp08,52d2e2cddbd6c2ca52b2a6692a1be706,OK,603.030,2869
sp08,c83d057a219e5a25a09f354503a70d4d,OK,591.761,2924
sp08,c3e6f0472fa7320f5e210e26cfc4ecec,OK,590.308,2930
sp11,14e61945a20724d1818139fef8823538,OK,736.103,2351
sp08,9510387a41d9428f814f1e8a487e626d,OK,585.789,2953
sp08,39f4f10d914c61149f1719bf477dd932,OK,590.419,2930
sp08,055e1e9c95b2378efd3fc90b82948709,OK,584.378,2960
sp08,0677f513ac408d66c189e10e0ee4d76f,OK,580.865,2978
sp08,6ed539a8e565bc920be9f146e577ce98,OK,618.062,2800
sp08,c5b72985a64d484d55f5162f79464155,OK,579.276,2986
sp15,5d9bbfbd38feae26823caf531a5db1a6,MDRUN_FAIL,,240
sp08,c3abed8fe47c90e2af144bafbdc1da21,OK,580.009,2982
sp08,3116f4c5342bf41e08cd23593057d9ac,OK,573.352,3017
sp08,ab32da1f7ea48da050cb3f074c41b42f,OK,604.688,2862
sp15,62064a9f6b5d461a4c097abbc9bffe7a,MDRUN_FAIL,,339
sp08,cf4a8047b69fbbe4ae6525a51c3063a1,OK,576.187,3002
sp08,7f8c5f877cc7df732365ed9f3035e71a,OK,596.895,2899
sp15,253860e6145c4fd6dd9cbc288515e367,MDRUN_FAIL,,98
sp08,b7649d4e54db2998f4f380ff5b78484d,OK,605.343,2858
sp13,3fa0c6c3d51d517940f2d737b2a070f2,OK,944.158,1834
sp08,519f148d49ef68ce3782c8eab23fa39e,OK,614.310,2816
sp08,f5b52bef73821d9cc3d674e42de6608f,OK,597.528,2896
sp08,ec4ccad83d01498f18eec3728419c3aa,OK,583.955,2963
sp00,57f8d9f325a6ba6d6f33f1306c042866,OK,712.055,2430
sp08,e3b605e5b9101a4f3fa1aae790d69360,OK,592.556,2920
sp13,1bf5ed1e98a047c67826a7fd54dcf64f,OK,1096.225,1580
sp13,b6465c8ac0ed173d3faf7c401e0c4924,OK,1091.365,1586
sp08,6f6836389edc435ef5de6a0ca5c25474,OK,613.991,2817
sp15,1f270ea65cd761a78a0ed8ab4ee8fec0,MDRUN_FAIL,,717
sp13,ca3e30b78b8b15c1aa76fed50341d715,OK,1091.850,1586
sp00,0f35616c28aaaf8c39fd2467e3d2cebd,OK,840.462,2059
sp00,543c819ac4256fe5b41298770a798122,OK,856.267,2021
sp08,14e61945a20724d1818139fef8823538,OK,612.631,2824
sp00,266bbb49e60781aca4002ea95c99c033,OK,840.784,2058
sp08,22449a0ea60f206a1700d752b8923709,OK,612.146,2826
sp00,ffdbd2aa8cc03f78eb6b433fe1a74c09,OK,846.025,2045
sp08,f444bf4b2a5712cdb76e326e74202030,OK,589.041,2937
sp13,69ea6e3ad23ea569f4bbfa0263cb5bdc,OK,1092.785,1585
sp13,5b6d2943bab2409bd0928714d9016311,OK,1068.654,1620
sp00,f93dfb8ee56b2a98182d0adc1030c114,OK,838.746,2063
sp07,c82e0b161bf77b819bbafff08f9a082e,OK,357.272,4841
sp14,f1a057393d7efd3f562b774490f9dfd1,OK,1169.153,1482
sp15,ace45146c6a78c8039ff1fcd87b39fda,MDRUN_FAIL,,992
sp08,ee389516e27a1853ac625548d8ca9482,OK,617.779,2801
sp14,3c117a293542d626d77f570da38bd5f1,OK,1138.736,1522
sp15,7969946fa4a7d73df90d5fadcdef4b59,OK,1185.930,1460
sp07,ac0197ee4a02894e2611e255e0125503,OK,346.584,4991
sp15,ad3886476184578f75d5af9504b7aca7,OK,1159.795,1493
sp14,ffdbd2aa8cc03f78eb6b433fe1a74c09,OK,1115.224,1554
sp15,0f35616c28aaaf8c39fd2467e3d2cebd,MDRUN_FAIL,,1068
sp14,69da907af4c1f2f8307d027d4ab80d72,OK,1093.645,1584
sp00,737df570b627d06e92101677b4e3da21,OK,846.142,2045
sp00,a5b2fb04b878e9fff4b764e79cf06db2,OK,840.245,2059
sp14,de91618eee657d877d0668058bd50ff6,OK,1054.238,1643
sp15,424689a2bad294c9a4d19ed5924324de,OK,1177.128,1471
sp00,ee389516e27a1853ac625548d8ca9482,OK,621.128,2785
sp00,238dd65aac42b2b34162c0b51a84d1db,OK,850.503,2034
sp00,6f6836389edc435ef5de6a0ca5c25474,OK,611.261,2829
sp00,14e61945a20724d1818139fef8823538,OK,609.574,2838
sp00,a2698e5db085c1959923b7b6eca55067,OK,602.790,2870
sp13,ceb2b49097d65c6344d7760b76a49be7,OK,786.033,2202
sp01,37eaa144facb029500f427e04d484481,OK,858.477,2015
sp01,20ffceabec2b95cc0b401b1d1e504f6b,OK,854.557,2025
sp01,f885f085c98c18670a7ddbe3c7a763da,OK,845.849,2045
sp00,6e359d9430a2de705d89d808ead7c331,OK,609.905,2836
sp13,eff71722c9c04f7e61a0cf427b3c6019,OK,784.153,2207
sp14,6625c7dedbb9078036a34c78f2ad4182,OK,940.060,1842
sp00,fae572d9925f12e9cf58d65f8235a662,OK,590.535,2929
sp13,8334c32de8facb541aeda11ba000b299,OK,746.867,2316
sp00,04e69510b344ad3e65a21130b7429d06,OK,567.737,3047
sp00,8dcaa68c20948305aa767048b2da4ec2,OK,606.745,2851
sp13,db2ffa37256932f6732629ec5f2a035f,OK,757.972,2283
sp01,4232bcfa9c606f52c8067ff9e22fe8af,OK,823.776,2101
sp15,1bf5ed1e98a047c67826a7fd54dcf64f,OK,1153.119,1502
sp00,22449a0ea60f206a1700d752b8923709,OK,572.729,3020
sp15,7f401a529b655f4a54438d8f5d6f0225,OK,1149.176,1506
sp15,e5ec85f1b96ce3d4ca5d747969350f0f,OK,1143.764,1513
sp18,6b43e44fb3ada6de6c351a68d32eaa65,MDRUN_FAIL,,440
sp15,395f47b77b5f161c28c20393b39e9076,OK,1153.578,1501
sp15,de1492a39ee5b6346482dc83a1060a60,OK,1152.413,1502
sp01,335dd6fbc3377cdcf2401cfc6056bc9c,OK,854.316,2026
sp01,a864b4e510a4a9f05aa2438e3cebd634,OK,850.893,2034
sp10,ba32a5ca5c7e6e2db41283cf2f90660d,OK,442.320,3913
sp01,99c9a8dee8fadf56676d8f90e6848e58,OK,853.021,2030
sp01,fffe47a81a0ad8b0cd7beae03f34b077,OK,848.445,2040
sp01,0220b4986165db73cd9f0775b82b7838,OK,848.381,2041
sp01,39cbab9e91b4af7ae5b0eed4a14b90f9,OK,844.991,2049
sp01,cb20abd70e0ece3d85e1338101d4bd72,OK,844.552,2050
sp01,fd5ba50d24141a833001dc12a320fc8f,OK,844.222,2051
sp01,13e1da8f0e67c08c5ef1cb0ebded75a5,OK,843.262,2053
sp01,6ef67d129dcb37a0be630ca24c321f02,OK,828.070,2090
sp01,98cf559a50ee84d38e7648c91b0c564d,OK,839.642,2062
sp01,7969946fa4a7d73df90d5fadcdef4b59,OK,837.595,2067
sp01,d60363c0fec1c05a155d848f9a232a3e,OK,832.836,2078
sp15,266bbb49e60781aca4002ea95c99c033,OK,1129.258,1533
sp01,ad3886476184578f75d5af9504b7aca7,OK,829.989,2085
sp15,1a263985d22c81f9d3e9eb46e23d21ab,OK,1132.373,1530
sp15,295199ed8a4621a340b6b79b4024bec4,OK,1167.117,1483
sp15,0a8bd2b181a818ac245c132acb3ffd18,OK,1140.483,1518
sp18,aa4ab13cb4df4d90f08700b97350a57b,MDRUN_FAIL,,576
sp18,b2d145c83fe363359f846985aa11d3ba,MDRUN_FAIL,,564
sp00,bc9b7c54eb864a288d845c2e1a4018a9,OK,614.100,2818
sp00,ceb2b49097d65c6344d7760b76a49be7,OK,612.817,2824
sp15,f3bf65b5c175c4eb9a32b952ec009daa,OK,1161.036,1491
sp15,59573ee97914f33c9708de5aa2e356b5,OK,1157.840,1495
sp01,2cb6e34fab1ee523b2a48790b68ad465,OK,790.377,2189
sp18,fa512f9f244e78009694ff207c157f04,MDRUN_FAIL,,627
sp10,57bff1b2673d3c8b9006213161935522,OK,419.715,4123
sp00,3f4c270aff052556802e3ea59a80940f,OK,604.912,2860
sp01,492b610efd391e76c199bfed5b16cf2a,OK,1022.953,1694
sp00,eff71722c9c04f7e61a0cf427b3c6019,OK,604.053,2865
sp18,6f8f3139923f55cc6cf8ceaccedb3aa4,MDRUN_FAIL,,592
sp01,71610ced88f2d058ad64b79635b26b20,OK,1017.505,1703
sp00,c52270f78e77bf608aafaa68736e6b18,OK,602.297,2873
sp01,bf34923dc4f956fa0c26fb0a54550049,OK,1028.696,1684
sp01,aa4ab13cb4df4d90f08700b97350a57b,OK,1015.584,1706
sp01,fa512f9f244e78009694ff207c157f04,OK,1013.579,1709
sp01,b2d145c83fe363359f846985aa11d3ba,OK,1012.628,1711
sp01,749b421329101fb34bf4c33daa32ff2e,OK,1010.501,1715
sp01,ec69e1666eb0eb27ed19cf2994bc675f,OK,1008.990,1717
sp01,6f8f3139923f55cc6cf8ceaccedb3aa4,OK,1005.795,1723
sp01,3dd7fe0b27b084a92f8091446da1a66e,OK,985.537,1758
sp01,8072d1cd9b9a836cbeec520610c1f9bd,OK,1001.095,1730
sp01,eb86c0e119d2fe75487a399c76724176,OK,1000.760,1731
sp01,971c944ef6916e2840b6d63b8f00425e,OK,999.543,1733
sp14,166e854e6f7609934b769fb3b19101c0,OK,750.592,2307
sp14,4ec28cb2a7a8589319f3a418eb12f1fd,OK,749.389,2310
sp18,819a7f7be372131a469fbed045c9eb33,MDRUN_FAIL,,839
sp00,70ccfc52bf05ee3830737995c6d93f9c,OK,577.981,2994
sp00,48a1e72551999e470167671de99c60b0,OK,577.012,2999
sp19,47d61683781a3671bead51f8f8e84eb9,MDRUN_FAIL,,375
sp00,1468bf8fe44d2660d4245111ed256bb3,OK,574.800,3011
sp17,922db9175a15e6a2d34d02717b0de6ab,OK,1203.945,1440
sp00,4ec28cb2a7a8589319f3a418eb12f1fd,OK,571.634,3026
sp00,73ee76fa0a7cddc97ed2eb037810cd66,OK,570.289,3033
sp00,ccb9fbbe8dccd3e51806073eb486a17c,OK,567.785,3047
sp00,8334c32de8facb541aeda11ba000b299,OK,564.499,3064
sp17,4a67881e46b87364ec2e0ec7cbbf0bec,OK,1209.517,1434
sp00,b4b28e7bbe6caf601c6f1d9f426e6b74,OK,559.050,3094
sp18,ac6254a319053d53d01f6c8c06bc783d,MDRUN_FAIL,,646
sp17,ff032b5793a25a8e4f9611a34a394671,OK,1215.771,1427
sp17,7024d698ad06da1b887b5df50f7728d3,OK,1190.976,1457
sp01,6564af0e70be4d43388870363762e68c,OK,867.635,1994
sp18,752f05c1f66a8f4b3b1789ec136a4c33,MDRUN_FAIL,,1074
sp19,fbf450a68aa0a625ec13f6c762944a3b,MDRUN_FAIL,,719
sp01,543c819ac4256fe5b41298770a798122,OK,859.089,2014
sp19,b2bcac7a4f0262268b1a6d2db8d7eb5a,MDRUN_FAIL,,845
sp02,fa4de5e62b4e32e8b3d71088211803e0,OK,886.278,1953
sp01,196b38c7ef93d3d9da6c8ba5fbe7cc36,OK,874.138,1980
sp01,9962e35d818f378081860dfde6088db5,OK,862.365,2007
sp19,bc9b7c54eb864a288d845c2e1a4018a9,MDRUN_FAIL,,613
sp01,d9a52d46c0ccf0c1913e0eebbacfc330,OK,856.911,2020
sp01,fc4ddc57541f29488f09921d9b36bc97,OK,866.031,1998
sp02,e49cfa366cc64bab8e1edf37b372cbf6,OK,874.910,1979
sp17,e32bacbac8502d337dc3d54d78b564a2,OK,1159.636,1495
sp02,4a67881e46b87364ec2e0ec7cbbf0bec,OK,880.474,1966
sp02,922db9175a15e6a2d34d02717b0de6ab,OK,870.192,1990
sp19,14e61945a20724d1818139fef8823538,MDRUN_FAIL,,648
sp02,b19d1a70ff3d2abd6986665d47eff086,OK,862.580,2007
sp02,4438f9709f9cecfb7ddd62b05fff9f8d,OK,880.404,1967
sp19,6c4846b6eaf17057657b89d9f3678cfc,MDRUN_FAIL,,846
sp02,187b2fb9351c5f10d65f710e85056c31,OK,851.629,2033
sp02,7024d698ad06da1b887b5df50f7728d3,OK,864.689,2003
sp02,3f6e40d3068fb0fd99bfa763ed0ca2bb,OK,853.304,2029
sp02,e32bacbac8502d337dc3d54d78b564a2,OK,865.516,2000
sp02,d03b3614f1c49ff6b9fbf5832ee9770f,OK,869.272,1991
sp02,ff032b5793a25a8e4f9611a34a394671,OK,853.761,2027
sp19,cfe4d9b13bebf025bdbd30504f03c83a,MDRUN_FAIL,,830
sp01,d005b3d8ed6ab71e5ebd50c1b26a2ffb,OK,813.787,2127
sp01,12004f3f2e7c95e0f8ddf8877cb7684c,OK,729.178,2373
sp08,d15af9a4462ff88f2cfafbc6cc94912e,OK,353.791,4888
sp01,427745a99482f89e2af213daac24f2c4,OK,726.997,2381
sp08,57bff1b2673d3c8b9006213161935522,OK,354.032,4885
sp19,c6780a0007686453a29186d9ec94b23f,MDRUN_FAIL,,855
sp17,2b0f0d7f8914675eaf8e2f5aee81598d,OK,1114.134,1556
sp19,c8dee15f6cbcf595a6900314ad342f99,MDRUN_FAIL,,818
sp17,7f401a529b655f4a54438d8f5d6f0225,OK,1117.722,1550
sp08,26daa23c738cb8c7dababa4ee2a1c4fb,OK,350.546,4934
sp17,e13195a3669e20a1cb71ccb752460291,OK,1106.097,1567
sp19,5266e860e65e5fc94b8ebfcb7843c31f,MDRUN_FAIL,,878
sp17,ace45146c6a78c8039ff1fcd87b39fda,OK,1102.650,1571
sp08,ba32a5ca5c7e6e2db41283cf2f90660d,OK,351.773,4916
sp01,8b7977f1eab9ea4074744154d19bfa8d,OK,723.679,2391
sp02,65316367b1c7ba80511f9cb5fb2fd2a4,OK,1006.506,1722
sp02,ce9a796b1b540bd01171a965543d5ed4,OK,1005.805,1723
sp02,605f40bd8c866d6adb1d6f2bec42c9b3,OK,1004.934,1725
sp01,f93dfb8ee56b2a98182d0adc1030c114,OK,854.061,2027
sp02,e157f064686d18428292a95c75eebffe,OK,1001.439,1730
sp02,335dd6fbc3377cdcf2401cfc6056bc9c,OK,864.805,2002
sp01,ffdbd2aa8cc03f78eb6b433fe1a74c09,OK,849.718,2038
sp02,20ffceabec2b95cc0b401b1d1e504f6b,OK,859.876,2014
sp20,9c772b2f96c879dc662e5f137990844f,MDRUN_FAIL,,661
sp02,4232bcfa9c606f52c8067ff9e22fe8af,OK,850.955,2035
sp01,1dd183338ac9d0d5904e89f4aca06e34,OK,720.319,2402
sp01,302044e4781ac510fc30f16377e71d45,OK,738.840,2344
sp02,13e1da8f0e67c08c5ef1cb0ebded75a5,OK,847.465,2044
sp02,7969946fa4a7d73df90d5fadcdef4b59,OK,845.268,2049
sp17,59573ee97914f33c9708de5aa2e356b5,OK,1091.751,1587
sp02,0220b4986165db73cd9f0775b82b7838,OK,842.465,2055
sp02,37eaa144facb029500f427e04d484481,OK,840.750,2060
sp20,a1409d89193dd0a7a4a54efb7c4b0b88,MDRUN_FAIL,,707
sp17,909628c1d41006cf8bdc95b988228e4f,OK,1075.167,1612
sp02,a1409d89193dd0a7a4a54efb7c4b0b88,OK,836.546,2071
sp17,d005b3d8ed6ab71e5ebd50c1b26a2ffb,OK,1166.072,1486
sp19,752f05c1f66a8f4b3b1789ec136a4c33,OK,1432.954,1208
sp18,2b0f0d7f8914675eaf8e2f5aee81598d,OK,1366.442,1268
sp19,e3b605e5b9101a4f3fa1aae790d69360,MDRUN_FAIL,,964
sp20,1c58151c5cca3757a0dafb204cf925ad,MDRUN_FAIL,,613
sp02,9c772b2f96c879dc662e5f137990844f,OK,821.876,2107
sp20,37eaa144facb029500f427e04d484481,MDRUN_FAIL,,788
sp20,4232bcfa9c606f52c8067ff9e22fe8af,MDRUN_FAIL,,760
sp20,3b35ddb2b8a33d05d6b5870a9da6c712,MDRUN_FAIL,,616
sp20,f444bf4b2a5712cdb76e326e74202030,MDRUN_FAIL,,681
sp20,20ffceabec2b95cc0b401b1d1e504f6b,MDRUN_FAIL,,822
sp20,65316367b1c7ba80511f9cb5fb2fd2a4,MDRUN_FAIL,,709
sp20,a2698e5db085c1959923b7b6eca55067,MDRUN_FAIL,,692
sp20,6f6836389edc435ef5de6a0ca5c25474,MDRUN_FAIL,,622
sp01,83426a9786b17364e36e1efe6db37be6,OK,728.247,2378
sp21,6b43e44fb3ada6de6c351a68d32eaa65,MDRUN_FAIL,,467
sp01,166e854e6f7609934b769fb3b19101c0,OK,613.957,2819
sp01,57f8d9f325a6ba6d6f33f1306c042866,OK,734.315,2358
sp21,65316367b1c7ba80511f9cb5fb2fd2a4,MDRUN_FAIL,,488
sp21,cc7b6263adb98dd621cdb08fde955a6f,MDRUN_FAIL,,538
sp21,e157f064686d18428292a95c75eebffe,MDRUN_FAIL,,510
sp01,5aeaf69cbe372b3d35c6e0ef066dc05b,OK,723.017,2395
sp21,e111d883881d5735e54ce398821e189a,MDRUN_FAIL,,360
sp21,15044c0c9f83bb877f5ea28fece53a3d,MDRUN_FAIL,,469
sp21,605f40bd8c866d6adb1d6f2bec42c9b3,MDRUN_FAIL,,525
sp21,0677f513ac408d66c189e10e0ee4d76f,MDRUN_FAIL,,728
sp21,04d89e15e651861ca58bbec52b719c49,MDRUN_FAIL,,450
sp21,39f4f10d914c61149f1719bf477dd932,MDRUN_FAIL,,729
sp21,d14a66e8dd811490ccafaf75afa970de,MDRUN_FAIL,,465
sp17,b97da2a131609768b2ffb5b85b870db2,OK,982.321,1765
sp01,3a87c373b8ee3ee690e68ccce89857a3,OK,601.263,2879
sp21,e3b605e5b9101a4f3fa1aae790d69360,MDRUN_FAIL,,704
sp21,b7649d4e54db2998f4f380ff5b78484d,MDRUN_FAIL,,714
sp01,d1d524dd925a24438ecd2d014b089d87,OK,570.377,3034
sp19,ffdbd2aa8cc03f78eb6b433fe1a74c09,OK,1370.709,1263
sp01,c83d057a219e5a25a09f354503a70d4d,OK,563.532,3071
sp21,c5b72985a64d484d55f5162f79464155,MDRUN_FAIL,,827
sp02,b9b9bfeefa0e6a15732b8a6efe510a7f,OK,719.489,2406
sp00,25f842cc3cf5b87a32d72adc77c97780,OK,369.403,4682
sp21,594685ab2c2c7dfb758c69d0a9bc2a8d,MDRUN_FAIL,,570
sp19,196b38c7ef93d3d9da6c8ba5fbe7cc36,OK,1379.861,1255
sp00,1b98d4c02a814a1c58e384be9fe73e92,OK,367.388,4707
sp00,6efdc9276471f46eacd8dbafd71ddfd6,OK,367.601,4705
sp21,79ff013c97a88f8bec1adfae42218746,MDRUN_FAIL,,579
sp02,12004f3f2e7c95e0f8ddf8877cb7684c,OK,730.259,2371
sp00,d1a961f69c709d74aaec2945249f508c,OK,366.543,4718
sp21,ce9a796b1b540bd01171a965543d5ed4,MDRUN_FAIL,,454
sp19,f93dfb8ee56b2a98182d0adc1030c114,OK,1316.312,1315
sp21,2b0132dda46dfc13890fc97f3e161079,MDRUN_FAIL,,620
sp19,69da907af4c1f2f8307d027d4ab80d72,OK,1344.913,1287
sp19,9fdebd3e36d16344b05f496394363d9c,OK,1349.331,1283
sp00,bd1567927f497abd4e18605be0e5f9dc,OK,364.511,4744
sp19,0b8c97a20e0da60b11a122b27f6c8b62,OK,1364.210,1269
sp02,8b7977f1eab9ea4074744154d19bfa8d,OK,737.159,2348
sp00,ea054fd43eb193b0b6268f917ed60185,OK,364.396,4745
sp02,427745a99482f89e2af213daac24f2c4,OK,719.237,2406
sp19,359e38e810d725751e2260e2b3006df9,OK,1341.567,1290
sp02,83426a9786b17364e36e1efe6db37be6,OK,726.967,2381
sp01,c3e6f0472fa7320f5e210e26cfc4ecec,OK,565.700,3059
sp21,055e1e9c95b2378efd3fc90b82948709,MDRUN_FAIL,,725
sp00,308f2419f5e0ca7b6d39aac23a7de2ff,OK,362.313,4773
sp02,1dd183338ac9d0d5904e89f4aca06e34,OK,717.744,2411
sp02,5aeaf69cbe372b3d35c6e0ef066dc05b,OK,725.948,2383
sp01,b7649d4e54db2998f4f380ff5b78484d,OK,577.124,2998
sp01,ec4ccad83d01498f18eec3728419c3aa,OK,570.993,3030
sp02,e111d883881d5735e54ce398821e189a,OK,726.443,2382
sp03,9dff198666f179b8a182da3e203eae73,OK,905.948,1911
sp22,db2ffa37256932f6732629ec5f2a035f,MDRUN_FAIL,,522
sp01,0a826045d720c0a795bd1979a728e35c,OK,570.840,3032
sp23,8f625b232d5b3f24ef0fccc5663f85b7,MDRUN_FAIL,,348
sp02,a9feaf2e38ac31b8f513a09f91500ce9,OK,723.274,2392
sp02,8f625b232d5b3f24ef0fccc5663f85b7,OK,718.367,2409
sp23,a9feaf2e38ac31b8f513a09f91500ce9,MDRUN_FAIL,,350
sp02,b97da2a131609768b2ffb5b85b870db2,OK,715.538,2418
sp03,ea7f0fb058ae9dd251ae33c9d872926b,OK,897.050,1930
sp01,0677f513ac408d66c189e10e0ee4d76f,OK,564.056,3067
sp22,4a67881e46b87364ec2e0ec7cbbf0bec,MDRUN_FAIL,,758
sp01,e123cf065380d0b0c8f3053e9ba7be61,OK,561.549,3082
sp02,078844c7f38624b3996505d0f98526ca,OK,615.177,2813
sp22,abcebd7334a50be9b204a4899d5d8881,MDRUN_FAIL,,659
sp22,163d7079bdd82c1e475b5abe5436959a,MDRUN_FAIL,,670
sp22,de36f12fbdb6f099ba5ac3231fe389e0,MDRUN_FAIL,,667
sp03,cc7b6263adb98dd621cdb08fde955a6f,OK,1081.301,1601
sp03,e157f064686d18428292a95c75eebffe,OK,1072.862,1614
sp01,055e1e9c95b2378efd3fc90b82948709,OK,532.573,3249
sp23,83426a9786b17364e36e1efe6db37be6,MDRUN_FAIL,,449
sp03,ce9a796b1b540bd01171a965543d5ed4,OK,1071.324,1617
sp22,c6780a0007686453a29186d9ec94b23f,MDRUN_FAIL,,641
sp03,605f40bd8c866d6adb1d6f2bec42c9b3,OK,1065.855,1624
sp22,ca1e569ab7c7bc83c949f9e20ed78453,MDRUN_FAIL,,749
sp03,ac6254a319053d53d01f6c8c06bc783d,OK,1070.332,1617
sp22,ea7f0fb058ae9dd251ae33c9d872926b,MDRUN_FAIL,,771
sp03,80b0fe984d15b87a9da0bed91ab28b29,OK,1050.611,1648
sp01,39f4f10d914c61149f1719bf477dd932,OK,538.917,3210
sp23,1c58151c5cca3757a0dafb204cf925ad,MDRUN_FAIL,,405
sp03,d14a66e8dd811490ccafaf75afa970de,OK,1103.119,1569
sp03,65316367b1c7ba80511f9cb5fb2fd2a4,OK,1032.798,1676
sp03,0b4fbf7130a60ebdf348cd8d14c36b77,OK,1046.011,1655
sp23,bc27b2dd2f1cfe96f171984d54609c4e,MDRUN_FAIL,,501
sp22,37f9f904b3a0eaee2c624e4559ebe52f,MDRUN_FAIL,,830
sp03,6b43e44fb3ada6de6c351a68d32eaa65,OK,1015.436,1705
sp22,40cb8b0c3343c02f5a6c40f02757e920,MDRUN_FAIL,,770
sp01,71d81c144a98e11bef7a990464b30910,OK,537.293,3221
sp01,c5b72985a64d484d55f5162f79464155,OK,534.367,3237
sp23,04e69510b344ad3e65a21130b7429d06,MDRUN_FAIL,,517
sp03,04d89e15e651861ca58bbec52b719c49,OK,1071.595,1615
sp22,e32bacbac8502d337dc3d54d78b564a2,MDRUN_FAIL,,876
sp03,eb86c0e119d2fe75487a399c76724176,OK,1091.699,1586
sp22,819a7f7be372131a469fbed045c9eb33,MDRUN_FAIL,,810
sp03,fa512f9f244e78009694ff207c157f04,OK,1097.125,1579
sp03,b2d145c83fe363359f846985aa11d3ba,OK,1105.411,1567
sp03,8016222bad11f4d65a8f6f4e49b5cd67,OK,1071.701,1616
sp03,2b0132dda46dfc13890fc97f3e161079,OK,1065.832,1625
sp03,79ff013c97a88f8bec1adfae42218746,OK,1064.011,1627
sp22,cfe4d9b13bebf025bdbd30504f03c83a,MDRUN_FAIL,,827
sp23,f444bf4b2a5712cdb76e326e74202030,MDRUN_FAIL,,535
sp23,ceb2b49097d65c6344d7760b76a49be7,MDRUN_FAIL,,431
sp22,d03b3614f1c49ff6b9fbf5832ee9770f,MDRUN_FAIL,,924
sp23,3f4c270aff052556802e3ea59a80940f,MDRUN_FAIL,,447
sp03,aa4ab13cb4df4d90f08700b97350a57b,OK,1062.950,1629
sp23,b336313e484c9484749cc0714b940ff4,MDRUN_FAIL,,502
sp23,519f148d49ef68ce3782c8eab23fa39e,MDRUN_FAIL,,589
sp23,70ccfc52bf05ee3830737995c6d93f9c,MDRUN_FAIL,,459
sp23,3701efaa518b8864dbdbd2befc3c3bad,MDRUN_FAIL,,505
sp23,ba32a5ca5c7e6e2db41283cf2f90660d,MDRUN_FAIL,,657
sp22,9dff198666f179b8a182da3e203eae73,MDRUN_FAIL,,959
sp23,eff71722c9c04f7e61a0cf427b3c6019,MDRUN_FAIL,,487
sp23,73ee76fa0a7cddc97ed2eb037810cd66,MDRUN_FAIL,,506
sp02,e8db4af0c7a34ddcd59bd43979c83a63,OK,564.810,3064
sp23,48a1e72551999e470167671de99c60b0,MDRUN_FAIL,,536
sp23,1468bf8fe44d2660d4245111ed256bb3,MDRUN_FAIL,,507
sp02,9510387a41d9428f814f1e8a487e626d,OK,566.382,3054
sp03,594685ab2c2c7dfb758c69d0a9bc2a8d,OK,991.705,1746
sp02,3a87c373b8ee3ee690e68ccce89857a3,OK,608.002,2847
sp22,ff032b5793a25a8e4f9611a34a394671,MDRUN_FAIL,,1066
sp02,ee2e7b45aae1b85d5c18aad16d03d855,OK,544.817,3177
sp22,7024d698ad06da1b887b5df50f7728d3,MDRUN_FAIL,,1151
sp23,b4b28e7bbe6caf601c6f1d9f426e6b74,MDRUN_FAIL,,612
sp21,5e2a23cb4d697cfdd0e84f4a2481d982,OK,1387.779,1248
sp24,3d395f6de7723b7b1aeebfb375bb1c5d,MDRUN_FAIL,,226
sp02,519f148d49ef68ce3782c8eab23fa39e,OK,602.678,2871
sp22,282b4e352d38ef07443209435439bcea,MDRUN_FAIL,,1066
sp24,ee504f886574b282ca630cb14509614b,MDRUN_FAIL,,317
sp24,47d61683781a3671bead51f8f8e84eb9,MDRUN_FAIL,,330
sp02,14e61945a20724d1818139fef8823538,OK,593.872,2913
sp03,ca3e30b78b8b15c1aa76fed50341d715,OK,874.974,1978
sp24,6fe2e1378b320a53571e4688376156bc,MDRUN_FAIL,,387
sp24,b2d145c83fe363359f846985aa11d3ba,MDRUN_FAIL,,475
sp04,a1409d89193dd0a7a4a54efb7c4b0b88,OK,872.280,1984
sp04,0220b4986165db73cd9f0775b82b7838,OK,882.121,1962
sp24,11575d57d06531080c7c3f1703538086,MDRUN_FAIL,,409
sp24,066409425aa3969efdeb577c7443fbbd,MDRUN_FAIL,,397
sp24,6625c7dedbb9078036a34c78f2ad4182,MDRUN_FAIL,,386
sp04,fffe47a81a0ad8b0cd7beae03f34b077,OK,866.717,1997
sp04,aa4ab13cb4df4d90f08700b97350a57b,OK,1077.548,1608
sp04,4232bcfa9c606f52c8067ff9e22fe8af,OK,863.602,2004
sp24,0d441b18656df0b6da1659391eb123e7,MDRUN_FAIL,,431
sp24,e705cc4eb668b2bbc015283bc2b78b89,MDRUN_FAIL,,447
sp24,6f8f3139923f55cc6cf8ceaccedb3aa4,MDRUN_FAIL,,515
sp04,7969946fa4a7d73df90d5fadcdef4b59,OK,860.102,2012
sp24,ec69e1666eb0eb27ed19cf2994bc675f,MDRUN_FAIL,,515
sp22,359e38e810d725751e2260e2b3006df9,OK,1483.957,1168
sp02,b1a7ee597e9d75bd95fcad2e74c8ab83,OK,540.070,3204
sp04,ad3886476184578f75d5af9504b7aca7,OK,878.052,1971
sp04,cb20abd70e0ece3d85e1338101d4bd72,OK,880.449,1965
sp22,9fdebd3e36d16344b05f496394363d9c,OK,1453.948,1192
sp04,eb86c0e119d2fe75487a399c76724176,OK,1057.405,1638
sp24,d53bf0815e07a7eed23cd2bbc64997ea,MDRUN_FAIL,,448
sp04,fd5ba50d24141a833001dc12a320fc8f,OK,871.663,1985
sp04,335dd6fbc3377cdcf2401cfc6056bc9c,OK,845.483,2047
sp04,6ef67d129dcb37a0be630ca24c321f02,OK,841.222,2058
sp22,e8397fcd2197e27d094058bc02fbba6a,OK,1474.109,1175
sp22,0b8c97a20e0da60b11a122b27f6c8b62,OK,1425.427,1216
sp22,9e7607ef3d929c5fd46ea0dc7f23f535,OK,1464.230,1183
sp23,fa95727eed889db7226aa52d7509284a,MDRUN_FAIL,,790
sp04,fa512f9f244e78009694ff207c157f04,OK,1031.960,1679
sp04,a864b4e510a4a9f05aa2438e3cebd634,OK,872.320,1985
sp24,6ed539a8e565bc920be9f146e577ce98,MDRUN_FAIL,,680
sp24,71610ced88f2d058ad64b79635b26b20,MDRUN_FAIL,,563
sp22,047b4e5133e0d4a8a3c4c2b9f29f5ee1,OK,1465.175,1183
sp24,c8dee15f6cbcf595a6900314ad342f99,MDRUN_FAIL,,716
sp23,0ba0e185398f759ca91fbd5fa3f0803a,MDRUN_FAIL,,800
sp04,d60363c0fec1c05a155d848f9a232a3e,OK,863.645,2004
sp04,13e1da8f0e67c08c5ef1cb0ebded75a5,OK,817.192,2118
sp24,3116f4c5342bf41e08cd23593057d9ac,MDRUN_FAIL,,721
sp24,52d2e2cddbd6c2ca52b2a6692a1be706,MDRUN_FAIL,,698
sp04,424689a2bad294c9a4d19ed5924324de,OK,856.478,2020
sp24,c3abed8fe47c90e2af144bafbdc1da21,MDRUN_FAIL,,745
sp24,ab32da1f7ea48da050cb3f074c41b42f,MDRUN_FAIL,,799
sp24,cf4a8047b69fbbe4ae6525a51c3063a1,MDRUN_FAIL,,747
sp23,ca3e30b78b8b15c1aa76fed50341d715,MDRUN_FAIL,,858
sp24,f5b52bef73821d9cc3d674e42de6608f,MDRUN_FAIL,,762
sp04,98cf559a50ee84d38e7648c91b0c564d,OK,817.061,2118
sp01,d1a961f69c709d74aaec2945249f508c,OK,371.857,4651
sp01,bd1567927f497abd4e18605be0e5f9dc,OK,371.605,4654
sp01,25f842cc3cf5b87a32d72adc77c97780,OK,368.714,4691
sp01,ea054fd43eb193b0b6268f917ed60185,OK,372.318,4646
sp01,308f2419f5e0ca7b6d39aac23a7de2ff,OK,371.836,4652
sp01,1b98d4c02a814a1c58e384be9fe73e92,OK,369.498,4680
sp01,6efdc9276471f46eacd8dbafd71ddfd6,OK,369.277,4683
sp01,26daa23c738cb8c7dababa4ee2a1c4fb,OK,374.808,4614
sp01,57bff1b2673d3c8b9006213161935522,OK,374.222,4621
sp16,c6780a0007686453a29186d9ec94b23f,OK,454.034,3811
sp23,282b4e352d38ef07443209435439bcea,MDRUN_FAIL,,1173
sp23,b6465c8ac0ed173d3faf7c401e0c4924,MDRUN_FAIL,,1028
sp01,ba32a5ca5c7e6e2db41283cf2f90660d,OK,368.287,4696
sp23,1bf5ed1e98a047c67826a7fd54dcf64f,MDRUN_FAIL,,1144
sp23,d4a029e120a4109e548f939835fea733,OK,1431.236,1212
sp26,066409425aa3969efdeb577c7443fbbd,MDRUN_FAIL,,336
sp04,282b4e352d38ef07443209435439bcea,OK,865.819,1999
sp04,295199ed8a4621a340b6b79b4024bec4,OK,864.133,2003
sp03,3116f4c5342bf41e08cd23593057d9ac,OK,577.370,2996
sp04,b935f060fc633ecb59aac069eeb99d71,OK,855.202,2024
sp25,3c117a293542d626d77f570da38bd5f1,MDRUN_FAIL,,957
sp26,f885f085c98c18670a7ddbe3c7a763da,MDRUN_FAIL,,631
sp26,519f148d49ef68ce3782c8eab23fa39e,MDRUN_FAIL,,490
sp03,c3abed8fe47c90e2af144bafbdc1da21,OK,576.025,3003
sp26,9c772b2f96c879dc662e5f137990844f,MDRUN_FAIL,,626
sp03,52d2e2cddbd6c2ca52b2a6692a1be706,OK,576.455,3002
sp26,187b2fb9351c5f10d65f710e85056c31,MDRUN_FAIL,,640
sp26,1c58151c5cca3757a0dafb204cf925ad,MDRUN_FAIL,,496
sp26,37eaa144facb029500f427e04d484481,MDRUN_FAIL,,637
sp24,9e7607ef3d929c5fd46ea0dc7f23f535,OK,1567.400,1106
sp05,ce9a796b1b540bd01171a965543d5ed4,OK,1094.206,1583
sp24,359e38e810d725751e2260e2b3006df9,OK,1553.825,1115
sp05,cc7b6263adb98dd621cdb08fde955a6f,OK,1049.269,1650
sp05,605f40bd8c866d6adb1d6f2bec42c9b3,OK,1087.212,1593
sp05,6b43e44fb3ada6de6c351a68d32eaa65,OK,1043.569,1659
sp24,5d9bbfbd38feae26823caf531a5db1a6,OK,1522.266,1138
sp24,047b4e5133e0d4a8a3c4c2b9f29f5ee1,OK,1550.000,1118
sp26,def33b1b26713c8ce7794e1cee2141c6,MDRUN_FAIL,,678
sp26,4232bcfa9c606f52c8067ff9e22fe8af,MDRUN_FAIL,,624
sp03,f5b52bef73821d9cc3d674e42de6608f,OK,574.938,3009
sp03,cf4a8047b69fbbe4ae6525a51c3063a1,OK,569.812,3035
sp24,e8397fcd2197e27d094058bc02fbba6a,OK,1485.917,1166
sp05,65316367b1c7ba80511f9cb5fb2fd2a4,OK,1045.620,1656
sp04,f3bf65b5c175c4eb9a32b952ec009daa,OK,863.145,2006
sp26,20ffceabec2b95cc0b401b1d1e504f6b,MDRUN_FAIL,,737
sp26,335dd6fbc3377cdcf2401cfc6056bc9c,MDRUN_FAIL,,656
sp05,e157f064686d18428292a95c75eebffe,OK,1030.212,1681
sp03,e3b605e5b9101a4f3fa1aae790d69360,OK,562.890,3073
sp05,80b0fe984d15b87a9da0bed91ab28b29,OK,1063.819,1629
sp04,196b38c7ef93d3d9da6c8ba5fbe7cc36,OK,904.124,1916
sp05,ac6254a319053d53d01f6c8c06bc783d,OK,1055.975,1640
sp04,909628c1d41006cf8bdc95b988228e4f,OK,844.722,2050
sp26,a1409d89193dd0a7a4a54efb7c4b0b88,MDRUN_FAIL,,729
sp04,9962e35d818f378081860dfde6088db5,OK,892.082,1941
sp05,8a909432391c80b5414f2aed6279b942,OK,1042.774,1661
sp05,d14a66e8dd811490ccafaf75afa970de,OK,1080.578,1602
sp04,4be7a12b601883e91811eeb2e0c4ed4b,OK,885.657,1955
sp05,15044c0c9f83bb877f5ea28fece53a3d,OK,1072.053,1615
sp04,fc4ddc57541f29488f09921d9b36bc97,OK,884.121,1959
sp04,d9a52d46c0ccf0c1913e0eebbacfc330,OK,879.456,1969
sp26,bc9b7c54eb864a288d845c2e1a4018a9,MDRUN_FAIL,,553
sp26,8dcaa68c20948305aa767048b2da4ec2,MDRUN_FAIL,,601
sp05,04d89e15e651861ca58bbec52b719c49,OK,1039.770,1666
sp26,48a1e72551999e470167671de99c60b0,MDRUN_FAIL,,567
sp05,594685ab2c2c7dfb758c69d0a9bc2a8d,OK,1031.461,1679
sp05,0b4fbf7130a60ebdf348cd8d14c36b77,OK,990.241,1749
sp02,b2bcac7a4f0262268b1a6d2db8d7eb5a,OK,373.102,4636
sp02,6c4846b6eaf17057657b89d9f3678cfc,OK,369.834,4677
sp06,3dd7fe0b27b084a92f8091446da1a66e,OK,1130.716,1532
sp02,26daa23c738cb8c7dababa4ee2a1c4fb,OK,372.969,4638
sp02,6efdc9276471f46eacd8dbafd71ddfd6,OK,371.725,4653
sp02,c94a26f4dff73a180f04c48dad017723,OK,369.758,4678
sp02,819a7f7be372131a469fbed045c9eb33,OK,369.728,4678
sp06,71610ced88f2d058ad64b79635b26b20,OK,1110.921,1559
sp06,ec69e1666eb0eb27ed19cf2994bc675f,OK,1106.872,1565
sp02,40cb8b0c3343c02f5a6c40f02757e920,OK,368.802,4690
sp02,fbf450a68aa0a625ec13f6c762944a3b,OK,365.355,4734
sp06,8072d1cd9b9a836cbeec520610c1f9bd,OK,1139.977,1519
sp25,047b4e5133e0d4a8a3c4c2b9f29f5ee1,OK,1567.203,1106
sp25,a5b2fb04b878e9fff4b764e79cf06db2,OK,1587.061,1092
sp02,57bff1b2673d3c8b9006213161935522,OK,369.202,4685
sp25,737df570b627d06e92101677b4e3da21,OK,1550.816,1117
sp02,ba32a5ca5c7e6e2db41283cf2f90660d,OK,367.576,4706
sp25,238dd65aac42b2b34162c0b51a84d1db,OK,1530.992,1132
sp06,971c944ef6916e2840b6d63b8f00425e,OK,1126.477,1538
sp06,749b421329101fb34bf4c33daa32ff2e,OK,1105.671,1567
sp04,6e359d9430a2de705d89d808ead7c331,OK,593.409,2916
sp04,8dcaa68c20948305aa767048b2da4ec2,OK,595.891,2904
sp04,c3e6f0472fa7320f5e210e26cfc4ecec,OK,575.375,3007
sp26,c2f2ee45493f8ae40c2fd957499cc3f6,OK,1504.433,1151
sp06,492b610efd391e76c199bfed5b16cf2a,OK,1040.035,1665
sp04,3f4c270aff052556802e3ea59a80940f,OK,596.338,2901
sp04,0a826045d720c0a795bd1979a728e35c,OK,575.346,3007
sp04,055e1e9c95b2378efd3fc90b82948709,OK,569.276,3039
sp04,bc9b7c54eb864a288d845c2e1a4018a9,OK,590.935,2928
sp02,cfe4d9b13bebf025bdbd30504f03c83a,OK,349.642,4947
sp04,c52270f78e77bf608aafaa68736e6b18,OK,614.969,2814
sp04,c83d057a219e5a25a09f354503a70d4d,OK,570.418,3033
sp04,ceb2b49097d65c6344d7760b76a49be7,OK,607.208,2850
sp04,48a1e72551999e470167671de99c60b0,OK,581.724,2974
sp04,d1d524dd925a24438ecd2d014b089d87,OK,564.009,3067
sp04,71d81c144a98e11bef7a990464b30910,OK,563.914,3068
sp04,e123cf065380d0b0c8f3053e9ba7be61,OK,562.531,3075
sp04,3701efaa518b8864dbdbd2befc3c3bad,OK,567.517,3049
sp06,bf34923dc4f956fa0c26fb0a54550049,OK,1126.456,1538
sp04,b336313e484c9484749cc0714b940ff4,OK,565.387,3060
sp07,ce9a796b1b540bd01171a965543d5ed4,OK,1087.023,1594
sp04,73ee76fa0a7cddc97ed2eb037810cd66,OK,578.041,2992
sp04,eff71722c9c04f7e61a0cf427b3c6019,OK,595.650,2905
sp04,1468bf8fe44d2660d4245111ed256bb3,OK,592.407,2920
sp04,4ec28cb2a7a8589319f3a418eb12f1fd,OK,591.099,2927
sp04,ccb9fbbe8dccd3e51806073eb486a17c,OK,590.931,2928
sp04,b4b28e7bbe6caf601c6f1d9f426e6b74,OK,587.673,2944
sp04,70ccfc52bf05ee3830737995c6d93f9c,OK,579.203,2986
sp04,9c898bacf201efb96fbd136bddcadbcd,OK,590.309,2930
sp07,0b4fbf7130a60ebdf348cd8d14c36b77,OK,1060.529,1633
sp04,b7649d4e54db2998f4f380ff5b78484d,OK,577.554,2997
sp04,c5b72985a64d484d55f5162f79464155,OK,576.299,3003
sp04,39f4f10d914c61149f1719bf477dd932,OK,570.465,3033
sp04,8334c32de8facb541aeda11ba000b299,OK,568.800,3041
sp04,ec4ccad83d01498f18eec3728419c3aa,OK,563.794,3069
sp05,03d2d012db8145e06c35d7e016c645dc,OK,582.117,2972
sp07,8a909432391c80b5414f2aed6279b942,OK,1137.361,1524
sp04,db2ffa37256932f6732629ec5f2a035f,OK,567.713,3047
sp04,0677f513ac408d66c189e10e0ee4d76f,OK,560.136,3090
sp05,166e854e6f7609934b769fb3b19101c0,OK,575.110,3009
sp05,11575d57d06531080c7c3f1703538086,OK,714.908,2421
sp05,e705cc4eb668b2bbc015283bc2b78b89,OK,728.425,2376
sp05,0d441b18656df0b6da1659391eb123e7,OK,718.530,2409
sp05,ee504f886574b282ca630cb14509614b,OK,718.137,2410
sp05,824df1fae448411a738d6987cd933d7b,OK,563.300,3071
sp05,353af6c9cfe7ecb0019d13eaa7b46eaf,OK,734.159,2358
sp05,b9b9bfeefa0e6a15732b8a6efe510a7f,OK,728.704,2376
sp05,d4f996968bb63065cac387c064aaed66,OK,722.967,2394
sp05,47d61683781a3671bead51f8f8e84eb9,OK,705.432,2454
sp05,6625c7dedbb9078036a34c78f2ad4182,OK,719.210,2407
sp05,d53bf0815e07a7eed23cd2bbc64997ea,OK,700.613,2470
sp05,427745a99482f89e2af213daac24f2c4,OK,734.095,2358
sp05,12004f3f2e7c95e0f8ddf8877cb7684c,OK,727.752,2379
sp05,5aeaf69cbe372b3d35c6e0ef066dc05b,OK,722.719,2395
sp05,066409425aa3969efdeb577c7443fbbd,OK,685.224,2526
sp05,8b7977f1eab9ea4074744154d19bfa8d,OK,718.344,2410
sp05,2be277119d6eae84726b1921013ba77e,OK,699.740,2473
sp05,9510387a41d9428f814f1e8a487e626d,OK,572.440,3022
sp05,7f8c5f877cc7df732365ed9f3035e71a,OK,537.851,3216
sp05,bc27b2dd2f1cfe96f171984d54609c4e,OK,723.023,2393
sp05,ee2e7b45aae1b85d5c18aad16d03d855,OK,555.357,3115
sp07,65fcca610b91676d473a89c0858c6ffc,OK,932.416,1857
sp07,01bd41af226d7f8d1e5fdb361b0b562d,OK,928.900,1864
sp05,57f8d9f325a6ba6d6f33f1306c042866,OK,716.503,2415
sp07,dbc5bdf0c84f89a682be5ac536c00bd2,OK,918.597,1885
sp05,1dd183338ac9d0d5904e89f4aca06e34,OK,695.499,2489
sp05,a9feaf2e38ac31b8f513a09f91500ce9,OK,712.007,2430
sp05,b97da2a131609768b2ffb5b85b870db2,OK,708.598,2442
sp07,9e7607ef3d929c5fd46ea0dc7f23f535,OK,937.551,1847
sp05,8f625b232d5b3f24ef0fccc5663f85b7,OK,706.985,2448
sp07,69da907af4c1f2f8307d027d4ab80d72,OK,927.171,1867
sp07,9fdebd3e36d16344b05f496394363d9c,OK,923.137,1875
sp05,e111d883881d5735e54ce398821e189a,OK,698.790,2476
sp07,4be7a12b601883e91811eeb2e0c4ed4b,OK,892.431,1940
sp05,cf4a8047b69fbbe4ae6525a51c3063a1,OK,561.682,3080
sp07,de91618eee657d877d0668058bd50ff6,OK,908.105,1906
sp05,cee48dd72369c4e1f48b01651c970791,OK,730.439,2371
sp05,83426a9786b17364e36e1efe6db37be6,OK,673.035,2572
sp05,b1a7ee597e9d75bd95fcad2e74c8ab83,OK,543.920,3180
sp00,8016222bad11f4d65a8f6f4e49b5cd67,OK,860.538,2013
sp00,65316367b1c7ba80511f9cb5fb2fd2a4,OK,854.778,2026
sp05,f5b52bef73821d9cc3d674e42de6608f,OK,563.290,3071
sp07,e8397fcd2197e27d094058bc02fbba6a,OK,895.608,1933
sp05,e3b605e5b9101a4f3fa1aae790d69360,OK,573.905,3014
sp00,d14a66e8dd811490ccafaf75afa970de,OK,852.695,2030
sp07,eb1eb691e1c65761a234212818817153,OK,889.763,1945
sp00,eb86c0e119d2fe75487a399c76724176,OK,852.886,2030
sp00,cc7b6263adb98dd621cdb08fde955a6f,OK,840.144,2060
sp00,ac6254a319053d53d01f6c8c06bc783d,OK,836.789,2069
sp06,2be277119d6eae84726b1921013ba77e,OK,757.410,2285
sp07,047b4e5133e0d4a8a3c4c2b9f29f5ee1,OK,897.057,1929
sp00,7024d698ad06da1b887b5df50f7728d3,OK,736.274,2350
sp00,922db9175a15e6a2d34d02717b0de6ab,OK,729.824,2371
sp00,3c117a293542d626d77f570da38bd5f1,OK,727.885,2377
sp00,e49cfa366cc64bab8e1edf37b372cbf6,OK,720.609,2401
sp07,737df570b627d06e92101677b4e3da21,OK,856.183,2022
sp06,9c39d3ac13c2b5c81959b897757d862d,OK,746.515,2320
sp06,302044e4781ac510fc30f16377e71d45,OK,739.238,2342
sp06,3fa0c6c3d51d517940f2d737b2a070f2,OK,747.684,2317
sp07,11575d57d06531080c7c3f1703538086,OK,770.822,2245
sp06,0d441b18656df0b6da1659391eb123e7,OK,732.330,2365
sp00,e49cfa366cc64bab8e1edf37b372cbf6,OK,869.574,1991
sp07,3d395f6de7723b7b1aeebfb375bb1c5d,OK,755.104,2292
sp08,395f47b77b5f161c28c20393b39e9076,OK,895.492,1933
sp00,922db9175a15e6a2d34d02717b0de6ab,OK,858.959,2015
sp07,6fe2e1378b320a53571e4688376156bc,OK,747.480,2315
sp06,b9b9bfeefa0e6a15732b8a6efe510a7f,OK,753.803,2297
sp06,353af6c9cfe7ecb0019d13eaa7b46eaf,OK,749.997,2309
sp03,de36f12fbdb6f099ba5ac3231fe389e0,OK,353.462,4893
sp06,12004f3f2e7c95e0f8ddf8877cb7684c,OK,748.584,2313
sp03,ac0197ee4a02894e2611e255e0125503,OK,354.320,4881
sp07,ee504f886574b282ca630cb14509614b,OK,751.231,2304
sp07,47d61683781a3671bead51f8f8e84eb9,OK,745.116,2323
sp07,0d441b18656df0b6da1659391eb123e7,OK,741.574,2334
sp07,e705cc4eb668b2bbc015283bc2b78b89,OK,741.236,2336
sp05,519f148d49ef68ce3782c8eab23fa39e,OK,612.403,2826
sp03,163d7079bdd82c1e475b5abe5436959a,OK,348.268,4966
sp03,7a1bbdb9f1f8528edd767025c45e5cc8,OK,350.644,4932
sp06,427745a99482f89e2af213daac24f2c4,OK,718.323,2410
sp03,c82e0b161bf77b819bbafff08f9a082e,OK,346.140,4996
sp05,f444bf4b2a5712cdb76e326e74202030,OK,594.090,2912
sp05,1c58151c5cca3757a0dafb204cf925ad,OK,592.684,2919
sp08,1f270ea65cd761a78a0ed8ab4ee8fec0,OK,844.554,2049
sp07,b9b9bfeefa0e6a15732b8a6efe510a7f,OK,770.510,2248
sp05,04e69510b344ad3e65a21130b7429d06,OK,580.846,2978
sp07,1dd183338ac9d0d5904e89f4aca06e34,OK,759.743,2279
sp07,2be277119d6eae84726b1921013ba77e,OK,759.591,2280
sp00,6b43e44fb3ada6de6c351a68d32eaa65,OK,829.687,2086
sp03,b4d6bf83422567e92f6475f4f9bd6ec8,OK,340.397,5081
sp08,0f35616c28aaaf8c39fd2467e3d2cebd,OK,901.083,1921
sp07,8b7977f1eab9ea4074744154d19bfa8d,OK,754.186,2296
sp08,266bbb49e60781aca4002ea95c99c033,OK,898.259,1927
sp08,0a8bd2b181a818ac245c132acb3ffd18,OK,897.753,1928
sp03,96e384ca0fb900959cf2205b9121fb47,OK,341.423,5065
sp03,b2bcac7a4f0262268b1a6d2db8d7eb5a,OK,344.786,5016
sp08,1a263985d22c81f9d3e9eb46e23d21ab,OK,890.417,1944
sp07,427745a99482f89e2af213daac24f2c4,OK,736.638,2351
sp07,83426a9786b17364e36e1efe6db37be6,OK,735.378,2355
sp07,353af6c9cfe7ecb0019d13eaa7b46eaf,OK,734.890,2357
sp07,12004f3f2e7c95e0f8ddf8877cb7684c,OK,730.871,2370
sp08,62064a9f6b5d461a4c097abbc9bffe7a,OK,913.171,1895
sp05,ee389516e27a1853ac625548d8ca9482,OK,608.795,2844
sp08,b935f060fc633ecb59aac069eeb99d71,OK,910.883,1900
sp05,14e61945a20724d1818139fef8823538,OK,607.527,2849
sp07,066409425aa3969efdeb577c7443fbbd,OK,721.557,2400
sp08,59573ee97914f33c9708de5aa2e356b5,OK,907.549,1906
sp08,d1324bec8ed2f7c4caac7dd5ac774f98,OK,928.262,1864
sp08,909628c1d41006cf8bdc95b988228e4f,OK,895.752,1932
sp08,5d9bbfbd38feae26823caf531a5db1a6,OK,923.039,1875
sp08,bb0523a55a6136f05a592d05fd8ff8de,OK,918.729,1884
sp05,6f6836389edc435ef5de6a0ca5c25474,OK,598.940,2890
sp05,3b35ddb2b8a33d05d6b5870a9da6c712,OK,592.537,2920
sp08,ffdbd2aa8cc03f78eb6b433fe1a74c09,OK,942.223,1837
sp08,253860e6145c4fd6dd9cbc288515e367,OK,907.771,1906
sp03,c94a26f4dff73a180f04c48dad017723,OK,337.301,5128
sp08,196b38c7ef93d3d9da6c8ba5fbe7cc36,OK,922.879,1875
sp08,543c819ac4256fe5b41298770a798122,OK,919.442,1882
sp08,d005b3d8ed6ab71e5ebd50c1b26a2ffb,OK,915.717,1890
sp08,d9a52d46c0ccf0c1913e0eebbacfc330,OK,914.845,1891
sp05,a2698e5db085c1959923b7b6eca55067,OK,579.822,2986
sp08,6564af0e70be4d43388870363762e68c,OK,912.481,1896
sp08,f93dfb8ee56b2a98182d0adc1030c114,OK,905.494,1911
sp08,f3bf65b5c175c4eb9a32b952ec009daa,OK,850.243,2035
sp08,9962e35d818f378081860dfde6088db5,OK,897.805,1927
sp08,295199ed8a4621a340b6b79b4024bec4,OK,842.962,2053
sp05,22449a0ea60f206a1700d752b8923709,OK,575.552,3007
sp00,7024d698ad06da1b887b5df50f7728d3,OK,861.376,2010
sp00,9dff198666f179b8a182da3e203eae73,OK,881.660,1963
sp00,d9a52d46c0ccf0c1913e0eebbacfc330,OK,725.814,2383
sp00,c2f2ee45493f8ae40c2fd957499cc3f6,OK,869.565,1990
sp00,d005b3d8ed6ab71e5ebd50c1b26a2ffb,OK,714.125,2423
sp00,3c117a293542d626d77f570da38bd5f1,OK,860.104,2012
sp00,37f9f904b3a0eaee2c624e4559ebe52f,OK,855.829,2022
sp00,ea7f0fb058ae9dd251ae33c9d872926b,OK,846.589,2044
sp07,fae572d9925f12e9cf58d65f8235a662,OK,623.480,2777
sp08,c52270f78e77bf608aafaa68736e6b18,OK,622.604,2779
sp08,eff71722c9c04f7e61a0cf427b3c6019,OK,621.569,2783
sp07,14e61945a20724d1818139fef8823538,OK,617.542,2804
sp08,9c898bacf201efb96fbd136bddcadbcd,OK,608.637,2842
sp07,ee389516e27a1853ac625548d8ca9482,OK,605.878,2858
sp08,b4b28e7bbe6caf601c6f1d9f426e6b74,OK,607.748,2846
sp00,fc4ddc57541f29488f09921d9b36bc97,OK,854.749,2025
sp00,9962e35d818f378081860dfde6088db5,OK,854.685,2025
sp00,d005b3d8ed6ab71e5ebd50c1b26a2ffb,OK,851.201,2033
sp00,196b38c7ef93d3d9da6c8ba5fbe7cc36,OK,847.501,2042
sp02,594685ab2c2c7dfb758c69d0a9bc2a8d,OK,863.728,2004
sp08,db2ffa37256932f6732629ec5f2a035f,OK,599.393,2886
sp07,22449a0ea60f206a1700d752b8923709,OK,596.122,2903
sp08,4ec28cb2a7a8589319f3a418eb12f1fd,OK,598.281,2891
sp00,d9a52d46c0ccf0c1913e0eebbacfc330,OK,840.916,2058
sp04,25f842cc3cf5b87a32d72adc77c97780,OK,343.163,5040
sp08,ccb9fbbe8dccd3e51806073eb486a17c,OK,592.665,2919
sp00,4be7a12b601883e91811eeb2e0c4ed4b,OK,856.119,2021
sp04,308f2419f5e0ca7b6d39aac23a7de2ff,OK,352.470,4907
sp02,04d89e15e651861ca58bbec52b719c49,OK,835.827,2072
sp04,ea054fd43eb193b0b6268f917ed60185,OK,345.930,5000
sp02,fd5ba50d24141a833001dc12a320fc8f,OK,714.351,2422
sp04,26daa23c738cb8c7dababa4ee2a1c4fb,OK,350.478,4935
sp02,def33b1b26713c8ce7794e1cee2141c6,OK,703.806,2459
sp00,01bd41af226d7f8d1e5fdb361b0b562d,OK,855.137,2024
sp04,d15af9a4462ff88f2cfafbc6cc94912e,OK,350.298,4938
sp02,ad3886476184578f75d5af9504b7aca7,OK,707.172,2447
sp02,99c9a8dee8fadf56676d8f90e6848e58,OK,717.161,2413
sp00,dbc5bdf0c84f89a682be5ac536c00bd2,OK,847.204,2043
sp02,cb20abd70e0ece3d85e1338101d4bd72,OK,716.914,2414
sp02,2cb6e34fab1ee523b2a48790b68ad465,OK,692.814,2497
sp02,39cbab9e91b4af7ae5b0eed4a14b90f9,OK,693.205,2497
sp00,65fcca610b91676d473a89c0858c6ffc,OK,843.490,2051
sp04,ca1e569ab7c7bc83c949f9e20ed78453,OK,338.779,5107
sp00,de91618eee657d877d0668058bd50ff6,OK,855.745,2022
sp00,eb1eb691e1c65761a234212818817153,OK,832.208,2079
sp00,0b8c97a20e0da60b11a122b27f6c8b62,OK,856.416,2021
sp00,9fdebd3e36d16344b05f496394363d9c,OK,851.861,2031
sp01,e111d883881d5735e54ce398821e189a,OK,600.273,2882
sp01,b97da2a131609768b2ffb5b85b870db2,OK,609.847,2837
sp01,a9feaf2e38ac31b8f513a09f91500ce9,OK,608.452,2843
sp00,9e7607ef3d929c5fd46ea0dc7f23f535,OK,856.370,2020
sp00,359e38e810d725751e2260e2b3006df9,OK,846.096,2045
sp01,bc27b2dd2f1cfe96f171984d54609c4e,OK,600.623,2881
sp01,8f625b232d5b3f24ef0fccc5663f85b7,OK,595.142,2907
sp00,69da907af4c1f2f8307d027d4ab80d72,OK,804.117,2152
sp00,e3b605e5b9101a4f3fa1aae790d69360,OK,463.944,3728
sp00,047b4e5133e0d4a8a3c4c2b9f29f5ee1,OK,841.657,2056
sp01,c842104ea7034c335c96f16efde3aff4,OK,855.748,2022
sp01,b60c297c7199140f1f38ac6909b5bf24,OK,866.348,1998
sp01,88de53427c78a4f8890a2b946385d70b,OK,847.894,2041
sp01,9dff198666f179b8a182da3e203eae73,OK,872.508,1984
sp00,e8397fcd2197e27d094058bc02fbba6a,OK,773.269,2238
sp04,8016222bad11f4d65a8f6f4e49b5cd67,OK,945.544,1832
sp01,187b2fb9351c5f10d65f710e85056c31,OK,850.613,2035
sp01,424689a2bad294c9a4d19ed5924324de,OK,847.401,2044
sp01,def33b1b26713c8ce7794e1cee2141c6,OK,846.122,2047
sp01,9c772b2f96c879dc662e5f137990844f,OK,842.586,2055
sp01,a1409d89193dd0a7a4a54efb7c4b0b88,OK,849.076,2039
sp01,c42e22237c07702a044507738b0805b2,OK,827.567,2093
sp01,c5cf1f886c6849f8233c8b282a929680,OK,804.622,2150
sp01,e93a4d36831e1c123940b06eb94b7e74,OK,844.266,2051
sp01,ea7f0fb058ae9dd251ae33c9d872926b,OK,855.805,2023
sp01,519f148d49ef68ce3782c8eab23fa39e,OK,497.691,3476
sp01,6f6836389edc435ef5de6a0ca5c25474,OK,500.056,3459
sp01,14e61945a20724d1818139fef8823538,OK,499.084,3466
sp01,f444bf4b2a5712cdb76e326e74202030,OK,493.573,3505
sp01,3b35ddb2b8a33d05d6b5870a9da6c712,OK,492.766,3511
sp04,62064a9f6b5d461a4c097abbc9bffe7a,OK,786.618,2201
sp04,d1324bec8ed2f7c4caac7dd5ac774f98,OK,777.228,2227
sp04,253860e6145c4fd6dd9cbc288515e367,OK,768.824,2251
sp01,04e69510b344ad3e65a21130b7429d06,OK,481.262,3594
sp01,22449a0ea60f206a1700d752b8923709,OK,481.298,3594
sp04,59573ee97914f33c9708de5aa2e356b5,OK,752.827,2299
sp04,5d9bbfbd38feae26823caf531a5db1a6,OK,767.856,2254
sp01,1c58151c5cca3757a0dafb204cf925ad,OK,468.874,3689
sp04,bb0523a55a6136f05a592d05fd8ff8de,OK,726.022,2384
sp02,d60363c0fec1c05a155d848f9a232a3e,OK,852.698,2030
sp02,cb20abd70e0ece3d85e1338101d4bd72,OK,852.014,2032
sp02,c842104ea7034c335c96f16efde3aff4,OK,866.174,1998
sp02,2cb6e34fab1ee523b2a48790b68ad465,OK,838.427,2065
sp02,99c9a8dee8fadf56676d8f90e6848e58,OK,837.041,2068
sp02,39cbab9e91b4af7ae5b0eed4a14b90f9,OK,835.244,2072
sp02,c42e22237c07702a044507738b0805b2,OK,853.768,2026
sp02,fd5ba50d24141a833001dc12a320fc8f,OK,857.187,2020
sp02,def33b1b26713c8ce7794e1cee2141c6,OK,851.897,2033
sp02,6f6836389edc435ef5de6a0ca5c25474,OK,497.230,3480
sp03,971c944ef6916e2840b6d63b8f00425e,OK,1086.251,1595
sp02,752f05c1f66a8f4b3b1789ec136a4c33,OK,884.631,1957
sp02,f1a057393d7efd3f562b774490f9dfd1,OK,882.164,1963
sp03,8072d1cd9b9a836cbeec520610c1f9bd,OK,1078.279,1607
sp02,cabddb27a77b57b277eb28c407a26d3f,OK,879.985,1969
sp03,15044c0c9f83bb877f5ea28fece53a3d,OK,1075.786,1610
sp02,37f9f904b3a0eaee2c624e4559ebe52f,OK,877.106,1975
sp02,8aec869639fd159e3c91d77b4fcc4e79,OK,875.669,1979
sp03,8a909432391c80b5414f2aed6279b942,OK,1070.307,1619
sp02,ad3886476184578f75d5af9504b7aca7,OK,836.630,2070
sp03,ec69e1666eb0eb27ed19cf2994bc675f,OK,1070.168,1620
sp02,98cf559a50ee84d38e7648c91b0c564d,OK,844.912,2049
sp02,47a8000e16980306005511b953a06ecf,OK,883.818,1960
sp02,9dff198666f179b8a182da3e203eae73,OK,883.112,1962
sp03,71610ced88f2d058ad64b79635b26b20,OK,1076.743,1610
sp02,e40809a6930ce378fdcb37d1b644e2d6,OK,877.939,1972
sp02,0708a8656ea2024a7a2f0e1407f518a7,OK,864.621,2003
sp02,77b75df8109925be76df5616a3e1c899,OK,864.603,2004
sp02,642b2e0e340ac4d3adcf66589e7fd012,OK,863.898,2006
sp03,3dd7fe0b27b084a92f8091446da1a66e,OK,1051.873,1647
sp03,73ee76fa0a7cddc97ed2eb037810cd66,OK,508.941,3398
sp02,c2f2ee45493f8ae40c2fd957499cc3f6,OK,874.023,1981
sp02,ba808f52df2ffa29ea7a2a6a9cd5f0b8,OK,871.264,1989
sp02,0790157ee26dfb0fea3a1ce3db026f75,OK,870.309,1990
sp03,c2f2ee45493f8ae40c2fd957499cc3f6,OK,914.266,1893
sp02,fa95727eed889db7226aa52d7509284a,OK,833.667,2077
sp03,6f8f3139923f55cc6cf8ceaccedb3aa4,OK,1035.906,1673
sp02,5d418a86059c42695f5856b68e7a7118,OK,863.585,2006
sp02,3c117a293542d626d77f570da38bd5f1,OK,863.027,2007
sp02,d4a029e120a4109e548f939835fea733,OK,854.766,2025
sp02,424689a2bad294c9a4d19ed5924324de,OK,835.908,2072
sp02,ff8edf23e1c4463cdc767531d804cef1,OK,831.172,2084
sp02,b6465c8ac0ed173d3faf7c401e0c4924,OK,836.371,2069
sp02,0ba0e185398f759ca91fbd5fa3f0803a,OK,834.289,2075
sp02,c5cf1f886c6849f8233c8b282a929680,OK,838.642,2065
sp02,88de53427c78a4f8890a2b946385d70b,OK,838.207,2065
sp02,a864b4e510a4a9f05aa2438e3cebd634,OK,804.668,2152
sp02,ea7f0fb058ae9dd251ae33c9d872926b,OK,824.016,2102
sp01,f444bf4b2a5712cdb76e326e74202030,OK,622.575,2779
sp02,69ea6e3ad23ea569f4bbfa0263cb5bdc,OK,831.237,2082
sp02,d8a2b383fc51f79cc2469b166af9122c,OK,830.554,2083
sp04,cc7b6263adb98dd621cdb08fde955a6f,OK,1046.792,1656
sp02,22449a0ea60f206a1700d752b8923709,OK,467.112,3704
sp02,5b6d2943bab2409bd0928714d9016311,OK,821.627,2106
sp08,971c944ef6916e2840b6d63b8f00425e,OK,979.043,1768
sp03,ba808f52df2ffa29ea7a2a6a9cd5f0b8,OK,931.532,1860
sp03,e40809a6930ce378fdcb37d1b644e2d6,OK,924.183,1875
sp03,8aec869639fd159e3c91d77b4fcc4e79,OK,920.857,1881
sp03,37f9f904b3a0eaee2c624e4559ebe52f,OK,907.228,1910
sp02,ca3e30b78b8b15c1aa76fed50341d715,OK,828.042,2092
sp03,77b75df8109925be76df5616a3e1c899,OK,905.964,1912
sp02,282b4e352d38ef07443209435439bcea,OK,824.506,2100
sp03,752f05c1f66a8f4b3b1789ec136a4c33,OK,900.517,1924
sp03,0708a8656ea2024a7a2f0e1407f518a7,OK,913.815,1895
sp02,1bf5ed1e98a047c67826a7fd54dcf64f,OK,843.408,2053
sp02,5e2a23cb4d697cfdd0e84f4a2481d982,OK,842.420,2056
sp03,cabddb27a77b57b277eb28c407a26d3f,OK,891.497,1943
sp05,fa4de5e62b4e32e8b3d71088211803e0,OK,895.962,1933
sp02,7f401a529b655f4a54438d8f5d6f0225,OK,843.689,2053
sp08,749b421329101fb34bf4c33daa32ff2e,OK,943.006,1836
sp05,922db9175a15e6a2d34d02717b0de6ab,OK,910.231,1903
sp08,492b610efd391e76c199bfed5b16cf2a,OK,954.577,1814
sp01,04e69510b344ad3e65a21130b7429d06,OK,567.849,3046
sp02,b8ac149673f7c3cd33b88439965cd67f,OK,824.142,2102
sp01,6f6836389edc435ef5de6a0ca5c25474,OK,627.706,2756
sp02,03f5731ad72b97ea2fd1ec352fe5dde0,OK,830.940,2084
sp02,2b0f0d7f8914675eaf8e2f5aee81598d,OK,830.742,2085
sp02,e13195a3669e20a1cb71ccb752460291,OK,828.759,2090
sp04,d005b3d8ed6ab71e5ebd50c1b26a2ffb,OK,868.932,1991
sp05,0790157ee26dfb0fea3a1ce3db026f75,OK,923.269,1875
sp08,bf34923dc4f956fa0c26fb0a54550049,OK,942.784,1836
sp01,3b35ddb2b8a33d05d6b5870a9da6c712,OK,619.833,2791
sp05,e49cfa366cc64bab8e1edf37b372cbf6,OK,884.026,1959
sp01,1c58151c5cca3757a0dafb204cf925ad,OK,580.698,2979
sp05,f1a057393d7efd3f562b774490f9dfd1,OK,900.713,1922
sp05,8aec869639fd159e3c91d77b4fcc4e79,OK,927.113,1868
sp01,14e61945a20724d1818139fef8823538,OK,621.464,2784
sp05,3f6e40d3068fb0fd99bfa763ed0ca2bb,OK,917.545,1888
sp05,77b75df8109925be76df5616a3e1c899,OK,900.678,1922
sp05,ba808f52df2ffa29ea7a2a6a9cd5f0b8,OK,895.693,1934
sp05,b19d1a70ff3d2abd6986665d47eff086,OK,884.596,1958
sp05,b85a22ec0aa0dc6afd4221dc2f0bb482,OK,910.706,1902
sp05,4a67881e46b87364ec2e0ec7cbbf0bec,OK,907.045,1910
sp05,47a8000e16980306005511b953a06ecf,OK,884.889,1957
sp04,01bd41af226d7f8d1e5fdb361b0b562d,OK,866.980,1997
sp05,e40809a6930ce378fdcb37d1b644e2d6,OK,907.031,1909
sp05,9dff198666f179b8a182da3e203eae73,OK,933.548,1855
sp05,752f05c1f66a8f4b3b1789ec136a4c33,OK,924.568,1874
sp05,37f9f904b3a0eaee2c624e4559ebe52f,OK,898.557,1927
sp05,0708a8656ea2024a7a2f0e1407f518a7,OK,922.602,1878
sp05,ea7f0fb058ae9dd251ae33c9d872926b,OK,891.582,1943
sp05,b8ac149673f7c3cd33b88439965cd67f,OK,853.820,2028
sp05,cabddb27a77b57b277eb28c407a26d3f,OK,911.996,1900
sp05,0a8bd2b181a818ac245c132acb3ffd18,OK,861.038,2011
sp03,bc27b2dd2f1cfe96f171984d54609c4e,OK,723.400,2393
sp09,359e38e810d725751e2260e2b3006df9,OK,1051.983,1646
sp01,22449a0ea60f206a1700d752b8923709,OK,549.323,3149
sp02,c52270f78e77bf608aafaa68736e6b18,OK,606.674,2851
sp02,eff71722c9c04f7e61a0cf427b3c6019,OK,604.509,2862
sp05,909628c1d41006cf8bdc95b988228e4f,OK,874.363,1980
sp05,b935f060fc633ecb59aac069eeb99d71,OK,848.087,2041
sp05,295199ed8a4621a340b6b79b4024bec4,OK,847.068,2044
sp05,1a263985d22c81f9d3e9eb46e23d21ab,OK,821.394,2108
sp05,078844c7f38624b3996505d0f98526ca,OK,504.308,3431
sp02,166e854e6f7609934b769fb3b19101c0,OK,610.957,2834
sp02,ceb2b49097d65c6344d7760b76a49be7,OK,614.249,2818
sp02,70ccfc52bf05ee3830737995c6d93f9c,OK,578.355,2991
sp02,03d2d012db8145e06c35d7e016c645dc,OK,604.585,2863
sp05,04e69510b344ad3e65a21130b7429d06,OK,502.832,3441
sp02,1468bf8fe44d2660d4245111ed256bb3,OK,573.587,3017
sp05,f3bf65b5c175c4eb9a32b952ec009daa,OK,813.601,2127
sp00,abcebd7334a50be9b204a4899d5d8881,OK,367.643,4704
sp02,8334c32de8facb541aeda11ba000b299,OK,566.711,3052
sp00,ca1e569ab7c7bc83c949f9e20ed78453,OK,365.279,4734
sp02,4ec28cb2a7a8589319f3a418eb12f1fd,OK,564.514,3064
sp00,b4d6bf83422567e92f6475f4f9bd6ec8,OK,368.988,4687
sp11,80b0fe984d15b87a9da0bed91ab28b29,OK,1256.323,1379
sp00,96e384ca0fb900959cf2205b9121fb47,OK,369.667,4678
sp02,9c898bacf201efb96fbd136bddcadbcd,OK,550.879,3140
sp02,ccb9fbbe8dccd3e51806073eb486a17c,OK,547.273,3160
sp10,6564af0e70be4d43388870363762e68c,OK,1062.686,1630
sp11,0b4fbf7130a60ebdf348cd8d14c36b77,OK,1228.332,1411
sp15,cf4a8047b69fbbe4ae6525a51c3063a1,MDRUN_FAIL,,39
sp02,b4b28e7bbe6caf601c6f1d9f426e6b74,OK,538.113,3214
sp08,302044e4781ac510fc30f16377e71d45,OK,655.983,2638
sp15,f5b52bef73821d9cc3d674e42de6608f,MDRUN_FAIL,,57
sp02,824df1fae448411a738d6987cd933d7b,OK,546.787,3166
sp07,e157f064686d18428292a95c75eebffe,OK,1098.771,1577
sp03,f444bf4b2a5712cdb76e326e74202030,OK,599.855,2885
sp07,ac6254a319053d53d01f6c8c06bc783d,OK,1107.482,1565
sp08,bc27b2dd2f1cfe96f171984d54609c4e,OK,663.285,2609
sp08,a9feaf2e38ac31b8f513a09f91500ce9,OK,657.506,2632
sp03,bc9b7c54eb864a288d845c2e1a4018a9,OK,601.515,2877
sp09,166e854e6f7609934b769fb3b19101c0,OK,712.704,2428
sp03,519f148d49ef68ce3782c8eab23fa39e,OK,600.431,2883
sp03,3f4c270aff052556802e3ea59a80940f,OK,598.843,2890
sp02,db2ffa37256932f6732629ec5f2a035f,OK,563.387,3072
sp03,8dcaa68c20948305aa767048b2da4ec2,OK,596.678,2901
sp04,c3abed8fe47c90e2af144bafbdc1da21,OK,569.721,3036
sp03,3701efaa518b8864dbdbd2befc3c3bad,OK,590.123,2932
sp07,605f40bd8c866d6adb1d6f2bec42c9b3,OK,1067.961,1623
sp16,39cbab9e91b4af7ae5b0eed4a14b90f9,MDRUN_FAIL,,128
sp03,04e69510b344ad3e65a21130b7429d06,OK,579.952,2983
sp03,48a1e72551999e470167671de99c60b0,OK,582.192,2973
sp09,824df1fae448411a738d6987cd933d7b,OK,680.486,2543
sp04,6ed539a8e565bc920be9f146e577ce98,OK,598.046,2894
sp04,ab32da1f7ea48da050cb3f074c41b42f,OK,599.150,2889
sp09,055e1e9c95b2378efd3fc90b82948709,OK,674.148,2566
sp15,e3b605e5b9101a4f3fa1aae790d69360,MDRUN_FAIL,,278
sp07,22449a0ea60f206a1700d752b8923709,OK,532.957,3246
sp15,52d2e2cddbd6c2ca52b2a6692a1be706,MDRUN_FAIL,,388
sp04,52d2e2cddbd6c2ca52b2a6692a1be706,OK,591.647,2926
sp09,c83d057a219e5a25a09f354503a70d4d,OK,658.764,2627
sp09,d1d524dd925a24438ecd2d014b089d87,OK,672.366,2573
sp04,e3b605e5b9101a4f3fa1aae790d69360,OK,566.113,3057
sp13,d14a66e8dd811490ccafaf75afa970de,OK,1320.637,1312
sp12,4232bcfa9c606f52c8067ff9e22fe8af,OK,1131.343,1531
sp01,ca1e569ab7c7bc83c949f9e20ed78453,OK,375.097,4611
sp06,3a87c373b8ee3ee690e68ccce89857a3,OK,601.442,2877
sp05,3a87c373b8ee3ee690e68ccce89857a3,OK,591.913,2924
sp05,ab32da1f7ea48da050cb3f074c41b42f,OK,585.330,2957
sp10,3b35ddb2b8a33d05d6b5870a9da6c712,OK,733.332,2361
sp07,d1324bec8ed2f7c4caac7dd5ac774f98,OK,935.879,1850
sp06,b1a7ee597e9d75bd95fcad2e74c8ab83,OK,590.555,2929
sp08,749b421329101fb34bf4c33daa32ff2e,OK,1104.930,1567
sp08,04e69510b344ad3e65a21130b7429d06,OK,534.918,3234
sp07,fa95727eed889db7226aa52d7509284a,OK,895.677,1933
sp07,282b4e352d38ef07443209435439bcea,OK,867.995,1995
sp13,9962e35d818f378081860dfde6088db5,OK,1130.842,1531
sp08,bf34923dc4f956fa0c26fb0a54550049,OK,1094.122,1583
sp05,c83d057a219e5a25a09f354503a70d4d,OK,574.332,3013
sp05,d1d524dd925a24438ecd2d014b089d87,OK,574.248,3014
sp08,492b610efd391e76c199bfed5b16cf2a,OK,1088.324,1591
sp06,c3e6f0472fa7320f5e210e26cfc4ecec,OK,605.830,2855
sp01,abcebd7334a50be9b204a4899d5d8881,OK,370.901,4664
sp07,0ba0e185398f759ca91fbd5fa3f0803a,OK,906.932,1909
sp05,ec4ccad83d01498f18eec3728419c3aa,OK,570.086,3035
sp07,7f401a529b655f4a54438d8f5d6f0225,OK,905.545,1912
sp07,1f270ea65cd761a78a0ed8ab4ee8fec0,OK,904.020,1915
sp07,e13195a3669e20a1cb71ccb752460291,OK,901.507,1921
sp07,6564af0e70be4d43388870363762e68c,OK,930.545,1861
sp06,eff71722c9c04f7e61a0cf427b3c6019,OK,626.342,2762
sp07,ace45146c6a78c8039ff1fcd87b39fda,OK,897.266,1930
sp07,5e2a23cb4d697cfdd0e84f4a2481d982,OK,896.110,1932
sp07,f93dfb8ee56b2a98182d0adc1030c114,OK,921.088,1880
sp07,e5ec85f1b96ce3d4ca5d747969350f0f,OK,891.904,1941
sp07,69ea6e3ad23ea569f4bbfa0263cb5bdc,OK,891.850,1941
sp07,9962e35d818f378081860dfde6088db5,OK,919.427,1883
sp07,03f5731ad72b97ea2fd1ec352fe5dde0,OK,886.718,1953
sp10,6f6836389edc435ef5de6a0ca5c25474,OK,700.658,2470
sp07,5d9bbfbd38feae26823caf531a5db1a6,OK,913.518,1895
sp07,fc4ddc57541f29488f09921d9b36bc97,OK,912.986,1896
sp13,196b38c7ef93d3d9da6c8ba5fbe7cc36,OK,1100.574,1573
sp07,2b0f0d7f8914675eaf8e2f5aee81598d,OK,881.903,1963
sp07,d8a2b383fc51f79cc2469b166af9122c,OK,881.351,1964
sp05,055e1e9c95b2378efd3fc90b82948709,OK,560.358,3088
sp06,d1d524dd925a24438ecd2d014b089d87,OK,603.327,2868
sp08,f885f085c98c18670a7ddbe3c7a763da,OK,905.869,1910
sp07,d005b3d8ed6ab71e5ebd50c1b26a2ffb,OK,905.467,1912
sp06,ceb2b49097d65c6344d7760b76a49be7,OK,615.413,2811
sp07,395f47b77b5f161c28c20393b39e9076,OK,877.339,1973
sp16,b4b28e7bbe6caf601c6f1d9f426e6b74,MDRUN_FAIL,,415
sp08,def33b1b26713c8ce7794e1cee2141c6,OK,903.725,1915
sp05,c3e6f0472fa7320f5e210e26cfc4ecec,OK,558.155,3100
sp07,a5b2fb04b878e9fff4b764e79cf06db2,OK,903.048,1917
sp07,d9a52d46c0ccf0c1913e0eebbacfc330,OK,902.148,1919
sp06,c52270f78e77bf608aafaa68736e6b18,OK,626.567,2761
sp06,055e1e9c95b2378efd3fc90b82948709,OK,587.556,2944
sp07,543c819ac4256fe5b41298770a798122,OK,895.552,1933
sp06,1468bf8fe44d2660d4245111ed256bb3,OK,610.944,2831
sp11,3a87c373b8ee3ee690e68ccce89857a3,OK,720.535,2402
sp08,37eaa144facb029500f427e04d484481,OK,892.191,1940
sp06,70ccfc52bf05ee3830737995c6d93f9c,OK,595.665,2904
sp07,de1492a39ee5b6346482dc83a1060a60,OK,860.003,2013
sp07,196b38c7ef93d3d9da6c8ba5fbe7cc36,OK,885.485,1955
sp06,71d81c144a98e11bef7a990464b30910,OK,593.884,2914
sp07,238dd65aac42b2b34162c0b51a84d1db,OK,885.029,1956
sp08,187b2fb9351c5f10d65f710e85056c31,OK,883.921,1958
sp06,b4b28e7bbe6caf601c6f1d9f426e6b74,OK,603.019,2868
sp06,ccb9fbbe8dccd3e51806073eb486a17c,OK,602.926,2869
sp11,9510387a41d9428f814f1e8a487e626d,OK,693.292,2496
sp11,ab32da1f7ea48da050cb3f074c41b42f,OK,720.406,2401
sp06,c83d057a219e5a25a09f354503a70d4d,OK,587.830,2944
sp08,6ef67d129dcb37a0be630ca24c321f02,OK,896.963,1929
sp08,9c772b2f96c879dc662e5f137990844f,OK,869.509,1990
sp08,0220b4986165db73cd9f0775b82b7838,OK,896.292,1931
sp06,4ec28cb2a7a8589319f3a418eb12f1fd,OK,610.792,2832
sp01,de36f12fbdb6f099ba5ac3231fe389e0,OK,376.406,4596
sp11,ee2e7b45aae1b85d5c18aad16d03d855,OK,683.346,2531
sp08,a1409d89193dd0a7a4a54efb7c4b0b88,OK,888.744,1947
sp08,335dd6fbc3377cdcf2401cfc6056bc9c,OK,886.956,1951
sp11,6ed539a8e565bc920be9f146e577ce98,OK,714.781,2421
sp08,20ffceabec2b95cc0b401b1d1e504f6b,OK,856.071,2021
sp01,7a1bbdb9f1f8528edd767025c45e5cc8,OK,374.667,4617
sp11,c3e6f0472fa7320f5e210e26cfc4ecec,OK,693.142,2496
sp08,e40809a6930ce378fdcb37d1b644e2d6,OK,965.837,1792
sp11,b1a7ee597e9d75bd95fcad2e74c8ab83,OK,689.067,2510
sp01,b4d6bf83422567e92f6475f4f9bd6ec8,OK,373.689,4629
sp08,ba808f52df2ffa29ea7a2a6a9cd5f0b8,OK,962.444,1799
sp01,c82e0b161bf77b819bbafff08f9a082e,OK,373.014,4638
sp08,fd5ba50d24141a833001dc12a320fc8f,OK,896.631,1930
sp08,13e1da8f0e67c08c5ef1cb0ebded75a5,OK,895.946,1932
sp11,055e1e9c95b2378efd3fc90b82948709,OK,695.309,2489
sp14,20ffceabec2b95cc0b401b1d1e504f6b,OK,1103.167,1570
sp01,163d7079bdd82c1e475b5abe5436959a,OK,371.325,4659
sp01,ac0197ee4a02894e2611e255e0125503,OK,370.984,4663
sp08,d03b3614f1c49ff6b9fbf5832ee9770f,OK,941.209,1839
sp08,39cbab9e91b4af7ae5b0eed4a14b90f9,OK,908.157,1906
sp06,8334c32de8facb541aeda11ba000b299,OK,578.622,2989
sp08,2cb6e34fab1ee523b2a48790b68ad465,OK,877.879,1971
sp08,7969946fa4a7d73df90d5fadcdef4b59,OK,877.807,1971
sp08,4232bcfa9c606f52c8067ff9e22fe8af,OK,849.652,2036
sp08,fffe47a81a0ad8b0cd7beae03f34b077,OK,870.910,1987
sp08,ad3886476184578f75d5af9504b7aca7,OK,870.626,1988
sp14,187b2fb9351c5f10d65f710e85056c31,OK,1060.014,1634
sp08,99c9a8dee8fadf56676d8f90e6848e58,OK,886.718,1951
sp08,77b75df8109925be76df5616a3e1c899,OK,915.140,1891
sp06,0a826045d720c0a795bd1979a728e35c,OK,603.450,2868
sp00,8a909432391c80b5414f2aed6279b942,OK,994.142,1742
sp16,ceb2b49097d65c6344d7760b76a49be7,MDRUN_FAIL,,874
sp00,ce9a796b1b540bd01171a965543d5ed4,OK,990.284,1749
sp00,605f40bd8c866d6adb1d6f2bec42c9b3,OK,989.652,1750
sp00,80b0fe984d15b87a9da0bed91ab28b29,OK,982.447,1763
sp12,a2698e5db085c1959923b7b6eca55067,OK,734.938,2356
sp00,0b4fbf7130a60ebdf348cd8d14c36b77,OK,965.548,1794
sp00,15044c0c9f83bb877f5ea28fece53a3d,OK,976.589,1773
sp13,166e854e6f7609934b769fb3b19101c0,OK,766.891,2256
sp07,3a87c373b8ee3ee690e68ccce89857a3,OK,612.386,2827
sp14,12004f3f2e7c95e0f8ddf8877cb7684c,OK,936.880,1849
sp14,b9b9bfeefa0e6a15732b8a6efe510a7f,OK,936.097,1851
sp14,427745a99482f89e2af213daac24f2c4,OK,935.058,1853
sp13,824df1fae448411a738d6987cd933d7b,OK,749.000,2310
sp07,ee2e7b45aae1b85d5c18aad16d03d855,OK,593.547,2915
sp07,52d2e2cddbd6c2ca52b2a6692a1be706,OK,599.259,2888
sp14,8b7977f1eab9ea4074744154d19bfa8d,OK,921.758,1879
sp07,b1a7ee597e9d75bd95fcad2e74c8ab83,OK,596.891,2899
sp07,e3b605e5b9101a4f3fa1aae790d69360,OK,592.430,2922
sp07,055e1e9c95b2378efd3fc90b82948709,OK,591.686,2925
sp07,c3e6f0472fa7320f5e210e26cfc4ecec,OK,589.433,2936
sp07,cf4a8047b69fbbe4ae6525a51c3063a1,OK,588.487,2941
sp07,0a826045d720c0a795bd1979a728e35c,OK,588.459,2941
sp07,71d81c144a98e11bef7a990464b30910,OK,588.384,2941
sp07,c3abed8fe47c90e2af144bafbdc1da21,OK,586.523,2950
sp14,1dd183338ac9d0d5904e89f4aca06e34,OK,944.143,1835
sp02,163d7079bdd82c1e475b5abe5436959a,OK,374.524,4620
sp08,a5b2fb04b878e9fff4b764e79cf06db2,OK,934.590,1852
sp16,492b610efd391e76c199bfed5b16cf2a,OK,1460.025,1188
sp07,f5b52bef73821d9cc3d674e42de6608f,OK,579.438,2987
sp07,8334c32de8facb541aeda11ba000b299,OK,611.728,2828
sp16,bf34923dc4f956fa0c26fb0a54550049,OK,1451.480,1194
sp07,d1d524dd925a24438ecd2d014b089d87,OK,577.901,2995
sp02,d1a961f69c709d74aaec2945249f508c,OK,372.243,4647
sp08,737df570b627d06e92101677b4e3da21,OK,920.902,1879
sp02,308f2419f5e0ca7b6d39aac23a7de2ff,OK,371.729,4653
sp07,4ec28cb2a7a8589319f3a418eb12f1fd,OK,622.276,2780
sp08,a9feaf2e38ac31b8f513a09f91500ce9,OK,752.415,2300
sp02,25f842cc3cf5b87a32d72adc77c97780,OK,371.748,4654
sp02,ea054fd43eb193b0b6268f917ed60185,OK,371.407,4657
sp07,eff71722c9c04f7e61a0cf427b3c6019,OK,607.948,2847
sp07,ccb9fbbe8dccd3e51806073eb486a17c,OK,619.773,2792
sp07,3116f4c5342bf41e08cd23593057d9ac,OK,573.206,3019
sp02,1b98d4c02a814a1c58e384be9fe73e92,OK,372.334,4647
sp08,238dd65aac42b2b34162c0b51a84d1db,OK,908.623,1904
sp08,bc27b2dd2f1cfe96f171984d54609c4e,OK,742.569,2330
sp02,c82e0b161bf77b819bbafff08f9a082e,OK,369.110,4687
sp16,2cb6e34fab1ee523b2a48790b68ad465,OK,1147.724,1509
sp02,d15af9a4462ff88f2cfafbc6cc94912e,OK,370.043,4676
sp07,c52270f78e77bf608aafaa68736e6b18,OK,609.838,2838
sp08,302044e4781ac510fc30f16377e71d45,OK,733.385,2360
sp16,a864b4e510a4a9f05aa2438e3cebd634,OK,1171.868,1478
sp07,b4b28e7bbe6caf601c6f1d9f426e6b74,OK,607.191,2850
sp02,ac0197ee4a02894e2611e255e0125503,OK,366.354,4722
sp02,bd1567927f497abd4e18605be0e5f9dc,OK,368.103,4700
sp16,d60363c0fec1c05a155d848f9a232a3e,OK,1154.188,1500
sp18,b935f060fc633ecb59aac069eeb99d71,MDRUN_FAIL,,299
sp16,cb20abd70e0ece3d85e1338101d4bd72,OK,1152.021,1503
sp16,5d418a86059c42695f5856b68e7a7118,OK,1216.745,1423
sp02,c8dee15f6cbcf595a6900314ad342f99,OK,366.979,4715
sp02,de36f12fbdb6f099ba5ac3231fe389e0,OK,366.537,4720
sp02,abcebd7334a50be9b204a4899d5d8881,OK,366.032,4728
sp02,c6780a0007686453a29186d9ec94b23f,OK,365.551,4733
sp02,ca1e569ab7c7bc83c949f9e20ed78453,OK,364.975,4741
sp07,c83d057a219e5a25a09f354503a70d4d,OK,552.496,3132
sp16,d03b3614f1c49ff6b9fbf5832ee9770f,OK,1229.245,1410
sp09,ba32a5ca5c7e6e2db41283cf2f90660d,OK,434.276,3983
sp01,ff8edf23e1c4463cdc767531d804cef1,OK,854.705,2024
sp09,c8dee15f6cbcf595a6900314ad342f99,OK,419.799,4121
sp19,ee389516e27a1853ac625548d8ca9482,MDRUN_FAIL,,107
sp18,922db9175a15e6a2d34d02717b0de6ab,MDRUN_FAIL,,827
sp19,b9b9bfeefa0e6a15732b8a6efe510a7f,MDRUN_FAIL,,385
sp14,824df1fae448411a738d6987cd933d7b,OK,732.712,2363
sp02,5266e860e65e5fc94b8ebfcb7843c31f,OK,346.817,4989
sp19,b97da2a131609768b2ffb5b85b870db2,MDRUN_FAIL,,478
sp19,8f625b232d5b3f24ef0fccc5663f85b7,MDRUN_FAIL,,436
sp17,cc7b6263adb98dd621cdb08fde955a6f,OK,1405.811,1234
sp18,ff032b5793a25a8e4f9611a34a394671,MDRUN_FAIL,,951
sp19,bc27b2dd2f1cfe96f171984d54609c4e,MDRUN_FAIL,,432
sp19,a9feaf2e38ac31b8f513a09f91500ce9,MDRUN_FAIL,,449
sp18,e49cfa366cc64bab8e1edf37b372cbf6,MDRUN_FAIL,,1032
sp14,519f148d49ef68ce3782c8eab23fa39e,OK,770.032,2249
sp17,6b43e44fb3ada6de6c351a68d32eaa65,OK,1397.246,1241
sp17,e157f064686d18428292a95c75eebffe,OK,1391.819,1247
sp20,055e1e9c95b2378efd3fc90b82948709,MDRUN_FAIL,,175
sp18,4a67881e46b87364ec2e0ec7cbbf0bec,MDRUN_FAIL,,1056
sp08,3b35ddb2b8a33d05d6b5870a9da6c712,OK,618.438,2798
sp08,fae572d9925f12e9cf58d65f8235a662,OK,613.715,2819
sp14,f444bf4b2a5712cdb76e326e74202030,OK,762.458,2271
sp17,65316367b1c7ba80511f9cb5fb2fd2a4,OK,1412.930,1228
sp08,6e359d9430a2de705d89d808ead7c331,OK,612.866,2822
sp04,5266e860e65e5fc94b8ebfcb7843c31f,OK,351.342,4923
sp17,605f40bd8c866d6adb1d6f2bec42c9b3,OK,1404.723,1235
sp08,a2698e5db085c1959923b7b6eca55067,OK,610.655,2834
sp08,ceb2b49097d65c6344d7760b76a49be7,OK,623.159,2776
sp19,a2698e5db085c1959923b7b6eca55067,MDRUN_FAIL,,455
sp18,3f6e40d3068fb0fd99bfa763ed0ca2bb,MDRUN_FAIL,,1165
sp18,ace45146c6a78c8039ff1fcd87b39fda,MDRUN_FAIL,,833
sp08,1c58151c5cca3757a0dafb204cf925ad,OK,607.499,2848
sp08,bc9b7c54eb864a288d845c2e1a4018a9,OK,620.423,2789
sp17,ce9a796b1b540bd01171a965543d5ed4,OK,1403.260,1236
sp18,b19d1a70ff3d2abd6986665d47eff086,MDRUN_FAIL,,1170
sp08,3f4c270aff052556802e3ea59a80940f,OK,618.413,2797
sp04,6c4846b6eaf17057657b89d9f3678cfc,OK,353.633,4893
sp02,0b4fbf7130a60ebdf348cd8d14c36b77,OK,1010.778,1714
sp08,48a1e72551999e470167671de99c60b0,OK,608.091,2845
sp08,73ee76fa0a7cddc97ed2eb037810cd66,OK,607.457,2848
sp08,04e69510b344ad3e65a21130b7429d06,OK,593.340,2916
sp03,6c4846b6eaf17057657b89d9f3678cfc,OK,352.274,4910
sp04,c94a26f4dff73a180f04c48dad017723,OK,356.322,4856
sp19,fae572d9925f12e9cf58d65f8235a662,MDRUN_FAIL,,487
sp19,22449a0ea60f206a1700d752b8923709,MDRUN_FAIL,,532
sp18,7024d698ad06da1b887b5df50f7728d3,MDRUN_FAIL,,1188
sp08,1468bf8fe44d2660d4245111ed256bb3,OK,601.932,2874
sp04,fbf450a68aa0a625ec13f6c762944a3b,OK,354.797,4876
sp02,8a909432391c80b5414f2aed6279b942,OK,1002.560,1728
sp04,96e384ca0fb900959cf2205b9121fb47,OK,347.990,4972
sp19,519f148d49ef68ce3782c8eab23fa39e,MDRUN_FAIL,,592
sp18,ba808f52df2ffa29ea7a2a6a9cd5f0b8,OK,1447.185,1198
sp08,8334c32de8facb541aeda11ba000b299,OK,594.248,2911
sp04,b2bcac7a4f0262268b1a6d2db8d7eb5a,OK,346.223,4997
sp03,abcebd7334a50be9b204a4899d5d8881,OK,348.339,4966
sp04,40cb8b0c3343c02f5a6c40f02757e920,OK,350.116,4942
sp08,70ccfc52bf05ee3830737995c6d93f9c,OK,592.910,2917
sp02,80b0fe984d15b87a9da0bed91ab28b29,OK,982.156,1764
sp02,e5ec85f1b96ce3d4ca5d747969350f0f,OK,854.604,2025
sp00,166e854e6f7609934b769fb3b19101c0,OK,600.764,2879
sp01,3fa0c6c3d51d517940f2d737b2a070f2,OK,719.884,2404
sp01,0d441b18656df0b6da1659391eb123e7,OK,732.137,2364
sp01,6fe2e1378b320a53571e4688376156bc,OK,729.180,2373
sp03,ca1e569ab7c7bc83c949f9e20ed78453,OK,344.152,5026
sp19,1c58151c5cca3757a0dafb204cf925ad,MDRUN_FAIL,,652
sp02,de1492a39ee5b6346482dc83a1060a60,OK,833.932,2075
sp01,3d395f6de7723b7b1aeebfb375bb1c5d,OK,709.052,2441
sp04,819a7f7be372131a469fbed045c9eb33,OK,343.464,5037
sp02,395f47b77b5f161c28c20393b39e9076,OK,829.218,2087
sp02,ace45146c6a78c8039ff1fcd87b39fda,OK,828.577,2089
sp01,e705cc4eb668b2bbc015283bc2b78b89,OK,724.133,2390
sp19,04e69510b344ad3e65a21130b7429d06,MDRUN_FAIL,,707
sp11,b4d6bf83422567e92f6475f4f9bd6ec8,OK,444.303,3893
sp01,ee504f886574b282ca630cb14509614b,OK,720.733,2401
sp02,909628c1d41006cf8bdc95b988228e4f,OK,847.484,2042
sp01,11575d57d06531080c7c3f1703538086,OK,717.683,2411
sp18,77b75df8109925be76df5616a3e1c899,OK,1397.938,1240
sp04,c8dee15f6cbcf595a6900314ad342f99,OK,349.165,4954
sp19,f444bf4b2a5712cdb76e326e74202030,MDRUN_FAIL,,699
sp02,9fdebd3e36d16344b05f496394363d9c,OK,838.105,2065
sp19,6e359d9430a2de705d89d808ead7c331,MDRUN_FAIL,,648
sp02,0b8c97a20e0da60b11a122b27f6c8b62,OK,857.214,2019
sp01,9c39d3ac13c2b5c81959b897757d862d,OK,691.568,2502
sp03,fbf450a68aa0a625ec13f6c762944a3b,OK,339.065,5101
sp02,f3bf65b5c175c4eb9a32b952ec009daa,OK,828.134,2089
sp02,359e38e810d725751e2260e2b3006df9,OK,850.445,2035
sp02,1f270ea65cd761a78a0ed8ab4ee8fec0,OK,824.575,2098
sp01,47d61683781a3671bead51f8f8e84eb9,OK,715.757,2418
sp19,b336313e484c9484749cc0714b940ff4,MDRUN_FAIL,,666
sp01,066409425aa3969efdeb577c7443fbbd,OK,729.633,2372
sp02,9e7607ef3d929c5fd46ea0dc7f23f535,OK,859.607,2013
sp02,e8397fcd2197e27d094058bc02fbba6a,OK,857.074,2020
sp01,d53bf0815e07a7eed23cd2bbc64997ea,OK,725.470,2385
sp20,c3e6f0472fa7320f5e210e26cfc4ecec,MDRUN_FAIL,,607
sp01,6625c7dedbb9078036a34c78f2ad4182,OK,720.558,2401
sp04,65316367b1c7ba80511f9cb5fb2fd2a4,OK,1100.375,1574
sp07,57bff1b2673d3c8b9006213161935522,OK,322.488,5363
sp04,e157f064686d18428292a95c75eebffe,OK,1080.099,1604
sp20,ce9a796b1b540bd01171a965543d5ed4,MDRUN_FAIL,,511
sp01,cee48dd72369c4e1f48b01651c970791,OK,721.996,2397
sp18,e5ec85f1b96ce3d4ca5d747969350f0f,OK,1377.866,1257
sp04,6b43e44fb3ada6de6c351a68d32eaa65,OK,1065.461,1625
sp20,80b0fe984d15b87a9da0bed91ab28b29,MDRUN_FAIL,,531
sp20,6b43e44fb3ada6de6c351a68d32eaa65,MDRUN_FAIL,,576
sp04,605f40bd8c866d6adb1d6f2bec42c9b3,OK,1044.926,1657
sp01,d4f996968bb63065cac387c064aaed66,OK,725.264,2386
sp05,ca1e569ab7c7bc83c949f9e20ed78453,OK,353.644,4892
sp03,0ba0e185398f759ca91fbd5fa3f0803a,OK,848.958,2039
sp01,b9b9bfeefa0e6a15732b8a6efe510a7f,OK,720.926,2400
sp01,2be277119d6eae84726b1921013ba77e,OK,715.883,2417
sp05,abcebd7334a50be9b204a4899d5d8881,OK,351.130,4928
sp20,605f40bd8c866d6adb1d6f2bec42c9b3,MDRUN_FAIL,,611
sp18,59573ee97914f33c9708de5aa2e356b5,MDRUN_FAIL,,1187
sp01,353af6c9cfe7ecb0019d13eaa7b46eaf,OK,711.935,2431
sp20,e157f064686d18428292a95c75eebffe,MDRUN_FAIL,,632
sp16,8334c32de8facb541aeda11ba000b299,OK,777.733,2226
sp16,eff71722c9c04f7e61a0cf427b3c6019,OK,794.664,2178
sp05,c82e0b161bf77b819bbafff08f9a082e,OK,346.956,4986
sp12,ba32a5ca5c7e6e2db41283cf2f90660d,OK,456.414,3791
sp18,909628c1d41006cf8bdc95b988228e4f,OK,1384.686,1251
sp20,3a87c373b8ee3ee690e68ccce89857a3,MDRUN_FAIL,,847
sp05,163d7079bdd82c1e475b5abe5436959a,OK,348.311,4968
sp18,f3bf65b5c175c4eb9a32b952ec009daa,OK,1374.337,1260
sp17,353af6c9cfe7ecb0019d13eaa7b46eaf,OK,963.726,1798
sp20,b1a7ee597e9d75bd95fcad2e74c8ab83,MDRUN_FAIL,,908
sp21,e93a4d36831e1c123940b06eb94b7e74,MDRUN_FAIL,,631
sp00,3701efaa518b8864dbdbd2befc3c3bad,OK,565.726,3058
sp16,ccb9fbbe8dccd3e51806073eb486a17c,OK,789.027,2193
sp03,d8a2b383fc51f79cc2469b166af9122c,OK,870.115,1989
sp05,de36f12fbdb6f099ba5ac3231fe389e0,OK,340.032,5088
sp03,5b6d2943bab2409bd0928714d9016311,OK,853.513,2028
sp03,b8ac149673f7c3cd33b88439965cd67f,OK,851.118,2034
sp04,dbc5bdf0c84f89a682be5ac536c00bd2,OK,888.583,1947
sp03,e13195a3669e20a1cb71ccb752460291,OK,861.980,2008
sp03,2b0f0d7f8914675eaf8e2f5aee81598d,OK,857.997,2017
sp04,9fdebd3e36d16344b05f496394363d9c,OK,882.909,1960
sp04,de91618eee657d877d0668058bd50ff6,OK,882.364,1961
sp21,b4d6bf83422567e92f6475f4f9bd6ec8,MDRUN_FAIL,,658
sp04,eb1eb691e1c65761a234212818817153,OK,881.165,1964
sp04,543c819ac4256fe5b41298770a798122,OK,880.244,1966
sp05,b60c297c7199140f1f38ac6909b5bf24,OK,907.326,1908
sp04,6564af0e70be4d43388870363762e68c,OK,878.120,1971
sp04,ffdbd2aa8cc03f78eb6b433fe1a74c09,OK,877.061,1973
sp04,0b8c97a20e0da60b11a122b27f6c8b62,OK,876.989,1973
sp22,9c772b2f96c879dc662e5f137990844f,MDRUN_FAIL,,561
sp06,6f8f3139923f55cc6cf8ceaccedb3aa4,OK,1112.086,1557
sp03,5e2a23cb4d697cfdd0e84f4a2481d982,OK,849.546,2037
sp04,f93dfb8ee56b2a98182d0adc1030c114,OK,874.485,1979
sp03,7f401a529b655f4a54438d8f5d6f0225,OK,847.377,2042
sp22,335dd6fbc3377cdcf2401cfc6056bc9c,MDRUN_FAIL,,531
sp21,b60c297c7199140f1f38ac6909b5bf24,MDRUN_FAIL,,774
sp17,e3b605e5b9101a4f3fa1aae790d69360,OK,782.143,2214
sp21,c5cf1f886c6849f8233c8b282a929680,MDRUN_FAIL,,795
sp04,69da907af4c1f2f8307d027d4ab80d72,OK,866.429,1997
sp03,b6465c8ac0ed173d3faf7c401e0c4924,OK,816.512,2120
sp04,359e38e810d725751e2260e2b3006df9,OK,891.147,1942
sp05,5d418a86059c42695f5856b68e7a7118,OK,890.686,1944
sp00,b336313e484c9484749cc0714b940ff4,OK,539.440,3206
sp22,6ef67d129dcb37a0be630ca24c321f02,MDRUN_FAIL,,529
sp04,238dd65aac42b2b34162c0b51a84d1db,OK,887.431,1950
sp05,642b2e0e340ac4d3adcf66589e7fd012,OK,886.866,1952
sp03,69ea6e3ad23ea569f4bbfa0263cb5bdc,OK,809.973,2136
sp05,def33b1b26713c8ce7794e1cee2141c6,OK,881.097,1965
sp04,9e7607ef3d929c5fd46ea0dc7f23f535,OK,877.545,1972
sp21,ac0197ee4a02894e2611e255e0125503,MDRUN_FAIL,,735
sp07,7a1bbdb9f1f8528edd767025c45e5cc8,OK,360.283,4801
sp01,9510387a41d9428f814f1e8a487e626d,OK,564.089,3066
sp04,a5b2fb04b878e9fff4b764e79cf06db2,OK,870.022,1989
sp04,e8397fcd2197e27d094058bc02fbba6a,OK,867.157,1996
sp04,047b4e5133e0d4a8a3c4c2b9f29f5ee1,OK,866.717,1996
sp21,7a1bbdb9f1f8528edd767025c45e5cc8,MDRUN_FAIL,,755
sp22,4232bcfa9c606f52c8067ff9e22fe8af,MDRUN_FAIL,,628
sp05,f885f085c98c18670a7ddbe3c7a763da,OK,863.682,2004
sp05,187b2fb9351c5f10d65f710e85056c31,OK,861.272,2010
sp05,20ffceabec2b95cc0b401b1d1e504f6b,OK,859.630,2014
sp04,737df570b627d06e92101677b4e3da21,OK,858.103,2016
sp05,ff8edf23e1c4463cdc767531d804cef1,OK,854.764,2025
sp05,c842104ea7034c335c96f16efde3aff4,OK,852.103,2031
sp21,b2bcac7a4f0262268b1a6d2db8d7eb5a,MDRUN_FAIL,,747
sp05,c5cf1f886c6849f8233c8b282a929680,OK,851.903,2032
sp21,96e384ca0fb900959cf2205b9121fb47,MDRUN_FAIL,,795
sp21,ff032b5793a25a8e4f9611a34a394671,MDRUN_FAIL,,885
sp21,6c4846b6eaf17057657b89d9f3678cfc,MDRUN_FAIL,,772
sp05,e93a4d36831e1c123940b06eb94b7e74,OK,837.814,2066
sp05,88de53427c78a4f8890a2b946385d70b,OK,834.520,2074
sp22,a1409d89193dd0a7a4a54efb7c4b0b88,MDRUN_FAIL,,713
sp02,8dcaa68c20948305aa767048b2da4ec2,OK,609.600,2838
sp07,b4d6bf83422567e92f6475f4f9bd6ec8,OK,349.776,4944
sp22,0220b4986165db73cd9f0775b82b7838,MDRUN_FAIL,,726
sp22,7969946fa4a7d73df90d5fadcdef4b59,MDRUN_FAIL,,605
sp22,fd5ba50d24141a833001dc12a320fc8f,MDRUN_FAIL,,601
sp21,47a8000e16980306005511b953a06ecf,MDRUN_FAIL,,975
sp05,282b4e352d38ef07443209435439bcea,OK,842.611,2055
sp05,1bf5ed1e98a047c67826a7fd54dcf64f,OK,861.679,2009
sp07,b2bcac7a4f0262268b1a6d2db8d7eb5a,OK,358.016,4831
sp22,13e1da8f0e67c08c5ef1cb0ebded75a5,MDRUN_FAIL,,698
sp20,59573ee97914f33c9708de5aa2e356b5,MDRUN_FAIL,,1167
sp21,4438f9709f9cecfb7ddd62b05fff9f8d,MDRUN_FAIL,,1052
sp05,fa95727eed889db7226aa52d7509284a,OK,842.962,2054
sp22,ad3886476184578f75d5af9504b7aca7,MDRUN_FAIL,,674
sp07,15044c0c9f83bb877f5ea28fece53a3d,OK,1096.956,1579
sp05,d4a029e120a4109e548f939835fea733,OK,839.854,2061
sp22,f5b52bef73821d9cc3d674e42de6608f,MDRUN_FAIL,,664
sp23,ee504f886574b282ca630cb14509614b,MDRUN_FAIL,,303
sp05,0ba0e185398f759ca91fbd5fa3f0803a,OK,826.077,2096
sp22,b2bcac7a4f0262268b1a6d2db8d7eb5a,MDRUN_FAIL,,700
sp23,47d61683781a3671bead51f8f8e84eb9,MDRUN_FAIL,,290
sp21,7024d698ad06da1b887b5df50f7728d3,MDRUN_FAIL,,1142
sp21,e32bacbac8502d337dc3d54d78b564a2,OK,1513.569,1143
sp20,62064a9f6b5d461a4c097abbc9bffe7a,OK,1361.762,1273
sp07,d15af9a4462ff88f2cfafbc6cc94912e,OK,351.384,4922
sp20,253860e6145c4fd6dd9cbc288515e367,OK,1362.636,1272
sp20,bb0523a55a6136f05a592d05fd8ff8de,OK,1364.698,1269
sp02,7f8c5f877cc7df732365ed9f3035e71a,OK,563.261,3071
sp20,d1324bec8ed2f7c4caac7dd5ac774f98,OK,1367.216,1267
sp20,6564af0e70be4d43388870363762e68c,OK,1377.056,1258
sp23,e705cc4eb668b2bbc015283bc2b78b89,MDRUN_FAIL,,391
sp20,5d9bbfbd38feae26823caf531a5db1a6,OK,1349.945,1283
sp23,cee48dd72369c4e1f48b01651c970791,MDRUN_FAIL,,324
sp07,26daa23c738cb8c7dababa4ee2a1c4fb,OK,362.074,4778
sp07,6c4846b6eaf17057657b89d9f3678cfc,OK,357.986,4833
sp22,fffe47a81a0ad8b0cd7beae03f34b077,MDRUN_FAIL,,964
sp23,066409425aa3969efdeb577c7443fbbd,MDRUN_FAIL,,446
sp23,0d441b18656df0b6da1659391eb123e7,MDRUN_FAIL,,479
sp23,d1d524dd925a24438ecd2d014b089d87,MDRUN_FAIL,,549
sp23,5aeaf69cbe372b3d35c6e0ef066dc05b,MDRUN_FAIL,,399
sp23,d53bf0815e07a7eed23cd2bbc64997ea,MDRUN_FAIL,,459
sp07,57bff1b2673d3c8b9006213161935522,OK,353.740,4890
sp07,ba32a5ca5c7e6e2db41283cf2f90660d,OK,353.082,4899
sp23,6625c7dedbb9078036a34c78f2ad4182,MDRUN_FAIL,,461
sp06,4232bcfa9c606f52c8067ff9e22fe8af,OK,891.817,1941
sp06,6ef67d129dcb37a0be630ca24c321f02,OK,904.530,1915
sp06,0220b4986165db73cd9f0775b82b7838,OK,892.849,1940
sp06,335dd6fbc3377cdcf2401cfc6056bc9c,OK,881.450,1965
sp23,055e1e9c95b2378efd3fc90b82948709,MDRUN_FAIL,,669
sp23,3a87c373b8ee3ee690e68ccce89857a3,MDRUN_FAIL,,702
sp24,9c39d3ac13c2b5c81959b897757d862d,MDRUN_FAIL,,321
sp06,d53bf0815e07a7eed23cd2bbc64997ea,OK,758.703,2281
sp24,aa4ab13cb4df4d90f08700b97350a57b,MDRUN_FAIL,,465
sp24,8016222bad11f4d65a8f6f4e49b5cd67,MDRUN_FAIL,,515
sp24,eb86c0e119d2fe75487a399c76724176,MDRUN_FAIL,,521
sp24,fa512f9f244e78009694ff207c157f04,MDRUN_FAIL,,463
sp23,c3e6f0472fa7320f5e210e26cfc4ecec,MDRUN_FAIL,,766
sp06,066409425aa3969efdeb577c7443fbbd,OK,741.443,2334
sp23,71d81c144a98e11bef7a990464b30910,MDRUN_FAIL,,759
sp24,79ff013c97a88f8bec1adfae42218746,MDRUN_FAIL,,560
sp06,6625c7dedbb9078036a34c78f2ad4182,OK,757.354,2285
sp24,3dd7fe0b27b084a92f8091446da1a66e,MDRUN_FAIL,,493
sp22,7f401a529b655f4a54438d8f5d6f0225,MDRUN_FAIL,,1007
sp23,c83d057a219e5a25a09f354503a70d4d,MDRUN_FAIL,,805
sp24,302044e4781ac510fc30f16377e71d45,MDRUN_FAIL,,442
sp06,cee48dd72369c4e1f48b01651c970791,OK,743.294,2328
sp06,d4f996968bb63065cac387c064aaed66,OK,757.523,2285
sp22,e13195a3669e20a1cb71ccb752460291,MDRUN_FAIL,,1062
sp24,971c944ef6916e2840b6d63b8f00425e,MDRUN_FAIL,,532
sp24,3fa0c6c3d51d517940f2d737b2a070f2,MDRUN_FAIL,,439
sp24,749b421329101fb34bf4c33daa32ff2e,MDRUN_FAIL,,529
sp22,ace45146c6a78c8039ff1fcd87b39fda,MDRUN_FAIL,,1064
sp24,492b610efd391e76c199bfed5b16cf2a,MDRUN_FAIL,,516
sp06,47d61683781a3671bead51f8f8e84eb9,OK,706.903,2448
sp24,8072d1cd9b9a836cbeec520610c1f9bd,MDRUN_FAIL,,576
sp24,bf34923dc4f956fa0c26fb0a54550049,MDRUN_FAIL,,535
sp22,d8a2b383fc51f79cc2469b166af9122c,OK,1426.486,1215
sp22,e5ec85f1b96ce3d4ca5d747969350f0f,MDRUN_FAIL,,1152
sp22,03f5731ad72b97ea2fd1ec352fe5dde0,OK,1425.018,1217
sp22,69ea6e3ad23ea569f4bbfa0263cb5bdc,OK,1406.822,1232
sp22,5e2a23cb4d697cfdd0e84f4a2481d982,OK,1412.082,1228
sp24,ccb9fbbe8dccd3e51806073eb486a17c,MDRUN_FAIL,,537
sp22,2b0f0d7f8914675eaf8e2f5aee81598d,OK,1404.293,1234
sp22,62064a9f6b5d461a4c097abbc9bffe7a,OK,1499.310,1156
sp07,9c39d3ac13c2b5c81959b897757d862d,OK,758.306,2282
sp22,253860e6145c4fd6dd9cbc288515e367,OK,1469.377,1179
sp04,cf4a8047b69fbbe4ae6525a51c3063a1,OK,572.944,3019
sp02,ac6254a319053d53d01f6c8c06bc783d,OK,1019.041,1699
sp04,f5b52bef73821d9cc3d674e42de6608f,OK,572.720,3020
sp07,3fa0c6c3d51d517940f2d737b2a070f2,OK,752.222,2301
sp05,c52270f78e77bf608aafaa68736e6b18,OK,607.860,2847
sp07,302044e4781ac510fc30f16377e71d45,OK,748.818,2311
sp22,bb0523a55a6136f05a592d05fd8ff8de,OK,1479.525,1171
sp22,de1492a39ee5b6346482dc83a1060a60,OK,1417.058,1222
sp02,15044c0c9f83bb877f5ea28fece53a3d,OK,1007.540,1719
sp05,8dcaa68c20948305aa767048b2da4ec2,OK,602.924,2870
sp05,ceb2b49097d65c6344d7760b76a49be7,OK,602.211,2873
sp05,52d2e2cddbd6c2ca52b2a6692a1be706,OK,589.069,2938
sp05,6ed539a8e565bc920be9f146e577ce98,OK,584.814,2959
sp05,fae572d9925f12e9cf58d65f8235a662,OK,583.734,2965
sp05,eff71722c9c04f7e61a0cf427b3c6019,OK,595.761,2904
sp05,4ec28cb2a7a8589319f3a418eb12f1fd,OK,588.864,2938
sp24,b85a22ec0aa0dc6afd4221dc2f0bb482,MDRUN_FAIL,,942
sp05,b336313e484c9484749cc0714b940ff4,OK,584.623,2960
sp05,e8db4af0c7a34ddcd59bd43979c83a63,OK,572.451,3023
sp05,c3abed8fe47c90e2af144bafbdc1da21,OK,572.344,3023
sp05,ccb9fbbe8dccd3e51806073eb486a17c,OK,583.565,2965
sp05,6e359d9430a2de705d89d808ead7c331,OK,571.008,3031
sp05,8334c32de8facb541aeda11ba000b299,OK,581.748,2974
sp00,163d7079bdd82c1e475b5abe5436959a,OK,365.160,4736
sp05,3701efaa518b8864dbdbd2befc3c3bad,OK,576.851,2999
sp05,db2ffa37256932f6732629ec5f2a035f,OK,575.791,3005
sp05,3116f4c5342bf41e08cd23593057d9ac,OK,563.298,3071
sp05,b4b28e7bbe6caf601c6f1d9f426e6b74,OK,572.125,3024
sp25,642b2e0e340ac4d3adcf66589e7fd012,MDRUN_FAIL,,790
sp00,de36f12fbdb6f099ba5ac3231fe389e0,OK,367.390,4707
sp25,3f6e40d3068fb0fd99bfa763ed0ca2bb,MDRUN_FAIL,,780
sp00,ac0197ee4a02894e2611e255e0125503,OK,365.992,4725
sp00,c82e0b161bf77b819bbafff08f9a082e,OK,365.882,4726
sp25,5d418a86059c42695f5856b68e7a7118,MDRUN_FAIL,,795
sp03,3c117a293542d626d77f570da38bd5f1,OK,914.035,1894
sp03,f1a057393d7efd3f562b774490f9dfd1,OK,910.616,1901
sp25,b60c297c7199140f1f38ac6909b5bf24,MDRUN_FAIL,,882
sp05,9c898bacf201efb96fbd136bddcadbcd,OK,554.902,3118
sp25,7a1bbdb9f1f8528edd767025c45e5cc8,MDRUN_FAIL,,665
sp06,39f4f10d914c61149f1719bf477dd932,OK,593.372,2915
sp06,bc9b7c54eb864a288d845c2e1a4018a9,OK,629.383,2749
sp02,047b4e5133e0d4a8a3c4c2b9f29f5ee1,OK,852.156,2030
sp25,e40809a6930ce378fdcb37d1b644e2d6,MDRUN_FAIL,,827
sp25,b19d1a70ff3d2abd6986665d47eff086,MDRUN_FAIL,,926
sp02,737df570b627d06e92101677b4e3da21,OK,840.250,2059
sp25,cabddb27a77b57b277eb28c407a26d3f,MDRUN_FAIL,,829
sp01,fbf450a68aa0a625ec13f6c762944a3b,OK,376.173,4598
sp03,fa95727eed889db7226aa52d7509284a,OK,855.895,2022
sp06,8dcaa68c20948305aa767048b2da4ec2,OK,617.149,2803
sp25,c8dee15f6cbcf595a6900314ad342f99,MDRUN_FAIL,,675
sp01,b2bcac7a4f0262268b1a6d2db8d7eb5a,OK,375.212,4610
sp25,d1a961f69c709d74aaec2945249f508c,MDRUN_FAIL,,680
sp06,3f4c270aff052556802e3ea59a80940f,OK,638.661,2709
sp01,96e384ca0fb900959cf2205b9121fb47,OK,373.036,4636
sp25,ba808f52df2ffa29ea7a2a6a9cd5f0b8,MDRUN_FAIL,,904
sp25,8aec869639fd159e3c91d77b4fcc4e79,MDRUN_FAIL,,902
sp01,6c4846b6eaf17057657b89d9f3678cfc,OK,371.767,4653
sp25,1b98d4c02a814a1c58e384be9fe73e92,MDRUN_FAIL,,721
sp01,c94a26f4dff73a180f04c48dad017723,OK,370.870,4664
sp25,c6780a0007686453a29186d9ec94b23f,MDRUN_FAIL,,797
sp25,fa4de5e62b4e32e8b3d71088211803e0,MDRUN_FAIL,,1036
sp25,25f842cc3cf5b87a32d72adc77c97780,MDRUN_FAIL,,741
sp25,5266e860e65e5fc94b8ebfcb7843c31f,MDRUN_FAIL,,774
sp06,c5b72985a64d484d55f5162f79464155,OK,566.378,3054
sp07,bc9b7c54eb864a288d845c2e1a4018a9,OK,627.595,2757
sp25,6efdc9276471f46eacd8dbafd71ddfd6,MDRUN_FAIL,,747
sp01,819a7f7be372131a469fbed045c9eb33,OK,373.428,4632
sp07,3f4c270aff052556802e3ea59a80940f,OK,620.011,2790
sp01,40cb8b0c3343c02f5a6c40f02757e920,OK,371.625,4654
sp07,48a1e72551999e470167671de99c60b0,OK,618.363,2797
sp25,308f2419f5e0ca7b6d39aac23a7de2ff,MDRUN_FAIL,,740
sp25,0708a8656ea2024a7a2f0e1407f518a7,MDRUN_FAIL,,944
sp25,ea054fd43eb193b0b6268f917ed60185,MDRUN_FAIL,,764
sp25,bd1567927f497abd4e18605be0e5f9dc,MDRUN_FAIL,,784
sp06,73ee76fa0a7cddc97ed2eb037810cd66,OK,611.153,2831
sp01,cfe4d9b13bebf025bdbd30504f03c83a,OK,368.629,4692
sp01,d15af9a4462ff88f2cfafbc6cc94912e,OK,373.217,4634
sp06,48a1e72551999e470167671de99c60b0,OK,585.248,2955
sp07,70ccfc52bf05ee3830737995c6d93f9c,OK,609.540,2838
sp07,8dcaa68c20948305aa767048b2da4ec2,OK,609.473,2839
sp06,0677f513ac408d66c189e10e0ee4d76f,OK,599.364,2888
sp06,ee2e7b45aae1b85d5c18aad16d03d855,OK,599.226,2888
sp01,c8dee15f6cbcf595a6900314ad342f99,OK,372.561,4643
sp07,6e359d9430a2de705d89d808ead7c331,OK,608.252,2845
sp06,9510387a41d9428f814f1e8a487e626d,OK,590.301,2931
sp07,b336313e484c9484749cc0714b940ff4,OK,605.515,2857
sp25,c2f2ee45493f8ae40c2fd957499cc3f6,OK,1588.509,1091
sp26,de36f12fbdb6f099ba5ac3231fe389e0,MDRUN_FAIL,,632
sp26,b85a22ec0aa0dc6afd4221dc2f0bb482,MDRUN_FAIL,,749
sp07,ceb2b49097d65c6344d7760b76a49be7,OK,614.289,2817
sp07,3701efaa518b8864dbdbd2befc3c3bad,OK,599.323,2887
sp01,c6780a0007686453a29186d9ec94b23f,OK,368.933,4687
sp06,e123cf065380d0b0c8f3053e9ba7be61,OK,589.198,2937
sp07,73ee76fa0a7cddc97ed2eb037810cd66,OK,597.442,2895
sp01,5266e860e65e5fc94b8ebfcb7843c31f,OK,368.181,4698
sp25,77b75df8109925be76df5616a3e1c899,OK,1615.156,1073
sp02,bc27b2dd2f1cfe96f171984d54609c4e,OK,745.217,2322
sp07,1468bf8fe44d2660d4245111ed256bb3,OK,599.760,2885
sp26,47a8000e16980306005511b953a06ecf,MDRUN_FAIL,,856
sp25,03f5731ad72b97ea2fd1ec352fe5dde0,MDRUN_FAIL,,965
sp26,c82e0b161bf77b819bbafff08f9a082e,MDRUN_FAIL,,787
sp26,ea054fd43eb193b0b6268f917ed60185,MDRUN_FAIL,,809
sp25,62064a9f6b5d461a4c097abbc9bffe7a,MDRUN_FAIL,,997
sp26,cabddb27a77b57b277eb28c407a26d3f,MDRUN_FAIL,,916
sp26,4438f9709f9cecfb7ddd62b05fff9f8d,MDRUN_FAIL,,1026
sp25,2b0f0d7f8914675eaf8e2f5aee81598d,MDRUN_FAIL,,1064
sp26,e40809a6930ce378fdcb37d1b644e2d6,MDRUN_FAIL,,955
sp25,59573ee97914f33c9708de5aa2e356b5,MDRUN_FAIL,,1059
sp26,3c117a293542d626d77f570da38bd5f1,MDRUN_FAIL,,1009
sp25,5e2a23cb4d697cfdd0e84f4a2481d982,OK,1511.837,1147
sp26,0790157ee26dfb0fea3a1ce3db026f75,MDRUN_FAIL,,1074
sp26,752f05c1f66a8f4b3b1789ec136a4c33,MDRUN_FAIL,,990
sp26,0708a8656ea2024a7a2f0e1407f518a7,MDRUN_FAIL,,1018
sp26,f1a057393d7efd3f562b774490f9dfd1,OK,1521.201,1139
sp26,77b75df8109925be76df5616a3e1c899,OK,1515.633,1143
sp02,ee389516e27a1853ac625548d8ca9482,OK,619.665,2792
sp26,8aec869639fd159e3c91d77b4fcc4e79,OK,1466.306,1181
sp02,fae572d9925f12e9cf58d65f8235a662,OK,612.927,2823
sp26,bb0523a55a6136f05a592d05fd8ff8de,OK,1507.705,1149
sp25,253860e6145c4fd6dd9cbc288515e367,OK,1592.276,1089
sp26,253860e6145c4fd6dd9cbc288515e367,OK,1490.866,1162
sp25,bb0523a55a6136f05a592d05fd8ff8de,OK,1599.578,1085
sp03,ceb2b49097d65c6344d7760b76a49be7,OK,608.089,2845
sp25,d1324bec8ed2f7c4caac7dd5ac774f98,OK,1516.173,1143
sp03,eff71722c9c04f7e61a0cf427b3c6019,OK,594.436,2910
sp02,3701efaa518b8864dbdbd2befc3c3bad,OK,580.444,2981
sp02,b336313e484c9484749cc0714b940ff4,OK,580.348,2981
sp03,70ccfc52bf05ee3830737995c6d93f9c,OK,591.572,2924
sp03,1468bf8fe44d2660d4245111ed256bb3,OK,591.381,2925
sp03,b4b28e7bbe6caf601c6f1d9f426e6b74,OK,581.555,2974
sp03,8334c32de8facb541aeda11ba000b299,OK,581.160,2976
sp02,04e69510b344ad3e65a21130b7429d06,OK,544.128,3179
sp04,de36f12fbdb6f099ba5ac3231fe389e0,OK,357.226,4842
sp04,163d7079bdd82c1e475b5abe5436959a,OK,354.766,4876
sp04,b4d6bf83422567e92f6475f4f9bd6ec8,OK,354.314,4881
sp04,cfe4d9b13bebf025bdbd30504f03c83a,OK,353.818,4888
sp04,c6780a0007686453a29186d9ec94b23f,OK,352.054,4913
sp04,c82e0b161bf77b819bbafff08f9a082e,OK,348.820,4958
sp04,abcebd7334a50be9b204a4899d5d8881,OK,348.614,4961
sp04,ac0197ee4a02894e2611e255e0125503,OK,347.870,4971
sp04,7a1bbdb9f1f8528edd767025c45e5cc8,OK,347.368,4979
sp05,7a1bbdb9f1f8528edd767025c45e5cc8,OK,353.396,4894
sp05,ba32a5ca5c7e6e2db41283cf2f90660d,OK,352.293,4910
sp05,ac0197ee4a02894e2611e255e0125503,OK,347.999,4970
sp05,96e384ca0fb900959cf2205b9121fb47,OK,352.105,4912
sp05,b2bcac7a4f0262268b1a6d2db8d7eb5a,OK,349.177,4953
sp05,b4d6bf83422567e92f6475f4f9bd6ec8,OK,346.810,4987
sp00,b2bcac7a4f0262268b1a6d2db8d7eb5a,OK,369.794,4676
sp07,fbf450a68aa0a625ec13f6c762944a3b,OK,362.556,4771
sp00,40cb8b0c3343c02f5a6c40f02757e920,OK,371.516,4655
sp00,c94a26f4dff73a180f04c48dad017723,OK,366.529,4718
sp07,cfe4d9b13bebf025bdbd30504f03c83a,OK,361.832,4780
sp07,d1a961f69c709d74aaec2945249f508c,OK,361.611,4783
sp07,819a7f7be372131a469fbed045c9eb33,OK,361.428,4786
sp00,fbf450a68aa0a625ec13f6c762944a3b,OK,365.702,4728
sp07,40cb8b0c3343c02f5a6c40f02757e920,OK,360.834,4793
sp07,c94a26f4dff73a180f04c48dad017723,OK,360.707,4795
sp07,1b98d4c02a814a1c58e384be9fe73e92,OK,360.630,4796
sp00,6c4846b6eaf17057657b89d9f3678cfc,OK,364.374,4746
sp07,bd1567927f497abd4e18605be0e5f9dc,OK,359.279,4814
sp09,37eaa144facb029500f427e04d484481,OK,1035.335,1673
sp07,c8dee15f6cbcf595a6900314ad342f99,OK,358.015,4833
sp00,c8dee15f6cbcf595a6900314ad342f99,OK,366.671,4716
sp00,c6780a0007686453a29186d9ec94b23f,OK,366.579,4717
sp00,819a7f7be372131a469fbed045c9eb33,OK,366.499,4718
sp07,308f2419f5e0ca7b6d39aac23a7de2ff,OK,357.436,4839
sp07,ea054fd43eb193b0b6268f917ed60185,OK,357.335,4840
sp09,20ffceabec2b95cc0b401b1d1e504f6b,OK,1029.089,1682
sp09,9c772b2f96c879dc662e5f137990844f,OK,1024.221,1690
sp09,4232bcfa9c606f52c8067ff9e22fe8af,OK,1035.883,1671
sp09,f885f085c98c18670a7ddbe3c7a763da,OK,1022.005,1694
sp09,187b2fb9351c5f10d65f710e85056c31,OK,1022.028,1694
sp00,cfe4d9b13bebf025bdbd30504f03c83a,OK,364.361,4746
sp07,6efdc9276471f46eacd8dbafd71ddfd6,OK,352.256,4910
sp00,5266e860e65e5fc94b8ebfcb7843c31f,OK,360.968,4790
sp07,25f842cc3cf5b87a32d72adc77c97780,OK,351.588,4921
sp09,def33b1b26713c8ce7794e1cee2141c6,OK,980.767,1765
sp09,a1409d89193dd0a7a4a54efb7c4b0b88,OK,981.902,1763
sp07,5266e860e65e5fc94b8ebfcb7843c31f,OK,349.260,4954
sp07,c6780a0007686453a29186d9ec94b23f,OK,347.355,4981
sp02,047b4e5133e0d4a8a3c4c2b9f29f5ee1,OK,726.803,2381
sp02,737df570b627d06e92101677b4e3da21,OK,717.924,2410
sp00,d15af9a4462ff88f2cfafbc6cc94912e,OK,369.044,4686
sp09,253860e6145c4fd6dd9cbc288515e367,OK,1029.492,1682
sp00,7a1bbdb9f1f8528edd767025c45e5cc8,OK,343.305,5037
sp09,fc4ddc57541f29488f09921d9b36bc97,OK,1060.764,1632
sp09,4be7a12b601883e91811eeb2e0c4ed4b,OK,1049.078,1650
sp09,bb0523a55a6136f05a592d05fd8ff8de,OK,1040.472,1664
sp09,e8397fcd2197e27d094058bc02fbba6a,OK,1055.549,1640
sp09,047b4e5133e0d4a8a3c4c2b9f29f5ee1,OK,1063.005,1629
sp00,26daa23c738cb8c7dababa4ee2a1c4fb,OK,367.548,4705
sp00,57bff1b2673d3c8b9006213161935522,OK,372.588,4641
sp00,ba32a5ca5c7e6e2db41283cf2f90660d,OK,371.677,4653
sp09,12004f3f2e7c95e0f8ddf8877cb7684c,OK,857.771,2018
sp02,bc27b2dd2f1cfe96f171984d54609c4e,OK,570.907,3031
sp03,ceb2b49097d65c6344d7760b76a49be7,OK,545.265,3172
sp03,eff71722c9c04f7e61a0cf427b3c6019,OK,531.657,3253
sp03,1468bf8fe44d2660d4245111ed256bb3,OK,522.076,3313
sp03,70ccfc52bf05ee3830737995c6d93f9c,OK,514.436,3362
sp03,8334c32de8facb541aeda11ba000b299,OK,513.780,3366
sp02,04e69510b344ad3e65a21130b7429d06,OK,482.699,3584
sp06,e123cf065380d0b0c8f3053e9ba7be61,OK,532.460,3249
sp11,f3bf65b5c175c4eb9a32b952ec009daa,OK,1040.566,1664
sp13,b60c297c7199140f1f38ac6909b5bf24,OK,1178.578,1469
sp13,642b2e0e340ac4d3adcf66589e7fd012,OK,1176.693,1472
sp13,fa4de5e62b4e32e8b3d71088211803e0,OK,1161.260,1492
sp13,5d418a86059c42695f5856b68e7a7118,OK,1157.296,1497
sp13,e93a4d36831e1c123940b06eb94b7e74,OK,1129.389,1532
sp13,c5cf1f886c6849f8233c8b282a929680,OK,1105.129,1567
sp15,3116f4c5342bf41e08cd23593057d9ac,MDRUN_FAIL,,388
sp15,b4b28e7bbe6caf601c6f1d9f426e6b74,MDRUN_FAIL,,598
sp16,69da907af4c1f2f8307d027d4ab80d72,MDRUN_FAIL,,152
sp13,fa95727eed889db7226aa52d7509284a,OK,1111.753,1558
sp13,ffdbd2aa8cc03f78eb6b433fe1a74c09,OK,1155.358,1498
sp13,543c819ac4256fe5b41298770a798122,OK,1131.631,1530
sp13,d005b3d8ed6ab71e5ebd50c1b26a2ffb,OK,1138.327,1521
sp10,71d81c144a98e11bef7a990464b30910,OK,698.569,2479
sp14,37eaa144facb029500f427e04d484481,OK,1105.499,1567
sp14,a1409d89193dd0a7a4a54efb7c4b0b88,OK,1117.847,1549
sp14,9c772b2f96c879dc662e5f137990844f,OK,1060.984,1633
sp10,d1d524dd925a24438ecd2d014b089d87,OK,666.590,2598
sp14,6b43e44fb3ada6de6c351a68d32eaa65,OK,1340.647,1293
sp12,52d2e2cddbd6c2ca52b2a6692a1be706,OK,779.413,2222
sp18,353af6c9cfe7ecb0019d13eaa7b46eaf,MDRUN_FAIL,,399
sp18,2be277119d6eae84726b1921013ba77e,MDRUN_FAIL,,444
sp09,96e384ca0fb900959cf2205b9121fb47,OK,430.417,4019
sp09,b2bcac7a4f0262268b1a6d2db8d7eb5a,OK,429.454,4028
sp09,6c4846b6eaf17057657b89d9f3678cfc,OK,427.999,4041
sp09,fbf450a68aa0a625ec13f6c762944a3b,OK,429.659,4026
sp16,9fdebd3e36d16344b05f496394363d9c,MDRUN_FAIL,,946
sp16,aa4ab13cb4df4d90f08700b97350a57b,OK,1453.962,1192
sp09,c94a26f4dff73a180f04c48dad017723,OK,428.767,4035
sp18,14e61945a20724d1818139fef8823538,MDRUN_FAIL,,527
sp16,98cf559a50ee84d38e7648c91b0c564d,OK,1158.474,1495
sp16,0790157ee26dfb0fea3a1ce3db026f75,OK,1228.887,1410
sp16,47a8000e16980306005511b953a06ecf,OK,1171.331,1479
sp16,b85a22ec0aa0dc6afd4221dc2f0bb482,OK,1200.853,1443
sp16,f1a057393d7efd3f562b774490f9dfd1,OK,1226.824,1412
sp18,6f6836389edc435ef5de6a0ca5c25474,MDRUN_FAIL,,725
sp16,fa512f9f244e78009694ff207c157f04,OK,1439.385,1205
sp14,52d2e2cddbd6c2ca52b2a6692a1be706,OK,762.112,2272
sp16,3c117a293542d626d77f570da38bd5f1,OK,1252.912,1383
sp16,ba808f52df2ffa29ea7a2a6a9cd5f0b8,OK,1242.171,1395
sp16,c2f2ee45493f8ae40c2fd957499cc3f6,OK,1213.836,1428
sp16,eb1eb691e1c65761a234212818817153,OK,1149.341,1507
sp16,359e38e810d725751e2260e2b3006df9,OK,1189.986,1455
sp16,ee504f886574b282ca630cb14509614b,OK,990.237,1749
sp18,5d418a86059c42695f5856b68e7a7118,OK,1494.065,1160
sp16,de91618eee657d877d0668058bd50ff6,OK,1099.063,1575
sp19,26daa23c738cb8c7dababa4ee2a1c4fb,MDRUN_FAIL,,752
sp16,0b8c97a20e0da60b11a122b27f6c8b62,OK,1107.246,1565
sp19,57bff1b2673d3c8b9006213161935522,MDRUN_FAIL,,837
sp17,dbc5bdf0c84f89a682be5ac536c00bd2,OK,1191.765,1454
sp14,cf4a8047b69fbbe4ae6525a51c3063a1,OK,755.819,2292
sp14,f5b52bef73821d9cc3d674e42de6608f,OK,754.093,2297
sp14,e3b605e5b9101a4f3fa1aae790d69360,OK,760.090,2278
sp17,01bd41af226d7f8d1e5fdb361b0b562d,OK,1157.579,1497
sp20,335dd6fbc3377cdcf2401cfc6056bc9c,MDRUN_FAIL,,639
sp17,de91618eee657d877d0668058bd50ff6,OK,1176.569,1472
sp17,65fcca610b91676d473a89c0858c6ffc,OK,1134.351,1527
sp20,187b2fb9351c5f10d65f710e85056c31,MDRUN_FAIL,,667
sp20,4a67881e46b87364ec2e0ec7cbbf0bec,MDRUN_FAIL,,856
sp17,eb1eb691e1c65761a234212818817153,OK,1143.396,1516
sp20,def33b1b26713c8ce7794e1cee2141c6,MDRUN_FAIL,,737
sp20,f885f085c98c18670a7ddbe3c7a763da,MDRUN_FAIL,,763
sp17,69da907af4c1f2f8307d027d4ab80d72,OK,1146.393,1511
sp20,bc9b7c54eb864a288d845c2e1a4018a9,MDRUN_FAIL,,647
sp07,c94a26f4dff73a180f04c48dad017723,OK,322.323,5366
sp20,922db9175a15e6a2d34d02717b0de6ab,MDRUN_FAIL,,984
sp20,3f4c270aff052556802e3ea59a80940f,MDRUN_FAIL,,648
sp20,48a1e72551999e470167671de99c60b0,MDRUN_FAIL,,713
sp22,c82e0b161bf77b819bbafff08f9a082e,MDRUN_FAIL,,264
sp20,b19d1a70ff3d2abd6986665d47eff086,MDRUN_FAIL,,1067
sp20,0220b4986165db73cd9f0775b82b7838,MDRUN_FAIL,,890
sp22,96e384ca0fb900959cf2205b9121fb47,MDRUN_FAIL,,321
sp20,7024d698ad06da1b887b5df50f7728d3,MDRUN_FAIL,,1106
sp07,1b98d4c02a814a1c58e384be9fe73e92,OK,320.710,5393
sp20,6ef67d129dcb37a0be630ca24c321f02,MDRUN_FAIL,,936
sp20,3f6e40d3068fb0fd99bfa763ed0ca2bb,OK,1414.373,1225
sp20,fa4de5e62b4e32e8b3d71088211803e0,MDRUN_FAIL,,1247
sp20,e49cfa366cc64bab8e1edf37b372cbf6,MDRUN_FAIL,,1244
sp20,73ee76fa0a7cddc97ed2eb037810cd66,MDRUN_FAIL,,667
sp17,8dcaa68c20948305aa767048b2da4ec2,OK,806.024,2149
sp17,166e854e6f7609934b769fb3b19101c0,OK,796.506,2175
sp22,e111d883881d5735e54ce398821e189a,MDRUN_FAIL,,386
sp23,40cb8b0c3343c02f5a6c40f02757e920,MDRUN_FAIL,,368
sp13,bd1567927f497abd4e18605be0e5f9dc,OK,460.194,3759
sp17,bc9b7c54eb864a288d845c2e1a4018a9,OK,786.172,2203
sp20,ca3e30b78b8b15c1aa76fed50341d715,MDRUN_FAIL,,984
sp22,c94a26f4dff73a180f04c48dad017723,MDRUN_FAIL,,614
sp13,308f2419f5e0ca7b6d39aac23a7de2ff,OK,459.520,3765
sp13,ea054fd43eb193b0b6268f917ed60185,OK,452.676,3821
sp22,ac0197ee4a02894e2611e255e0125503,MDRUN_FAIL,,695
sp22,b97da2a131609768b2ffb5b85b870db2,MDRUN_FAIL,,475
sp22,c8dee15f6cbcf595a6900314ad342f99,MDRUN_FAIL,,633
sp21,e8db4af0c7a34ddcd59bd43979c83a63,MDRUN_FAIL,,819
sp22,6c4846b6eaf17057657b89d9f3678cfc,MDRUN_FAIL,,701
sp22,03d2d012db8145e06c35d7e016c645dc,MDRUN_FAIL,,605
sp22,57bff1b2673d3c8b9006213161935522,MDRUN_FAIL,,643
sp22,b4d6bf83422567e92f6475f4f9bd6ec8,MDRUN_FAIL,,760
sp23,ac6254a319053d53d01f6c8c06bc783d,MDRUN_FAIL,,196
sp22,26daa23c738cb8c7dababa4ee2a1c4fb,MDRUN_FAIL,,678
sp22,7a1bbdb9f1f8528edd767025c45e5cc8,MDRUN_FAIL,,795
sp22,1b98d4c02a814a1c58e384be9fe73e92,MDRUN_FAIL,,704
sp22,d1a961f69c709d74aaec2945249f508c,MDRUN_FAIL,,719
sp22,6efdc9276471f46eacd8dbafd71ddfd6,MDRUN_FAIL,,725
sp22,ba32a5ca5c7e6e2db41283cf2f90660d,MDRUN_FAIL,,696
sp22,824df1fae448411a738d6987cd933d7b,MDRUN_FAIL,,697
sp22,d15af9a4462ff88f2cfafbc6cc94912e,MDRUN_FAIL,,732
sp22,fbf450a68aa0a625ec13f6c762944a3b,MDRUN_FAIL,,803
sp22,166e854e6f7609934b769fb3b19101c0,MDRUN_FAIL,,744
sp22,078844c7f38624b3996505d0f98526ca,MDRUN_FAIL,,733
sp20,69ea6e3ad23ea569f4bbfa0263cb5bdc,MDRUN_FAIL,,1192
sp22,7f8c5f877cc7df732365ed9f3035e71a,MDRUN_FAIL,,767
sp23,cfe4d9b13bebf025bdbd30504f03c83a,MDRUN_FAIL,,663
sp23,15044c0c9f83bb877f5ea28fece53a3d,MDRUN_FAIL,,327
sp23,c94a26f4dff73a180f04c48dad017723,MDRUN_FAIL,,706
sp22,308f2419f5e0ca7b6d39aac23a7de2ff,MDRUN_FAIL,,831
sp23,7a1bbdb9f1f8528edd767025c45e5cc8,MDRUN_FAIL,,713
sp22,5266e860e65e5fc94b8ebfcb7843c31f,MDRUN_FAIL,,889
sp23,13e1da8f0e67c08c5ef1cb0ebded75a5,MDRUN_FAIL,,745
sp22,ea054fd43eb193b0b6268f917ed60185,MDRUN_FAIL,,866
sp23,c6780a0007686453a29186d9ec94b23f,MDRUN_FAIL,,712
sp23,c8dee15f6cbcf595a6900314ad342f99,MDRUN_FAIL,,659
sp22,bd1567927f497abd4e18605be0e5f9dc,MDRUN_FAIL,,872
sp23,0677f513ac408d66c189e10e0ee4d76f,MDRUN_FAIL,,639
sp23,605f40bd8c866d6adb1d6f2bec42c9b3,MDRUN_FAIL,,573
sp23,ce9a796b1b540bd01171a965543d5ed4,MDRUN_FAIL,,547
sp20,5b6d2943bab2409bd0928714d9016311,OK,1330.114,1303
sp20,03f5731ad72b97ea2fd1ec352fe5dde0,MDRUN_FAIL,,1207
sp23,0b4fbf7130a60ebdf348cd8d14c36b77,MDRUN_FAIL,,462
sp20,0a8bd2b181a818ac245c132acb3ffd18,MDRUN_FAIL,,1194
sp20,295199ed8a4621a340b6b79b4024bec4,MDRUN_FAIL,,1161
sp23,80b0fe984d15b87a9da0bed91ab28b29,MDRUN_FAIL,,498
sp23,6fe2e1378b320a53571e4688376156bc,MDRUN_FAIL,,351
sp23,71610ced88f2d058ad64b79635b26b20,MDRUN_FAIL,,383
sp23,8a909432391c80b5414f2aed6279b942,MDRUN_FAIL,,515
sp23,3d395f6de7723b7b1aeebfb375bb1c5d,MDRUN_FAIL,,391
sp20,2b0f0d7f8914675eaf8e2f5aee81598d,OK,1356.784,1277
sp23,6ed539a8e565bc920be9f146e577ce98,MDRUN_FAIL,,682
sp20,d8a2b383fc51f79cc2469b166af9122c,OK,1313.171,1319
sp23,39f4f10d914c61149f1719bf477dd932,MDRUN_FAIL,,716
sp23,819a7f7be372131a469fbed045c9eb33,MDRUN_FAIL,,837
sp20,5e2a23cb4d697cfdd0e84f4a2481d982,OK,1324.428,1308
sp23,ec4ccad83d01498f18eec3728419c3aa,MDRUN_FAIL,,728
sp23,b2d145c83fe363359f846985aa11d3ba,MDRUN_FAIL,,490
sp24,8f625b232d5b3f24ef0fccc5663f85b7,MDRUN_FAIL,,347
sp23,ec69e1666eb0eb27ed19cf2994bc675f,MDRUN_FAIL,,476
sp23,d4f996968bb63065cac387c064aaed66,MDRUN_FAIL,,435
sp23,2be277119d6eae84726b1921013ba77e,MDRUN_FAIL,,426
sp20,1a263985d22c81f9d3e9eb46e23d21ab,MDRUN_FAIL,,1308
sp20,e13195a3669e20a1cb71ccb752460291,OK,1324.231,1309
sp23,11575d57d06531080c7c3f1703538086,MDRUN_FAIL,,453
sp26,26daa23c738cb8c7dababa4ee2a1c4fb,MDRUN_FAIL,,16
sp23,e123cf065380d0b0c8f3053e9ba7be61,MDRUN_FAIL,,826
sp23,6f8f3139923f55cc6cf8ceaccedb3aa4,MDRUN_FAIL,,516
sp23,c5b72985a64d484d55f5162f79464155,MDRUN_FAIL,,787
sp26,fa4de5e62b4e32e8b3d71088211803e0,MDRUN_FAIL,,127
sp23,5266e860e65e5fc94b8ebfcb7843c31f,MDRUN_FAIL,,916
sp23,ab32da1f7ea48da050cb3f074c41b42f,MDRUN_FAIL,,807
sp24,a9feaf2e38ac31b8f513a09f91500ce9,MDRUN_FAIL,,414
sp24,238dd65aac42b2b34162c0b51a84d1db,MDRUN_FAIL,,465
sp23,3116f4c5342bf41e08cd23593057d9ac,MDRUN_FAIL,,595
sp25,8b7977f1eab9ea4074744154d19bfa8d,MDRUN_FAIL,,401
sp25,f885f085c98c18670a7ddbe3c7a763da,MDRUN_FAIL,,584
sp25,335dd6fbc3377cdcf2401cfc6056bc9c,MDRUN_FAIL,,527
sp22,1f270ea65cd761a78a0ed8ab4ee8fec0,OK,1402.660,1236
sp25,9c772b2f96c879dc662e5f137990844f,MDRUN_FAIL,,597
sp25,0220b4986165db73cd9f0775b82b7838,MDRUN_FAIL,,586
sp25,def33b1b26713c8ce7794e1cee2141c6,MDRUN_FAIL,,687
sp25,187b2fb9351c5f10d65f710e85056c31,MDRUN_FAIL,,670
sp25,0b4fbf7130a60ebdf348cd8d14c36b77,MDRUN_FAIL,,539
sp25,6c4846b6eaf17057657b89d9f3678cfc,MDRUN_FAIL,,607
sp25,a1409d89193dd0a7a4a54efb7c4b0b88,MDRUN_FAIL,,681
sp25,4232bcfa9c606f52c8067ff9e22fe8af,MDRUN_FAIL,,689
sp25,b2bcac7a4f0262268b1a6d2db8d7eb5a,MDRUN_FAIL,,637
sp26,c5cf1f886c6849f8233c8b282a929680,MDRUN_FAIL,,612
sp25,37eaa144facb029500f427e04d484481,MDRUN_FAIL,,739
sp25,6ef67d129dcb37a0be630ca24c321f02,MDRUN_FAIL,,704
sp25,96e384ca0fb900959cf2205b9121fb47,MDRUN_FAIL,,683
sp26,055e1e9c95b2378efd3fc90b82948709,MDRUN_FAIL,,477
sp26,e93a4d36831e1c123940b06eb94b7e74,MDRUN_FAIL,,657
sp25,20ffceabec2b95cc0b401b1d1e504f6b,MDRUN_FAIL,,804
sp25,fbf450a68aa0a625ec13f6c762944a3b,MDRUN_FAIL,,716
sp25,c94a26f4dff73a180f04c48dad017723,MDRUN_FAIL,,723
sp26,308f2419f5e0ca7b6d39aac23a7de2ff,MDRUN_FAIL,,600
sp26,4a67881e46b87364ec2e0ec7cbbf0bec,MDRUN_FAIL,,659
sp24,b19d1a70ff3d2abd6986665d47eff086,MDRUN_FAIL,,997
sp25,40cb8b0c3343c02f5a6c40f02757e920,MDRUN_FAIL,,769
sp25,b4d6bf83422567e92f6475f4f9bd6ec8,MDRUN_FAIL,,789
sp24,922db9175a15e6a2d34d02717b0de6ab,MDRUN_FAIL,,1031
sp24,fa4de5e62b4e32e8b3d71088211803e0,MDRUN_FAIL,,1096
sp24,737df570b627d06e92101677b4e3da21,MDRUN_FAIL,,989
sp26,d03b3614f1c49ff6b9fbf5832ee9770f,MDRUN_FAIL,,718
sp24,3f6e40d3068fb0fd99bfa763ed0ca2bb,OK,1576.370,1099
sp26,824df1fae448411a738d6987cd933d7b,MDRUN_FAIL,,677
sp26,922db9175a15e6a2d34d02717b0de6ab,MDRUN_FAIL,,748
sp26,ac0197ee4a02894e2611e255e0125503,MDRUN_FAIL,,729
sp26,b1a7ee597e9d75bd95fcad2e74c8ab83,MDRUN_FAIL,,676
sp24,e49cfa366cc64bab8e1edf37b372cbf6,OK,1575.787,1100
sp26,642b2e0e340ac4d3adcf66589e7fd012,MDRUN_FAIL,,820
sp26,0a826045d720c0a795bd1979a728e35c,MDRUN_FAIL,,447
sp26,166e854e6f7609934b769fb3b19101c0,MDRUN_FAIL,,710
sp25,819a7f7be372131a469fbed045c9eb33,MDRUN_FAIL,,883
sp26,7a1bbdb9f1f8528edd767025c45e5cc8,MDRUN_FAIL,,766
sp26,3a87c373b8ee3ee690e68ccce89857a3,MDRUN_FAIL,,701
sp26,57bff1b2673d3c8b9006213161935522,MDRUN_FAIL,,750
sp26,d15af9a4462ff88f2cfafbc6cc94912e,MDRUN_FAIL,,767
sp26,b4d6bf83422567e92f6475f4f9bd6ec8,MDRUN_FAIL,,779
sp24,0b8c97a20e0da60b11a122b27f6c8b62,OK,1559.623,1111
sp25,fffe47a81a0ad8b0cd7beae03f34b077,MDRUN_FAIL,,995
sp26,9510387a41d9428f814f1e8a487e626d,MDRUN_FAIL,,783
sp26,ee2e7b45aae1b85d5c18aad16d03d855,MDRUN_FAIL,,802
sp26,d1d524dd925a24438ecd2d014b089d87,MDRUN_FAIL,,663
sp24,9fdebd3e36d16344b05f496394363d9c,OK,1478.150,1172
sp26,ba32a5ca5c7e6e2db41283cf2f90660d,MDRUN_FAIL,,826
sp26,80b0fe984d15b87a9da0bed91ab28b29,MDRUN_FAIL,,502
sp26,5d418a86059c42695f5856b68e7a7118,MDRUN_FAIL,,995
sp26,8a909432391c80b5414f2aed6279b942,MDRUN_FAIL,,501
sp26,d14a66e8dd811490ccafaf75afa970de,MDRUN_FAIL,,445
sp26,c83d057a219e5a25a09f354503a70d4d,MDRUN_FAIL,,834
sp26,c3e6f0472fa7320f5e210e26cfc4ecec,MDRUN_FAIL,,861
sp24,a5b2fb04b878e9fff4b764e79cf06db2,OK,1420.729,1220
sp26,b60c297c7199140f1f38ac6909b5bf24,MDRUN_FAIL,,1022
sp26,0b4fbf7130a60ebdf348cd8d14c36b77,MDRUN_FAIL,,540
sp26,15044c0c9f83bb877f5ea28fece53a3d,MDRUN_FAIL,,535
sp26,b19d1a70ff3d2abd6986665d47eff086,MDRUN_FAIL,,1027
sp26,71d81c144a98e11bef7a990464b30910,MDRUN_FAIL,,757
sp26,ff032b5793a25a8e4f9611a34a394671,MDRUN_FAIL,,1041
sp26,ac6254a319053d53d01f6c8c06bc783d,MDRUN_FAIL,,603
sp26,3f6e40d3068fb0fd99bfa763ed0ca2bb,MDRUN_FAIL,,1083
sp26,cf4a8047b69fbbe4ae6525a51c3063a1,MDRUN_FAIL,,699
sp26,0677f513ac408d66c189e10e0ee4d76f,MDRUN_FAIL,,731
sp26,e49cfa366cc64bab8e1edf37b372cbf6,MDRUN_FAIL,,1118
sp26,e32bacbac8502d337dc3d54d78b564a2,OK,1548.374,1119
sp26,7024d698ad06da1b887b5df50f7728d3,OK,1520.849,1140
sp26,79ff013c97a88f8bec1adfae42218746,MDRUN_FAIL,,489
sp26,2b0132dda46dfc13890fc97f3e161079,MDRUN_FAIL,,490
sp26,e123cf065380d0b0c8f3053e9ba7be61,MDRUN_FAIL,,930
sp26,04d89e15e651861ca58bbec52b719c49,MDRUN_FAIL,,508
sp26,594685ab2c2c7dfb758c69d0a9bc2a8d,MDRUN_FAIL,,542
sp26,1a263985d22c81f9d3e9eb46e23d21ab,MDRUN_FAIL,,1156
sp26,0a8bd2b181a818ac245c132acb3ffd18,MDRUN_FAIL,,1245
sp09,04d89e15e651861ca58bbec52b719c49,OK,1238.938,1399
sp10,15044c0c9f83bb877f5ea28fece53a3d,OK,1304.876,1328
sp09,0220b4986165db73cd9f0775b82b7838,OK,1035.465,1672
sp09,fffe47a81a0ad8b0cd7beae03f34b077,OK,1035.196,1672
sp09,fd5ba50d24141a833001dc12a320fc8f,OK,1033.874,1674
sp09,ad3886476184578f75d5af9504b7aca7,OK,1033.417,1675
sp09,2cb6e34fab1ee523b2a48790b68ad465,OK,1018.949,1699
sp09,cb20abd70e0ece3d85e1338101d4bd72,OK,1040.033,1665
sp09,6ef67d129dcb37a0be630ca24c321f02,OK,998.528,1733
sp09,99c9a8dee8fadf56676d8f90e6848e58,OK,1012.588,1710
sp09,424689a2bad294c9a4d19ed5924324de,OK,1046.426,1654
sp09,335dd6fbc3377cdcf2401cfc6056bc9c,OK,992.875,1743
sp09,a864b4e510a4a9f05aa2438e3cebd634,OK,1034.628,1674
sp09,d60363c0fec1c05a155d848f9a232a3e,OK,1028.464,1683
sp09,39cbab9e91b4af7ae5b0eed4a14b90f9,OK,1003.372,1725
sp09,7969946fa4a7d73df90d5fadcdef4b59,OK,973.558,1778
sp09,8072d1cd9b9a836cbeec520610c1f9bd,OK,1261.896,1373
sp09,c42e22237c07702a044507738b0805b2,OK,1013.814,1707
sp09,971c944ef6916e2840b6d63b8f00425e,OK,1255.893,1379
sp09,3dd7fe0b27b084a92f8091446da1a66e,OK,1252.736,1383
sp09,fa95727eed889db7226aa52d7509284a,OK,1001.298,1729
sp09,eb1eb691e1c65761a234212818817153,OK,998.139,1734
sp09,ff8edf23e1c4463cdc767531d804cef1,OK,1053.535,1643
sp09,c842104ea7034c335c96f16efde3aff4,OK,1045.072,1657
sp09,88de53427c78a4f8890a2b946385d70b,OK,1042.417,1661
sp10,83426a9786b17364e36e1efe6db37be6,OK,901.581,1921
sp10,5aeaf69cbe372b3d35c6e0ef066dc05b,OK,899.300,1925
sp10,1dd183338ac9d0d5904e89f4aca06e34,OK,897.652,1929
sp10,de1492a39ee5b6346482dc83a1060a60,OK,1049.837,1650
sp10,1f270ea65cd761a78a0ed8ab4ee8fec0,OK,1058.136,1637
sp10,57f8d9f325a6ba6d6f33f1306c042866,OK,884.102,1960
sp12,ac6254a319053d53d01f6c8c06bc783d,OK,1376.969,1259
sp10,bc27b2dd2f1cfe96f171984d54609c4e,OK,888.919,1948
sp10,395f47b77b5f161c28c20393b39e9076,OK,1026.950,1686
sp10,8f625b232d5b3f24ef0fccc5663f85b7,OK,871.424,1987
sp10,b97da2a131609768b2ffb5b85b870db2,OK,867.580,1996
sp10,ace45146c6a78c8039ff1fcd87b39fda,OK,1008.923,1716
sp10,e111d883881d5735e54ce398821e189a,OK,861.142,2011
sp10,a9feaf2e38ac31b8f513a09f91500ce9,OK,861.502,2010
sp10,0f35616c28aaaf8c39fd2467e3d2cebd,OK,1004.662,1724
sp10,ab32da1f7ea48da050cb3f074c41b42f,OK,725.355,2386
sp10,6ed539a8e565bc920be9f146e577ce98,OK,709.658,2440
sp10,ec4ccad83d01498f18eec3728419c3aa,OK,699.674,2474
sp10,52d2e2cddbd6c2ca52b2a6692a1be706,OK,706.454,2451
sp10,b7649d4e54db2998f4f380ff5b78484d,OK,686.133,2523
sp10,cf4a8047b69fbbe4ae6525a51c3063a1,OK,698.752,2478
sp10,3116f4c5342bf41e08cd23593057d9ac,OK,686.531,2521
sp10,519f148d49ef68ce3782c8eab23fa39e,OK,739.221,2342
sp10,f5b52bef73821d9cc3d674e42de6608f,OK,687.847,2517
sp10,a2698e5db085c1959923b7b6eca55067,OK,741.381,2335
sp10,c3abed8fe47c90e2af144bafbdc1da21,OK,675.633,2562
sp10,f444bf4b2a5712cdb76e326e74202030,OK,723.102,2394
sp10,04e69510b344ad3e65a21130b7429d06,OK,709.637,2440
sp10,14e61945a20724d1818139fef8823538,OK,720.068,2404
sp10,ee389516e27a1853ac625548d8ca9482,OK,732.070,2365
sp10,fae572d9925f12e9cf58d65f8235a662,OK,730.781,2369
sp10,6e359d9430a2de705d89d808ead7c331,OK,729.906,2371
sp10,1c58151c5cca3757a0dafb204cf925ad,OK,700.906,2470
sp13,65316367b1c7ba80511f9cb5fb2fd2a4,OK,1406.505,1232
sp13,6b43e44fb3ada6de6c351a68d32eaa65,OK,1378.352,1257
sp12,a9feaf2e38ac31b8f513a09f91500ce9,OK,967.167,1791
sp13,04d89e15e651861ca58bbec52b719c49,OK,1409.185,1230
sp13,0b4fbf7130a60ebdf348cd8d14c36b77,OK,1393.897,1243
sp10,22449a0ea60f206a1700d752b8923709,OK,701.117,2470
sp13,594685ab2c2c7dfb758c69d0a9bc2a8d,OK,1393.653,1243
sp13,80b0fe984d15b87a9da0bed91ab28b29,OK,1356.154,1278
sp16,1c58151c5cca3757a0dafb204cf925ad,MDRUN_FAIL,,226
sp13,aa4ab13cb4df4d90f08700b97350a57b,OK,1410.842,1228
sp13,8016222bad11f4d65a8f6f4e49b5cd67,OK,1397.786,1240
sp13,b2d145c83fe363359f846985aa11d3ba,OK,1407.149,1232
sp13,2b0132dda46dfc13890fc97f3e161079,OK,1351.916,1281
sp13,ce9a796b1b540bd01171a965543d5ed4,OK,1325.704,1307
sp13,eb86c0e119d2fe75487a399c76724176,OK,1356.274,1278
sp13,79ff013c97a88f8bec1adfae42218746,OK,1342.965,1290
sp13,ac6254a319053d53d01f6c8c06bc783d,OK,1307.216,1325
sp14,79ff013c97a88f8bec1adfae42218746,OK,1357.001,1278
sp14,8016222bad11f4d65a8f6f4e49b5cd67,OK,1363.403,1273
sp15,066409425aa3969efdeb577c7443fbbd,MDRUN_FAIL,,1022
sp12,3f4c270aff052556802e3ea59a80940f,OK,793.788,2181
sp14,282b4e352d38ef07443209435439bcea,OK,1117.411,1551
sp14,fa95727eed889db7226aa52d7509284a,OK,1105.694,1567
sp14,d4a029e120a4109e548f939835fea733,OK,1102.039,1572
sp13,ab32da1f7ea48da050cb3f074c41b42f,OK,772.316,2241
sp13,ec4ccad83d01498f18eec3728419c3aa,OK,766.236,2258
sp14,1bf5ed1e98a047c67826a7fd54dcf64f,OK,1077.071,1608
sp14,b8ac149673f7c3cd33b88439965cd67f,OK,1077.417,1608
sp13,e3b605e5b9101a4f3fa1aae790d69360,OK,759.997,2276
sp13,3116f4c5342bf41e08cd23593057d9ac,OK,757.028,2286
sp14,b6465c8ac0ed173d3faf7c401e0c4924,OK,1066.433,1625
sp14,ca3e30b78b8b15c1aa76fed50341d715,OK,1066.550,1625
sp14,0ba0e185398f759ca91fbd5fa3f0803a,OK,1032.245,1679
sp16,62064a9f6b5d461a4c097abbc9bffe7a,MDRUN_FAIL,,1029
sp14,03f5731ad72b97ea2fd1ec352fe5dde0,OK,1103.288,1570
sp14,69ea6e3ad23ea569f4bbfa0263cb5bdc,OK,1059.600,1635
sp14,5e2a23cb4d697cfdd0e84f4a2481d982,OK,1070.516,1619
sp10,b2bcac7a4f0262268b1a6d2db8d7eb5a,OK,448.207,3861
sp13,6ed539a8e565bc920be9f146e577ce98,OK,734.478,2356
sp14,5b6d2943bab2409bd0928714d9016311,OK,1042.772,1662
sp14,d8a2b383fc51f79cc2469b166af9122c,OK,1042.973,1661
sp10,6c4846b6eaf17057657b89d9f3678cfc,OK,446.064,3879
sp10,40cb8b0c3343c02f5a6c40f02757e920,OK,446.585,3875
sp10,819a7f7be372131a469fbed045c9eb33,OK,447.219,3869
sp10,c8dee15f6cbcf595a6900314ad342f99,OK,448.525,3858
sp10,7a1bbdb9f1f8528edd767025c45e5cc8,OK,439.589,3937
sp10,c94a26f4dff73a180f04c48dad017723,OK,442.150,3914
sp10,fbf450a68aa0a625ec13f6c762944a3b,OK,439.783,3935
sp10,b4d6bf83422567e92f6475f4f9bd6ec8,OK,437.540,3955
sp10,5266e860e65e5fc94b8ebfcb7843c31f,OK,442.069,3915
sp10,96e384ca0fb900959cf2205b9121fb47,OK,436.579,3964
sp10,cfe4d9b13bebf025bdbd30504f03c83a,OK,439.199,3941
sp10,c6780a0007686453a29186d9ec94b23f,OK,440.371,3930
sp10,25f842cc3cf5b87a32d72adc77c97780,OK,440.726,3927
sp14,3b35ddb2b8a33d05d6b5870a9da6c712,OK,791.402,2189
sp14,14e61945a20724d1818139fef8823538,OK,788.950,2195
sp14,6f6836389edc435ef5de6a0ca5c25474,OK,784.374,2207
sp16,1f270ea65cd761a78a0ed8ab4ee8fec0,OK,1172.014,1478
sp16,1a263985d22c81f9d3e9eb46e23d21ab,OK,1156.285,1498
sp16,295199ed8a4621a340b6b79b4024bec4,OK,1147.330,1510
sp16,0f35616c28aaaf8c39fd2467e3d2cebd,OK,1111.705,1558
sp16,a2698e5db085c1959923b7b6eca55067,MDRUN_FAIL,,1600
sp16,bb0523a55a6136f05a592d05fd8ff8de,OK,1202.494,1441
sp16,253860e6145c4fd6dd9cbc288515e367,OK,1195.701,1449
sp16,909628c1d41006cf8bdc95b988228e4f,OK,1152.835,1502
sp16,59573ee97914f33c9708de5aa2e356b5,OK,1163.272,1489
sp16,a9feaf2e38ac31b8f513a09f91500ce9,OK,994.795,1741
sp16,266bbb49e60781aca4002ea95c99c033,OK,1090.151,1589
sp16,f93dfb8ee56b2a98182d0adc1030c114,OK,1209.381,1432
sp16,d1324bec8ed2f7c4caac7dd5ac774f98,OK,1174.934,1474
sp16,0a8bd2b181a818ac245c132acb3ffd18,OK,1103.090,1570
sp16,d9a52d46c0ccf0c1913e0eebbacfc330,OK,1205.507,1436
sp16,6564af0e70be4d43388870363762e68c,OK,1183.486,1464
sp16,5d9bbfbd38feae26823caf531a5db1a6,OK,1165.727,1485
sp16,f3bf65b5c175c4eb9a32b952ec009daa,OK,1098.280,1577
sp16,b935f060fc633ecb59aac069eeb99d71,OK,1083.447,1598
sp16,543c819ac4256fe5b41298770a798122,OK,1154.378,1501
sp14,22449a0ea60f206a1700d752b8923709,OK,773.180,2239
sp14,db2ffa37256932f6732629ec5f2a035f,OK,763.407,2267
sp16,b97da2a131609768b2ffb5b85b870db2,OK,933.457,1855
sp16,d005b3d8ed6ab71e5ebd50c1b26a2ffb,OK,1129.046,1534
sp16,ffdbd2aa8cc03f78eb6b433fe1a74c09,OK,1119.095,1548
sp16,9962e35d818f378081860dfde6088db5,OK,1131.954,1530
sp19,0220b4986165db73cd9f0775b82b7838,MDRUN_FAIL,,655
sp19,187b2fb9351c5f10d65f710e85056c31,MDRUN_FAIL,,684
sp19,def33b1b26713c8ce7794e1cee2141c6,MDRUN_FAIL,,700
sp16,bc27b2dd2f1cfe96f171984d54609c4e,OK,936.990,1848
sp17,0220b4986165db73cd9f0775b82b7838,OK,1112.862,1557
sp19,163d7079bdd82c1e475b5abe5436959a,MDRUN_FAIL,,589
sp17,4232bcfa9c606f52c8067ff9e22fe8af,OK,1085.511,1596
sp17,13e1da8f0e67c08c5ef1cb0ebded75a5,OK,1144.072,1515
sp17,6ef67d129dcb37a0be630ca24c321f02,OK,1083.308,1600
sp19,6ef67d129dcb37a0be630ca24c321f02,MDRUN_FAIL,,762
sp17,335dd6fbc3377cdcf2401cfc6056bc9c,OK,1066.585,1625
sp17,fffe47a81a0ad8b0cd7beae03f34b077,OK,1122.442,1544
sp19,0790157ee26dfb0fea3a1ce3db026f75,MDRUN_FAIL,,1021
sp19,13e1da8f0e67c08c5ef1cb0ebded75a5,MDRUN_FAIL,,813
sp19,96e384ca0fb900959cf2205b9121fb47,MDRUN_FAIL,,712
sp19,fd5ba50d24141a833001dc12a320fc8f,MDRUN_FAIL,,831
sp19,b85a22ec0aa0dc6afd4221dc2f0bb482,MDRUN_FAIL,,795
sp19,2cb6e34fab1ee523b2a48790b68ad465,MDRUN_FAIL,,826
sp19,99c9a8dee8fadf56676d8f90e6848e58,MDRUN_FAIL,,836
sp18,1a263985d22c81f9d3e9eb46e23d21ab,MDRUN_FAIL,,1184
sp19,e40809a6930ce378fdcb37d1b644e2d6,MDRUN_FAIL,,1000
sp19,ad3886476184578f75d5af9504b7aca7,MDRUN_FAIL,,907
sp19,7969946fa4a7d73df90d5fadcdef4b59,MDRUN_FAIL,,928
sp16,519f148d49ef68ce3782c8eab23fa39e,OK,814.877,2125
sp19,de36f12fbdb6f099ba5ac3231fe389e0,MDRUN_FAIL,,890
sp19,1b98d4c02a814a1c58e384be9fe73e92,MDRUN_FAIL,,892
sp19,3f6e40d3068fb0fd99bfa763ed0ca2bb,MDRUN_FAIL,,957
sp16,04e69510b344ad3e65a21130b7429d06,OK,782.667,2211
sp16,f444bf4b2a5712cdb76e326e74202030,OK,797.262,2171
sp19,ff032b5793a25a8e4f9611a34a394671,MDRUN_FAIL,,1017
sp19,8aec869639fd159e3c91d77b4fcc4e79,MDRUN_FAIL,,1037
sp19,5d418a86059c42695f5856b68e7a7118,MDRUN_FAIL,,1089
sp19,f1a057393d7efd3f562b774490f9dfd1,MDRUN_FAIL,,1160
sp19,e49cfa366cc64bab8e1edf37b372cbf6,OK,1420.517,1219
sp19,c2f2ee45493f8ae40c2fd957499cc3f6,OK,1405.679,1232
sp19,77b75df8109925be76df5616a3e1c899,OK,1362.981,1270
