complex_id,config,dt_fs,mts,rcoulomb,gap,nstlist,target,pchembl,is_active,frames,delta_total,delta_sd,delta_sem,gbsa_wall_s,prod_wall_s,prod_ns_day,status
0220b4986165db73cd9f0775b82b7838,sp00,2,1,1.0,0.0,20,2XU3,7.3,False,201,-38.75,2.52,0.18,633,2043,847.725,ok
13e1da8f0e67c08c5ef1cb0ebded75a5,sp00,2,1,1.0,0.0,20,2XU3,7.1,False,201,-12.10,3.12,0.22,628,2068,836.561,ok
187b2fb9351c5f10d65f710e85056c31,sp00,2,1,1.0,0.0,20,2XU3,8.3,True,201,-31.81,3.31,0.23,638,2504,690.903,ok
20ffceabec2b95cc0b401b1d1e504f6b,sp00,2,1,1.0,0.0,20,2XU3,8.3,True,201,-41.47,2.99,0.21,637,2405,719.046,ok
2cb6e34fab1ee523b2a48790b68ad465,sp00,2,1,1.0,0.0,20,2XU3,6.6,False,201,-37.40,2.43,0.17,637,2057,840.683,ok
335dd6fbc3377cdcf2401cfc6056bc9c,sp00,2,1,1.0,0.0,20,2XU3,7.4,True,201,-22.27,6.64,0.47,648,2028,853.503,ok
37eaa144facb029500f427e04d484481,sp00,2,1,1.0,0.0,20,2XU3,8.0,True,201,-36.20,2.30,0.16,600,2380,726.870,ok
39cbab9e91b4af7ae5b0eed4a14b90f9,sp00,2,1,1.0,0.0,20,2XU3,6.3,True,201,-33.53,2.66,0.19,599,2054,842.146,ok
4232bcfa9c606f52c8067ff9e22fe8af,sp00,2,1,1.0,0.0,20,2XU3,7.5,False,201,-39.48,2.27,0.16,601,2415,716.395,ok
424689a2bad294c9a4d19ed5924324de,sp00,2,1,1.0,0.0,20,2XU3,6.0,False,201,-32.88,2.47,0.17,601,2055,841.706,ok
6ef67d129dcb37a0be630ca24c321f02,sp00,2,1,1.0,0.0,20,2XU3,7.3,False,201,-28.73,2.65,0.19,601,2065,837.609,ok
7969946fa4a7d73df90d5fadcdef4b59,sp00,2,1,1.0,0.0,20,2XU3,6.9,False,201,-38.59,1.94,0.14,602,2054,842.108,ok
88de53427c78a4f8890a2b946385d70b,sp00,2,1,1.0,0.0,20,2XU3,5.5,False,201,-21.03,3.24,0.23,600,2091,827.277,ok
98cf559a50ee84d38e7648c91b0c564d,sp00,2,1,1.0,0.0,20,2XU3,6.0,True,201,-29.49,2.68,0.19,600,2062,839.009,ok
99c9a8dee8fadf56676d8f90e6848e58,sp00,2,1,1.0,0.0,20,2XU3,6.3,False,201,-32.35,2.45,0.17,601,2043,846.840,ok
9c772b2f96c879dc662e5f137990844f,sp00,2,1,1.0,0.0,20,2XU3,7.9,True,201,-21.36,4.56,0.32,603,2405,719.324,ok
a1409d89193dd0a7a4a54efb7c4b0b88,sp00,2,1,1.0,0.0,20,2XU3,7.6,False,201,-39.29,2.55,0.18,603,2393,723.093,ok
a864b4e510a4a9f05aa2438e3cebd634,sp00,2,1,1.0,0.0,20,2XU3,6.0,False,201,-33.41,2.28,0.16,601,2036,849.461,ok
ad3886476184578f75d5af9504b7aca7,sp00,2,1,1.0,0.0,20,2XU3,6.6,False,201,-30.99,4.31,0.30,599,2042,846.949,ok
c42e22237c07702a044507738b0805b2,sp00,2,1,1.0,0.0,20,2XU3,5.9,False,201,-29.15,2.11,0.15,596,2088,828.724,ok
c5cf1f886c6849f8233c8b282a929680,sp00,2,1,1.0,0.0,20,2XU3,5.4,False,201,-13.93,7.46,0.53,599,2042,846.871,ok
c842104ea7034c335c96f16efde3aff4,sp00,2,1,1.0,0.0,20,2XU3,5.8,False,NA,NA,NA,NA,0,NA,NA,topo_fail
cb20abd70e0ece3d85e1338101d4bd72,sp00,2,1,1.0,0.0,20,2XU3,6.2,False,201,-30.07,2.70,0.19,602,2039,848.540,ok
d60363c0fec1c05a155d848f9a232a3e,sp00,2,1,1.0,0.0,20,2XU3,6.2,False,201,-29.15,1.88,0.13,602,2077,832.960,ok
def33b1b26713c8ce7794e1cee2141c6,sp00,2,1,1.0,0.0,20,2XU3,8.9,True,201,-41.67,2.97,0.21,600,2377,727.844,ok
e93a4d36831e1c123940b06eb94b7e74,sp00,2,1,1.0,0.0,20,2XU3,5.0,False,201,-21.48,4.07,0.29,624,2049,843.976,ok
f885f085c98c18670a7ddbe3c7a763da,sp00,2,1,1.0,0.0,20,2XU3,9.9,True,201,-32.16,5.76,0.41,625,2375,728.584,ok
fd5ba50d24141a833001dc12a320fc8f,sp00,2,1,1.0,0.0,20,2XU3,6.9,True,201,-35.34,2.55,0.18,625,2062,838.860,ok
ff8edf23e1c4463cdc767531d804cef1,sp00,2,1,1.0,0.0,20,2XU3,5.6,False,201,-33.29,2.37,0.17,618,2053,842.835,ok
fffe47a81a0ad8b0cd7beae03f34b077,sp00,2,1,1.0,0.0,20,2XU3,7.2,False,201,-10.87,6.03,0.43,622,2030,852.166,ok
0708a8656ea2024a7a2f0e1407f518a7,sp00,2,1,1.0,0.0,20,3I06,5.425,False,201,-34.49,2.63,0.19,554,2007,861.770,ok
0790157ee26dfb0fea3a1ce3db026f75,sp00,2,1,1.0,0.0,20,3I06,6.5,False,201,-30.59,2.42,0.17,596,1975,875.960,ok
37f9f904b3a0eaee2c624e4559ebe52f,sp00,2,1,1.0,0.0,20,3I06,5.4,False,201,-33.12,2.76,0.19,549,2022,855.829,ok
3c117a293542d626d77f570da38bd5f1,sp00,2,1,1.0,0.0,20,3I06,6.43,False,201,-28.22,3.10,0.22,544,2377,727.885,ok
3f6e40d3068fb0fd99bfa763ed0ca2bb,sp00,2,1,1.0,0.0,20,3I06,7.3,True,201,-14.37,6.46,0.46,544,2001,864.699,ok
4438f9709f9cecfb7ddd62b05fff9f8d,sp00,2,1,1.0,0.0,20,3I06,6.78,False,201,-23.99,4.28,0.30,545,2356,734.473,ok
47a8000e16980306005511b953a06ecf,sp00,2,1,1.0,0.0,20,3I06,6.77,False,201,-27.22,2.28,0.16,543,2015,858.949,ok
4a67881e46b87364ec2e0ec7cbbf0bec,sp00,2,1,1.0,0.0,20,3I06,7.1,False,201,-32.39,2.91,0.21,549,1992,868.323,ok
5d418a86059c42695f5856b68e7a7118,sp00,2,1,1.0,0.0,20,3I06,7.41,True,201,-23.56,4.77,0.34,552,2006,862.281,ok
642b2e0e340ac4d3adcf66589e7fd012,sp00,2,1,1.0,0.0,20,3I06,8.4,True,201,-27.47,2.53,0.18,563,2014,859.031,ok
7024d698ad06da1b887b5df50f7728d3,sp00,2,1,1.0,0.0,20,3I06,6.965,False,201,-16.73,6.84,0.48,559,2350,736.274,ok
752f05c1f66a8f4b3b1789ec136a4c33,sp00,2,1,1.0,0.0,20,3I06,5.4,False,201,-10.41,4.82,0.34,545,1969,878.772,ok
77b75df8109925be76df5616a3e1c899,sp00,2,1,1.0,0.0,20,3I06,5.744999999999999,False,201,-23.82,2.90,0.20,547,2000,864.957,ok
8aec869639fd159e3c91d77b4fcc4e79,sp00,2,1,1.0,0.0,20,3I06,5.73,False,201,-15.69,4.90,0.35,545,1977,875.322,ok
922db9175a15e6a2d34d02717b0de6ab,sp00,2,1,1.0,0.0,20,3I06,7.2,False,201,-6.35,6.03,0.43,547,2371,729.824,ok
9dff198666f179b8a182da3e203eae73,sp00,2,1,1.0,0.0,20,3I06,5.39,False,201,-28.66,3.53,0.25,551,1963,881.660,ok
b19d1a70ff3d2abd6986665d47eff086,sp00,2,1,1.0,0.0,20,3I06,7.3,True,201,-17.85,6.76,0.48,546,2032,851.282,ok
b60c297c7199140f1f38ac6909b5bf24,sp00,2,1,1.0,0.0,20,3I06,8.8,True,NA,NA,NA,NA,0,NA,NA,topo_fail
b85a22ec0aa0dc6afd4221dc2f0bb482,sp00,2,1,1.0,0.0,20,3I06,6.6,True,201,-13.06,7.49,0.53,546,1998,866.258,ok
ba808f52df2ffa29ea7a2a6a9cd5f0b8,sp00,2,1,1.0,0.0,20,3I06,5.775,False,201,-21.42,4.27,0.30,547,1988,870.509,ok
c2f2ee45493f8ae40c2fd957499cc3f6,sp00,2,1,1.0,0.0,20,3I06,6.4,True,201,-29.83,4.11,0.29,557,1990,869.565,ok
cabddb27a77b57b277eb28c407a26d3f,sp00,2,1,1.0,0.0,20,3I06,5.6,False,201,-33.95,3.93,0.28,558,1989,870.160,ok
d03b3614f1c49ff6b9fbf5832ee9770f,sp00,2,1,1.0,0.0,20,3I06,6.85,False,201,-17.75,3.81,0.27,548,2352,735.651,ok
e32bacbac8502d337dc3d54d78b564a2,sp00,2,1,1.0,0.0,20,3I06,6.85,False,201,-30.71,2.52,0.18,565,2285,757.205,ok
e40809a6930ce378fdcb37d1b644e2d6,sp00,2,1,1.0,0.0,20,3I06,5.815,False,201,-22.18,4.65,0.33,566,2036,849.795,ok
e49cfa366cc64bab8e1edf37b372cbf6,sp00,2,1,1.0,0.0,20,3I06,7.26,True,201,-14.99,8.53,0.60,569,2401,720.609,ok
ea7f0fb058ae9dd251ae33c9d872926b,sp00,2,1,1.0,0.0,20,3I06,4.52,False,201,-17.40,3.53,0.25,570,2044,846.589,ok
f1a057393d7efd3f562b774490f9dfd1,sp00,2,1,1.0,0.0,20,3I06,6.44,False,201,-23.78,4.75,0.33,564,1974,876.743,ok
fa4de5e62b4e32e8b3d71088211803e0,sp00,2,1,1.0,0.0,20,3I06,7.4,True,201,-28.15,3.59,0.25,568,1992,868.749,ok
ff032b5793a25a8e4f9611a34a394671,sp00,2,1,1.0,0.0,20,3I06,6.9,True,201,-21.41,5.30,0.37,569,2335,741.087,ok
163d7079bdd82c1e475b5abe5436959a,sp00,2,1,1.0,0.0,20,4A5S,8.82,True,201,-32.78,3.20,0.23,6073,4736,365.160,ok
1b98d4c02a814a1c58e384be9fe73e92,sp00,2,1,1.0,0.0,20,4A5S,6.99,False,201,-12.44,5.62,0.40,6093,4707,367.388,ok
25f842cc3cf5b87a32d72adc77c97780,sp00,2,1,1.0,0.0,20,4A5S,7.12,False,201,-26.03,2.06,0.15,6074,4682,369.403,ok
26daa23c738cb8c7dababa4ee2a1c4fb,sp00,2,1,1.0,0.0,20,4A5S,5.88,False,201,-21.88,4.01,0.28,6076,4705,367.548,ok
308f2419f5e0ca7b6d39aac23a7de2ff,sp00,2,1,1.0,0.0,20,4A5S,6.06,True,NA,NA,NA,NA,0,NA,NA,pull_fail
40cb8b0c3343c02f5a6c40f02757e920,sp00,2,1,1.0,0.0,20,4A5S,7.68,True,201,-21.19,5.27,0.37,5818,4655,371.516,ok
5266e860e65e5fc94b8ebfcb7843c31f,sp00,2,1,1.0,0.0,20,4A5S,7.31,True,NA,NA,NA,NA,0,NA,NA,topo_fail
57bff1b2673d3c8b9006213161935522,sp00,2,1,1.0,0.0,20,4A5S,5.79,False,201,-14.77,8.74,0.62,5855,4641,372.588,ok
6c4846b6eaf17057657b89d9f3678cfc,sp00,2,1,1.0,0.0,20,4A5S,7.92,False,201,-32.90,5.44,0.38,5868,4746,364.374,ok
6efdc9276471f46eacd8dbafd71ddfd6,sp00,2,1,1.0,0.0,20,4A5S,6.84,True,NA,NA,NA,NA,0,NA,NA,topo_fail
7a1bbdb9f1f8528edd767025c45e5cc8,sp00,2,1,1.0,0.0,20,4A5S,8.05,False,201,-29.46,3.66,0.26,5844,5037,343.305,ok
819a7f7be372131a469fbed045c9eb33,sp00,2,1,1.0,0.0,20,4A5S,7.52,False,201,-32.66,3.41,0.24,5848,4718,366.499,ok
96e384ca0fb900959cf2205b9121fb47,sp00,2,1,1.0,0.0,20,4A5S,8.0,True,NA,NA,NA,NA,0,NA,NA,topo_fail
abcebd7334a50be9b204a4899d5d8881,sp00,2,1,1.0,0.0,20,4A5S,9.14,True,201,-31.82,4.85,0.34,5832,4704,367.643,ok
ac0197ee4a02894e2611e255e0125503,sp00,2,1,1.0,0.0,20,4A5S,8.08,False,201,-8.96,6.51,0.46,5817,4725,365.992,ok
b2bcac7a4f0262268b1a6d2db8d7eb5a,sp00,2,1,1.0,0.0,20,4A5S,7.96,True,NA,NA,NA,NA,0,NA,NA,topo_fail
b4d6bf83422567e92f6475f4f9bd6ec8,sp00,2,1,1.0,0.0,20,4A5S,8.05,False,NA,NA,NA,NA,0,NA,NA,topo_fail
ba32a5ca5c7e6e2db41283cf2f90660d,sp00,2,1,1.0,0.0,20,4A5S,5.54,False,201,-32.76,2.87,0.20,5857,4653,371.677,ok
bd1567927f497abd4e18605be0e5f9dc,sp00,2,1,1.0,0.0,20,4A5S,6.14,False,NA,NA,NA,NA,0,NA,NA,topo_fail
c6780a0007686453a29186d9ec94b23f,sp00,2,1,1.0,0.0,20,4A5S,7.36,False,201,-13.96,10.25,0.72,5858,4717,366.579,ok
c82e0b161bf77b819bbafff08f9a082e,sp00,2,1,1.0,0.0,20,4A5S,8.14,False,NA,NA,NA,NA,0,NA,NA,topo_fail
c8dee15f6cbcf595a6900314ad342f99,sp00,2,1,1.0,0.0,20,4A5S,7.27,False,NA,NA,NA,NA,0,NA,NA,topo_fail
c94a26f4dff73a180f04c48dad017723,sp00,2,1,1.0,0.0,20,4A5S,7.7,False,NA,NA,NA,NA,0,NA,NA,topo_fail
ca1e569ab7c7bc83c949f9e20ed78453,sp00,2,1,1.0,0.0,20,4A5S,9.32,True,NA,NA,NA,NA,0,NA,NA,topo_fail
cfe4d9b13bebf025bdbd30504f03c83a,sp00,2,1,1.0,0.0,20,4A5S,7.48,False,201,-18.77,4.42,0.31,5860,4746,364.361,ok
d15af9a4462ff88f2cfafbc6cc94912e,sp00,2,1,1.0,0.0,20,4A5S,5.89,False,NA,NA,NA,NA,0,NA,NA,topo_fail
d1a961f69c709d74aaec2945249f508c,sp00,2,1,1.0,0.0,20,4A5S,6.5,False,NA,NA,NA,NA,0,NA,NA,topo_fail
de36f12fbdb6f099ba5ac3231fe389e0,sp00,2,1,1.0,0.0,20,4A5S,8.36,True,201,-23.73,5.56,0.39,5826,4707,367.390,ok
ea054fd43eb193b0b6268f917ed60185,sp00,2,1,1.0,0.0,20,4A5S,6.12,False,201,-7.46,5.69,0.40,6055,4745,364.396,ok
fbf450a68aa0a625ec13f6c762944a3b,sp00,2,1,1.0,0.0,20,4A5S,7.82,False,NA,NA,NA,NA,0,NA,NA,topo_fail
03d2d012db8145e06c35d7e016c645dc,sp00,2,1,1.0,0.0,20,4L7G,8.36,True,201,-24.46,2.04,0.14,1776,2914,593.662,ok
055e1e9c95b2378efd3fc90b82948709,sp00,2,1,1.0,0.0,20,4L7G,5.33,False,201,-40.49,2.92,0.21,1771,3072,563.015,ok
0677f513ac408d66c189e10e0ee4d76f,sp00,2,1,1.0,0.0,20,4L7G,5.29,False,201,-28.28,3.83,0.27,1871,3087,560.128,ok
078844c7f38624b3996505d0f98526ca,sp00,2,1,1.0,0.0,20,4L7G,8.01,True,201,-36.00,2.76,0.19,1885,2907,594.913,ok
0a826045d720c0a795bd1979a728e35c,sp00,2,1,1.0,0.0,20,4L7G,5.3,False,201,-30.75,2.52,0.18,1782,3044,568.086,ok
3116f4c5342bf41e08cd23593057d9ac,sp00,2,1,1.0,0.0,20,4L7G,5.15,False,201,-38.14,2.57,0.18,1794,3068,563.865,ok
39f4f10d914c61149f1719bf477dd932,sp00,2,1,1.0,0.0,20,4L7G,5.27,False,201,-42.70,2.88,0.20,1777,3121,553.987,ok
3a87c373b8ee3ee690e68ccce89857a3,sp00,2,1,1.0,0.0,20,4L7G,6.0,True,201,-34.87,2.69,0.19,1783,2925,591.370,ok
52d2e2cddbd6c2ca52b2a6692a1be706,sp00,2,1,1.0,0.0,20,4L7G,5.14,False,NA,NA,NA,NA,0,NA,NA,topo_fail
6ed539a8e565bc920be9f146e577ce98,sp00,2,1,1.0,0.0,20,4L7G,5.18,False,201,-24.78,2.39,0.17,1778,2879,601.065,ok
71d81c144a98e11bef7a990464b30910,sp00,2,1,1.0,0.0,20,4L7G,5.31,False,201,-41.57,1.94,0.14,1777,3136,551.369,ok
7f8c5f877cc7df732365ed9f3035e71a,sp00,2,1,1.0,0.0,20,4L7G,8.2,True,201,-15.98,3.12,0.22,1771,3097,558.322,ok
824df1fae448411a738d6987cd933d7b,sp00,2,1,1.0,0.0,20,4L7G,8.52,True,201,-31.24,3.01,0.21,1789,3094,559.066,ok
9510387a41d9428f814f1e8a487e626d,sp00,2,1,1.0,0.0,20,4L7G,7.0,True,NA,NA,NA,NA,0,NA,NA,topo_fail
ab32da1f7ea48da050cb3f074c41b42f,sp00,2,1,1.0,0.0,20,4L7G,5.21,False,201,-32.64,2.11,0.15,1773,2906,595.548,ok
b1a7ee597e9d75bd95fcad2e74c8ab83,sp00,2,1,1.0,0.0,20,4L7G,6.54,True,201,-39.80,2.44,0.17,1776,3272,528.442,ok
b7649d4e54db2998f4f380ff5b78484d,sp00,2,1,1.0,0.0,20,4L7G,5.22,False,201,-30.66,3.54,0.25,1780,3190,542.116,ok
c3abed8fe47c90e2af144bafbdc1da21,sp00,2,1,1.0,0.0,20,4L7G,5.14,False,201,-27.87,2.22,0.16,1779,3298,524.537,ok
c3e6f0472fa7320f5e210e26cfc4ecec,sp00,2,1,1.0,0.0,20,4L7G,5.33,False,201,-32.46,1.86,0.13,1768,3237,534.217,ok
c5b72985a64d484d55f5162f79464155,sp00,2,1,1.0,0.0,20,4L7G,5.28,False,201,-27.49,1.96,0.14,1787,3154,548.255,ok
c83d057a219e5a25a09f354503a70d4d,sp00,2,1,1.0,0.0,20,4L7G,5.33,False,NA,NA,NA,NA,0,NA,NA,topo_fail
cf4a8047b69fbbe4ae6525a51c3063a1,sp00,2,1,1.0,0.0,20,4L7G,5.1,False,201,-38.14,2.86,0.20,1781,3093,559.400,ok
d1d524dd925a24438ecd2d014b089d87,sp00,2,1,1.0,0.0,20,4L7G,5.32,False,201,-12.64,7.10,0.50,1782,3096,558.581,ok
e123cf065380d0b0c8f3053e9ba7be61,sp00,2,1,1.0,0.0,20,4L7G,5.3,False,NA,NA,NA,NA,0,NA,NA,topo_fail
e3b605e5b9101a4f3fa1aae790d69360,sp00,2,1,1.0,0.0,20,4L7G,5.05,False,201,-45.73,2.59,0.18,1863,3728,463.944,ok
e8db4af0c7a34ddcd59bd43979c83a63,sp00,2,1,1.0,0.0,20,4L7G,7.96,True,201,-29.46,2.88,0.20,1843,3072,562.857,ok
ec4ccad83d01498f18eec3728419c3aa,sp00,2,1,1.0,0.0,20,4L7G,5.21,False,NA,NA,NA,NA,0,NA,NA,topo_fail
ee2e7b45aae1b85d5c18aad16d03d855,sp00,2,1,1.0,0.0,20,4L7G,7.45,True,201,-18.58,3.58,0.25,1848,3240,533.699,ok
f5b52bef73821d9cc3d674e42de6608f,sp00,2,1,1.0,0.0,20,4L7G,5.07,False,201,-14.39,4.94,0.35,1845,3102,557.833,ok
04d89e15e651861ca58bbec52b719c49,sp00,2,1,1.0,0.0,20,4QB3,6.33,False,201,-39.77,3.84,0.27,274,2071,835.699,ok
0b4fbf7130a60ebdf348cd8d14c36b77,sp00,2,1,1.0,0.0,20,4QB3,7.515,True,201,-34.44,3.00,0.21,288,1794,965.548,ok
15044c0c9f83bb877f5ea28fece53a3d,sp00,2,1,1.0,0.0,20,4QB3,6.38,False,201,-35.49,4.54,0.32,287,1773,976.589,ok
2b0132dda46dfc13890fc97f3e161079,sp00,2,1,1.0,0.0,20,4QB3,6.295,False,201,-25.75,3.36,0.24,285,2036,850.272,ok
3dd7fe0b27b084a92f8091446da1a66e,sp00,2,1,1.0,0.0,20,4QB3,5.68,False,201,-31.35,3.64,0.26,269,2062,839.373,ok
492b610efd391e76c199bfed5b16cf2a,sp00,2,1,1.0,0.0,20,4QB3,5.51,False,201,-33.96,3.93,0.28,270,1742,993.901,ok
594685ab2c2c7dfb758c69d0a9bc2a8d,sp00,2,1,1.0,0.0,20,4QB3,6.33,False,201,-45.05,3.05,0.22,272,1987,871.921,ok
605f40bd8c866d6adb1d6f2bec42c9b3,sp00,2,1,1.0,0.0,20,4QB3,8.004999999999999,True,201,-28.56,4.08,0.29,268,1750,989.652,ok
65316367b1c7ba80511f9cb5fb2fd2a4,sp00,2,1,1.0,0.0,20,4QB3,8.25,True,201,-39.84,2.90,0.20,275,2026,854.778,ok
6b43e44fb3ada6de6c351a68d32eaa65,sp00,2,1,1.0,0.0,20,4QB3,8.74,True,201,-29.70,3.56,0.25,269,2086,829.687,ok
6f8f3139923f55cc6cf8ceaccedb3aa4,sp00,2,1,1.0,0.0,20,4QB3,5.91,False,NA,NA,NA,NA,0,NA,NA,topo_fail
71610ced88f2d058ad64b79635b26b20,sp00,2,1,1.0,0.0,20,4QB3,5.74,False,201,-28.29,3.64,0.26,270,1977,875.768,ok
749b421329101fb34bf4c33daa32ff2e,sp00,2,1,1.0,0.0,20,4QB3,5.555,False,201,-23.57,2.80,0.20,268,2029,853.118,ok
79ff013c97a88f8bec1adfae42218746,sp00,2,1,1.0,0.0,20,4QB3,6.115,False,201,-43.55,2.98,0.21,278,1969,879.541,ok
8016222bad11f4d65a8f6f4e49b5cd67,sp00,2,1,1.0,0.0,20,4QB3,6.074999999999999,False,201,-38.11,3.19,0.23,272,2013,860.538,ok
8072d1cd9b9a836cbeec520610c1f9bd,sp00,2,1,1.0,0.0,20,4QB3,5.67,False,NA,NA,NA,NA,0,NA,NA,topo_fail
80b0fe984d15b87a9da0bed91ab28b29,sp00,2,1,1.0,0.0,20,4QB3,7.77,True,NA,NA,NA,NA,0,NA,NA,topo_fail
8a909432391c80b5414f2aed6279b942,sp00,2,1,1.0,0.0,20,4QB3,7.01,True,201,-41.81,2.58,0.18,273,1742,994.142,ok
971c944ef6916e2840b6d63b8f00425e,sp00,2,1,1.0,0.0,20,4QB3,5.625,False,NA,NA,NA,NA,0,NA,NA,topo_fail
aa4ab13cb4df4d90f08700b97350a57b,sp00,2,1,1.0,0.0,20,4QB3,6.055,True,201,-32.98,3.09,0.22,281,1988,870.825,ok
ac6254a319053d53d01f6c8c06bc783d,sp00,2,1,1.0,0.0,20,4QB3,6.415,False,201,-45.96,3.37,0.24,272,2069,836.789,ok
b2d145c83fe363359f846985aa11d3ba,sp00,2,1,1.0,0.0,20,4QB3,5.965,False,NA,NA,NA,NA,0,NA,NA,topo_fail
bf34923dc4f956fa0c26fb0a54550049,sp00,2,1,1.0,0.0,20,4QB3,5.28,False,NA,NA,NA,NA,0,NA,NA,topo_fail
cc7b6263adb98dd621cdb08fde955a6f,sp00,2,1,1.0,0.0,20,4QB3,9.505,True,201,-43.82,3.03,0.21,270,2060,840.144,ok
ce9a796b1b540bd01171a965543d5ed4,sp00,2,1,1.0,0.0,20,4QB3,7.99,True,201,-35.01,2.97,0.21,268,1749,990.284,ok
d14a66e8dd811490ccafaf75afa970de,sp00,2,1,1.0,0.0,20,4QB3,6.35,False,201,-31.33,2.60,0.18,267,2030,852.695,ok
e157f064686d18428292a95c75eebffe,sp00,2,1,1.0,0.0,20,4QB3,8.495000000000001,True,201,-33.12,3.84,0.27,282,1750,990.544,ok
eb86c0e119d2fe75487a399c76724176,sp00,2,1,1.0,0.0,20,4QB3,6.0600000000000005,False,201,-29.34,3.64,0.26,280,2030,852.886,ok
ec69e1666eb0eb27ed19cf2994bc675f,sp00,2,1,1.0,0.0,20,4QB3,5.845,False,NA,NA,NA,NA,0,NA,NA,topo_fail
fa512f9f244e78009694ff207c157f04,sp00,2,1,1.0,0.0,20,4QB3,5.975,False,201,-41.49,3.32,0.23,281,2072,835.760,ok
066409425aa3969efdeb577c7443fbbd,sp00,2,1,1.0,0.0,20,5HU9,7.38,False,201,-39.35,3.95,0.28,993,2442,708.687,ok
0d441b18656df0b6da1659391eb123e7,sp00,2,1,1.0,0.0,20,5HU9,7.38,False,201,-23.98,2.70,0.19,1056,2423,714.021,ok
11575d57d06531080c7c3f1703538086,sp00,2,1,1.0,0.0,20,5HU9,8.0,True,201,-32.26,14.21,1.00,1043,2428,712.605,ok
12004f3f2e7c95e0f8ddf8877cb7684c,sp00,2,1,1.0,0.0,20,5HU9,7.24,False,201,-31.54,4.37,0.31,1029,2392,723.279,ok
1dd183338ac9d0d5904e89f4aca06e34,sp00,2,1,1.0,0.0,20,5HU9,6.86,False,201,-34.73,2.36,0.17,1044,2363,732.087,ok
2be277119d6eae84726b1921013ba77e,sp00,2,1,1.0,0.0,20,5HU9,7.38,False,201,-23.73,2.82,0.20,1054,2393,722.766,ok
302044e4781ac510fc30f16377e71d45,sp00,2,1,1.0,0.0,20,5HU9,10.73,True,201,-24.61,3.87,0.27,1064,2415,716.338,ok
353af6c9cfe7ecb0019d13eaa7b46eaf,sp00,2,1,1.0,0.0,20,5HU9,7.3,False,201,-25.71,4.41,0.31,1011,2388,724.598,ok
3d395f6de7723b7b1aeebfb375bb1c5d,sp00,2,1,1.0,0.0,20,5HU9,8.7,True,201,-38.62,2.59,0.18,1011,2426,713.170,ok
3fa0c6c3d51d517940f2d737b2a070f2,sp00,2,1,1.0,0.0,20,5HU9,9.15,True,201,-34.88,3.13,0.22,1015,2437,709.913,ok
427745a99482f89e2af213daac24f2c4,sp00,2,1,1.0,0.0,20,5HU9,7.14,False,201,-18.77,7.71,0.54,1027,2404,719.529,ok
47d61683781a3671bead51f8f8e84eb9,sp00,2,1,1.0,0.0,20,5HU9,7.38,False,201,-25.67,5.28,0.37,1027,2425,713.370,ok
57f8d9f325a6ba6d6f33f1306c042866,sp00,2,1,1.0,0.0,20,5HU9,6.67,False,201,-32.43,2.66,0.19,1005,2430,712.055,ok
5aeaf69cbe372b3d35c6e0ef066dc05b,sp00,2,1,1.0,0.0,20,5HU9,6.67,False,201,-25.11,2.42,0.17,1005,2387,724.754,ok
6625c7dedbb9078036a34c78f2ad4182,sp00,2,1,1.0,0.0,20,5HU9,7.38,False,201,-35.61,2.48,0.17,1003,2417,715.903,ok
6fe2e1378b320a53571e4688376156bc,sp00,2,1,1.0,0.0,20,5HU9,7.96,True,NA,NA,NA,NA,0,NA,NA,topo_fail
83426a9786b17364e36e1efe6db37be6,sp00,2,1,1.0,0.0,20,5HU9,6.88,False,201,-20.42,13.31,0.94,1014,2407,718.893,ok
8b7977f1eab9ea4074744154d19bfa8d,sp00,2,1,1.0,0.0,20,5HU9,7.07,False,201,-27.46,4.72,0.33,1009,2403,720.001,ok
8f625b232d5b3f24ef0fccc5663f85b7,sp00,2,1,1.0,0.0,20,5HU9,6.39,False,201,-21.81,3.86,0.27,1009,2856,605.752,ok
9c39d3ac13c2b5c81959b897757d862d,sp00,2,1,1.0,0.0,20,5HU9,9.7,True,201,-24.48,5.06,0.36,1005,2395,722.270,ok
a9feaf2e38ac31b8f513a09f91500ce9,sp00,2,1,1.0,0.0,20,5HU9,6.38,False,NA,NA,NA,NA,0,NA,NA,topo_fail
b97da2a131609768b2ffb5b85b870db2,sp00,2,1,1.0,0.0,20,5HU9,6.44,False,201,-23.46,5.42,0.38,1017,2850,606.951,ok
b9b9bfeefa0e6a15732b8a6efe510a7f,sp00,2,1,1.0,0.0,20,5HU9,7.28,False,201,-24.43,13.48,0.95,996,2408,718.486,ok
bc27b2dd2f1cfe96f171984d54609c4e,sp00,2,1,1.0,0.0,20,5HU9,6.36,True,201,-29.74,3.03,0.21,1017,2847,607.484,ok
cee48dd72369c4e1f48b01651c970791,sp00,2,1,1.0,0.0,20,5HU9,7.38,False,201,-31.97,8.15,0.57,1011,2547,679.136,ok
d4f996968bb63065cac387c064aaed66,sp00,2,1,1.0,0.0,20,5HU9,7.38,True,201,-24.17,4.84,0.34,1013,2396,722.028,ok
d53bf0815e07a7eed23cd2bbc64997ea,sp00,2,1,1.0,0.0,20,5HU9,7.38,False,201,-27.85,4.50,0.32,994,2384,725.891,ok
e111d883881d5735e54ce398821e189a,sp00,2,1,1.0,0.0,20,5HU9,6.62,False,201,-18.91,6.55,0.46,986,2847,607.713,ok
e705cc4eb668b2bbc015283bc2b78b89,sp00,2,1,1.0,0.0,20,5HU9,7.57,True,201,-29.75,7.43,0.52,1032,2447,707.008,ok
ee504f886574b282ca630cb14509614b,sp00,2,1,1.0,0.0,20,5HU9,7.8,True,201,-11.30,5.69,0.40,1049,2490,695.042,ok
04e69510b344ad3e65a21130b7429d06,sp00,2,1,1.0,0.0,20,8ELC,8.8,True,201,-40.09,2.84,0.20,1624,3047,567.737,ok
1468bf8fe44d2660d4245111ed256bb3,sp00,2,1,1.0,0.0,20,8ELC,4.5,False,201,-18.69,4.27,0.30,1714,3011,574.800,ok
14e61945a20724d1818139fef8823538,sp00,2,1,1.0,0.0,20,8ELC,6.6,True,201,-32.77,3.50,0.25,1734,2838,609.574,ok
1c58151c5cca3757a0dafb204cf925ad,sp00,2,1,1.0,0.0,20,8ELC,8.2,True,201,-51.57,4.83,0.34,1712,3631,476.297,ok
22449a0ea60f206a1700d752b8923709,sp00,2,1,1.0,0.0,20,8ELC,6.2,True,201,-56.45,2.73,0.19,1762,3020,572.729,ok
3701efaa518b8864dbdbd2befc3c3bad,sp00,2,1,1.0,0.0,20,8ELC,5.4,False,201,-43.69,2.98,0.21,1637,3058,565.726,ok
3b35ddb2b8a33d05d6b5870a9da6c712,sp00,2,1,1.0,0.0,20,8ELC,7.9,True,201,-27.36,6.27,0.44,1618,3507,493.182,ok
3f4c270aff052556802e3ea59a80940f,sp00,2,1,1.0,0.0,20,8ELC,5.1,False,201,-27.76,1.83,0.13,1618,2860,604.912,ok
48a1e72551999e470167671de99c60b0,sp00,2,1,1.0,0.0,20,8ELC,5.4,False,201,-40.91,2.37,0.17,1621,2999,577.012,ok
4ec28cb2a7a8589319f3a418eb12f1fd,sp00,2,1,1.0,0.0,20,8ELC,4.2,False,201,-23.93,2.73,0.19,1613,3026,571.634,ok
519f148d49ef68ce3782c8eab23fa39e,sp00,2,1,1.0,0.0,20,8ELC,8.4,True,NA,NA,NA,NA,0,NA,NA,topo_fail
6e359d9430a2de705d89d808ead7c331,sp00,2,1,1.0,0.0,20,8ELC,5.4,False,201,-40.99,2.56,0.18,1622,2836,609.905,ok
6f6836389edc435ef5de6a0ca5c25474,sp00,2,1,1.0,0.0,20,8ELC,7.1,True,NA,NA,NA,NA,0,NA,NA,topo_fail
70ccfc52bf05ee3830737995c6d93f9c,sp00,2,1,1.0,0.0,20,8ELC,4.5,False,201,-32.65,1.53,0.11,1622,2994,577.981,ok
73ee76fa0a7cddc97ed2eb037810cd66,sp00,2,1,1.0,0.0,20,8ELC,4.7,False,201,-33.84,1.82,0.13,1616,3033,570.289,ok
8334c32de8facb541aeda11ba000b299,sp00,2,1,1.0,0.0,20,8ELC,4.4,False,201,-35.49,1.67,0.12,1621,3064,564.499,ok
8dcaa68c20948305aa767048b2da4ec2,sp00,2,1,1.0,0.0,20,8ELC,5.4,False,201,-32.71,3.77,0.27,1666,2851,606.745,ok
9c898bacf201efb96fbd136bddcadbcd,sp00,2,1,1.0,0.0,20,8ELC,4.1,False,201,-27.89,2.82,0.20,1616,3011,574.249,ok
a2698e5db085c1959923b7b6eca55067,sp00,2,1,1.0,0.0,20,8ELC,8.0,True,201,-35.85,3.79,0.27,1622,2870,602.790,ok
b336313e484c9484749cc0714b940ff4,sp00,2,1,1.0,0.0,20,8ELC,5.4,False,NA,NA,NA,NA,0,NA,NA,topo_fail
b4b28e7bbe6caf601c6f1d9f426e6b74,sp00,2,1,1.0,0.0,20,8ELC,4.3,False,NA,NA,NA,NA,0,NA,NA,topo_fail
bc9b7c54eb864a288d845c2e1a4018a9,sp00,2,1,1.0,0.0,20,8ELC,5.4,False,201,-56.99,3.93,0.28,1648,2818,614.100,ok
c52270f78e77bf608aafaa68736e6b18,sp00,2,1,1.0,0.0,20,8ELC,4.1,False,201,-16.67,5.15,0.36,1611,2873,602.297,ok
ccb9fbbe8dccd3e51806073eb486a17c,sp00,2,1,1.0,0.0,20,8ELC,4.3,False,201,-35.76,1.93,0.14,1626,3047,567.785,ok
ceb2b49097d65c6344d7760b76a49be7,sp00,2,1,1.0,0.0,20,8ELC,4.5,False,201,-20.24,2.73,0.19,1617,2824,612.817,ok
db2ffa37256932f6732629ec5f2a035f,sp00,2,1,1.0,0.0,20,8ELC,4.0,False,201,-30.09,1.95,0.14,1627,3218,537.368,ok
ee389516e27a1853ac625548d8ca9482,sp00,2,1,1.0,0.0,20,8ELC,6.0,True,201,-50.38,2.79,0.20,1695,2785,621.128,ok
eff71722c9c04f7e61a0cf427b3c6019,sp00,2,1,1.0,0.0,20,8ELC,4.3,False,201,-40.18,2.51,0.18,1683,2865,604.053,ok
f444bf4b2a5712cdb76e326e74202030,sp00,2,1,1.0,0.0,20,8ELC,8.2,True,201,-38.97,2.70,0.19,1680,3473,497.962,ok
fae572d9925f12e9cf58d65f8235a662,sp00,2,1,1.0,0.0,20,8ELC,5.4,False,NA,NA,NA,NA,0,NA,NA,topo_fail
03f5731ad72b97ea2fd1ec352fe5dde0,sp00,2,1,1.0,0.0,20,9D9I,6.59,False,201,-57.59,3.12,0.22,619,2073,834.535,ok
0a8bd2b181a818ac245c132acb3ffd18,sp00,2,1,1.0,0.0,20,9D9I,4.82,False,201,-37.44,2.78,0.20,606,2042,847.892,ok
0ba0e185398f759ca91fbd5fa3f0803a,sp00,2,1,1.0,0.0,20,9D9I,8.05,True,201,-56.48,2.74,0.19,606,2094,826.036,ok
0f35616c28aaaf8c39fd2467e3d2cebd,sp00,2,1,1.0,0.0,20,9D9I,5.21,False,201,-38.14,2.16,0.15,638,2059,840.462,ok
1a263985d22c81f9d3e9eb46e23d21ab,sp00,2,1,1.0,0.0,20,9D9I,4.88,False,201,-48.02,3.11,0.22,634,2082,831.126,ok
1f270ea65cd761a78a0ed8ab4ee8fec0,sp00,2,1,1.0,0.0,20,9D9I,5.46,False,201,-47.89,2.21,0.16,625,2041,848.196,ok
266bbb49e60781aca4002ea95c99c033,sp00,2,1,1.0,0.0,20,9D9I,5.08,False,201,-37.23,2.34,0.16,630,2058,840.784,ok
282b4e352d38ef07443209435439bcea,sp00,2,1,1.0,0.0,20,9D9I,9.0,True,201,-57.13,2.90,0.20,668,2084,830.335,ok
295199ed8a4621a340b6b79b4024bec4,sp00,2,1,1.0,0.0,20,9D9I,4.78,False,201,-33.64,3.16,0.22,627,2066,837.856,ok
2b0f0d7f8914675eaf8e2f5aee81598d,sp00,2,1,1.0,0.0,20,9D9I,6.48,False,201,-49.67,2.25,0.16,640,2445,707.446,ok
395f47b77b5f161c28c20393b39e9076,sp00,2,1,1.0,0.0,20,9D9I,5.51,False,201,-43.79,3.14,0.22,606,2087,828.833,ok
59573ee97914f33c9708de5aa2e356b5,sp00,2,1,1.0,0.0,20,9D9I,4.49,False,201,-36.42,2.04,0.14,602,2092,827.740,ok
5b6d2943bab2409bd0928714d9016311,sp00,2,1,1.0,0.0,20,9D9I,7.06,False,201,-55.19,3.25,0.23,603,2423,713.958,ok
5e2a23cb4d697cfdd0e84f4a2481d982,sp00,2,1,1.0,0.0,20,9D9I,6.75,True,201,-42.48,2.94,0.21,605,2433,711.083,ok
69ea6e3ad23ea569f4bbfa0263cb5bdc,sp00,2,1,1.0,0.0,20,9D9I,7.06,False,201,-45.82,2.69,0.19,603,2446,707.269,ok
7f401a529b655f4a54438d8f5d6f0225,sp00,2,1,1.0,0.0,20,9D9I,6.16,True,201,-41.66,2.29,0.16,603,2113,818.522,ok
909628c1d41006cf8bdc95b988228e4f,sp00,2,1,1.0,0.0,20,9D9I,4.54,False,201,-35.11,2.26,0.16,604,2066,837.988,ok
ace45146c6a78c8039ff1fcd87b39fda,sp00,2,1,1.0,0.0,20,9D9I,5.62,False,201,-47.41,2.14,0.15,608,2040,848.089,ok
b6465c8ac0ed173d3faf7c401e0c4924,sp00,2,1,1.0,0.0,20,9D9I,7.25,True,201,-53.48,4.08,0.29,613,2126,813.658,ok
b8ac149673f7c3cd33b88439965cd67f,sp00,2,1,1.0,0.0,20,9D9I,7.47,True,201,-52.98,3.12,0.22,604,2142,807.608,ok
b935f060fc633ecb59aac069eeb99d71,sp00,2,1,1.0,0.0,20,9D9I,4.64,False,201,-35.19,2.29,0.16,610,2069,836.846,ok
ca3e30b78b8b15c1aa76fed50341d715,sp00,2,1,1.0,0.0,20,9D9I,7.09,True,NA,NA,NA,NA,0,NA,NA,topo_fail
d4a029e120a4109e548f939835fea733,sp00,2,1,1.0,0.0,20,9D9I,7.92,True,201,-52.05,2.64,0.19,606,2088,828.412,ok
d8a2b383fc51f79cc2469b166af9122c,sp00,2,1,1.0,0.0,20,9D9I,6.9,False,201,-43.27,3.03,0.21,606,2071,835.574,ok
de1492a39ee5b6346482dc83a1060a60,sp00,2,1,1.0,0.0,20,9D9I,5.58,False,201,-47.37,2.31,0.16,600,2610,662.969,ok
e13195a3669e20a1cb71ccb752460291,sp00,2,1,1.0,0.0,20,9D9I,6.18,False,201,-53.24,3.16,0.22,635,2421,714.394,ok
e5ec85f1b96ce3d4ca5d747969350f0f,sp00,2,1,1.0,0.0,20,9D9I,5.68,False,201,-45.58,2.83,0.20,634,2489,695.217,ok
f3bf65b5c175c4eb9a32b952ec009daa,sp00,2,1,1.0,0.0,20,9D9I,4.63,False,201,-33.53,2.19,0.15,624,2081,831.896,ok
fa95727eed889db7226aa52d7509284a,sp00,2,1,1.0,0.0,20,9D9I,8.3,True,201,-44.93,2.11,0.15,633,2088,828.317,ok
01bd41af226d7f8d1e5fdb361b0b562d,sp00,2,1,1.0,0.0,20,9SI4,5.13,False,201,-14.67,5.04,0.36,650,2024,855.137,ok
047b4e5133e0d4a8a3c4c2b9f29f5ee1,sp00,2,1,1.0,0.0,20,9SI4,4.46,False,201,-20.06,1.49,0.10,661,2056,841.657,ok
0b8c97a20e0da60b11a122b27f6c8b62,sp00,2,1,1.0,0.0,20,9SI4,4.89,False,201,-32.09,3.87,0.27,614,2021,856.416,ok
196b38c7ef93d3d9da6c8ba5fbe7cc36,sp00,2,1,1.0,0.0,20,9SI4,5.19,False,201,-21.93,3.39,0.24,654,2042,847.501,ok
238dd65aac42b2b34162c0b51a84d1db,sp00,2,1,1.0,0.0,20,9SI4,4.01,False,201,-15.31,4.41,0.31,647,2034,850.503,ok
253860e6145c4fd6dd9cbc288515e367,sp00,2,1,1.0,0.0,20,9SI4,9.64,True,201,-18.54,2.90,0.20,645,2129,812.873,ok
359e38e810d725751e2260e2b3006df9,sp00,2,1,1.0,0.0,20,9SI4,4.84,False,201,-21.74,1.62,0.11,621,2045,846.096,ok
4be7a12b601883e91811eeb2e0c4ed4b,sp00,2,1,1.0,0.0,20,9SI4,5.14,False,201,-23.73,1.51,0.11,606,2021,856.119,ok
543c819ac4256fe5b41298770a798122,sp00,2,1,1.0,0.0,20,9SI4,7.15,True,201,-30.41,2.02,0.14,627,2021,856.267,ok
5d9bbfbd38feae26823caf531a5db1a6,sp00,2,1,1.0,0.0,20,9SI4,8.0,True,201,-13.05,5.10,0.36,608,2094,826.658,ok
62064a9f6b5d461a4c097abbc9bffe7a,sp00,2,1,1.0,0.0,20,9SI4,10.37,True,201,-24.93,1.90,0.13,611,2019,857.566,ok
6564af0e70be4d43388870363762e68c,sp00,2,1,1.0,0.0,20,9SI4,7.96,True,201,-16.55,4.03,0.28,612,2059,840.445,ok
65fcca610b91676d473a89c0858c6ffc,sp00,2,1,1.0,0.0,20,9SI4,5.1,False,201,-14.42,1.78,0.13,609,2051,843.490,ok
69da907af4c1f2f8307d027d4ab80d72,sp00,2,1,1.0,0.0,20,9SI4,5.02,False,201,-25.55,2.31,0.16,609,2152,804.117,ok
737df570b627d06e92101677b4e3da21,sp00,2,1,1.0,0.0,20,9SI4,4.26,False,201,-26.43,3.02,0.21,609,2045,846.142,ok
9962e35d818f378081860dfde6088db5,sp00,2,1,1.0,0.0,20,9SI4,5.26,False,201,-22.05,3.23,0.23,616,2025,854.685,ok
9e7607ef3d929c5fd46ea0dc7f23f535,sp00,2,1,1.0,0.0,20,9SI4,4.73,False,201,-28.01,2.13,0.15,618,2020,856.370,ok
9fdebd3e36d16344b05f496394363d9c,sp00,2,1,1.0,0.0,20,9SI4,4.96,False,201,-25.47,2.71,0.19,612,2031,851.861,ok
a5b2fb04b878e9fff4b764e79cf06db2,sp00,2,1,1.0,0.0,20,9SI4,4.19,False,201,-32.55,2.36,0.17,611,2059,840.245,ok
bb0523a55a6136f05a592d05fd8ff8de,sp00,2,1,1.0,0.0,20,9SI4,8.57,True,201,-23.39,2.65,0.19,610,2028,853.449,ok
d005b3d8ed6ab71e5ebd50c1b26a2ffb,sp00,2,1,1.0,0.0,20,9SI4,6.0,True,201,-24.92,4.01,0.28,614,2423,714.125,ok
d1324bec8ed2f7c4caac7dd5ac774f98,sp00,2,1,1.0,0.0,20,9SI4,8.19,True,201,-19.10,3.38,0.24,607,2037,849.317,ok
d9a52d46c0ccf0c1913e0eebbacfc330,sp00,2,1,1.0,0.0,20,9SI4,5.32,False,201,-17.49,3.01,0.21,605,2383,725.814,ok
dbc5bdf0c84f89a682be5ac536c00bd2,sp00,2,1,1.0,0.0,20,9SI4,5.12,False,201,-8.91,5.15,0.36,608,2043,847.204,ok
de91618eee657d877d0668058bd50ff6,sp00,2,1,1.0,0.0,20,9SI4,5.05,False,201,-16.68,5.58,0.39,609,2022,855.745,ok
e8397fcd2197e27d094058bc02fbba6a,sp00,2,1,1.0,0.0,20,9SI4,4.5,False,201,-46.22,4.93,0.35,638,2238,773.269,ok
eb1eb691e1c65761a234212818817153,sp00,2,1,1.0,0.0,20,9SI4,5.09,False,201,-24.58,3.03,0.21,636,2079,832.208,ok
f93dfb8ee56b2a98182d0adc1030c114,sp00,2,1,1.0,0.0,20,9SI4,6.35,True,201,-18.85,3.38,0.24,637,2063,838.746,ok
fc4ddc57541f29488f09921d9b36bc97,sp00,2,1,1.0,0.0,20,9SI4,5.16,False,201,-22.87,3.63,0.26,641,2025,854.749,ok
ffdbd2aa8cc03f78eb6b433fe1a74c09,sp00,2,1,1.0,0.0,20,9SI4,6.75,True,201,-26.15,6.61,0.47,637,2045,846.025,ok
0220b4986165db73cd9f0775b82b7838,sp01,2,1,1.1,0.1,80,2XU3,7.3,False,201,-39.13,2.59,0.18,631,2041,848.381,ok
13e1da8f0e67c08c5ef1cb0ebded75a5,sp01,2,1,1.1,0.1,80,2XU3,7.1,False,201,-13.69,3.68,0.26,630,2053,843.262,ok
187b2fb9351c5f10d65f710e85056c31,sp01,2,1,1.1,0.1,80,2XU3,8.3,True,201,-32.28,2.85,0.20,626,2035,850.613,ok
20ffceabec2b95cc0b401b1d1e504f6b,sp01,2,1,1.1,0.1,80,2XU3,8.3,True,201,-40.71,2.56,0.18,626,2025,854.557,ok
2cb6e34fab1ee523b2a48790b68ad465,sp01,2,1,1.1,0.1,80,2XU3,6.6,False,201,-37.45,2.54,0.18,635,2189,790.377,ok
335dd6fbc3377cdcf2401cfc6056bc9c,sp01,2,1,1.1,0.1,80,2XU3,7.4,True,201,-28.59,9.99,0.70,637,2026,854.316,ok
37eaa144facb029500f427e04d484481,sp01,2,1,1.1,0.1,80,2XU3,8.0,True,201,-37.02,2.29,0.16,624,2015,858.477,ok
39cbab9e91b4af7ae5b0eed4a14b90f9,sp01,2,1,1.1,0.1,80,2XU3,6.3,True,201,-28.10,3.22,0.23,620,2049,844.991,ok
4232bcfa9c606f52c8067ff9e22fe8af,sp01,2,1,1.1,0.1,80,2XU3,7.5,False,201,-39.41,2.79,0.20,622,2101,823.776,ok
424689a2bad294c9a4d19ed5924324de,sp01,2,1,1.1,0.1,80,2XU3,6.0,False,201,-33.04,2.29,0.16,624,2044,847.401,ok
6ef67d129dcb37a0be630ca24c321f02,sp01,2,1,1.1,0.1,80,2XU3,7.3,False,NA,NA,NA,NA,0,NA,NA,topo_fail
7969946fa4a7d73df90d5fadcdef4b59,sp01,2,1,1.1,0.1,80,2XU3,6.9,False,201,-37.80,2.26,0.16,624,2067,837.595,ok
88de53427c78a4f8890a2b946385d70b,sp01,2,1,1.1,0.1,80,2XU3,5.5,False,NA,NA,NA,NA,0,NA,NA,topo_fail
98cf559a50ee84d38e7648c91b0c564d,sp01,2,1,1.1,0.1,80,2XU3,6.0,True,201,-29.52,2.17,0.15,622,2062,839.642,ok
99c9a8dee8fadf56676d8f90e6848e58,sp01,2,1,1.1,0.1,80,2XU3,6.3,False,201,-31.72,2.75,0.19,618,2030,853.021,ok
9c772b2f96c879dc662e5f137990844f,sp01,2,1,1.1,0.1,80,2XU3,7.9,True,201,-11.55,4.37,0.31,634,2055,842.586,ok
a1409d89193dd0a7a4a54efb7c4b0b88,sp01,2,1,1.1,0.1,80,2XU3,7.6,False,NA,NA,NA,NA,0,NA,NA,topo_fail
a864b4e510a4a9f05aa2438e3cebd634,sp01,2,1,1.1,0.1,80,2XU3,6.0,False,201,-33.55,2.44,0.17,624,2034,850.893,ok
ad3886476184578f75d5af9504b7aca7,sp01,2,1,1.1,0.1,80,2XU3,6.6,False,NA,NA,NA,NA,0,NA,NA,topo_fail
c42e22237c07702a044507738b0805b2,sp01,2,1,1.1,0.1,80,2XU3,5.9,False,201,-29.26,2.07,0.15,622,2093,827.567,ok
c5cf1f886c6849f8233c8b282a929680,sp01,2,1,1.1,0.1,80,2XU3,5.4,False,NA,NA,NA,NA,0,NA,NA,topo_fail
c842104ea7034c335c96f16efde3aff4,sp01,2,1,1.1,0.1,80,2XU3,5.8,False,201,-20.28,3.46,0.24,649,2022,855.748,ok
cb20abd70e0ece3d85e1338101d4bd72,sp01,2,1,1.1,0.1,80,2XU3,6.2,False,NA,NA,NA,NA,0,NA,NA,topo_fail
d60363c0fec1c05a155d848f9a232a3e,sp01,2,1,1.1,0.1,80,2XU3,6.2,False,201,-28.67,1.85,0.13,621,2078,832.836,ok
def33b1b26713c8ce7794e1cee2141c6,sp01,2,1,1.1,0.1,80,2XU3,8.9,True,201,-40.90,2.32,0.16,625,2047,846.122,ok
e93a4d36831e1c123940b06eb94b7e74,sp01,2,1,1.1,0.1,80,2XU3,5.0,False,201,-20.61,2.92,0.21,630,2051,844.266,ok
f885f085c98c18670a7ddbe3c7a763da,sp01,2,1,1.1,0.1,80,2XU3,9.9,True,201,-22.40,2.74,0.19,632,2045,845.849,ok
fd5ba50d24141a833001dc12a320fc8f,sp01,2,1,1.1,0.1,80,2XU3,6.9,True,201,-35.15,2.62,0.19,619,2051,844.222,ok
ff8edf23e1c4463cdc767531d804cef1,sp01,2,1,1.1,0.1,80,2XU3,5.6,False,201,-33.01,2.54,0.18,618,2024,854.705,ok
fffe47a81a0ad8b0cd7beae03f34b077,sp01,2,1,1.1,0.1,80,2XU3,7.2,False,201,-13.51,5.87,0.41,619,2040,848.445,ok
0708a8656ea2024a7a2f0e1407f518a7,sp01,2,1,1.1,0.1,80,3I06,5.425,False,201,-34.94,2.31,0.16,558,1928,897.886,ok
0790157ee26dfb0fea3a1ce3db026f75,sp01,2,1,1.1,0.1,80,3I06,6.5,False,201,-30.84,2.57,0.18,571,1983,872.922,ok
37f9f904b3a0eaee2c624e4559ebe52f,sp01,2,1,1.1,0.1,80,3I06,5.4,False,201,-30.67,2.84,0.20,568,1976,876.793,ok
3c117a293542d626d77f570da38bd5f1,sp01,2,1,1.1,0.1,80,3I06,6.43,False,201,-26.12,2.35,0.17,570,1998,866.418,ok
3f6e40d3068fb0fd99bfa763ed0ca2bb,sp01,2,1,1.1,0.1,80,3I06,7.3,True,201,-23.62,7.06,0.50,564,1946,889.393,ok
4438f9709f9cecfb7ddd62b05fff9f8d,sp01,2,1,1.1,0.1,80,3I06,6.78,False,201,-24.84,4.29,0.30,564,2008,862.155,ok
47a8000e16980306005511b953a06ecf,sp01,2,1,1.1,0.1,80,3I06,6.77,False,201,-26.29,2.50,0.18,564,2021,856.381,ok
4a67881e46b87364ec2e0ec7cbbf0bec,sp01,2,1,1.1,0.1,80,3I06,7.1,False,201,-31.25,2.96,0.21,571,2018,857.732,ok
5d418a86059c42695f5856b68e7a7118,sp01,2,1,1.1,0.1,80,3I06,7.41,True,NA,NA,NA,NA,0,NA,NA,topo_fail
642b2e0e340ac4d3adcf66589e7fd012,sp01,2,1,1.1,0.1,80,3I06,8.4,True,201,-30.37,3.22,0.23,571,2001,864.902,ok
7024d698ad06da1b887b5df50f7728d3,sp01,2,1,1.1,0.1,80,3I06,6.965,False,201,-15.40,9.49,0.67,586,1970,878.979,ok
752f05c1f66a8f4b3b1789ec136a4c33,sp01,2,1,1.1,0.1,80,3I06,5.4,False,201,-12.02,7.93,0.56,566,1970,878.746,ok
77b75df8109925be76df5616a3e1c899,sp01,2,1,1.1,0.1,80,3I06,5.744999999999999,False,201,-22.69,5.29,0.37,569,2007,862.357,ok
8aec869639fd159e3c91d77b4fcc4e79,sp01,2,1,1.1,0.1,80,3I06,5.73,False,NA,NA,NA,NA,0,NA,NA,topo_fail
922db9175a15e6a2d34d02717b0de6ab,sp01,2,1,1.1,0.1,80,3I06,7.2,False,201,-29.54,5.16,0.36,569,1966,880.644,ok
9dff198666f179b8a182da3e203eae73,sp01,2,1,1.1,0.1,80,3I06,5.39,False,201,-28.87,3.41,0.24,566,1984,872.508,ok
b19d1a70ff3d2abd6986665d47eff086,sp01,2,1,1.1,0.1,80,3I06,7.3,True,NA,NA,NA,NA,0,NA,NA,topo_fail
b60c297c7199140f1f38ac6909b5bf24,sp01,2,1,1.1,0.1,80,3I06,8.8,True,201,-24.79,3.13,0.22,567,1998,866.348,ok
b85a22ec0aa0dc6afd4221dc2f0bb482,sp01,2,1,1.1,0.1,80,3I06,6.6,True,NA,NA,NA,NA,0,NA,NA,topo_fail
ba808f52df2ffa29ea7a2a6a9cd5f0b8,sp01,2,1,1.1,0.1,80,3I06,5.775,False,NA,NA,NA,NA,0,NA,NA,topo_fail
c2f2ee45493f8ae40c2fd957499cc3f6,sp01,2,1,1.1,0.1,80,3I06,6.4,True,201,-28.96,6.34,0.45,568,1985,872.134,ok
cabddb27a77b57b277eb28c407a26d3f,sp01,2,1,1.1,0.1,80,3I06,5.6,False,NA,NA,NA,NA,0,NA,NA,topo_fail
d03b3614f1c49ff6b9fbf5832ee9770f,sp01,2,1,1.1,0.1,80,3I06,6.85,False,NA,NA,NA,NA,0,NA,NA,topo_fail
e32bacbac8502d337dc3d54d78b564a2,sp01,2,1,1.1,0.1,80,3I06,6.85,False,201,-31.20,2.38,0.17,566,1944,890.314,ok
e40809a6930ce378fdcb37d1b644e2d6,sp01,2,1,1.1,0.1,80,3I06,5.815,False,201,-24.35,3.10,0.22,564,1935,895.024,ok
e49cfa366cc64bab8e1edf37b372cbf6,sp01,2,1,1.1,0.1,80,3I06,7.26,True,201,-15.74,5.62,0.40,565,2033,851.562,ok
ea7f0fb058ae9dd251ae33c9d872926b,sp01,2,1,1.1,0.1,80,3I06,4.52,False,201,-22.60,3.81,0.27,585,2023,855.805,ok
f1a057393d7efd3f562b774490f9dfd1,sp01,2,1,1.1,0.1,80,3I06,6.44,False,201,-24.46,2.04,0.14,562,1962,882.403,ok
fa4de5e62b4e32e8b3d71088211803e0,sp01,2,1,1.1,0.1,80,3I06,7.4,True,201,-25.69,2.22,0.16,567,1964,881.740,ok
ff032b5793a25a8e4f9611a34a394671,sp01,2,1,1.1,0.1,80,3I06,6.9,True,201,-22.51,3.30,0.23,566,1975,876.612,ok
163d7079bdd82c1e475b5abe5436959a,sp01,2,1,1.1,0.1,80,4A5S,8.82,True,201,-35.33,3.65,0.26,6319,4659,371.325,ok
1b98d4c02a814a1c58e384be9fe73e92,sp01,2,1,1.1,0.1,80,4A5S,6.99,False,201,-16.25,6.06,0.43,6053,4680,369.498,ok
25f842cc3cf5b87a32d72adc77c97780,sp01,2,1,1.1,0.1,80,4A5S,7.12,False,201,-26.67,2.50,0.18,6072,4691,368.714,ok
308f2419f5e0ca7b6d39aac23a7de2ff,sp01,2,1,1.1,0.1,80,4A5S,6.06,True,201,-20.98,4.07,0.29,6071,4652,371.836,ok
40cb8b0c3343c02f5a6c40f02757e920,sp01,2,1,1.1,0.1,80,4A5S,7.68,True,201,-20.65,2.58,0.18,6053,4654,371.625,ok
5266e860e65e5fc94b8ebfcb7843c31f,sp01,2,1,1.1,0.1,80,4A5S,7.31,True,201,-33.58,3.14,0.22,6074,4698,368.181,ok
57bff1b2673d3c8b9006213161935522,sp01,2,1,1.1,0.1,80,4A5S,5.79,False,NA,NA,NA,NA,0,NA,NA,topo_fail
6c4846b6eaf17057657b89d9f3678cfc,sp01,2,1,1.1,0.1,80,4A5S,7.92,False,201,-28.31,8.49,0.60,6109,4653,371.767,ok
6efdc9276471f46eacd8dbafd71ddfd6,sp01,2,1,1.1,0.1,80,4A5S,6.84,True,NA,NA,NA,NA,0,NA,NA,topo_fail
7a1bbdb9f1f8528edd767025c45e5cc8,sp01,2,1,1.1,0.1,80,4A5S,8.05,False,201,-26.76,4.08,0.29,6093,4617,374.667,ok
819a7f7be372131a469fbed045c9eb33,sp01,2,1,1.1,0.1,80,4A5S,7.52,False,201,-32.32,1.93,0.14,6070,4632,373.428,ok
96e384ca0fb900959cf2205b9121fb47,sp01,2,1,1.1,0.1,80,4A5S,8.0,True,201,-31.92,5.20,0.37,6076,4636,373.036,ok
abcebd7334a50be9b204a4899d5d8881,sp01,2,1,1.1,0.1,80,4A5S,9.14,True,201,-31.08,4.06,0.29,6111,4664,370.901,ok
ac0197ee4a02894e2611e255e0125503,sp01,2,1,1.1,0.1,80,4A5S,8.08,False,NA,NA,NA,NA,0,NA,NA,topo_fail
b2bcac7a4f0262268b1a6d2db8d7eb5a,sp01,2,1,1.1,0.1,80,4A5S,7.96,True,201,-28.85,4.48,0.32,6053,4610,375.212,ok
b4d6bf83422567e92f6475f4f9bd6ec8,sp01,2,1,1.1,0.1,80,4A5S,8.05,False,201,-29.01,5.39,0.38,6080,4629,373.689,ok
ba32a5ca5c7e6e2db41283cf2f90660d,sp01,2,1,1.1,0.1,80,4A5S,5.54,False,NA,NA,NA,NA,0,NA,NA,topo_fail
bd1567927f497abd4e18605be0e5f9dc,sp01,2,1,1.1,0.1,80,4A5S,6.14,False,201,-27.25,2.48,0.18,6072,4654,371.605,ok
c6780a0007686453a29186d9ec94b23f,sp01,2,1,1.1,0.1,80,4A5S,7.36,False,NA,NA,NA,NA,0,NA,NA,topo_fail
c82e0b161bf77b819bbafff08f9a082e,sp01,2,1,1.1,0.1,80,4A5S,8.14,False,NA,NA,NA,NA,0,NA,NA,topo_fail
c8dee15f6cbcf595a6900314ad342f99,sp01,2,1,1.1,0.1,80,4A5S,7.27,False,201,-25.33,3.98,0.28,6052,4643,372.561,ok
c94a26f4dff73a180f04c48dad017723,sp01,2,1,1.1,0.1,80,4A5S,7.7,False,201,-21.93,6.75,0.48,6049,4664,370.870,ok
ca1e569ab7c7bc83c949f9e20ed78453,sp01,2,1,1.1,0.1,80,4A5S,9.32,True,NA,NA,NA,NA,0,NA,NA,topo_fail
cfe4d9b13bebf025bdbd30504f03c83a,sp01,2,1,1.1,0.1,80,4A5S,7.48,False,NA,NA,NA,NA,0,NA,NA,topo_fail
d15af9a4462ff88f2cfafbc6cc94912e,sp01,2,1,1.1,0.1,80,4A5S,5.89,False,201,-25.39,5.23,0.37,6096,4634,373.217,ok
d1a961f69c709d74aaec2945249f508c,sp01,2,1,1.1,0.1,80,4A5S,6.5,False,201,-21.84,4.08,0.29,6073,4651,371.857,ok
de36f12fbdb6f099ba5ac3231fe389e0,sp01,2,1,1.1,0.1,80,4A5S,8.36,True,201,-30.61,2.32,0.16,6055,4596,376.406,ok
ea054fd43eb193b0b6268f917ed60185,sp01,2,1,1.1,0.1,80,4A5S,6.12,False,201,-6.17,5.75,0.41,6031,4646,372.318,ok
fbf450a68aa0a625ec13f6c762944a3b,sp01,2,1,1.1,0.1,80,4A5S,7.82,False,201,-39.83,5.16,0.36,6090,4598,376.173,ok
03d2d012db8145e06c35d7e016c645dc,sp01,2,1,1.1,0.1,80,4L7G,8.36,True,201,-24.96,2.77,0.20,1786,3527,490.464,ok
055e1e9c95b2378efd3fc90b82948709,sp01,2,1,1.1,0.1,80,4L7G,5.33,False,201,-41.39,2.71,0.19,1768,3249,532.573,ok
0677f513ac408d66c189e10e0ee4d76f,sp01,2,1,1.1,0.1,80,4L7G,5.29,False,201,-24.75,2.86,0.20,1859,3067,564.056,ok
078844c7f38624b3996505d0f98526ca,sp01,2,1,1.1,0.1,80,4L7G,8.01,True,201,-39.26,2.58,0.18,1848,3479,497.178,ok
0a826045d720c0a795bd1979a728e35c,sp01,2,1,1.1,0.1,80,4L7G,5.3,False,201,-31.52,2.84,0.20,1785,3032,570.840,ok
3116f4c5342bf41e08cd23593057d9ac,sp01,2,1,1.1,0.1,80,4L7G,5.15,False,201,-41.15,3.13,0.22,1843,3012,574.263,ok
39f4f10d914c61149f1719bf477dd932,sp01,2,1,1.1,0.1,80,4L7G,5.27,False,NA,NA,NA,NA,0,NA,NA,topo_fail
3a87c373b8ee3ee690e68ccce89857a3,sp01,2,1,1.1,0.1,80,4L7G,6.0,True,NA,NA,NA,NA,0,NA,NA,topo_fail
52d2e2cddbd6c2ca52b2a6692a1be706,sp01,2,1,1.1,0.1,80,4L7G,5.14,False,201,-32.95,2.43,0.17,1850,2904,595.900,ok
6ed539a8e565bc920be9f146e577ce98,sp01,2,1,1.1,0.1,80,4L7G,5.18,False,201,-25.94,2.15,0.15,1858,2846,608.055,ok
71d81c144a98e11bef7a990464b30910,sp01,2,1,1.1,0.1,80,4L7G,5.31,False,201,-42.56,2.49,0.18,1859,3221,537.293,ok
7f8c5f877cc7df732365ed9f3035e71a,sp01,2,1,1.1,0.1,80,4L7G,8.2,True,201,-24.62,8.31,0.59,1850,3650,473.861,ok
824df1fae448411a738d6987cd933d7b,sp01,2,1,1.1,0.1,80,4L7G,8.52,True,201,-29.87,3.68,0.26,1903,3628,476.862,ok
9510387a41d9428f814f1e8a487e626d,sp01,2,1,1.1,0.1,80,4L7G,7.0,True,201,-10.89,4.50,0.32,1910,3066,564.089,ok
ab32da1f7ea48da050cb3f074c41b42f,sp01,2,1,1.1,0.1,80,4L7G,5.21,False,201,-28.84,2.41,0.17,1840,2840,609.226,ok
b1a7ee597e9d75bd95fcad2e74c8ab83,sp01,2,1,1.1,0.1,80,4L7G,6.54,True,NA,NA,NA,NA,0,NA,NA,topo_fail
b7649d4e54db2998f4f380ff5b78484d,sp01,2,1,1.1,0.1,80,4L7G,5.22,False,NA,NA,NA,NA,0,NA,NA,topo_fail
c3abed8fe47c90e2af144bafbdc1da21,sp01,2,1,1.1,0.1,80,4L7G,5.14,False,201,-27.24,2.32,0.16,1865,3063,564.663,ok
c3e6f0472fa7320f5e210e26cfc4ecec,sp01,2,1,1.1,0.1,80,4L7G,5.33,False,201,-32.53,2.11,0.15,1842,3059,565.700,ok
c5b72985a64d484d55f5162f79464155,sp01,2,1,1.1,0.1,80,4L7G,5.28,False,NA,NA,NA,NA,0,NA,NA,topo_fail
c83d057a219e5a25a09f354503a70d4d,sp01,2,1,1.1,0.1,80,4L7G,5.33,False,NA,NA,NA,NA,0,NA,NA,topo_fail
cf4a8047b69fbbe4ae6525a51c3063a1,sp01,2,1,1.1,0.1,80,4L7G,5.1,False,NA,NA,NA,NA,0,NA,NA,topo_fail
d1d524dd925a24438ecd2d014b089d87,sp01,2,1,1.1,0.1,80,4L7G,5.32,False,201,-22.30,3.27,0.23,1843,3034,570.377,ok
e123cf065380d0b0c8f3053e9ba7be61,sp01,2,1,1.1,0.1,80,4L7G,5.3,False,201,-39.22,2.28,0.16,1844,3082,561.549,ok
e3b605e5b9101a4f3fa1aae790d69360,sp01,2,1,1.1,0.1,80,4L7G,5.05,False,201,-46.24,2.95,0.21,1854,3037,569.601,ok
e8db4af0c7a34ddcd59bd43979c83a63,sp01,2,1,1.1,0.1,80,4L7G,7.96,True,NA,NA,NA,NA,0,NA,NA,topo_fail
ec4ccad83d01498f18eec3728419c3aa,sp01,2,1,1.1,0.1,80,4L7G,5.21,False,201,-34.39,1.72,0.12,1837,3030,570.993,ok
ee2e7b45aae1b85d5c18aad16d03d855,sp01,2,1,1.1,0.1,80,4L7G,7.45,True,201,-22.07,5.28,0.37,1843,3609,479.338,ok
f5b52bef73821d9cc3d674e42de6608f,sp01,2,1,1.1,0.1,80,4L7G,5.07,False,NA,NA,NA,NA,0,NA,NA,topo_fail
04d89e15e651861ca58bbec52b719c49,sp01,2,1,1.1,0.1,80,4QB3,6.33,False,201,-40.34,3.25,0.23,273,1741,994.652,ok
0b4fbf7130a60ebdf348cd8d14c36b77,sp01,2,1,1.1,0.1,80,4QB3,7.515,True,201,-36.86,3.72,0.26,282,1734,998.499,ok
15044c0c9f83bb877f5ea28fece53a3d,sp01,2,1,1.1,0.1,80,4QB3,6.38,False,201,-33.61,3.13,0.22,281,1832,945.205,ok
2b0132dda46dfc13890fc97f3e161079,sp01,2,1,1.1,0.1,80,4QB3,6.295,False,201,-27.70,4.65,0.33,289,1740,995.078,ok
3dd7fe0b27b084a92f8091446da1a66e,sp01,2,1,1.1,0.1,80,4QB3,5.68,False,201,-34.14,4.89,0.35,282,1758,985.537,ok
492b610efd391e76c199bfed5b16cf2a,sp01,2,1,1.1,0.1,80,4QB3,5.51,False,201,-36.95,4.69,0.33,287,1694,1022.953,ok
594685ab2c2c7dfb758c69d0a9bc2a8d,sp01,2,1,1.1,0.1,80,4QB3,6.33,False,NA,NA,NA,NA,0,NA,NA,topo_fail
605f40bd8c866d6adb1d6f2bec42c9b3,sp01,2,1,1.1,0.1,80,4QB3,8.004999999999999,True,201,-31.26,3.87,0.27,282,1692,1023.407,ok
65316367b1c7ba80511f9cb5fb2fd2a4,sp01,2,1,1.1,0.1,80,4QB3,8.25,True,201,-37.70,7.81,0.55,291,1702,1017.336,ok
6b43e44fb3ada6de6c351a68d32eaa65,sp01,2,1,1.1,0.1,80,4QB3,8.74,True,201,-32.63,4.82,0.34,280,1745,992.527,ok
6f8f3139923f55cc6cf8ceaccedb3aa4,sp01,2,1,1.1,0.1,80,4QB3,5.91,False,201,-36.41,9.42,0.66,284,1723,1005.795,ok
71610ced88f2d058ad64b79635b26b20,sp01,2,1,1.1,0.1,80,4QB3,5.74,False,201,-25.88,3.44,0.24,283,1703,1017.505,ok
749b421329101fb34bf4c33daa32ff2e,sp01,2,1,1.1,0.1,80,4QB3,5.555,False,201,-14.85,4.35,0.31,280,1715,1010.501,ok
79ff013c97a88f8bec1adfae42218746,sp01,2,1,1.1,0.1,80,4QB3,6.115,False,201,-43.20,3.02,0.21,282,1698,1020.522,ok
8016222bad11f4d65a8f6f4e49b5cd67,sp01,2,1,1.1,0.1,80,4QB3,6.074999999999999,False,201,-39.31,3.60,0.25,284,1696,1021.649,ok
8072d1cd9b9a836cbeec520610c1f9bd,sp01,2,1,1.1,0.1,80,4QB3,5.67,False,201,-27.92,7.23,0.51,283,1730,1001.095,ok
80b0fe984d15b87a9da0bed91ab28b29,sp01,2,1,1.1,0.1,80,4QB3,7.77,True,201,-43.38,2.68,0.19,283,1753,987.463,ok
8a909432391c80b5414f2aed6279b942,sp01,2,1,1.1,0.1,80,4QB3,7.01,True,NA,NA,NA,NA,0,NA,NA,topo_fail
971c944ef6916e2840b6d63b8f00425e,sp01,2,1,1.1,0.1,80,4QB3,5.625,False,201,-31.90,2.98,0.21,280,1733,999.543,ok
aa4ab13cb4df4d90f08700b97350a57b,sp01,2,1,1.1,0.1,80,4QB3,6.055,True,201,-34.94,3.29,0.23,286,1706,1015.584,ok
ac6254a319053d53d01f6c8c06bc783d,sp01,2,1,1.1,0.1,80,4QB3,6.415,False,NA,NA,NA,NA,0,NA,NA,topo_fail
b2d145c83fe363359f846985aa11d3ba,sp01,2,1,1.1,0.1,80,4QB3,5.965,False,201,-36.99,4.16,0.29,280,1711,1012.628,ok
bf34923dc4f956fa0c26fb0a54550049,sp01,2,1,1.1,0.1,80,4QB3,5.28,False,201,-38.44,3.31,0.23,284,1684,1028.696,ok
cc7b6263adb98dd621cdb08fde955a6f,sp01,2,1,1.1,0.1,80,4QB3,9.505,True,NA,NA,NA,NA,0,NA,NA,topo_fail
ce9a796b1b540bd01171a965543d5ed4,sp01,2,1,1.1,0.1,80,4QB3,7.99,True,NA,NA,NA,NA,0,NA,NA,topo_fail
d14a66e8dd811490ccafaf75afa970de,sp01,2,1,1.1,0.1,80,4QB3,6.35,False,201,-31.37,2.45,0.17,291,1702,1016.990,ok
e157f064686d18428292a95c75eebffe,sp01,2,1,1.1,0.1,80,4QB3,8.495000000000001,True,201,-36.94,3.53,0.25,278,1711,1011.816,ok
eb86c0e119d2fe75487a399c76724176,sp01,2,1,1.1,0.1,80,4QB3,6.0600000000000005,False,201,-32.10,2.95,0.21,281,1731,1000.760,ok
ec69e1666eb0eb27ed19cf2994bc675f,sp01,2,1,1.1,0.1,80,4QB3,5.845,False,201,-33.14,2.55,0.18,281,1717,1008.990,ok
fa512f9f244e78009694ff207c157f04,sp01,2,1,1.1,0.1,80,4QB3,5.975,False,201,-40.53,3.02,0.21,282,1709,1013.579,ok
066409425aa3969efdeb577c7443fbbd,sp01,2,1,1.1,0.1,80,5HU9,7.38,False,201,-43.84,3.98,0.28,1018,2372,729.633,ok
0d441b18656df0b6da1659391eb123e7,sp01,2,1,1.1,0.1,80,5HU9,7.38,False,201,-21.33,3.06,0.22,1051,2364,732.137,ok
11575d57d06531080c7c3f1703538086,sp01,2,1,1.1,0.1,80,5HU9,8.0,True,201,-17.96,15.16,1.07,1048,2411,717.683,ok
12004f3f2e7c95e0f8ddf8877cb7684c,sp01,2,1,1.1,0.1,80,5HU9,7.24,False,201,-34.18,3.24,0.23,1049,2373,729.178,ok
1dd183338ac9d0d5904e89f4aca06e34,sp01,2,1,1.1,0.1,80,5HU9,6.86,False,201,-35.61,2.29,0.16,1039,2402,720.319,ok
2be277119d6eae84726b1921013ba77e,sp01,2,1,1.1,0.1,80,5HU9,7.38,False,201,-25.91,2.28,0.16,1068,2417,715.883,ok
302044e4781ac510fc30f16377e71d45,sp01,2,1,1.1,0.1,80,5HU9,10.73,True,201,-25.80,3.25,0.23,1053,2344,738.840,ok
353af6c9cfe7ecb0019d13eaa7b46eaf,sp01,2,1,1.1,0.1,80,5HU9,7.3,False,201,-33.72,2.53,0.18,1012,2431,711.935,ok
3d395f6de7723b7b1aeebfb375bb1c5d,sp01,2,1,1.1,0.1,80,5HU9,8.7,True,201,-39.84,2.67,0.19,1042,2441,709.052,ok
3fa0c6c3d51d517940f2d737b2a070f2,sp01,2,1,1.1,0.1,80,5HU9,9.15,True,201,-34.84,2.85,0.20,1056,2404,719.884,ok
427745a99482f89e2af213daac24f2c4,sp01,2,1,1.1,0.1,80,5HU9,7.14,False,201,-21.92,4.11,0.29,1035,2381,726.997,ok
47d61683781a3671bead51f8f8e84eb9,sp01,2,1,1.1,0.1,80,5HU9,7.38,False,201,-22.65,4.43,0.31,1049,2418,715.757,ok
57f8d9f325a6ba6d6f33f1306c042866,sp01,2,1,1.1,0.1,80,5HU9,6.67,False,NA,NA,NA,NA,0,NA,NA,topo_fail
5aeaf69cbe372b3d35c6e0ef066dc05b,sp01,2,1,1.1,0.1,80,5HU9,6.67,False,NA,NA,NA,NA,0,NA,NA,topo_fail
6625c7dedbb9078036a34c78f2ad4182,sp01,2,1,1.1,0.1,80,5HU9,7.38,False,201,-34.82,2.77,0.20,1039,2401,720.558,ok
6fe2e1378b320a53571e4688376156bc,sp01,2,1,1.1,0.1,80,5HU9,7.96,True,201,-17.78,3.17,0.22,1078,2373,729.180,ok
83426a9786b17364e36e1efe6db37be6,sp01,2,1,1.1,0.1,80,5HU9,6.88,False,NA,NA,NA,NA,0,NA,NA,topo_fail
8b7977f1eab9ea4074744154d19bfa8d,sp01,2,1,1.1,0.1,80,5HU9,7.07,False,NA,NA,NA,NA,0,NA,NA,topo_fail
8f625b232d5b3f24ef0fccc5663f85b7,sp01,2,1,1.1,0.1,80,5HU9,6.39,False,201,-24.58,2.97,0.21,1055,2907,595.142,ok
9c39d3ac13c2b5c81959b897757d862d,sp01,2,1,1.1,0.1,80,5HU9,9.7,True,201,-21.35,3.93,0.28,1032,2502,691.568,ok
a9feaf2e38ac31b8f513a09f91500ce9,sp01,2,1,1.1,0.1,80,5HU9,6.38,False,201,-28.29,3.04,0.21,1046,2843,608.452,ok
b97da2a131609768b2ffb5b85b870db2,sp01,2,1,1.1,0.1,80,5HU9,6.44,False,NA,NA,NA,NA,0,NA,NA,topo_fail
b9b9bfeefa0e6a15732b8a6efe510a7f,sp01,2,1,1.1,0.1,80,5HU9,7.28,False,NA,NA,NA,NA,0,NA,NA,topo_fail
bc27b2dd2f1cfe96f171984d54609c4e,sp01,2,1,1.1,0.1,80,5HU9,6.36,True,201,-31.01,2.30,0.16,1062,2881,600.623,ok
cee48dd72369c4e1f48b01651c970791,sp01,2,1,1.1,0.1,80,5HU9,7.38,False,NA,NA,NA,NA,0,NA,NA,topo_fail
d4f996968bb63065cac387c064aaed66,sp01,2,1,1.1,0.1,80,5HU9,7.38,True,201,-23.95,3.90,0.28,1048,2386,725.264,ok
d53bf0815e07a7eed23cd2bbc64997ea,sp01,2,1,1.1,0.1,80,5HU9,7.38,False,201,-31.09,3.65,0.26,1030,2385,725.470,ok
e111d883881d5735e54ce398821e189a,sp01,2,1,1.1,0.1,80,5HU9,6.62,False,201,-24.65,4.50,0.32,1012,2882,600.273,ok
e705cc4eb668b2bbc015283bc2b78b89,sp01,2,1,1.1,0.1,80,5HU9,7.57,True,201,-34.19,2.01,0.14,1033,2390,724.133,ok
ee504f886574b282ca630cb14509614b,sp01,2,1,1.1,0.1,80,5HU9,7.8,True,201,-20.25,6.09,0.43,1044,2401,720.733,ok
04e69510b344ad3e65a21130b7429d06,sp01,2,1,1.1,0.1,80,8ELC,8.8,True,201,-40.02,2.80,0.20,1622,3594,481.262,ok
1468bf8fe44d2660d4245111ed256bb3,sp01,2,1,1.1,0.1,80,8ELC,4.5,False,201,-13.33,6.40,0.45,1679,3159,547.591,ok
14e61945a20724d1818139fef8823538,sp01,2,1,1.1,0.1,80,8ELC,6.6,True,201,-38.12,3.03,0.21,1700,3466,499.084,ok
1c58151c5cca3757a0dafb204cf925ad,sp01,2,1,1.1,0.1,80,8ELC,8.2,True,201,-53.12,4.45,0.31,1706,3689,468.874,ok
22449a0ea60f206a1700d752b8923709,sp01,2,1,1.1,0.1,80,8ELC,6.2,True,201,-56.74,2.40,0.17,1725,3594,481.298,ok
3701efaa518b8864dbdbd2befc3c3bad,sp01,2,1,1.1,0.1,80,8ELC,5.4,False,201,-44.06,3.93,0.28,1689,2951,586.372,ok
3b35ddb2b8a33d05d6b5870a9da6c712,sp01,2,1,1.1,0.1,80,8ELC,7.9,True,NA,NA,NA,NA,0,NA,NA,topo_fail
3f4c270aff052556802e3ea59a80940f,sp01,2,1,1.1,0.1,80,8ELC,5.1,False,201,-27.62,1.92,0.14,1679,2815,614.623,ok
48a1e72551999e470167671de99c60b0,sp01,2,1,1.1,0.1,80,8ELC,5.4,False,201,-41.89,2.06,0.15,1725,2984,579.856,ok
4ec28cb2a7a8589319f3a418eb12f1fd,sp01,2,1,1.1,0.1,80,8ELC,4.2,False,201,-23.25,1.60,0.11,1678,3001,576.160,ok
519f148d49ef68ce3782c8eab23fa39e,sp01,2,1,1.1,0.1,80,8ELC,8.4,True,201,-41.03,2.02,0.14,1679,3476,497.691,ok
6e359d9430a2de705d89d808ead7c331,sp01,2,1,1.1,0.1,80,8ELC,5.4,False,201,-40.84,2.83,0.20,1705,2904,595.876,ok
6f6836389edc435ef5de6a0ca5c25474,sp01,2,1,1.1,0.1,80,8ELC,7.1,True,201,-28.99,2.34,0.17,1689,3459,500.056,ok
70ccfc52bf05ee3830737995c6d93f9c,sp01,2,1,1.1,0.1,80,8ELC,4.5,False,201,-32.23,1.98,0.14,1702,2966,582.965,ok
73ee76fa0a7cddc97ed2eb037810cd66,sp01,2,1,1.1,0.1,80,8ELC,4.7,False,201,-33.47,1.93,0.14,1676,3012,574.328,ok
8334c32de8facb541aeda11ba000b299,sp01,2,1,1.1,0.1,80,8ELC,4.4,False,NA,NA,NA,NA,0,NA,NA,topo_fail
8dcaa68c20948305aa767048b2da4ec2,sp01,2,1,1.1,0.1,80,8ELC,5.4,False,NA,NA,NA,NA,0,NA,NA,topo_fail
9c898bacf201efb96fbd136bddcadbcd,sp01,2,1,1.1,0.1,80,8ELC,4.1,False,201,-28.53,2.36,0.17,1682,3000,576.463,ok
a2698e5db085c1959923b7b6eca55067,sp01,2,1,1.1,0.1,80,8ELC,8.0,True,201,-36.49,3.51,0.25,1703,3422,505.445,ok
b336313e484c9484749cc0714b940ff4,sp01,2,1,1.1,0.1,80,8ELC,5.4,False,201,-39.07,3.84,0.27,1683,2989,578.671,ok
b4b28e7bbe6caf601c6f1d9f426e6b74,sp01,2,1,1.1,0.1,80,8ELC,4.3,False,201,-27.63,1.99,0.14,1686,2972,581.799,ok
bc9b7c54eb864a288d845c2e1a4018a9,sp01,2,1,1.1,0.1,80,8ELC,5.4,False,201,-56.94,3.10,0.22,1699,2804,617.339,ok
c52270f78e77bf608aafaa68736e6b18,sp01,2,1,1.1,0.1,80,8ELC,4.1,False,201,-22.38,3.03,0.21,1675,2826,612.163,ok
ccb9fbbe8dccd3e51806073eb486a17c,sp01,2,1,1.1,0.1,80,8ELC,4.3,False,NA,NA,NA,NA,0,NA,NA,topo_fail
ceb2b49097d65c6344d7760b76a49be7,sp01,2,1,1.1,0.1,80,8ELC,4.5,False,NA,NA,NA,NA,0,NA,NA,topo_fail
db2ffa37256932f6732629ec5f2a035f,sp01,2,1,1.1,0.1,80,8ELC,4.0,False,NA,NA,NA,NA,0,NA,NA,topo_fail
ee389516e27a1853ac625548d8ca9482,sp01,2,1,1.1,0.1,80,8ELC,6.0,True,201,-49.99,3.61,0.25,1688,2877,601.785,ok
eff71722c9c04f7e61a0cf427b3c6019,sp01,2,1,1.1,0.1,80,8ELC,4.3,False,201,-40.71,2.18,0.15,1681,2817,614.124,ok
f444bf4b2a5712cdb76e326e74202030,sp01,2,1,1.1,0.1,80,8ELC,8.2,True,NA,NA,NA,NA,0,NA,NA,topo_fail
fae572d9925f12e9cf58d65f8235a662,sp01,2,1,1.1,0.1,80,8ELC,5.4,False,201,-59.64,2.83,0.20,1686,2792,619.911,ok
03f5731ad72b97ea2fd1ec352fe5dde0,sp01,2,1,1.1,0.1,80,9D9I,6.59,False,201,-56.28,3.09,0.22,639,2050,844.243,ok
0a8bd2b181a818ac245c132acb3ffd18,sp01,2,1,1.1,0.1,80,9D9I,4.82,False,201,-37.67,2.95,0.21,593,2075,834.558,ok
0ba0e185398f759ca91fbd5fa3f0803a,sp01,2,1,1.1,0.1,80,9D9I,8.05,True,201,-61.63,2.89,0.20,607,2035,850.788,ok
0f35616c28aaaf8c39fd2467e3d2cebd,sp01,2,1,1.1,0.1,80,9D9I,5.21,False,201,-38.98,3.46,0.24,622,2065,838.309,ok
1a263985d22c81f9d3e9eb46e23d21ab,sp01,2,1,1.1,0.1,80,9D9I,4.88,False,201,-49.02,3.08,0.22,634,2106,822.068,ok
1f270ea65cd761a78a0ed8ab4ee8fec0,sp01,2,1,1.1,0.1,80,9D9I,5.46,False,201,-46.62,1.95,0.14,640,2026,854.407,ok
266bbb49e60781aca4002ea95c99c033,sp01,2,1,1.1,0.1,80,9D9I,5.08,False,201,-37.98,2.99,0.21,629,2086,829.713,ok
282b4e352d38ef07443209435439bcea,sp01,2,1,1.1,0.1,80,9D9I,9.0,True,201,-56.11,2.92,0.21,646,2034,850.800,ok
295199ed8a4621a340b6b79b4024bec4,sp01,2,1,1.1,0.1,80,9D9I,4.78,False,201,-33.44,2.38,0.17,620,2030,852.479,ok
2b0f0d7f8914675eaf8e2f5aee81598d,sp01,2,1,1.1,0.1,80,9D9I,6.48,False,201,-48.71,2.51,0.18,641,2030,852.588,ok
395f47b77b5f161c28c20393b39e9076,sp01,2,1,1.1,0.1,80,9D9I,5.51,False,201,-46.82,3.10,0.22,624,2025,854.693,ok
59573ee97914f33c9708de5aa2e356b5,sp01,2,1,1.1,0.1,80,9D9I,4.49,False,NA,NA,NA,NA,0,NA,NA,topo_fail
5b6d2943bab2409bd0928714d9016311,sp01,2,1,1.1,0.1,80,9D9I,7.06,False,NA,NA,NA,NA,0,NA,NA,topo_fail
5e2a23cb4d697cfdd0e84f4a2481d982,sp01,2,1,1.1,0.1,80,9D9I,6.75,True,201,-45.07,3.37,0.24,632,2060,839.901,ok
69ea6e3ad23ea569f4bbfa0263cb5bdc,sp01,2,1,1.1,0.1,80,9D9I,7.06,False,201,-45.05,3.27,0.23,648,2054,842.605,ok
7f401a529b655f4a54438d8f5d6f0225,sp01,2,1,1.1,0.1,80,9D9I,6.16,True,201,-42.35,2.34,0.16,644,2054,842.853,ok
909628c1d41006cf8bdc95b988228e4f,sp01,2,1,1.1,0.1,80,9D9I,4.54,False,201,-34.53,2.35,0.17,625,2044,846.935,ok
ace45146c6a78c8039ff1fcd87b39fda,sp01,2,1,1.1,0.1,80,9D9I,5.62,False,NA,NA,NA,NA,0,NA,NA,topo_fail
b6465c8ac0ed173d3faf7c401e0c4924,sp01,2,1,1.1,0.1,80,9D9I,7.25,True,201,-45.70,3.53,0.25,626,2048,844.951,ok
b8ac149673f7c3cd33b88439965cd67f,sp01,2,1,1.1,0.1,80,9D9I,7.47,True,NA,NA,NA,NA,0,NA,NA,topo_fail
b935f060fc633ecb59aac069eeb99d71,sp01,2,1,1.1,0.1,80,9D9I,4.64,False,NA,NA,NA,NA,0,NA,NA,topo_fail
ca3e30b78b8b15c1aa76fed50341d715,sp01,2,1,1.1,0.1,80,9D9I,7.09,True,NA,NA,NA,NA,0,NA,NA,topo_fail
d4a029e120a4109e548f939835fea733,sp01,2,1,1.1,0.1,80,9D9I,7.92,True,201,-47.46,3.53,0.25,625,2039,848.707,ok
d8a2b383fc51f79cc2469b166af9122c,sp01,2,1,1.1,0.1,80,9D9I,6.9,False,NA,NA,NA,NA,0,NA,NA,topo_fail
de1492a39ee5b6346482dc83a1060a60,sp01,2,1,1.1,0.1,80,9D9I,5.58,False,NA,NA,NA,NA,0,NA,NA,topo_fail
e13195a3669e20a1cb71ccb752460291,sp01,2,1,1.1,0.1,80,9D9I,6.18,False,201,-52.78,2.97,0.21,633,2059,840.602,ok
e5ec85f1b96ce3d4ca5d747969350f0f,sp01,2,1,1.1,0.1,80,9D9I,5.68,False,201,-48.51,2.47,0.17,629,2044,846.768,ok
f3bf65b5c175c4eb9a32b952ec009daa,sp01,2,1,1.1,0.1,80,9D9I,4.63,False,NA,NA,NA,NA,0,NA,NA,topo_fail
fa95727eed889db7226aa52d7509284a,sp01,2,1,1.1,0.1,80,9D9I,8.3,True,201,-45.67,2.51,0.18,632,2082,831.437,ok
01bd41af226d7f8d1e5fdb361b0b562d,sp01,2,1,1.1,0.1,80,9SI4,5.13,False,201,-14.95,3.59,0.25,644,2352,735.631,ok
047b4e5133e0d4a8a3c4c2b9f29f5ee1,sp01,2,1,1.1,0.1,80,9SI4,4.46,False,201,-20.24,1.52,0.11,633,2013,860.421,ok
0b8c97a20e0da60b11a122b27f6c8b62,sp01,2,1,1.1,0.1,80,9SI4,4.89,False,201,-20.05,6.45,0.46,622,1991,869.973,ok
196b38c7ef93d3d9da6c8ba5fbe7cc36,sp01,2,1,1.1,0.1,80,9SI4,5.19,False,201,-21.82,3.07,0.22,643,1980,874.138,ok
238dd65aac42b2b34162c0b51a84d1db,sp01,2,1,1.1,0.1,80,9SI4,4.01,False,201,-11.05,4.44,0.31,633,2045,846.599,ok
253860e6145c4fd6dd9cbc288515e367,sp01,2,1,1.1,0.1,80,9SI4,9.64,True,201,-14.31,4.39,0.31,632,2451,706.091,ok
359e38e810d725751e2260e2b3006df9,sp01,2,1,1.1,0.1,80,9SI4,4.84,False,201,-22.02,1.75,0.12,630,2003,864.483,ok
4be7a12b601883e91811eeb2e0c4ed4b,sp01,2,1,1.1,0.1,80,9SI4,5.14,False,201,-22.02,1.61,0.11,633,2375,728.486,ok
543c819ac4256fe5b41298770a798122,sp01,2,1,1.1,0.1,80,9SI4,7.15,True,201,-31.06,2.13,0.15,636,2014,859.089,ok
5d9bbfbd38feae26823caf531a5db1a6,sp01,2,1,1.1,0.1,80,9SI4,8.0,True,201,-14.64,6.12,0.43,635,2330,742.465,ok
62064a9f6b5d461a4c097abbc9bffe7a,sp01,2,1,1.1,0.1,80,9SI4,10.37,True,201,-24.11,2.01,0.14,636,2032,852.212,ok
6564af0e70be4d43388870363762e68c,sp01,2,1,1.1,0.1,80,9SI4,7.96,True,201,-19.32,4.81,0.34,635,1994,867.635,ok
65fcca610b91676d473a89c0858c6ffc,sp01,2,1,1.1,0.1,80,9SI4,5.1,False,201,-11.66,3.46,0.24,637,2384,725.652,ok
69da907af4c1f2f8307d027d4ab80d72,sp01,2,1,1.1,0.1,80,9SI4,5.02,False,201,-26.56,1.72,0.12,631,2400,720.888,ok
737df570b627d06e92101677b4e3da21,sp01,2,1,1.1,0.1,80,9SI4,4.26,False,201,-25.78,2.97,0.21,634,2001,865.522,ok
9962e35d818f378081860dfde6088db5,sp01,2,1,1.1,0.1,80,9SI4,5.26,False,201,-22.59,3.50,0.25,635,2007,862.365,ok
9e7607ef3d929c5fd46ea0dc7f23f535,sp01,2,1,1.1,0.1,80,9SI4,4.73,False,201,-28.90,2.37,0.17,635,2008,862.423,ok
9fdebd3e36d16344b05f496394363d9c,sp01,2,1,1.1,0.1,80,9SI4,4.96,False,NA,NA,NA,NA,0,NA,NA,topo_fail
a5b2fb04b878e9fff4b764e79cf06db2,sp01,2,1,1.1,0.1,80,9SI4,4.19,False,201,-28.65,2.69,0.19,638,2029,853.329,ok
bb0523a55a6136f05a592d05fd8ff8de,sp01,2,1,1.1,0.1,80,9SI4,8.57,True,201,-22.85,2.82,0.20,645,2402,720.300,ok
d005b3d8ed6ab71e5ebd50c1b26a2ffb,sp01,2,1,1.1,0.1,80,9SI4,6.0,True,NA,NA,NA,NA,0,NA,NA,topo_fail
d1324bec8ed2f7c4caac7dd5ac774f98,sp01,2,1,1.1,0.1,80,9SI4,8.19,True,NA,NA,NA,NA,0,NA,NA,topo_fail
d9a52d46c0ccf0c1913e0eebbacfc330,sp01,2,1,1.1,0.1,80,9SI4,5.32,False,NA,NA,NA,NA,0,NA,NA,topo_fail
dbc5bdf0c84f89a682be5ac536c00bd2,sp01,2,1,1.1,0.1,80,9SI4,5.12,False,NA,NA,NA,NA,0,NA,NA,topo_fail
de91618eee657d877d0668058bd50ff6,sp01,2,1,1.1,0.1,80,9SI4,5.05,False,201,-17.23,5.86,0.41,634,2364,731.847,ok
e8397fcd2197e27d094058bc02fbba6a,sp01,2,1,1.1,0.1,80,9SI4,4.5,False,201,-45.41,6.04,0.43,635,2023,856.130,ok
eb1eb691e1c65761a234212818817153,sp01,2,1,1.1,0.1,80,9SI4,5.09,False,201,-24.08,3.59,0.25,636,2397,721.723,ok
f93dfb8ee56b2a98182d0adc1030c114,sp01,2,1,1.1,0.1,80,9SI4,6.35,True,201,-22.61,3.13,0.22,638,2027,854.061,ok
fc4ddc57541f29488f09921d9b36bc97,sp01,2,1,1.1,0.1,80,9SI4,5.16,False,201,-25.38,5.48,0.39,632,1998,866.031,ok
ffdbd2aa8cc03f78eb6b433fe1a74c09,sp01,2,1,1.1,0.1,80,9SI4,6.75,True,201,-21.88,3.68,0.26,632,2038,849.718,ok
0220b4986165db73cd9f0775b82b7838,sp02,2,1,1.2,0.2,40,2XU3,7.3,False,201,-39.18,2.82,0.20,626,2055,842.465,ok
13e1da8f0e67c08c5ef1cb0ebded75a5,sp02,2,1,1.2,0.2,40,2XU3,7.1,False,201,-16.95,3.41,0.24,624,2044,847.465,ok
187b2fb9351c5f10d65f710e85056c31,sp02,2,1,1.2,0.2,40,2XU3,8.3,True,201,-20.18,7.63,0.54,656,2033,851.629,ok
20ffceabec2b95cc0b401b1d1e504f6b,sp02,2,1,1.2,0.2,40,2XU3,8.3,True,201,-40.06,2.55,0.18,638,2014,859.876,ok
2cb6e34fab1ee523b2a48790b68ad465,sp02,2,1,1.2,0.2,40,2XU3,6.6,False,201,-36.98,2.50,0.18,629,2497,692.814,ok
335dd6fbc3377cdcf2401cfc6056bc9c,sp02,2,1,1.2,0.2,40,2XU3,7.4,True,201,-17.53,4.21,0.30,628,2002,864.805,ok
37eaa144facb029500f427e04d484481,sp02,2,1,1.2,0.2,40,2XU3,8.0,True,201,-36.61,3.02,0.21,624,2060,840.750,ok
39cbab9e91b4af7ae5b0eed4a14b90f9,sp02,2,1,1.2,0.2,40,2XU3,6.3,True,NA,NA,NA,NA,0,NA,NA,topo_fail
4232bcfa9c606f52c8067ff9e22fe8af,sp02,2,1,1.2,0.2,40,2XU3,7.5,False,201,-40.92,2.45,0.17,626,2035,850.955,ok
424689a2bad294c9a4d19ed5924324de,sp02,2,1,1.2,0.2,40,2XU3,6.0,False,NA,NA,NA,NA,0,NA,NA,topo_fail
6ef67d129dcb37a0be630ca24c321f02,sp02,2,1,1.2,0.2,40,2XU3,7.3,False,201,-28.26,2.91,0.21,623,2472,700.066,ok
7969946fa4a7d73df90d5fadcdef4b59,sp02,2,1,1.2,0.2,40,2XU3,6.9,False,201,-37.87,2.32,0.16,626,2049,845.268,ok
88de53427c78a4f8890a2b946385d70b,sp02,2,1,1.2,0.2,40,2XU3,5.5,False,NA,NA,NA,NA,0,NA,NA,topo_fail
98cf559a50ee84d38e7648c91b0c564d,sp02,2,1,1.2,0.2,40,2XU3,6.0,True,201,-28.51,3.88,0.27,622,2049,844.912,ok
99c9a8dee8fadf56676d8f90e6848e58,sp02,2,1,1.2,0.2,40,2XU3,6.3,False,201,-31.27,3.13,0.22,626,2413,717.161,ok
9c772b2f96c879dc662e5f137990844f,sp02,2,1,1.2,0.2,40,2XU3,7.9,True,201,-20.38,3.39,0.24,624,2107,821.876,ok
a1409d89193dd0a7a4a54efb7c4b0b88,sp02,2,1,1.2,0.2,40,2XU3,7.6,False,201,-36.84,2.64,0.19,623,2071,836.546,ok
a864b4e510a4a9f05aa2438e3cebd634,sp02,2,1,1.2,0.2,40,2XU3,6.0,False,201,-33.48,2.26,0.16,623,2152,804.668,ok
ad3886476184578f75d5af9504b7aca7,sp02,2,1,1.2,0.2,40,2XU3,6.6,False,NA,NA,NA,NA,0,NA,NA,topo_fail
c42e22237c07702a044507738b0805b2,sp02,2,1,1.2,0.2,40,2XU3,5.9,False,NA,NA,NA,NA,0,NA,NA,topo_fail
c5cf1f886c6849f8233c8b282a929680,sp02,2,1,1.2,0.2,40,2XU3,5.4,False,NA,NA,NA,NA,0,NA,NA,topo_fail
c842104ea7034c335c96f16efde3aff4,sp02,2,1,1.2,0.2,40,2XU3,5.8,False,201,-23.05,2.87,0.20,618,1998,866.174,ok
cb20abd70e0ece3d85e1338101d4bd72,sp02,2,1,1.2,0.2,40,2XU3,6.2,False,NA,NA,NA,NA,0,NA,NA,topo_fail
d60363c0fec1c05a155d848f9a232a3e,sp02,2,1,1.2,0.2,40,2XU3,6.2,False,NA,NA,NA,NA,0,NA,NA,topo_fail
def33b1b26713c8ce7794e1cee2141c6,sp02,2,1,1.2,0.2,40,2XU3,8.9,True,201,-39.60,4.05,0.29,600,2459,703.806,ok
e93a4d36831e1c123940b06eb94b7e74,sp02,2,1,1.2,0.2,40,2XU3,5.0,False,201,-23.19,3.65,0.26,620,2041,848.729,ok
f885f085c98c18670a7ddbe3c7a763da,sp02,2,1,1.2,0.2,40,2XU3,9.9,True,201,-23.42,4.61,0.33,631,2057,841.787,ok
fd5ba50d24141a833001dc12a320fc8f,sp02,2,1,1.2,0.2,40,2XU3,6.9,True,201,-35.05,2.85,0.20,623,2422,714.351,ok
ff8edf23e1c4463cdc767531d804cef1,sp02,2,1,1.2,0.2,40,2XU3,5.6,False,201,-33.92,2.09,0.15,621,2084,831.172,ok
fffe47a81a0ad8b0cd7beae03f34b077,sp02,2,1,1.2,0.2,40,2XU3,7.2,False,NA,NA,NA,NA,0,NA,NA,topo_fail
0708a8656ea2024a7a2f0e1407f518a7,sp02,2,1,1.2,0.2,40,3I06,5.425,False,201,-32.18,3.04,0.21,550,2003,864.621,ok
0790157ee26dfb0fea3a1ce3db026f75,sp02,2,1,1.2,0.2,40,3I06,6.5,False,201,-31.08,2.59,0.18,574,1990,870.309,ok
37f9f904b3a0eaee2c624e4559ebe52f,sp02,2,1,1.2,0.2,40,3I06,5.4,False,201,-32.37,2.52,0.18,571,1975,877.106,ok
3c117a293542d626d77f570da38bd5f1,sp02,2,1,1.2,0.2,40,3I06,6.43,False,201,-26.65,2.37,0.17,571,2007,863.027,ok
3f6e40d3068fb0fd99bfa763ed0ca2bb,sp02,2,1,1.2,0.2,40,3I06,7.3,True,201,-24.97,10.16,0.72,568,2029,853.304,ok
4438f9709f9cecfb7ddd62b05fff9f8d,sp02,2,1,1.2,0.2,40,3I06,6.78,False,NA,NA,NA,NA,0,NA,NA,topo_fail
47a8000e16980306005511b953a06ecf,sp02,2,1,1.2,0.2,40,3I06,6.77,False,NA,NA,NA,NA,0,NA,NA,topo_fail
4a67881e46b87364ec2e0ec7cbbf0bec,sp02,2,1,1.2,0.2,40,3I06,7.1,False,201,-32.73,3.38,0.24,579,1966,880.474,ok
5d418a86059c42695f5856b68e7a7118,sp02,2,1,1.2,0.2,40,3I06,7.41,True,201,-25.57,3.27,0.23,566,2006,863.585,ok
642b2e0e340ac4d3adcf66589e7fd012,sp02,2,1,1.2,0.2,40,3I06,8.4,True,201,-30.31,2.96,0.21,581,2006,863.898,ok
7024d698ad06da1b887b5df50f7728d3,sp02,2,1,1.2,0.2,40,3I06,6.965,False,201,-25.34,3.53,0.25,570,2003,864.689,ok
752f05c1f66a8f4b3b1789ec136a4c33,sp02,2,1,1.2,0.2,40,3I06,5.4,False,NA,NA,NA,NA,0,NA,NA,topo_fail
77b75df8109925be76df5616a3e1c899,sp02,2,1,1.2,0.2,40,3I06,5.744999999999999,False,201,-18.85,5.95,0.42,573,2004,864.603,ok
8aec869639fd159e3c91d77b4fcc4e79,sp02,2,1,1.2,0.2,40,3I06,5.73,False,201,-14.06,5.68,0.40,574,1979,875.669,ok
922db9175a15e6a2d34d02717b0de6ab,sp02,2,1,1.2,0.2,40,3I06,7.2,False,201,-27.48,5.27,0.37,571,1990,870.192,ok
9dff198666f179b8a182da3e203eae73,sp02,2,1,1.2,0.2,40,3I06,5.39,False,201,-28.27,3.57,0.25,570,1962,883.112,ok
b19d1a70ff3d2abd6986665d47eff086,sp02,2,1,1.2,0.2,40,3I06,7.3,True,201,-12.01,2.02,0.14,572,2007,862.580,ok
b60c297c7199140f1f38ac6909b5bf24,sp02,2,1,1.2,0.2,40,3I06,8.8,True,NA,NA,NA,NA,0,NA,NA,topo_fail
b85a22ec0aa0dc6afd4221dc2f0bb482,sp02,2,1,1.2,0.2,40,3I06,6.6,True,NA,NA,NA,NA,0,NA,NA,topo_fail
ba808f52df2ffa29ea7a2a6a9cd5f0b8,sp02,2,1,1.2,0.2,40,3I06,5.775,False,201,-23.15,4.19,0.30,546,1989,871.264,ok
c2f2ee45493f8ae40c2fd957499cc3f6,sp02,2,1,1.2,0.2,40,3I06,6.4,True,201,-31.32,4.04,0.28,544,1981,874.023,ok
cabddb27a77b57b277eb28c407a26d3f,sp02,2,1,1.2,0.2,40,3I06,5.6,False,NA,NA,NA,NA,0,NA,NA,topo_fail
d03b3614f1c49ff6b9fbf5832ee9770f,sp02,2,1,1.2,0.2,40,3I06,6.85,False,201,-14.62,3.85,0.27,568,1991,869.272,ok
e32bacbac8502d337dc3d54d78b564a2,sp02,2,1,1.2,0.2,40,3I06,6.85,False,201,-30.86,2.47,0.17,542,2000,865.516,ok
e40809a6930ce378fdcb37d1b644e2d6,sp02,2,1,1.2,0.2,40,3I06,5.815,False,201,-23.92,8.38,0.59,546,1972,877.939,ok
e49cfa366cc64bab8e1edf37b372cbf6,sp02,2,1,1.2,0.2,40,3I06,7.26,True,201,-13.04,5.20,0.37,546,1979,874.910,ok
ea7f0fb058ae9dd251ae33c9d872926b,sp02,2,1,1.2,0.2,40,3I06,4.52,False,201,-15.85,5.30,0.37,566,2102,824.016,ok
f1a057393d7efd3f562b774490f9dfd1,sp02,2,1,1.2,0.2,40,3I06,6.44,False,NA,NA,NA,NA,0,NA,NA,topo_fail
fa4de5e62b4e32e8b3d71088211803e0,sp02,2,1,1.2,0.2,40,3I06,7.4,True,201,-24.37,3.11,0.22,572,1953,886.278,ok
ff032b5793a25a8e4f9611a34a394671,sp02,2,1,1.2,0.2,40,3I06,6.9,True,201,-17.81,8.33,0.59,568,2027,853.761,ok
26daa23c738cb8c7dababa4ee2a1c4fb,sp02,2,1,1.2,0.2,40,4A5S,5.88,False,201,-28.49,2.68,0.19,6104,4638,372.969,ok
308f2419f5e0ca7b6d39aac23a7de2ff,sp02,2,1,1.2,0.2,40,4A5S,6.06,True,201,-22.01,3.19,0.23,6121,4653,371.729,ok
40cb8b0c3343c02f5a6c40f02757e920,sp02,2,1,1.2,0.2,40,4A5S,7.68,True,201,-20.83,4.36,0.31,6074,4690,368.802,ok
5266e860e65e5fc94b8ebfcb7843c31f,sp02,2,1,1.2,0.2,40,4A5S,7.31,True,201,-34.55,3.31,0.23,6135,4989,346.817,ok
57bff1b2673d3c8b9006213161935522,sp02,2,1,1.2,0.2,40,4A5S,5.79,False,NA,NA,NA,NA,0,NA,NA,topo_fail
6c4846b6eaf17057657b89d9f3678cfc,sp02,2,1,1.2,0.2,40,4A5S,7.92,False,201,-34.88,2.55,0.18,6127,4677,369.834,ok
6efdc9276471f46eacd8dbafd71ddfd6,sp02,2,1,1.2,0.2,40,4A5S,6.84,True,201,-14.96,6.79,0.48,6051,4653,371.725,ok
7a1bbdb9f1f8528edd767025c45e5cc8,sp02,2,1,1.2,0.2,40,4A5S,8.05,False,201,-32.69,5.08,0.36,6089,4650,372.022,ok
819a7f7be372131a469fbed045c9eb33,sp02,2,1,1.2,0.2,40,4A5S,7.52,False,201,-33.08,2.50,0.18,6057,4678,369.728,ok
96e384ca0fb900959cf2205b9121fb47,sp02,2,1,1.2,0.2,40,4A5S,8.0,True,201,-31.02,4.91,0.35,6054,4622,374.291,ok
abcebd7334a50be9b204a4899d5d8881,sp02,2,1,1.2,0.2,40,4A5S,9.14,True,201,-35.86,6.79,0.48,6089,4728,366.032,ok
ac0197ee4a02894e2611e255e0125503,sp02,2,1,1.2,0.2,40,4A5S,8.08,False,NA,NA,NA,NA,0,NA,NA,topo_fail
b2bcac7a4f0262268b1a6d2db8d7eb5a,sp02,2,1,1.2,0.2,40,4A5S,7.96,True,201,-26.13,5.26,0.37,6071,4636,373.102,ok
b4d6bf83422567e92f6475f4f9bd6ec8,sp02,2,1,1.2,0.2,40,4A5S,8.05,False,NA,NA,NA,NA,0,NA,NA,topo_fail
ba32a5ca5c7e6e2db41283cf2f90660d,sp02,2,1,1.2,0.2,40,4A5S,5.54,False,201,-32.60,5.20,0.37,5847,4706,367.576,ok
bd1567927f497abd4e18605be0e5f9dc,sp02,2,1,1.2,0.2,40,4A5S,6.14,False,201,-22.91,3.96,0.28,5814,4700,368.103,ok
c6780a0007686453a29186d9ec94b23f,sp02,2,1,1.2,0.2,40,4A5S,7.36,False,NA,NA,NA,NA,0,NA,NA,topo_fail
c82e0b161bf77b819bbafff08f9a082e,sp02,2,1,1.2,0.2,40,4A5S,8.14,False,201,-28.00,3.10,0.22,6094,4687,369.110,ok
c8dee15f6cbcf595a6900314ad342f99,sp02,2,1,1.2,0.2,40,4A5S,7.27,False,201,-23.73,2.71,0.19,6034,4715,366.979,ok
c94a26f4dff73a180f04c48dad017723,sp02,2,1,1.2,0.2,40,4A5S,7.7,False,NA,NA,NA,NA,0,NA,NA,topo_fail
ca1e569ab7c7bc83c949f9e20ed78453,sp02,2,1,1.2,0.2,40,4A5S,9.32,True,NA,NA,NA,NA,0,NA,NA,topo_fail
cfe4d9b13bebf025bdbd30504f03c83a,sp02,2,1,1.2,0.2,40,4A5S,7.48,False,201,-18.13,5.37,0.38,6091,4947,349.642,ok
d15af9a4462ff88f2cfafbc6cc94912e,sp02,2,1,1.2,0.2,40,4A5S,5.89,False,201,-24.81,4.52,0.32,6092,4676,370.043,ok
d1a961f69c709d74aaec2945249f508c,sp02,2,1,1.2,0.2,40,4A5S,6.5,False,NA,NA,NA,NA,0,NA,NA,topo_fail
de36f12fbdb6f099ba5ac3231fe389e0,sp02,2,1,1.2,0.2,40,4A5S,8.36,True,201,-31.08,2.83,0.20,5808,4720,366.537,ok
ea054fd43eb193b0b6268f917ed60185,sp02,2,1,1.2,0.2,40,4A5S,6.12,False,201,-10.62,5.47,0.39,6052,4657,371.407,ok
fbf450a68aa0a625ec13f6c762944a3b,sp02,2,1,1.2,0.2,40,4A5S,7.82,False,201,-32.66,3.08,0.22,6077,4734,365.355,ok
03d2d012db8145e06c35d7e016c645dc,sp02,2,1,1.2,0.2,40,4L7G,8.36,True,201,-26.06,2.24,0.16,1800,2863,604.585,ok
055e1e9c95b2378efd3fc90b82948709,sp02,2,1,1.2,0.2,40,4L7G,5.33,False,201,-38.64,3.06,0.22,1837,3021,572.728,ok
0677f513ac408d66c189e10e0ee4d76f,sp02,2,1,1.2,0.2,40,4L7G,5.29,False,NA,NA,NA,NA,0,NA,NA,pull_fail
078844c7f38624b3996505d0f98526ca,sp02,2,1,1.2,0.2,40,4L7G,8.01,True,201,-37.41,2.66,0.19,1773,2813,615.177,ok
0a826045d720c0a795bd1979a728e35c,sp02,2,1,1.2,0.2,40,4L7G,5.3,False,201,-31.61,3.40,0.24,1789,3035,570.089,ok
3116f4c5342bf41e08cd23593057d9ac,sp02,2,1,1.2,0.2,40,4L7G,5.15,False,201,-38.74,2.62,0.19,1865,3093,559.382,ok
39f4f10d914c61149f1719bf477dd932,sp02,2,1,1.2,0.2,40,4L7G,5.27,False,201,-40.62,2.81,0.20,1862,3077,562.171,ok
3a87c373b8ee3ee690e68ccce89857a3,sp02,2,1,1.2,0.2,40,4L7G,6.0,True,201,-32.18,3.28,0.23,1857,2847,608.002,ok
52d2e2cddbd6c2ca52b2a6692a1be706,sp02,2,1,1.2,0.2,40,4L7G,5.14,False,201,-29.45,4.72,0.33,1860,2876,601.618,ok
6ed539a8e565bc920be9f146e577ce98,sp02,2,1,1.2,0.2,40,4L7G,5.18,False,201,-28.03,3.61,0.25,1850,2904,595.782,ok
71d81c144a98e11bef7a990464b30910,sp02,2,1,1.2,0.2,40,4L7G,5.31,False,201,-42.65,2.57,0.18,1891,3052,566.829,ok
7f8c5f877cc7df732365ed9f3035e71a,sp02,2,1,1.2,0.2,40,4L7G,8.2,True,201,-15.49,2.05,0.14,1853,3071,563.261,ok
824df1fae448411a738d6987cd933d7b,sp02,2,1,1.2,0.2,40,4L7G,8.52,True,NA,NA,NA,NA,0,NA,NA,topo_fail
9510387a41d9428f814f1e8a487e626d,sp02,2,1,1.2,0.2,40,4L7G,7.0,True,201,-12.54,5.77,0.41,1848,3054,566.382,ok
ab32da1f7ea48da050cb3f074c41b42f,sp02,2,1,1.2,0.2,40,4L7G,5.21,False,201,-32.76,1.85,0.13,1842,2837,609.844,ok
b1a7ee597e9d75bd95fcad2e74c8ab83,sp02,2,1,1.2,0.2,40,4L7G,6.54,True,201,-41.33,2.48,0.17,1856,3204,540.070,ok
b7649d4e54db2998f4f380ff5b78484d,sp02,2,1,1.2,0.2,40,4L7G,5.22,False,NA,NA,NA,NA,0,NA,NA,topo_fail
c3abed8fe47c90e2af144bafbdc1da21,sp02,2,1,1.2,0.2,40,4L7G,5.14,False,NA,NA,NA,NA,0,NA,NA,topo_fail
c3e6f0472fa7320f5e210e26cfc4ecec,sp02,2,1,1.2,0.2,40,4L7G,5.33,False,NA,NA,NA,NA,0,NA,NA,topo_fail
c5b72985a64d484d55f5162f79464155,sp02,2,1,1.2,0.2,40,4L7G,5.28,False,NA,NA,NA,NA,0,NA,NA,topo_fail
c83d057a219e5a25a09f354503a70d4d,sp02,2,1,1.2,0.2,40,4L7G,5.33,False,201,-43.52,2.50,0.18,1849,3062,564.979,ok
cf4a8047b69fbbe4ae6525a51c3063a1,sp02,2,1,1.2,0.2,40,4L7G,5.1,False,NA,NA,NA,NA,0,NA,NA,topo_fail
d1d524dd925a24438ecd2d014b089d87,sp02,2,1,1.2,0.2,40,4L7G,5.32,False,NA,NA,NA,NA,0,NA,NA,topo_fail
e123cf065380d0b0c8f3053e9ba7be61,sp02,2,1,1.2,0.2,40,4L7G,5.3,False,201,-39.23,2.11,0.15,1784,3012,574.360,ok
e3b605e5b9101a4f3fa1aae790d69360,sp02,2,1,1.2,0.2,40,4L7G,5.05,False,201,-45.61,2.44,0.17,1793,3073,562.917,ok
e8db4af0c7a34ddcd59bd43979c83a63,sp02,2,1,1.2,0.2,40,4L7G,7.96,True,201,-31.67,2.61,0.18,1844,3064,564.810,ok
ec4ccad83d01498f18eec3728419c3aa,sp02,2,1,1.2,0.2,40,4L7G,5.21,False,201,-33.24,2.10,0.15,1834,3199,540.747,ok
ee2e7b45aae1b85d5c18aad16d03d855,sp02,2,1,1.2,0.2,40,4L7G,7.45,True,201,-18.28,5.57,0.39,1844,3177,544.817,ok
f5b52bef73821d9cc3d674e42de6608f,sp02,2,1,1.2,0.2,40,4L7G,5.07,False,201,-18.58,5.57,0.39,1860,3206,539.636,ok
04d89e15e651861ca58bbec52b719c49,sp02,2,1,1.2,0.2,40,4QB3,6.33,False,201,-37.13,3.26,0.23,271,2072,835.827,ok
0b4fbf7130a60ebdf348cd8d14c36b77,sp02,2,1,1.2,0.2,40,4QB3,7.515,True,201,-33.84,2.48,0.17,269,1714,1010.778,ok
15044c0c9f83bb877f5ea28fece53a3d,sp02,2,1,1.2,0.2,40,4QB3,6.38,False,201,-37.12,3.66,0.26,286,1719,1007.540,ok
2b0132dda46dfc13890fc97f3e161079,sp02,2,1,1.2,0.2,40,4QB3,6.295,False,201,-39.43,3.78,0.27,280,1705,1015.445,ok
3dd7fe0b27b084a92f8091446da1a66e,sp02,2,1,1.2,0.2,40,4QB3,5.68,False,201,-33.05,4.13,0.29,281,1744,993.169,ok
492b610efd391e76c199bfed5b16cf2a,sp02,2,1,1.2,0.2,40,4QB3,5.51,False,201,-34.41,2.91,0.21,291,1716,1009.362,ok
594685ab2c2c7dfb758c69d0a9bc2a8d,sp02,2,1,1.2,0.2,40,4QB3,6.33,False,NA,NA,NA,NA,0,NA,NA,topo_fail
605f40bd8c866d6adb1d6f2bec42c9b3,sp02,2,1,1.2,0.2,40,4QB3,8.004999999999999,True,201,-28.94,3.71,0.26,280,1725,1004.934,ok
65316367b1c7ba80511f9cb5fb2fd2a4,sp02,2,1,1.2,0.2,40,4QB3,8.25,True,201,-39.41,3.09,0.22,283,1722,1006.506,ok
6b43e44fb3ada6de6c351a68d32eaa65,sp02,2,1,1.2,0.2,40,4QB3,8.74,True,201,-31.64,4.13,0.29,281,1728,1002.245,ok
6f8f3139923f55cc6cf8ceaccedb3aa4,sp02,2,1,1.2,0.2,40,4QB3,5.91,False,201,-43.18,4.07,0.29,284,1713,1010.971,ok
71610ced88f2d058ad64b79635b26b20,sp02,2,1,1.2,0.2,40,4QB3,5.74,False,201,-26.25,3.24,0.23,279,1802,960.607,ok
749b421329101fb34bf4c33daa32ff2e,sp02,2,1,1.2,0.2,40,4QB3,5.555,False,NA,NA,NA,NA,0,NA,NA,topo_fail
79ff013c97a88f8bec1adfae42218746,sp02,2,1,1.2,0.2,40,4QB3,6.115,False,201,-43.27,3.03,0.21,282,1711,1012.251,ok
8016222bad11f4d65a8f6f4e49b5cd67,sp02,2,1,1.2,0.2,40,4QB3,6.074999999999999,False,201,-39.98,3.44,0.24,285,1718,1008.409,ok
8072d1cd9b9a836cbeec520610c1f9bd,sp02,2,1,1.2,0.2,40,4QB3,5.67,False,201,-29.46,2.65,0.19,279,1716,1009.244,ok
80b0fe984d15b87a9da0bed91ab28b29,sp02,2,1,1.2,0.2,40,4QB3,7.77,True,201,-45.12,2.69,0.19,281,1764,982.156,ok
8a909432391c80b5414f2aed6279b942,sp02,2,1,1.2,0.2,40,4QB3,7.01,True,NA,NA,NA,NA,0,NA,NA,topo_fail
971c944ef6916e2840b6d63b8f00425e,sp02,2,1,1.2,0.2,40,4QB3,5.625,False,201,-33.23,4.15,0.29,280,1744,993.090,ok
aa4ab13cb4df4d90f08700b97350a57b,sp02,2,1,1.2,0.2,40,4QB3,6.055,True,201,-35.11,3.05,0.22,282,1720,1006.821,ok
ac6254a319053d53d01f6c8c06bc783d,sp02,2,1,1.2,0.2,40,4QB3,6.415,False,NA,NA,NA,NA,0,NA,NA,topo_fail
b2d145c83fe363359f846985aa11d3ba,sp02,2,1,1.2,0.2,40,4QB3,5.965,False,201,-36.47,2.42,0.17,282,1710,1012.961,ok
bf34923dc4f956fa0c26fb0a54550049,sp02,2,1,1.2,0.2,40,4QB3,5.28,False,201,-38.68,2.80,0.20,268,2104,822.940,ok
cc7b6263adb98dd621cdb08fde955a6f,sp02,2,1,1.2,0.2,40,4QB3,9.505,True,NA,NA,NA,NA,0,NA,NA,topo_fail
ce9a796b1b540bd01171a965543d5ed4,sp02,2,1,1.2,0.2,40,4QB3,7.99,True,NA,NA,NA,NA,0,NA,NA,topo_fail
d14a66e8dd811490ccafaf75afa970de,sp02,2,1,1.2,0.2,40,4QB3,6.35,False,201,-30.31,3.26,0.23,278,1727,1002.633,ok
e157f064686d18428292a95c75eebffe,sp02,2,1,1.2,0.2,40,4QB3,8.495000000000001,True,201,-32.11,3.24,0.23,269,1730,1001.439,ok
eb86c0e119d2fe75487a399c76724176,sp02,2,1,1.2,0.2,40,4QB3,6.0600000000000005,False,201,-30.92,3.13,0.22,280,1727,1002.644,ok
ec69e1666eb0eb27ed19cf2994bc675f,sp02,2,1,1.2,0.2,40,4QB3,5.845,False,201,-35.34,2.84,0.20,284,1709,1013.341,ok
fa512f9f244e78009694ff207c157f04,sp02,2,1,1.2,0.2,40,4QB3,5.975,False,201,-40.25,3.23,0.23,284,1724,1004.638,ok
066409425aa3969efdeb577c7443fbbd,sp02,2,1,1.2,0.2,40,5HU9,7.38,False,201,-40.10,3.85,0.27,1006,2370,730.195,ok
0d441b18656df0b6da1659391eb123e7,sp02,2,1,1.2,0.2,40,5HU9,7.38,False,201,-22.48,2.92,0.21,1061,2407,718.951,ok
11575d57d06531080c7c3f1703538086,sp02,2,1,1.2,0.2,40,5HU9,8.0,True,201,-16.17,13.40,0.94,1046,2424,714.071,ok
12004f3f2e7c95e0f8ddf8877cb7684c,sp02,2,1,1.2,0.2,40,5HU9,7.24,False,201,-35.29,2.88,0.20,1039,2371,730.259,ok
1dd183338ac9d0d5904e89f4aca06e34,sp02,2,1,1.2,0.2,40,5HU9,6.86,False,201,-35.24,2.60,0.18,1053,2411,717.744,ok
2be277119d6eae84726b1921013ba77e,sp02,2,1,1.2,0.2,40,5HU9,7.38,False,201,-26.77,1.98,0.14,1070,2379,727.370,ok
302044e4781ac510fc30f16377e71d45,sp02,2,1,1.2,0.2,40,5HU9,10.73,True,201,-23.36,3.78,0.27,1069,2382,726.669,ok
353af6c9cfe7ecb0019d13eaa7b46eaf,sp02,2,1,1.2,0.2,40,5HU9,7.3,False,201,-32.15,4.17,0.29,1017,2545,679.953,ok
3d395f6de7723b7b1aeebfb375bb1c5d,sp02,2,1,1.2,0.2,40,5HU9,8.7,True,201,-39.73,3.25,0.23,1055,2373,729.413,ok
3fa0c6c3d51d517940f2d737b2a070f2,sp02,2,1,1.2,0.2,40,5HU9,9.15,True,201,-34.55,3.03,0.21,1055,2418,715.756,ok
427745a99482f89e2af213daac24f2c4,sp02,2,1,1.2,0.2,40,5HU9,7.14,False,NA,NA,NA,NA,0,NA,NA,topo_fail
47d61683781a3671bead51f8f8e84eb9,sp02,2,1,1.2,0.2,40,5HU9,7.38,False,201,-21.68,4.15,0.29,1065,2400,721.317,ok
57f8d9f325a6ba6d6f33f1306c042866,sp02,2,1,1.2,0.2,40,5HU9,6.67,False,NA,NA,NA,NA,0,NA,NA,topo_fail
5aeaf69cbe372b3d35c6e0ef066dc05b,sp02,2,1,1.2,0.2,40,5HU9,6.67,False,NA,NA,NA,NA,0,NA,NA,topo_fail
6625c7dedbb9078036a34c78f2ad4182,sp02,2,1,1.2,0.2,40,5HU9,7.38,False,201,-37.25,2.86,0.20,1041,2394,722.965,ok
6fe2e1378b320a53571e4688376156bc,sp02,2,1,1.2,0.2,40,5HU9,7.96,True,201,-15.69,4.28,0.30,1036,2367,731.303,ok
83426a9786b17364e36e1efe6db37be6,sp02,2,1,1.2,0.2,40,5HU9,6.88,False,NA,NA,NA,NA,0,NA,NA,topo_fail
8b7977f1eab9ea4074744154d19bfa8d,sp02,2,1,1.2,0.2,40,5HU9,7.07,False,201,-30.75,7.34,0.52,1061,2348,737.159,ok
8f625b232d5b3f24ef0fccc5663f85b7,sp02,2,1,1.2,0.2,40,5HU9,6.39,False,201,-24.50,2.98,0.21,1056,2409,718.367,ok
9c39d3ac13c2b5c81959b897757d862d,sp02,2,1,1.2,0.2,40,5HU9,9.7,True,201,-29.94,4.18,0.29,1038,2389,724.680,ok
a9feaf2e38ac31b8f513a09f91500ce9,sp02,2,1,1.2,0.2,40,5HU9,6.38,False,201,-31.42,2.57,0.18,1048,2392,723.274,ok
b97da2a131609768b2ffb5b85b870db2,sp02,2,1,1.2,0.2,40,5HU9,6.44,False,NA,NA,NA,NA,0,NA,NA,topo_fail
b9b9bfeefa0e6a15732b8a6efe510a7f,sp02,2,1,1.2,0.2,40,5HU9,7.28,False,NA,NA,NA,NA,0,NA,NA,topo_fail
bc27b2dd2f1cfe96f171984d54609c4e,sp02,2,1,1.2,0.2,40,5HU9,6.36,True,201,-26.99,3.29,0.23,1011,2322,745.217,ok
cee48dd72369c4e1f48b01651c970791,sp02,2,1,1.2,0.2,40,5HU9,7.38,False,NA,NA,NA,NA,0,NA,NA,topo_fail
d4f996968bb63065cac387c064aaed66,sp02,2,1,1.2,0.2,40,5HU9,7.38,True,NA,NA,NA,NA,0,NA,NA,topo_fail
d53bf0815e07a7eed23cd2bbc64997ea,sp02,2,1,1.2,0.2,40,5HU9,7.38,False,NA,NA,NA,NA,0,NA,NA,topo_fail
e111d883881d5735e54ce398821e189a,sp02,2,1,1.2,0.2,40,5HU9,6.62,False,201,-24.38,5.57,0.39,992,2382,726.443,ok
e705cc4eb668b2bbc015283bc2b78b89,sp02,2,1,1.2,0.2,40,5HU9,7.57,True,201,-34.39,2.18,0.15,995,2357,734.376,ok
ee504f886574b282ca630cb14509614b,sp02,2,1,1.2,0.2,40,5HU9,7.8,True,201,-5.07,5.67,0.40,1045,2368,730.959,ok
04e69510b344ad3e65a21130b7429d06,sp02,2,1,1.2,0.2,40,8ELC,8.8,True,201,-41.82,3.14,0.22,1609,3179,544.128,ok
1468bf8fe44d2660d4245111ed256bb3,sp02,2,1,1.2,0.2,40,8ELC,4.5,False,201,-14.12,2.72,0.19,1680,3017,573.587,ok
14e61945a20724d1818139fef8823538,sp02,2,1,1.2,0.2,40,8ELC,6.6,True,201,-31.27,4.38,0.31,1705,2913,593.872,ok
1c58151c5cca3757a0dafb204cf925ad,sp02,2,1,1.2,0.2,40,8ELC,8.2,True,201,-53.93,3.38,0.24,1734,2992,578.259,ok
22449a0ea60f206a1700d752b8923709,sp02,2,1,1.2,0.2,40,8ELC,6.2,True,201,-56.84,2.19,0.15,1719,3704,467.112,ok
3701efaa518b8864dbdbd2befc3c3bad,sp02,2,1,1.2,0.2,40,8ELC,5.4,False,201,-46.18,3.45,0.24,1701,2981,580.444,ok
3b35ddb2b8a33d05d6b5870a9da6c712,sp02,2,1,1.2,0.2,40,8ELC,7.9,True,201,-29.28,4.59,0.32,1696,2831,611.221,ok
3f4c270aff052556802e3ea59a80940f,sp02,2,1,1.2,0.2,40,8ELC,5.1,False,201,-27.11,2.17,0.15,1688,3429,504.418,ok
48a1e72551999e470167671de99c60b0,sp02,2,1,1.2,0.2,40,8ELC,5.4,False,201,-42.62,2.09,0.15,1702,3586,482.310,ok
4ec28cb2a7a8589319f3a418eb12f1fd,sp02,2,1,1.2,0.2,40,8ELC,4.2,False,201,-22.85,1.81,0.13,1695,3064,564.514,ok
519f148d49ef68ce3782c8eab23fa39e,sp02,2,1,1.2,0.2,40,8ELC,8.4,True,201,-40.65,2.55,0.18,1716,2871,602.678,ok
6e359d9430a2de705d89d808ead7c331,sp02,2,1,1.2,0.2,40,8ELC,5.4,False,201,-42.23,4.02,0.28,1686,2793,619.724,ok
6f6836389edc435ef5de6a0ca5c25474,sp02,2,1,1.2,0.2,40,8ELC,7.1,True,201,-30.46,2.68,0.19,1679,3480,497.230,ok
70ccfc52bf05ee3830737995c6d93f9c,sp02,2,1,1.2,0.2,40,8ELC,4.5,False,201,-33.08,1.80,0.13,1690,2991,578.355,ok
73ee76fa0a7cddc97ed2eb037810cd66,sp02,2,1,1.2,0.2,40,8ELC,4.7,False,NA,NA,NA,NA,0,NA,NA,topo_fail
8334c32de8facb541aeda11ba000b299,sp02,2,1,1.2,0.2,40,8ELC,4.4,False,NA,NA,NA,NA,0,NA,NA,topo_fail
8dcaa68c20948305aa767048b2da4ec2,sp02,2,1,1.2,0.2,40,8ELC,5.4,False,201,-34.97,3.25,0.23,1691,2838,609.600,ok
9c898bacf201efb96fbd136bddcadbcd,sp02,2,1,1.2,0.2,40,8ELC,4.1,False,NA,NA,NA,NA,0,NA,NA,topo_fail
a2698e5db085c1959923b7b6eca55067,sp02,2,1,1.2,0.2,40,8ELC,8.0,True,201,-40.10,2.93,0.21,1691,2851,606.933,ok
b336313e484c9484749cc0714b940ff4,sp02,2,1,1.2,0.2,40,8ELC,5.4,False,201,-38.99,2.49,0.18,1686,2981,580.348,ok
b4b28e7bbe6caf601c6f1d9f426e6b74,sp02,2,1,1.2,0.2,40,8ELC,4.3,False,201,-27.45,1.98,0.14,1677,3214,538.113,ok
bc9b7c54eb864a288d845c2e1a4018a9,sp02,2,1,1.2,0.2,40,8ELC,5.4,False,201,-52.39,3.37,0.24,1623,3433,504.112,ok
c52270f78e77bf608aafaa68736e6b18,sp02,2,1,1.2,0.2,40,8ELC,4.1,False,NA,NA,NA,NA,0,NA,NA,topo_fail
ccb9fbbe8dccd3e51806073eb486a17c,sp02,2,1,1.2,0.2,40,8ELC,4.3,False,NA,NA,NA,NA,0,NA,NA,topo_fail
ceb2b49097d65c6344d7760b76a49be7,sp02,2,1,1.2,0.2,40,8ELC,4.5,False,NA,NA,NA,NA,0,NA,NA,topo_fail
db2ffa37256932f6732629ec5f2a035f,sp02,2,1,1.2,0.2,40,8ELC,4.0,False,NA,NA,NA,NA,0,NA,NA,topo_fail
ee389516e27a1853ac625548d8ca9482,sp02,2,1,1.2,0.2,40,8ELC,6.0,True,201,-49.89,2.77,0.20,1688,2792,619.665,ok
eff71722c9c04f7e61a0cf427b3c6019,sp02,2,1,1.2,0.2,40,8ELC,4.3,False,NA,NA,NA,NA,0,NA,NA,topo_fail
f444bf4b2a5712cdb76e326e74202030,sp02,2,1,1.2,0.2,40,8ELC,8.2,True,201,-40.81,3.74,0.26,1694,2830,611.511,ok
fae572d9925f12e9cf58d65f8235a662,sp02,2,1,1.2,0.2,40,8ELC,5.4,False,201,-60.14,2.84,0.20,1690,2823,612.927,ok
03f5731ad72b97ea2fd1ec352fe5dde0,sp02,2,1,1.2,0.2,40,9D9I,6.59,False,201,-54.28,2.13,0.15,621,2084,830.940,ok
0a8bd2b181a818ac245c132acb3ffd18,sp02,2,1,1.2,0.2,40,9D9I,4.82,False,201,-39.18,2.83,0.20,600,2068,837.541,ok
0ba0e185398f759ca91fbd5fa3f0803a,sp02,2,1,1.2,0.2,40,9D9I,8.05,True,201,-58.95,2.94,0.21,609,2075,834.289,ok
0f35616c28aaaf8c39fd2467e3d2cebd,sp02,2,1,1.2,0.2,40,9D9I,5.21,False,201,-38.03,2.59,0.18,625,2063,839.669,ok
1a263985d22c81f9d3e9eb46e23d21ab,sp02,2,1,1.2,0.2,40,9D9I,4.88,False,201,-49.40,3.26,0.23,670,2047,846.398,ok
1f270ea65cd761a78a0ed8ab4ee8fec0,sp02,2,1,1.2,0.2,40,9D9I,5.46,False,201,-46.72,2.53,0.18,633,2098,824.575,ok
266bbb49e60781aca4002ea95c99c033,sp02,2,1,1.2,0.2,40,9D9I,5.08,False,201,-38.82,2.31,0.16,649,2058,841.494,ok
282b4e352d38ef07443209435439bcea,sp02,2,1,1.2,0.2,40,9D9I,9.0,True,201,-56.66,2.81,0.20,639,2100,824.506,ok
295199ed8a4621a340b6b79b4024bec4,sp02,2,1,1.2,0.2,40,9D9I,4.78,False,201,-31.76,2.35,0.17,640,2055,842.669,ok
2b0f0d7f8914675eaf8e2f5aee81598d,sp02,2,1,1.2,0.2,40,9D9I,6.48,False,201,-47.71,2.31,0.16,651,2085,830.742,ok
395f47b77b5f161c28c20393b39e9076,sp02,2,1,1.2,0.2,40,9D9I,5.51,False,NA,NA,NA,NA,0,NA,NA,topo_fail
59573ee97914f33c9708de5aa2e356b5,sp02,2,1,1.2,0.2,40,9D9I,4.49,False,NA,NA,NA,NA,0,NA,NA,topo_fail
5b6d2943bab2409bd0928714d9016311,sp02,2,1,1.2,0.2,40,9D9I,7.06,False,201,-56.97,2.70,0.19,635,2106,821.627,ok
5e2a23cb4d697cfdd0e84f4a2481d982,sp02,2,1,1.2,0.2,40,9D9I,6.75,True,201,-43.37,4.39,0.31,633,2056,842.420,ok
69ea6e3ad23ea569f4bbfa0263cb5bdc,sp02,2,1,1.2,0.2,40,9D9I,7.06,False,201,-47.18,2.69,0.19,634,2082,831.237,ok
7f401a529b655f4a54438d8f5d6f0225,sp02,2,1,1.2,0.2,40,9D9I,6.16,True,201,-42.99,2.33,0.16,633,2053,843.689,ok
909628c1d41006cf8bdc95b988228e4f,sp02,2,1,1.2,0.2,40,9D9I,4.54,False,201,-36.00,2.36,0.17,627,2042,847.484,ok
ace45146c6a78c8039ff1fcd87b39fda,sp02,2,1,1.2,0.2,40,9D9I,5.62,False,NA,NA,NA,NA,0,NA,NA,topo_fail
b6465c8ac0ed173d3faf7c401e0c4924,sp02,2,1,1.2,0.2,40,9D9I,7.25,True,NA,NA,NA,NA,0,NA,NA,topo_fail
b8ac149673f7c3cd33b88439965cd67f,sp02,2,1,1.2,0.2,40,9D9I,7.47,True,NA,NA,NA,NA,0,NA,NA,topo_fail
b935f060fc633ecb59aac069eeb99d71,sp02,2,1,1.2,0.2,40,9D9I,4.64,False,NA,NA,NA,NA,0,NA,NA,topo_fail
ca3e30b78b8b15c1aa76fed50341d715,sp02,2,1,1.2,0.2,40,9D9I,7.09,True,NA,NA,NA,NA,0,NA,NA,topo_fail
d4a029e120a4109e548f939835fea733,sp02,2,1,1.2,0.2,40,9D9I,7.92,True,NA,NA,NA,NA,0,NA,NA,topo_fail
d8a2b383fc51f79cc2469b166af9122c,sp02,2,1,1.2,0.2,40,9D9I,6.9,False,NA,NA,NA,NA,0,NA,NA,topo_fail
de1492a39ee5b6346482dc83a1060a60,sp02,2,1,1.2,0.2,40,9D9I,5.58,False,201,-47.27,2.27,0.16,600,2075,833.932,ok
e13195a3669e20a1cb71ccb752460291,sp02,2,1,1.2,0.2,40,9D9I,6.18,False,201,-51.52,2.57,0.18,609,2090,828.759,ok
e5ec85f1b96ce3d4ca5d747969350f0f,sp02,2,1,1.2,0.2,40,9D9I,5.68,False,201,-48.80,2.70,0.19,609,2025,854.604,ok
f3bf65b5c175c4eb9a32b952ec009daa,sp02,2,1,1.2,0.2,40,9D9I,4.63,False,NA,NA,NA,NA,0,NA,NA,topo_fail
fa95727eed889db7226aa52d7509284a,sp02,2,1,1.2,0.2,40,9D9I,8.3,True,201,-44.17,2.25,0.16,633,2077,833.667,ok
01bd41af226d7f8d1e5fdb361b0b562d,sp02,2,1,1.2,0.2,40,9SI4,5.13,False,201,-9.86,5.95,0.42,636,2031,852.879,ok
047b4e5133e0d4a8a3c4c2b9f29f5ee1,sp02,2,1,1.2,0.2,40,9SI4,4.46,False,201,-20.21,1.61,0.11,608,2030,852.156,ok
0b8c97a20e0da60b11a122b27f6c8b62,sp02,2,1,1.2,0.2,40,9SI4,4.89,False,201,-17.58,5.61,0.40,647,2019,857.214,ok
196b38c7ef93d3d9da6c8ba5fbe7cc36,sp02,2,1,1.2,0.2,40,9SI4,5.19,False,201,-20.53,3.65,0.26,640,2036,849.845,ok
238dd65aac42b2b34162c0b51a84d1db,sp02,2,1,1.2,0.2,40,9SI4,4.01,False,201,-16.89,2.42,0.17,637,2045,846.491,ok
253860e6145c4fd6dd9cbc288515e367,sp02,2,1,1.2,0.2,40,9SI4,9.64,True,201,-11.84,3.30,0.23,644,2056,841.770,ok
359e38e810d725751e2260e2b3006df9,sp02,2,1,1.2,0.2,40,9SI4,4.84,False,201,-21.73,1.55,0.11,636,2035,850.445,ok
4be7a12b601883e91811eeb2e0c4ed4b,sp02,2,1,1.2,0.2,40,9SI4,5.14,False,201,-22.59,1.90,0.13,644,2017,858.573,ok
543c819ac4256fe5b41298770a798122,sp02,2,1,1.2,0.2,40,9SI4,7.15,True,201,-30.76,2.23,0.16,638,2052,843.243,ok
5d9bbfbd38feae26823caf531a5db1a6,sp02,2,1,1.2,0.2,40,9SI4,8.0,True,201,-15.95,1.80,0.13,632,1994,867.649,ok
62064a9f6b5d461a4c097abbc9bffe7a,sp02,2,1,1.2,0.2,40,9SI4,10.37,True,201,-24.17,1.69,0.12,636,2001,864.813,ok
6564af0e70be4d43388870363762e68c,sp02,2,1,1.2,0.2,40,9SI4,7.96,True,201,-27.18,3.75,0.26,641,2054,842.499,ok
65fcca610b91676d473a89c0858c6ffc,sp02,2,1,1.2,0.2,40,9SI4,5.1,False,201,-14.92,1.82,0.13,640,2035,850.947,ok
69da907af4c1f2f8307d027d4ab80d72,sp02,2,1,1.2,0.2,40,9SI4,5.02,False,201,-25.83,1.72,0.12,635,2001,865.529,ok
737df570b627d06e92101677b4e3da21,sp02,2,1,1.2,0.2,40,9SI4,4.26,False,NA,NA,NA,NA,0,NA,NA,topo_fail
9962e35d818f378081860dfde6088db5,sp02,2,1,1.2,0.2,40,9SI4,5.26,False,201,-24.11,3.56,0.25,638,2043,846.941,ok
9e7607ef3d929c5fd46ea0dc7f23f535,sp02,2,1,1.2,0.2,40,9SI4,4.73,False,201,-28.12,2.06,0.15,637,2013,859.607,ok
9fdebd3e36d16344b05f496394363d9c,sp02,2,1,1.2,0.2,40,9SI4,4.96,False,201,-28.85,1.91,0.13,635,2065,838.105,ok
a5b2fb04b878e9fff4b764e79cf06db2,sp02,2,1,1.2,0.2,40,9SI4,4.19,False,201,-28.93,2.88,0.20,636,2025,854.535,ok
bb0523a55a6136f05a592d05fd8ff8de,sp02,2,1,1.2,0.2,40,9SI4,8.57,True,201,-24.76,2.88,0.20,608,2055,842.090,ok
d005b3d8ed6ab71e5ebd50c1b26a2ffb,sp02,2,1,1.2,0.2,40,9SI4,6.0,True,201,-29.28,2.42,0.17,635,2033,851.297,ok
d1324bec8ed2f7c4caac7dd5ac774f98,sp02,2,1,1.2,0.2,40,9SI4,8.19,True,201,-19.65,4.07,0.29,632,2017,857.855,ok
d9a52d46c0ccf0c1913e0eebbacfc330,sp02,2,1,1.2,0.2,40,9SI4,5.32,False,NA,NA,NA,NA,0,NA,NA,topo_fail
dbc5bdf0c84f89a682be5ac536c00bd2,sp02,2,1,1.2,0.2,40,9SI4,5.12,False,201,-15.43,6.63,0.47,606,2034,851.499,ok
de91618eee657d877d0668058bd50ff6,sp02,2,1,1.2,0.2,40,9SI4,5.05,False,201,-10.89,4.85,0.34,607,2015,859.575,ok
e8397fcd2197e27d094058bc02fbba6a,sp02,2,1,1.2,0.2,40,9SI4,4.5,False,201,-48.49,2.41,0.17,634,2020,857.074,ok
eb1eb691e1c65761a234212818817153,sp02,2,1,1.2,0.2,40,9SI4,5.09,False,201,-23.71,3.09,0.22,631,2025,855.071,ok
f93dfb8ee56b2a98182d0adc1030c114,sp02,2,1,1.2,0.2,40,9SI4,6.35,True,201,-21.28,2.98,0.21,639,2027,853.888,ok
fc4ddc57541f29488f09921d9b36bc97,sp02,2,1,1.2,0.2,40,9SI4,5.16,False,201,-23.78,5.21,0.37,636,2040,849.115,ok
ffdbd2aa8cc03f78eb6b433fe1a74c09,sp02,2,1,1.2,0.2,40,9SI4,6.75,True,201,-24.21,5.49,0.39,637,2023,855.437,ok
0220b4986165db73cd9f0775b82b7838,sp03,2,2,1.0,0.1,80,2XU3,7.3,False,201,-39.14,2.54,0.18,600,1975,876.484,ok
13e1da8f0e67c08c5ef1cb0ebded75a5,sp03,2,2,1.0,0.1,80,2XU3,7.1,False,201,-12.32,6.07,0.43,631,2013,859.737,ok
187b2fb9351c5f10d65f710e85056c31,sp03,2,2,1.0,0.1,80,2XU3,8.3,True,201,-31.23,4.16,0.29,600,2032,851.870,ok
20ffceabec2b95cc0b401b1d1e504f6b,sp03,2,2,1.0,0.1,80,2XU3,8.3,True,201,-40.93,2.15,0.15,630,1970,878.325,ok
2cb6e34fab1ee523b2a48790b68ad465,sp03,2,2,1.0,0.1,80,2XU3,6.6,False,201,-37.25,2.32,0.16,635,2040,848.260,ok
335dd6fbc3377cdcf2401cfc6056bc9c,sp03,2,2,1.0,0.1,80,2XU3,7.4,True,201,-8.55,6.43,0.45,631,2012,859.962,ok
37eaa144facb029500f427e04d484481,sp03,2,2,1.0,0.1,80,2XU3,8.0,True,201,-37.08,2.17,0.15,621,1987,871.034,ok
39cbab9e91b4af7ae5b0eed4a14b90f9,sp03,2,2,1.0,0.1,80,2XU3,6.3,True,201,-33.65,2.87,0.20,621,1991,869.451,ok
4232bcfa9c606f52c8067ff9e22fe8af,sp03,2,2,1.0,0.1,80,2XU3,7.5,False,201,-38.41,2.22,0.16,622,2047,845.542,ok
424689a2bad294c9a4d19ed5924324de,sp03,2,2,1.0,0.1,80,2XU3,6.0,False,201,-32.57,2.43,0.17,624,2020,856.941,ok
6ef67d129dcb37a0be630ca24c321f02,sp03,2,2,1.0,0.1,80,2XU3,7.3,False,201,-28.37,3.17,0.22,599,1959,883.472,ok
7969946fa4a7d73df90d5fadcdef4b59,sp03,2,2,1.0,0.1,80,2XU3,6.9,False,201,-37.78,2.33,0.16,624,1986,871.154,ok
88de53427c78a4f8890a2b946385d70b,sp03,2,2,1.0,0.1,80,2XU3,5.5,False,201,-21.69,3.10,0.22,629,2031,852.181,ok
98cf559a50ee84d38e7648c91b0c564d,sp03,2,2,1.0,0.1,80,2XU3,6.0,True,201,-29.06,3.09,0.22,599,2021,856.491,ok
99c9a8dee8fadf56676d8f90e6848e58,sp03,2,2,1.0,0.1,80,2XU3,6.3,False,201,-31.80,2.23,0.16,599,2042,847.694,ok
9c772b2f96c879dc662e5f137990844f,sp03,2,2,1.0,0.1,80,2XU3,7.9,True,201,-15.44,4.91,0.35,600,1973,877.056,ok
a1409d89193dd0a7a4a54efb7c4b0b88,sp03,2,2,1.0,0.1,80,2XU3,7.6,False,201,-37.52,2.56,0.18,598,1983,872.651,ok
a864b4e510a4a9f05aa2438e3cebd634,sp03,2,2,1.0,0.1,80,2XU3,6.0,False,201,-34.66,2.28,0.16,601,2049,844.520,ok
ad3886476184578f75d5af9504b7aca7,sp03,2,2,1.0,0.1,80,2XU3,6.6,False,201,-30.21,5.94,0.42,600,2022,855.917,ok
c42e22237c07702a044507738b0805b2,sp03,2,2,1.0,0.1,80,2XU3,5.9,False,201,-29.14,2.10,0.15,596,2036,850.119,ok
c5cf1f886c6849f8233c8b282a929680,sp03,2,2,1.0,0.1,80,2XU3,5.4,False,201,-20.24,3.27,0.23,597,2049,844.638,ok
c842104ea7034c335c96f16efde3aff4,sp03,2,2,1.0,0.1,80,2XU3,5.8,False,NA,NA,NA,NA,0,NA,NA,topo_fail
cb20abd70e0ece3d85e1338101d4bd72,sp03,2,2,1.0,0.1,80,2XU3,6.2,False,201,-22.50,4.14,0.29,598,2006,862.699,ok
d60363c0fec1c05a155d848f9a232a3e,sp03,2,2,1.0,0.1,80,2XU3,6.2,False,201,-27.60,2.67,0.19,600,2030,852.637,ok
def33b1b26713c8ce7794e1cee2141c6,sp03,2,2,1.0,0.1,80,2XU3,8.9,True,201,-36.03,5.50,0.39,601,2080,832.144,ok
e93a4d36831e1c123940b06eb94b7e74,sp03,2,2,1.0,0.1,80,2XU3,5.0,False,201,-11.11,7.84,0.55,597,2002,864.457,ok
f885f085c98c18670a7ddbe3c7a763da,sp03,2,2,1.0,0.1,80,2XU3,9.9,True,201,-22.75,2.89,0.20,598,2002,864.517,ok
fd5ba50d24141a833001dc12a320fc8f,sp03,2,2,1.0,0.1,80,2XU3,6.9,True,201,-35.62,2.63,0.19,624,1990,869.708,ok
ff8edf23e1c4463cdc767531d804cef1,sp03,2,2,1.0,0.1,80,2XU3,5.6,False,201,-34.00,2.58,0.18,627,1926,898.407,ok
fffe47a81a0ad8b0cd7beae03f34b077,sp03,2,2,1.0,0.1,80,2XU3,7.2,False,201,-12.59,5.98,0.42,624,1994,867.851,ok
0708a8656ea2024a7a2f0e1407f518a7,sp03,2,2,1.0,0.1,80,3I06,5.425,False,201,-34.07,3.19,0.22,546,1895,913.815,ok
0790157ee26dfb0fea3a1ce3db026f75,sp03,2,2,1.0,0.1,80,3I06,6.5,False,201,-30.77,2.10,0.15,556,1849,936.776,ok
37f9f904b3a0eaee2c624e4559ebe52f,sp03,2,2,1.0,0.1,80,3I06,5.4,False,201,-32.68,2.66,0.19,568,1910,907.228,ok
3c117a293542d626d77f570da38bd5f1,sp03,2,2,1.0,0.1,80,3I06,6.43,False,NA,NA,NA,NA,0,NA,NA,topo_fail
3f6e40d3068fb0fd99bfa763ed0ca2bb,sp03,2,2,1.0,0.1,80,3I06,7.3,True,201,-17.23,4.94,0.35,563,1905,908.318,ok
4438f9709f9cecfb7ddd62b05fff9f8d,sp03,2,2,1.0,0.1,80,3I06,6.78,False,201,-26.57,3.89,0.27,562,1891,915.860,ok
47a8000e16980306005511b953a06ecf,sp03,2,2,1.0,0.1,80,3I06,6.77,False,201,-27.31,2.36,0.17,564,1912,905.894,ok
4a67881e46b87364ec2e0ec7cbbf0bec,sp03,2,2,1.0,0.1,80,3I06,7.1,False,201,-32.58,3.11,0.22,565,1972,877.636,ok
5d418a86059c42695f5856b68e7a7118,sp03,2,2,1.0,0.1,80,3I06,7.41,True,NA,NA,NA,NA,0,NA,NA,topo_fail
642b2e0e340ac4d3adcf66589e7fd012,sp03,2,2,1.0,0.1,80,3I06,8.4,True,NA,NA,NA,NA,0,NA,NA,topo_fail
7024d698ad06da1b887b5df50f7728d3,sp03,2,2,1.0,0.1,80,3I06,6.965,False,201,-22.12,4.46,0.31,568,1891,915.428,ok
752f05c1f66a8f4b3b1789ec136a4c33,sp03,2,2,1.0,0.1,80,3I06,5.4,False,201,-8.04,5.64,0.40,564,1924,900.517,ok
77b75df8109925be76df5616a3e1c899,sp03,2,2,1.0,0.1,80,3I06,5.744999999999999,False,201,-18.18,5.33,0.38,563,1912,905.964,ok
8aec869639fd159e3c91d77b4fcc4e79,sp03,2,2,1.0,0.1,80,3I06,5.73,False,201,-10.93,6.50,0.46,571,1881,920.857,ok
922db9175a15e6a2d34d02717b0de6ab,sp03,2,2,1.0,0.1,80,3I06,7.2,False,NA,NA,NA,NA,0,NA,NA,topo_fail
9dff198666f179b8a182da3e203eae73,sp03,2,2,1.0,0.1,80,3I06,5.39,False,201,-27.63,2.72,0.19,546,1911,905.948,ok
b19d1a70ff3d2abd6986665d47eff086,sp03,2,2,1.0,0.1,80,3I06,7.3,True,201,-10.21,4.02,0.28,546,1932,896.146,ok
b60c297c7199140f1f38ac6909b5bf24,sp03,2,2,1.0,0.1,80,3I06,8.8,True,201,-26.76,5.23,0.37,544,1933,895.323,ok
b85a22ec0aa0dc6afd4221dc2f0bb482,sp03,2,2,1.0,0.1,80,3I06,6.6,True,201,-31.11,5.09,0.36,544,1930,897.341,ok
ba808f52df2ffa29ea7a2a6a9cd5f0b8,sp03,2,2,1.0,0.1,80,3I06,5.775,False,201,-24.71,4.61,0.32,544,1860,931.532,ok
c2f2ee45493f8ae40c2fd957499cc3f6,sp03,2,2,1.0,0.1,80,3I06,6.4,True,201,-31.14,5.66,0.40,544,1893,914.266,ok
cabddb27a77b57b277eb28c407a26d3f,sp03,2,2,1.0,0.1,80,3I06,5.6,False,201,-29.98,3.16,0.22,545,1943,891.497,ok
d03b3614f1c49ff6b9fbf5832ee9770f,sp03,2,2,1.0,0.1,80,3I06,6.85,False,201,-20.14,6.60,0.47,546,1964,881.476,ok
e32bacbac8502d337dc3d54d78b564a2,sp03,2,2,1.0,0.1,80,3I06,6.85,False,201,-27.78,5.26,0.37,544,1844,938.439,ok
e40809a6930ce378fdcb37d1b644e2d6,sp03,2,2,1.0,0.1,80,3I06,5.815,False,201,-14.64,6.48,0.46,544,1875,924.183,ok
e49cfa366cc64bab8e1edf37b372cbf6,sp03,2,2,1.0,0.1,80,3I06,7.26,True,201,-11.08,3.08,0.22,548,1866,927.369,ok
ea7f0fb058ae9dd251ae33c9d872926b,sp03,2,2,1.0,0.1,80,3I06,4.52,False,201,-13.84,4.63,0.33,546,1930,897.050,ok
f1a057393d7efd3f562b774490f9dfd1,sp03,2,2,1.0,0.1,80,3I06,6.44,False,201,-24.78,2.17,0.15,541,1901,910.616,ok
fa4de5e62b4e32e8b3d71088211803e0,sp03,2,2,1.0,0.1,80,3I06,7.4,True,201,-26.62,3.00,0.21,544,1963,881.461,ok
ff032b5793a25a8e4f9611a34a394671,sp03,2,2,1.0,0.1,80,3I06,6.9,True,201,-27.68,5.14,0.36,567,1884,918.640,ok
26daa23c738cb8c7dababa4ee2a1c4fb,sp03,2,2,1.0,0.1,80,4A5S,5.88,False,201,-24.84,9.00,0.63,6077,4883,354.147,ok
308f2419f5e0ca7b6d39aac23a7de2ff,sp03,2,2,1.0,0.1,80,4A5S,6.06,True,201,-17.44,4.11,0.29,6074,4853,356.354,ok
40cb8b0c3343c02f5a6c40f02757e920,sp03,2,2,1.0,0.1,80,4A5S,7.68,True,201,-15.49,6.57,0.46,6072,5007,345.395,ok
5266e860e65e5fc94b8ebfcb7843c31f,sp03,2,2,1.0,0.1,80,4A5S,7.31,True,201,-33.72,2.84,0.20,6071,5051,342.373,ok
57bff1b2673d3c8b9006213161935522,sp03,2,2,1.0,0.1,80,4A5S,5.79,False,201,-9.66,4.33,0.31,6074,4876,354.642,ok
6c4846b6eaf17057657b89d9f3678cfc,sp03,2,2,1.0,0.1,80,4A5S,7.92,False,201,-33.27,3.26,0.23,5813,4910,352.274,ok
6efdc9276471f46eacd8dbafd71ddfd6,sp03,2,2,1.0,0.1,80,4A5S,6.84,True,NA,NA,NA,NA,0,NA,NA,topo_fail
7a1bbdb9f1f8528edd767025c45e5cc8,sp03,2,2,1.0,0.1,80,4A5S,8.05,False,201,-30.44,3.81,0.27,6046,4932,350.644,ok
819a7f7be372131a469fbed045c9eb33,sp03,2,2,1.0,0.1,80,4A5S,7.52,False,201,-33.72,2.45,0.17,6183,5191,333.137,ok
96e384ca0fb900959cf2205b9121fb47,sp03,2,2,1.0,0.1,80,4A5S,8.0,True,201,-26.93,5.17,0.36,5825,5065,341.423,ok
abcebd7334a50be9b204a4899d5d8881,sp03,2,2,1.0,0.1,80,4A5S,9.14,True,201,-19.29,9.56,0.67,5859,4966,348.339,ok
ac0197ee4a02894e2611e255e0125503,sp03,2,2,1.0,0.1,80,4A5S,8.08,False,201,-15.78,3.00,0.21,5842,4881,354.320,ok
b2bcac7a4f0262268b1a6d2db8d7eb5a,sp03,2,2,1.0,0.1,80,4A5S,7.96,True,NA,NA,NA,NA,0,NA,NA,topo_fail
b4d6bf83422567e92f6475f4f9bd6ec8,sp03,2,2,1.0,0.1,80,4A5S,8.05,False,NA,NA,NA,NA,0,NA,NA,topo_fail
ba32a5ca5c7e6e2db41283cf2f90660d,sp03,2,2,1.0,0.1,80,4A5S,5.54,False,201,-31.41,3.07,0.22,5932,4928,350.951,ok
bd1567927f497abd4e18605be0e5f9dc,sp03,2,2,1.0,0.1,80,4A5S,6.14,False,NA,NA,NA,NA,0,NA,NA,topo_fail
c6780a0007686453a29186d9ec94b23f,sp03,2,2,1.0,0.1,80,4A5S,7.36,False,201,-7.36,5.82,0.41,5837,5074,340.851,ok
c82e0b161bf77b819bbafff08f9a082e,sp03,2,2,1.0,0.1,80,4A5S,8.14,False,NA,NA,NA,NA,0,NA,NA,topo_fail
c8dee15f6cbcf595a6900314ad342f99,sp03,2,2,1.0,0.1,80,4A5S,7.27,False,NA,NA,NA,NA,0,NA,NA,topo_fail
c94a26f4dff73a180f04c48dad017723,sp03,2,2,1.0,0.1,80,4A5S,7.7,False,NA,NA,NA,NA,0,NA,NA,topo_fail
ca1e569ab7c7bc83c949f9e20ed78453,sp03,2,2,1.0,0.1,80,4A5S,9.32,True,NA,NA,NA,NA,0,NA,NA,topo_fail
cfe4d9b13bebf025bdbd30504f03c83a,sp03,2,2,1.0,0.1,80,4A5S,7.48,False,201,-21.68,3.31,0.23,5868,5050,342.410,ok
d15af9a4462ff88f2cfafbc6cc94912e,sp03,2,2,1.0,0.1,80,4A5S,5.89,False,NA,NA,NA,NA,0,NA,NA,topo_fail
d1a961f69c709d74aaec2945249f508c,sp03,2,2,1.0,0.1,80,4A5S,6.5,False,NA,NA,NA,NA,0,NA,NA,topo_fail
de36f12fbdb6f099ba5ac3231fe389e0,sp03,2,2,1.0,0.1,80,4A5S,8.36,True,201,-29.74,3.55,0.25,5832,4893,353.462,ok
ea054fd43eb193b0b6268f917ed60185,sp03,2,2,1.0,0.1,80,4A5S,6.12,False,201,-14.38,5.45,0.38,5815,4928,350.877,ok
fbf450a68aa0a625ec13f6c762944a3b,sp03,2,2,1.0,0.1,80,4A5S,7.82,False,201,-30.89,4.20,0.30,6067,5101,339.065,ok
03d2d012db8145e06c35d7e016c645dc,sp03,2,2,1.0,0.1,80,4L7G,8.36,True,201,-26.23,2.30,0.16,1778,2903,595.792,ok
055e1e9c95b2378efd3fc90b82948709,sp03,2,2,1.0,0.1,80,4L7G,5.33,False,201,-39.58,3.06,0.22,1775,3039,569.274,ok
0677f513ac408d66c189e10e0ee4d76f,sp03,2,2,1.0,0.1,80,4L7G,5.29,False,201,-26.87,3.96,0.28,1775,3071,563.315,ok
078844c7f38624b3996505d0f98526ca,sp03,2,2,1.0,0.1,80,4L7G,8.01,True,201,-37.27,2.56,0.18,1791,2968,583.031,ok
0a826045d720c0a795bd1979a728e35c,sp03,2,2,1.0,0.1,80,4L7G,5.3,False,201,-31.20,2.69,0.19,1794,3092,559.464,ok
3116f4c5342bf41e08cd23593057d9ac,sp03,2,2,1.0,0.1,80,4L7G,5.15,False,201,-39.78,3.21,0.23,1848,2996,577.370,ok
39f4f10d914c61149f1719bf477dd932,sp03,2,2,1.0,0.1,80,4L7G,5.27,False,201,-42.74,3.83,0.27,1847,3130,552.619,ok
3a87c373b8ee3ee690e68ccce89857a3,sp03,2,2,1.0,0.1,80,4L7G,6.0,True,201,-31.71,3.12,0.22,1869,2920,592.311,ok
52d2e2cddbd6c2ca52b2a6692a1be706,sp03,2,2,1.0,0.1,80,4L7G,5.14,False,201,-36.56,3.07,0.22,1849,3002,576.455,ok
6ed539a8e565bc920be9f146e577ce98,sp03,2,2,1.0,0.1,80,4L7G,5.18,False,201,-25.39,2.58,0.18,1783,2974,581.732,ok
71d81c144a98e11bef7a990464b30910,sp03,2,2,1.0,0.1,80,4L7G,5.31,False,201,-41.92,2.17,0.15,1844,3023,572.359,ok
7f8c5f877cc7df732365ed9f3035e71a,sp03,2,2,1.0,0.1,80,4L7G,8.2,True,201,-11.40,6.52,0.46,1842,3047,567.578,ok
824df1fae448411a738d6987cd933d7b,sp03,2,2,1.0,0.1,80,4L7G,8.52,True,201,-23.46,8.16,0.58,1871,3068,563.812,ok
9510387a41d9428f814f1e8a487e626d,sp03,2,2,1.0,0.1,80,4L7G,7.0,True,NA,NA,NA,NA,0,NA,NA,topo_fail
ab32da1f7ea48da050cb3f074c41b42f,sp03,2,2,1.0,0.1,80,4L7G,5.21,False,201,-32.68,2.28,0.16,1768,2980,580.518,ok
b1a7ee597e9d75bd95fcad2e74c8ab83,sp03,2,2,1.0,0.1,80,4L7G,6.54,True,NA,NA,NA,NA,0,NA,NA,topo_fail
b7649d4e54db2998f4f380ff5b78484d,sp03,2,2,1.0,0.1,80,4L7G,5.22,False,201,-32.53,4.00,0.28,1772,3049,567.356,ok
c3abed8fe47c90e2af144bafbdc1da21,sp03,2,2,1.0,0.1,80,4L7G,5.14,False,201,-24.82,2.42,0.17,1771,3003,576.025,ok
c3e6f0472fa7320f5e210e26cfc4ecec,sp03,2,2,1.0,0.1,80,4L7G,5.33,False,201,-33.41,2.12,0.15,1762,3171,545.530,ok
c5b72985a64d484d55f5162f79464155,sp03,2,2,1.0,0.1,80,4L7G,5.28,False,201,-26.37,2.88,0.20,1779,3058,565.687,ok
c83d057a219e5a25a09f354503a70d4d,sp03,2,2,1.0,0.1,80,4L7G,5.33,False,NA,NA,NA,NA,0,NA,NA,topo_fail
cf4a8047b69fbbe4ae6525a51c3063a1,sp03,2,2,1.0,0.1,80,4L7G,5.1,False,201,-35.22,4.57,0.32,1779,3035,569.812,ok
d1d524dd925a24438ecd2d014b089d87,sp03,2,2,1.0,0.1,80,4L7G,5.32,False,201,-18.54,5.77,0.41,1765,3071,563.127,ok
e123cf065380d0b0c8f3053e9ba7be61,sp03,2,2,1.0,0.1,80,4L7G,5.3,False,NA,NA,NA,NA,0,NA,NA,topo_fail
e3b605e5b9101a4f3fa1aae790d69360,sp03,2,2,1.0,0.1,80,4L7G,5.05,False,201,-44.70,2.65,0.19,1800,3073,562.890,ok
e8db4af0c7a34ddcd59bd43979c83a63,sp03,2,2,1.0,0.1,80,4L7G,7.96,True,201,-32.74,3.13,0.22,1786,3090,559.607,ok
ec4ccad83d01498f18eec3728419c3aa,sp03,2,2,1.0,0.1,80,4L7G,5.21,False,201,-33.94,1.91,0.13,1765,3154,548.422,ok
ee2e7b45aae1b85d5c18aad16d03d855,sp03,2,2,1.0,0.1,80,4L7G,7.45,True,201,-18.37,4.52,0.32,1776,3059,565.495,ok
f5b52bef73821d9cc3d674e42de6608f,sp03,2,2,1.0,0.1,80,4L7G,5.07,False,201,-18.03,8.43,0.59,1783,3009,574.938,ok
04d89e15e651861ca58bbec52b719c49,sp03,2,2,1.0,0.1,80,4QB3,6.33,False,201,-39.30,2.68,0.19,277,1615,1071.595,ok
0b4fbf7130a60ebdf348cd8d14c36b77,sp03,2,2,1.0,0.1,80,4QB3,7.515,True,201,-34.32,2.67,0.19,268,1655,1046.011,ok
15044c0c9f83bb877f5ea28fece53a3d,sp03,2,2,1.0,0.1,80,4QB3,6.38,False,201,-32.12,2.35,0.17,270,1610,1075.786,ok
2b0132dda46dfc13890fc97f3e161079,sp03,2,2,1.0,0.1,80,4QB3,6.295,False,201,-27.02,4.19,0.30,279,1625,1065.832,ok
3dd7fe0b27b084a92f8091446da1a66e,sp03,2,2,1.0,0.1,80,4QB3,5.68,False,NA,NA,NA,NA,0,NA,NA,topo_fail
492b610efd391e76c199bfed5b16cf2a,sp03,2,2,1.0,0.1,80,4QB3,5.51,False,201,-34.07,3.36,0.24,281,1629,1063.280,ok
594685ab2c2c7dfb758c69d0a9bc2a8d,sp03,2,2,1.0,0.1,80,4QB3,6.33,False,201,-45.16,2.66,0.19,281,1746,991.705,ok
605f40bd8c866d6adb1d6f2bec42c9b3,sp03,2,2,1.0,0.1,80,4QB3,8.004999999999999,True,NA,NA,NA,NA,0,NA,NA,topo_fail
65316367b1c7ba80511f9cb5fb2fd2a4,sp03,2,2,1.0,0.1,80,4QB3,8.25,True,201,-35.06,8.47,0.60,270,1676,1032.798,ok
6b43e44fb3ada6de6c351a68d32eaa65,sp03,2,2,1.0,0.1,80,4QB3,8.74,True,201,-31.77,2.65,0.19,269,1705,1015.436,ok
6f8f3139923f55cc6cf8ceaccedb3aa4,sp03,2,2,1.0,0.1,80,4QB3,5.91,False,NA,NA,NA,NA,0,NA,NA,topo_fail
71610ced88f2d058ad64b79635b26b20,sp03,2,2,1.0,0.1,80,4QB3,5.74,False,201,-33.82,6.52,0.46,280,1610,1076.743,ok
749b421329101fb34bf4c33daa32ff2e,sp03,2,2,1.0,0.1,80,4QB3,5.555,False,201,-20.27,5.72,0.40,279,1609,1076.518,ok
79ff013c97a88f8bec1adfae42218746,sp03,2,2,1.0,0.1,80,4QB3,6.115,False,201,-42.36,3.87,0.27,280,1627,1064.011,ok
8016222bad11f4d65a8f6f4e49b5cd67,sp03,2,2,1.0,0.1,80,4QB3,6.074999999999999,False,NA,NA,NA,NA,0,NA,NA,topo_fail
8072d1cd9b9a836cbeec520610c1f9bd,sp03,2,2,1.0,0.1,80,4QB3,5.67,False,201,-24.78,3.42,0.24,286,1607,1078.279,ok
80b0fe984d15b87a9da0bed91ab28b29,sp03,2,2,1.0,0.1,80,4QB3,7.77,True,201,-44.94,3.46,0.24,286,1648,1050.611,ok
8a909432391c80b5414f2aed6279b942,sp03,2,2,1.0,0.1,80,4QB3,7.01,True,201,-41.82,2.30,0.16,283,1619,1070.307,ok
971c944ef6916e2840b6d63b8f00425e,sp03,2,2,1.0,0.1,80,4QB3,5.625,False,201,-32.19,3.13,0.22,267,1595,1086.251,ok
aa4ab13cb4df4d90f08700b97350a57b,sp03,2,2,1.0,0.1,80,4QB3,6.055,True,201,-34.24,3.15,0.22,270,1629,1062.950,ok
ac6254a319053d53d01f6c8c06bc783d,sp03,2,2,1.0,0.1,80,4QB3,6.415,False,201,-46.25,2.43,0.17,269,1617,1070.332,ok
b2d145c83fe363359f846985aa11d3ba,sp03,2,2,1.0,0.1,80,4QB3,5.965,False,NA,NA,NA,NA,0,NA,NA,topo_fail
bf34923dc4f956fa0c26fb0a54550049,sp03,2,2,1.0,0.1,80,4QB3,5.28,False,NA,NA,NA,NA,0,NA,NA,topo_fail
cc7b6263adb98dd621cdb08fde955a6f,sp03,2,2,1.0,0.1,80,4QB3,9.505,True,201,-44.13,3.22,0.23,269,1601,1081.301,ok
ce9a796b1b540bd01171a965543d5ed4,sp03,2,2,1.0,0.1,80,4QB3,7.99,True,201,-33.99,2.85,0.20,267,1617,1071.324,ok
d14a66e8dd811490ccafaf75afa970de,sp03,2,2,1.0,0.1,80,4QB3,6.35,False,201,-31.90,2.15,0.15,266,1569,1103.119,ok
e157f064686d18428292a95c75eebffe,sp03,2,2,1.0,0.1,80,4QB3,8.495000000000001,True,201,-37.15,3.41,0.24,269,1614,1072.862,ok
eb86c0e119d2fe75487a399c76724176,sp03,2,2,1.0,0.1,80,4QB3,6.0600000000000005,False,201,-32.11,3.79,0.27,270,1586,1091.699,ok
ec69e1666eb0eb27ed19cf2994bc675f,sp03,2,2,1.0,0.1,80,4QB3,5.845,False,201,-29.70,3.37,0.24,270,1620,1070.168,ok
fa512f9f244e78009694ff207c157f04,sp03,2,2,1.0,0.1,80,4QB3,5.975,False,201,-39.28,3.10,0.22,274,1579,1097.125,ok
066409425aa3969efdeb577c7443fbbd,sp03,2,2,1.0,0.1,80,5HU9,7.38,False,201,-38.42,3.14,0.22,994,2409,718.586,ok
0d441b18656df0b6da1659391eb123e7,sp03,2,2,1.0,0.1,80,5HU9,7.38,False,201,-22.78,2.61,0.18,1095,2421,714.975,ok
11575d57d06531080c7c3f1703538086,sp03,2,2,1.0,0.1,80,5HU9,8.0,True,201,-20.36,14.79,1.04,1005,2364,732.060,ok
12004f3f2e7c95e0f8ddf8877cb7684c,sp03,2,2,1.0,0.1,80,5HU9,7.24,False,201,-33.65,3.57,0.25,1033,2395,722.589,ok
1dd183338ac9d0d5904e89f4aca06e34,sp03,2,2,1.0,0.1,80,5HU9,6.86,False,201,-34.35,4.18,0.30,989,2372,729.777,ok
2be277119d6eae84726b1921013ba77e,sp03,2,2,1.0,0.1,80,5HU9,7.38,False,201,-27.54,2.79,0.20,1016,2321,745.704,ok
302044e4781ac510fc30f16377e71d45,sp03,2,2,1.0,0.1,80,5HU9,10.73,True,201,-25.66,2.56,0.18,1071,2405,719.551,ok
353af6c9cfe7ecb0019d13eaa7b46eaf,sp03,2,2,1.0,0.1,80,5HU9,7.3,False,201,-29.70,3.44,0.24,1009,2511,689.145,ok
3d395f6de7723b7b1aeebfb375bb1c5d,sp03,2,2,1.0,0.1,80,5HU9,8.7,True,NA,NA,NA,NA,0,NA,NA,topo_fail
3fa0c6c3d51d517940f2d737b2a070f2,sp03,2,2,1.0,0.1,80,5HU9,9.15,True,201,-35.89,3.13,0.22,1048,2379,727.214,ok
427745a99482f89e2af213daac24f2c4,sp03,2,2,1.0,0.1,80,5HU9,7.14,False,201,-8.64,2.81,0.20,1048,2462,702.958,ok
47d61683781a3671bead51f8f8e84eb9,sp03,2,2,1.0,0.1,80,5HU9,7.38,False,201,-30.47,2.82,0.20,1045,2463,702.438,ok
57f8d9f325a6ba6d6f33f1306c042866,sp03,2,2,1.0,0.1,80,5HU9,6.67,False,201,-33.20,2.27,0.16,1043,2371,730.525,ok
5aeaf69cbe372b3d35c6e0ef066dc05b,sp03,2,2,1.0,0.1,80,5HU9,6.67,False,201,-25.84,2.58,0.18,1039,2404,720.007,ok
6625c7dedbb9078036a34c78f2ad4182,sp03,2,2,1.0,0.1,80,5HU9,7.38,False,201,-36.34,3.38,0.24,1017,2348,737.131,ok
6fe2e1378b320a53571e4688376156bc,sp03,2,2,1.0,0.1,80,5HU9,7.96,True,NA,NA,NA,NA,0,NA,NA,topo_fail
83426a9786b17364e36e1efe6db37be6,sp03,2,2,1.0,0.1,80,5HU9,6.88,False,201,-25.87,12.22,0.86,1048,2455,705.053,ok
8b7977f1eab9ea4074744154d19bfa8d,sp03,2,2,1.0,0.1,80,5HU9,7.07,False,201,-27.39,8.87,0.63,1069,2478,698.451,ok
8f625b232d5b3f24ef0fccc5663f85b7,sp03,2,2,1.0,0.1,80,5HU9,6.39,False,201,-22.39,3.13,0.22,1057,2394,723.251,ok
9c39d3ac13c2b5c81959b897757d862d,sp03,2,2,1.0,0.1,80,5HU9,9.7,True,201,-23.76,4.80,0.34,992,2391,723.849,ok
a9feaf2e38ac31b8f513a09f91500ce9,sp03,2,2,1.0,0.1,80,5HU9,6.38,False,201,-29.99,3.28,0.23,1012,2390,724.216,ok
b97da2a131609768b2ffb5b85b870db2,sp03,2,2,1.0,0.1,80,5HU9,6.44,False,201,-16.98,5.77,0.41,1014,2451,706.049,ok
b9b9bfeefa0e6a15732b8a6efe510a7f,sp03,2,2,1.0,0.1,80,5HU9,7.28,False,201,-19.80,12.30,0.87,1003,2415,716.605,ok
bc27b2dd2f1cfe96f171984d54609c4e,sp03,2,2,1.0,0.1,80,5HU9,6.36,True,201,-27.90,4.26,0.30,1007,2393,723.400,ok
cee48dd72369c4e1f48b01651c970791,sp03,2,2,1.0,0.1,80,5HU9,7.38,False,201,-14.33,10.44,0.74,1002,2355,735.098,ok
d4f996968bb63065cac387c064aaed66,sp03,2,2,1.0,0.1,80,5HU9,7.38,True,201,-22.24,8.53,0.60,999,2312,748.645,ok
d53bf0815e07a7eed23cd2bbc64997ea,sp03,2,2,1.0,0.1,80,5HU9,7.38,False,201,-32.90,3.26,0.23,989,2421,714.946,ok
e111d883881d5735e54ce398821e189a,sp03,2,2,1.0,0.1,80,5HU9,6.62,False,201,-21.57,10.91,0.77,982,2444,708.156,ok
e705cc4eb668b2bbc015283bc2b78b89,sp03,2,2,1.0,0.1,80,5HU9,7.57,True,201,-33.40,2.09,0.15,989,2323,745.266,ok
ee504f886574b282ca630cb14509614b,sp03,2,2,1.0,0.1,80,5HU9,7.8,True,201,-21.31,8.64,0.61,1011,2398,721.652,ok
04e69510b344ad3e65a21130b7429d06,sp03,2,2,1.0,0.1,80,8ELC,8.8,True,201,-40.28,2.55,0.18,1618,2983,579.952,ok
1468bf8fe44d2660d4245111ed256bb3,sp03,2,2,1.0,0.1,80,8ELC,4.5,False,201,-15.07,1.95,0.14,1688,2925,591.381,ok
14e61945a20724d1818139fef8823538,sp03,2,2,1.0,0.1,80,8ELC,6.6,True,201,-30.65,2.91,0.21,1628,2867,603.456,ok
1c58151c5cca3757a0dafb204cf925ad,sp03,2,2,1.0,0.1,80,8ELC,8.2,True,201,-51.33,3.27,0.23,1636,2958,584.884,ok
22449a0ea60f206a1700d752b8923709,sp03,2,2,1.0,0.1,80,8ELC,6.2,True,201,-56.86,2.25,0.16,1623,2988,578.871,ok
3701efaa518b8864dbdbd2befc3c3bad,sp03,2,2,1.0,0.1,80,8ELC,5.4,False,201,-44.03,3.25,0.23,1705,2932,590.123,ok
3b35ddb2b8a33d05d6b5870a9da6c712,sp03,2,2,1.0,0.1,80,8ELC,7.9,True,NA,NA,NA,NA,0,NA,NA,topo_fail
3f4c270aff052556802e3ea59a80940f,sp03,2,2,1.0,0.1,80,8ELC,5.1,False,NA,NA,NA,NA,0,NA,NA,topo_fail
48a1e72551999e470167671de99c60b0,sp03,2,2,1.0,0.1,80,8ELC,5.4,False,201,-41.75,2.26,0.16,1680,2973,582.192,ok
4ec28cb2a7a8589319f3a418eb12f1fd,sp03,2,2,1.0,0.1,80,8ELC,4.2,False,201,-23.66,1.93,0.14,1676,3077,562.146,ok
519f148d49ef68ce3782c8eab23fa39e,sp03,2,2,1.0,0.1,80,8ELC,8.4,True,NA,NA,NA,NA,0,NA,NA,topo_fail
6e359d9430a2de705d89d808ead7c331,sp03,2,2,1.0,0.1,80,8ELC,5.4,False,201,-40.62,2.33,0.16,1609,2987,579.157,ok
6f6836389edc435ef5de6a0ca5c25474,sp03,2,2,1.0,0.1,80,8ELC,7.1,True,NA,NA,NA,NA,0,NA,NA,topo_fail
70ccfc52bf05ee3830737995c6d93f9c,sp03,2,2,1.0,0.1,80,8ELC,4.5,False,201,-33.25,1.68,0.12,1684,2924,591.572,ok
73ee76fa0a7cddc97ed2eb037810cd66,sp03,2,2,1.0,0.1,80,8ELC,4.7,False,201,-34.01,1.93,0.14,1671,3398,508.941,ok
8334c32de8facb541aeda11ba000b299,sp03,2,2,1.0,0.1,80,8ELC,4.4,False,201,-36.17,2.15,0.15,1695,2976,581.160,ok
8dcaa68c20948305aa767048b2da4ec2,sp03,2,2,1.0,0.1,80,8ELC,5.4,False,201,-33.65,2.24,0.16,1711,2901,596.678,ok
9c898bacf201efb96fbd136bddcadbcd,sp03,2,2,1.0,0.1,80,8ELC,4.1,False,201,-27.82,2.43,0.17,1614,2977,581.035,ok
a2698e5db085c1959923b7b6eca55067,sp03,2,2,1.0,0.1,80,8ELC,8.0,True,201,-44.25,3.21,0.23,1626,2842,608.668,ok
b336313e484c9484749cc0714b940ff4,sp03,2,2,1.0,0.1,80,8ELC,5.4,False,NA,NA,NA,NA,0,NA,NA,topo_fail
b4b28e7bbe6caf601c6f1d9f426e6b74,sp03,2,2,1.0,0.1,80,8ELC,4.3,False,NA,NA,NA,NA,0,NA,NA,topo_fail
bc9b7c54eb864a288d845c2e1a4018a9,sp03,2,2,1.0,0.1,80,8ELC,5.4,False,201,-50.63,2.62,0.18,1622,2877,601.515,ok
c52270f78e77bf608aafaa68736e6b18,sp03,2,2,1.0,0.1,80,8ELC,4.1,False,201,-22.60,3.12,0.22,1604,2862,604.416,ok
ccb9fbbe8dccd3e51806073eb486a17c,sp03,2,2,1.0,0.1,80,8ELC,4.3,False,201,-34.91,2.08,0.15,1622,3010,574.638,ok
ceb2b49097d65c6344d7760b76a49be7,sp03,2,2,1.0,0.1,80,8ELC,4.5,False,201,-16.18,6.84,0.48,1602,2845,608.089,ok
db2ffa37256932f6732629ec5f2a035f,sp03,2,2,1.0,0.1,80,8ELC,4.0,False,201,-30.88,2.21,0.16,1626,2992,578.191,ok
ee389516e27a1853ac625548d8ca9482,sp03,2,2,1.0,0.1,80,8ELC,6.0,True,201,-47.04,3.22,0.23,1621,2873,602.242,ok
eff71722c9c04f7e61a0cf427b3c6019,sp03,2,2,1.0,0.1,80,8ELC,4.3,False,201,-37.72,2.43,0.17,1622,2910,594.436,ok
f444bf4b2a5712cdb76e326e74202030,sp03,2,2,1.0,0.1,80,8ELC,8.2,True,201,-38.51,2.74,0.19,1628,2885,599.855,ok
fae572d9925f12e9cf58d65f8235a662,sp03,2,2,1.0,0.1,80,8ELC,5.4,False,201,-57.82,2.99,0.21,1695,2899,596.774,ok
03f5731ad72b97ea2fd1ec352fe5dde0,sp03,2,2,1.0,0.1,80,9D9I,6.59,False,201,-56.21,2.68,0.19,640,2241,772.918,ok
0a8bd2b181a818ac245c132acb3ffd18,sp03,2,2,1.0,0.1,80,9D9I,4.82,False,201,-39.14,2.40,0.17,602,2048,845.023,ok
0ba0e185398f759ca91fbd5fa3f0803a,sp03,2,2,1.0,0.1,80,9D9I,8.05,True,201,-59.04,2.86,0.20,603,2039,848.958,ok
0f35616c28aaaf8c39fd2467e3d2cebd,sp03,2,2,1.0,0.1,80,9D9I,5.21,False,201,-37.18,2.54,0.18,630,2001,865.005,ok
1a263985d22c81f9d3e9eb46e23d21ab,sp03,2,2,1.0,0.1,80,9D9I,4.88,False,201,-46.94,3.40,0.24,652,2000,865.141,ok
1f270ea65cd761a78a0ed8ab4ee8fec0,sp03,2,2,1.0,0.1,80,9D9I,5.46,False,201,-47.40,2.01,0.14,636,2029,853.067,ok
266bbb49e60781aca4002ea95c99c033,sp03,2,2,1.0,0.1,80,9D9I,5.08,False,201,-38.87,2.94,0.21,631,2033,851.469,ok
282b4e352d38ef07443209435439bcea,sp03,2,2,1.0,0.1,80,9D9I,9.0,True,201,-54.94,2.83,0.20,613,2071,836.070,ok
295199ed8a4621a340b6b79b4024bec4,sp03,2,2,1.0,0.1,80,9D9I,4.78,False,201,-35.35,2.07,0.15,627,1988,870.705,ok
2b0f0d7f8914675eaf8e2f5aee81598d,sp03,2,2,1.0,0.1,80,9D9I,6.48,False,201,-48.73,2.57,0.18,641,2017,857.997,ok
395f47b77b5f161c28c20393b39e9076,sp03,2,2,1.0,0.1,80,9D9I,5.51,False,201,-42.66,2.63,0.19,624,1952,886.192,ok
59573ee97914f33c9708de5aa2e356b5,sp03,2,2,1.0,0.1,80,9D9I,4.49,False,201,-36.69,2.17,0.15,628,2004,863.372,ok
5b6d2943bab2409bd0928714d9016311,sp03,2,2,1.0,0.1,80,9D9I,7.06,False,NA,NA,NA,NA,0,NA,NA,topo_fail
5e2a23cb4d697cfdd0e84f4a2481d982,sp03,2,2,1.0,0.1,80,9D9I,6.75,True,NA,NA,NA,NA,0,NA,NA,topo_fail
69ea6e3ad23ea569f4bbfa0263cb5bdc,sp03,2,2,1.0,0.1,80,9D9I,7.06,False,201,-48.65,2.73,0.19,602,2136,809.973,ok
7f401a529b655f4a54438d8f5d6f0225,sp03,2,2,1.0,0.1,80,9D9I,6.16,True,201,-41.85,2.17,0.15,627,2042,847.377,ok
909628c1d41006cf8bdc95b988228e4f,sp03,2,2,1.0,0.1,80,9D9I,4.54,False,201,-33.34,2.09,0.15,633,1993,868.384,ok
ace45146c6a78c8039ff1fcd87b39fda,sp03,2,2,1.0,0.1,80,9D9I,5.62,False,201,-45.47,2.50,0.18,607,2004,863.834,ok
b6465c8ac0ed173d3faf7c401e0c4924,sp03,2,2,1.0,0.1,80,9D9I,7.25,True,201,-50.02,3.97,0.28,603,2120,816.512,ok
b8ac149673f7c3cd33b88439965cd67f,sp03,2,2,1.0,0.1,80,9D9I,7.47,True,201,-54.97,4.40,0.31,615,2034,851.118,ok
b935f060fc633ecb59aac069eeb99d71,sp03,2,2,1.0,0.1,80,9D9I,4.64,False,201,-34.71,2.08,0.15,604,2006,862.678,ok
ca3e30b78b8b15c1aa76fed50341d715,sp03,2,2,1.0,0.1,80,9D9I,7.09,True,NA,NA,NA,NA,0,NA,NA,topo_fail
d4a029e120a4109e548f939835fea733,sp03,2,2,1.0,0.1,80,9D9I,7.92,True,201,-52.85,2.68,0.19,605,2260,765.549,ok
d8a2b383fc51f79cc2469b166af9122c,sp03,2,2,1.0,0.1,80,9D9I,6.9,False,201,-41.71,2.86,0.20,615,1989,870.115,ok
de1492a39ee5b6346482dc83a1060a60,sp03,2,2,1.0,0.1,80,9D9I,5.58,False,201,-47.11,2.43,0.17,598,2060,840.052,ok
e13195a3669e20a1cb71ccb752460291,sp03,2,2,1.0,0.1,80,9D9I,6.18,False,201,-52.05,2.87,0.20,621,2008,861.980,ok
e5ec85f1b96ce3d4ca5d747969350f0f,sp03,2,2,1.0,0.1,80,9D9I,5.68,False,201,-48.50,2.88,0.20,609,1952,886.615,ok
f3bf65b5c175c4eb9a32b952ec009daa,sp03,2,2,1.0,0.1,80,9D9I,4.63,False,201,-35.73,2.25,0.16,603,2040,848.170,ok
fa95727eed889db7226aa52d7509284a,sp03,2,2,1.0,0.1,80,9D9I,8.3,True,201,-45.77,2.31,0.16,606,2022,855.895,ok
01bd41af226d7f8d1e5fdb361b0b562d,sp03,2,2,1.0,0.1,80,9SI4,5.13,False,201,-15.20,2.98,0.21,638,2014,859.143,ok
047b4e5133e0d4a8a3c4c2b9f29f5ee1,sp03,2,2,1.0,0.1,80,9SI4,4.46,False,201,-17.87,3.83,0.27,608,1969,878.828,ok
0b8c97a20e0da60b11a122b27f6c8b62,sp03,2,2,1.0,0.1,80,9SI4,4.89,False,201,-29.65,4.45,0.31,636,1959,883.303,ok
196b38c7ef93d3d9da6c8ba5fbe7cc36,sp03,2,2,1.0,0.1,80,9SI4,5.19,False,201,-20.60,4.12,0.29,636,1927,898.167,ok
238dd65aac42b2b34162c0b51a84d1db,sp03,2,2,1.0,0.1,80,9SI4,4.01,False,201,-14.15,4.37,0.31,606,1961,882.382,ok
253860e6145c4fd6dd9cbc288515e367,sp03,2,2,1.0,0.1,80,9SI4,9.64,True,201,-10.77,5.79,0.41,645,1987,871.085,ok
359e38e810d725751e2260e2b3006df9,sp03,2,2,1.0,0.1,80,9SI4,4.84,False,201,-23.21,2.13,0.15,629,1996,866.763,ok
4be7a12b601883e91811eeb2e0c4ed4b,sp03,2,2,1.0,0.1,80,9SI4,5.14,False,201,-22.24,1.62,0.11,631,1993,868.091,ok
543c819ac4256fe5b41298770a798122,sp03,2,2,1.0,0.1,80,9SI4,7.15,True,201,-30.87,2.30,0.16,654,1929,897.049,ok
5d9bbfbd38feae26823caf531a5db1a6,sp03,2,2,1.0,0.1,80,9SI4,8.0,True,NA,NA,NA,NA,0,NA,NA,topo_fail
62064a9f6b5d461a4c097abbc9bffe7a,sp03,2,2,1.0,0.1,80,9SI4,10.37,True,NA,NA,NA,NA,0,NA,NA,topo_fail
6564af0e70be4d43388870363762e68c,sp03,2,2,1.0,0.1,80,9SI4,7.96,True,201,-20.25,3.75,0.26,610,1903,909.662,ok
65fcca610b91676d473a89c0858c6ffc,sp03,2,2,1.0,0.1,80,9SI4,5.1,False,201,-13.10,4.40,0.31,607,1984,872.292,ok
69da907af4c1f2f8307d027d4ab80d72,sp03,2,2,1.0,0.1,80,9SI4,5.02,False,201,-26.62,1.97,0.14,608,1967,879.784,ok
737df570b627d06e92101677b4e3da21,sp03,2,2,1.0,0.1,80,9SI4,4.26,False,201,-27.78,2.01,0.14,632,1948,887.966,ok
9962e35d818f378081860dfde6088db5,sp03,2,2,1.0,0.1,80,9SI4,5.26,False,201,-17.30,4.56,0.32,611,1938,892.888,ok
9e7607ef3d929c5fd46ea0dc7f23f535,sp03,2,2,1.0,0.1,80,9SI4,4.73,False,201,-28.47,2.28,0.16,608,2003,864.028,ok
9fdebd3e36d16344b05f496394363d9c,sp03,2,2,1.0,0.1,80,9SI4,4.96,False,201,-28.55,1.76,0.12,608,1915,903.567,ok
a5b2fb04b878e9fff4b764e79cf06db2,sp03,2,2,1.0,0.1,80,9SI4,4.19,False,201,-27.75,2.89,0.20,621,2025,854.193,ok
bb0523a55a6136f05a592d05fd8ff8de,sp03,2,2,1.0,0.1,80,9SI4,8.57,True,201,-22.68,3.41,0.24,612,1974,876.611,ok
d005b3d8ed6ab71e5ebd50c1b26a2ffb,sp03,2,2,1.0,0.1,80,9SI4,6.0,True,201,-27.36,2.82,0.20,616,1974,876.503,ok
d1324bec8ed2f7c4caac7dd5ac774f98,sp03,2,2,1.0,0.1,80,9SI4,8.19,True,201,-14.91,5.58,0.39,606,1972,877.777,ok
d9a52d46c0ccf0c1913e0eebbacfc330,sp03,2,2,1.0,0.1,80,9SI4,5.32,False,201,-12.37,5.51,0.39,604,1977,875.488,ok
dbc5bdf0c84f89a682be5ac536c00bd2,sp03,2,2,1.0,0.1,80,9SI4,5.12,False,201,-8.92,4.71,0.33,605,1974,876.263,ok
de91618eee657d877d0668058bd50ff6,sp03,2,2,1.0,0.1,80,9SI4,5.05,False,201,-11.44,5.59,0.39,606,1983,872.712,ok
e8397fcd2197e27d094058bc02fbba6a,sp03,2,2,1.0,0.1,80,9SI4,4.5,False,201,-49.03,2.40,0.17,611,1949,888.181,ok
eb1eb691e1c65761a234212818817153,sp03,2,2,1.0,0.1,80,9SI4,5.09,False,201,-23.99,3.56,0.25,609,1921,900.669,ok
f93dfb8ee56b2a98182d0adc1030c114,sp03,2,2,1.0,0.1,80,9SI4,6.35,True,201,-20.48,3.18,0.22,617,1974,876.369,ok
fc4ddc57541f29488f09921d9b36bc97,sp03,2,2,1.0,0.1,80,9SI4,5.16,False,201,-21.38,7.00,0.49,636,2014,859.209,ok
ffdbd2aa8cc03f78eb6b433fe1a74c09,sp03,2,2,1.0,0.1,80,9SI4,6.75,True,201,-24.04,3.62,0.26,637,1947,888.903,ok
0220b4986165db73cd9f0775b82b7838,sp04,2,2,1.1,0.2,40,2XU3,7.3,False,201,-38.89,3.08,0.22,599,1962,882.121,ok
13e1da8f0e67c08c5ef1cb0ebded75a5,sp04,2,2,1.1,0.2,40,2XU3,7.1,False,201,-13.46,3.21,0.23,634,2118,817.192,ok
187b2fb9351c5f10d65f710e85056c31,sp04,2,2,1.1,0.2,40,2XU3,8.3,True,201,-33.34,2.53,0.18,624,1992,868.763,ok
20ffceabec2b95cc0b401b1d1e504f6b,sp04,2,2,1.1,0.2,40,2XU3,8.3,True,201,-40.77,2.50,0.18,635,2025,854.338,ok
2cb6e34fab1ee523b2a48790b68ad465,sp04,2,2,1.1,0.2,40,2XU3,6.6,False,201,-37.85,2.71,0.19,630,2035,850.971,ok
335dd6fbc3377cdcf2401cfc6056bc9c,sp04,2,2,1.1,0.2,40,2XU3,7.4,True,201,-15.44,3.20,0.23,634,2047,845.483,ok
37eaa144facb029500f427e04d484481,sp04,2,2,1.1,0.2,40,2XU3,8.0,True,201,-36.65,2.31,0.16,627,1988,870.627,ok
39cbab9e91b4af7ae5b0eed4a14b90f9,sp04,2,2,1.1,0.2,40,2XU3,6.3,True,201,-32.27,2.44,0.17,622,2143,807.996,ok
4232bcfa9c606f52c8067ff9e22fe8af,sp04,2,2,1.1,0.2,40,2XU3,7.5,False,NA,NA,NA,NA,0,NA,NA,topo_fail
424689a2bad294c9a4d19ed5924324de,sp04,2,2,1.1,0.2,40,2XU3,6.0,False,201,-33.44,2.50,0.18,623,2020,856.478,ok
6ef67d129dcb37a0be630ca24c321f02,sp04,2,2,1.1,0.2,40,2XU3,7.3,False,201,-28.78,3.23,0.23,622,2058,841.222,ok
7969946fa4a7d73df90d5fadcdef4b59,sp04,2,2,1.1,0.2,40,2XU3,6.9,False,201,-37.87,2.69,0.19,624,2012,860.102,ok
88de53427c78a4f8890a2b946385d70b,sp04,2,2,1.1,0.2,40,2XU3,5.5,False,201,-25.18,5.60,0.40,624,2072,835.340,ok
98cf559a50ee84d38e7648c91b0c564d,sp04,2,2,1.1,0.2,40,2XU3,6.0,True,NA,NA,NA,NA,0,NA,NA,topo_fail
99c9a8dee8fadf56676d8f90e6848e58,sp04,2,2,1.1,0.2,40,2XU3,6.3,False,201,-31.93,2.67,0.19,622,1946,889.832,ok
9c772b2f96c879dc662e5f137990844f,sp04,2,2,1.1,0.2,40,2XU3,7.9,True,201,-19.28,4.70,0.33,626,2127,813.436,ok
a1409d89193dd0a7a4a54efb7c4b0b88,sp04,2,2,1.1,0.2,40,2XU3,7.6,False,201,-36.90,2.86,0.20,623,1984,872.280,ok
a864b4e510a4a9f05aa2438e3cebd634,sp04,2,2,1.1,0.2,40,2XU3,6.0,False,201,-33.60,2.25,0.16,622,1985,872.320,ok
ad3886476184578f75d5af9504b7aca7,sp04,2,2,1.1,0.2,40,2XU3,6.6,False,201,-33.80,3.41,0.24,624,1971,878.052,ok
c42e22237c07702a044507738b0805b2,sp04,2,2,1.1,0.2,40,2XU3,5.9,False,NA,NA,NA,NA,0,NA,NA,topo_fail
c5cf1f886c6849f8233c8b282a929680,sp04,2,2,1.1,0.2,40,2XU3,5.4,False,201,-20.43,5.24,0.37,624,2059,840.494,ok
c842104ea7034c335c96f16efde3aff4,sp04,2,2,1.1,0.2,40,2XU3,5.8,False,NA,NA,NA,NA,0,NA,NA,topo_fail
cb20abd70e0ece3d85e1338101d4bd72,sp04,2,2,1.1,0.2,40,2XU3,6.2,False,NA,NA,NA,NA,0,NA,NA,topo_fail
d60363c0fec1c05a155d848f9a232a3e,sp04,2,2,1.1,0.2,40,2XU3,6.2,False,201,-29.29,1.88,0.13,622,2004,863.645,ok
def33b1b26713c8ce7794e1cee2141c6,sp04,2,2,1.1,0.2,40,2XU3,8.9,True,201,-40.75,2.90,0.20,625,2010,861.011,ok
e93a4d36831e1c123940b06eb94b7e74,sp04,2,2,1.1,0.2,40,2XU3,5.0,False,201,-18.48,5.50,0.39,626,2016,858.495,ok
f885f085c98c18670a7ddbe3c7a763da,sp04,2,2,1.1,0.2,40,2XU3,9.9,True,201,-24.21,4.75,0.34,631,1995,867.572,ok
fd5ba50d24141a833001dc12a320fc8f,sp04,2,2,1.1,0.2,40,2XU3,6.9,True,NA,NA,NA,NA,0,NA,NA,topo_fail
ff8edf23e1c4463cdc767531d804cef1,sp04,2,2,1.1,0.2,40,2XU3,5.6,False,201,-33.73,2.75,0.19,626,2017,857.830,ok
fffe47a81a0ad8b0cd7beae03f34b077,sp04,2,2,1.1,0.2,40,2XU3,7.2,False,201,-18.59,7.31,0.52,624,1997,866.717,ok
0708a8656ea2024a7a2f0e1407f518a7,sp04,2,2,1.1,0.2,40,3I06,5.425,False,201,-34.76,2.37,0.17,553,1906,908.821,ok
0790157ee26dfb0fea3a1ce3db026f75,sp04,2,2,1.1,0.2,40,3I06,6.5,False,201,-30.48,2.28,0.16,566,1968,879.727,ok
37f9f904b3a0eaee2c624e4559ebe52f,sp04,2,2,1.1,0.2,40,3I06,5.4,False,201,-31.47,3.63,0.26,570,1947,889.994,ok
3c117a293542d626d77f570da38bd5f1,sp04,2,2,1.1,0.2,40,3I06,6.43,False,201,-26.94,2.20,0.15,568,1932,896.099,ok
3f6e40d3068fb0fd99bfa763ed0ca2bb,sp04,2,2,1.1,0.2,40,3I06,7.3,True,201,-21.13,4.21,0.30,566,1926,898.841,ok
4438f9709f9cecfb7ddd62b05fff9f8d,sp04,2,2,1.1,0.2,40,3I06,6.78,False,201,-25.08,3.36,0.24,565,1931,896.639,ok
47a8000e16980306005511b953a06ecf,sp04,2,2,1.1,0.2,40,3I06,6.77,False,201,-26.07,2.28,0.16,564,1985,871.950,ok
4a67881e46b87364ec2e0ec7cbbf0bec,sp04,2,2,1.1,0.2,40,3I06,7.1,False,201,-26.64,4.29,0.30,566,1949,888.124,ok
5d418a86059c42695f5856b68e7a7118,sp04,2,2,1.1,0.2,40,3I06,7.41,True,201,-24.42,4.18,0.29,566,1882,920.077,ok
642b2e0e340ac4d3adcf66589e7fd012,sp04,2,2,1.1,0.2,40,3I06,8.4,True,201,-31.47,4.27,0.30,566,1882,920.110,ok
7024d698ad06da1b887b5df50f7728d3,sp04,2,2,1.1,0.2,40,3I06,6.965,False,NA,NA,NA,NA,0,NA,NA,topo_fail
752f05c1f66a8f4b3b1789ec136a4c33,sp04,2,2,1.1,0.2,40,3I06,5.4,False,201,-10.43,6.42,0.45,566,1918,903.418,ok
77b75df8109925be76df5616a3e1c899,sp04,2,2,1.1,0.2,40,3I06,5.744999999999999,False,201,-26.31,2.53,0.18,568,1951,887.908,ok
8aec869639fd159e3c91d77b4fcc4e79,sp04,2,2,1.1,0.2,40,3I06,5.73,False,201,-6.36,4.21,0.30,564,1909,907.165,ok
922db9175a15e6a2d34d02717b0de6ab,sp04,2,2,1.1,0.2,40,3I06,7.2,False,201,-27.65,6.23,0.44,568,1896,913.176,ok
9dff198666f179b8a182da3e203eae73,sp04,2,2,1.1,0.2,40,3I06,5.39,False,201,-30.75,3.74,0.26,566,1901,911.595,ok
b19d1a70ff3d2abd6986665d47eff086,sp04,2,2,1.1,0.2,40,3I06,7.3,True,201,-12.44,2.83,0.20,565,1912,905.420,ok
b60c297c7199140f1f38ac6909b5bf24,sp04,2,2,1.1,0.2,40,3I06,8.8,True,NA,NA,NA,NA,0,NA,NA,topo_fail
b85a22ec0aa0dc6afd4221dc2f0bb482,sp04,2,2,1.1,0.2,40,3I06,6.6,True,NA,NA,NA,NA,0,NA,NA,topo_fail
ba808f52df2ffa29ea7a2a6a9cd5f0b8,sp04,2,2,1.1,0.2,40,3I06,5.775,False,201,-23.32,3.29,0.23,569,1908,908.167,ok
c2f2ee45493f8ae40c2fd957499cc3f6,sp04,2,2,1.1,0.2,40,3I06,6.4,True,NA,NA,NA,NA,0,NA,NA,topo_fail
cabddb27a77b57b277eb28c407a26d3f,sp04,2,2,1.1,0.2,40,3I06,5.6,False,NA,NA,NA,NA,0,NA,NA,topo_fail
d03b3614f1c49ff6b9fbf5832ee9770f,sp04,2,2,1.1,0.2,40,3I06,6.85,False,201,-14.86,5.44,0.38,565,1920,901.984,ok
e32bacbac8502d337dc3d54d78b564a2,sp04,2,2,1.1,0.2,40,3I06,6.85,False,201,-31.22,2.12,0.15,564,1898,912.136,ok
e40809a6930ce378fdcb37d1b644e2d6,sp04,2,2,1.1,0.2,40,3I06,5.815,False,201,-26.33,6.17,0.44,568,1940,892.410,ok
e49cfa366cc64bab8e1edf37b372cbf6,sp04,2,2,1.1,0.2,40,3I06,7.26,True,201,-14.89,3.48,0.25,572,1922,900.723,ok
ea7f0fb058ae9dd251ae33c9d872926b,sp04,2,2,1.1,0.2,40,3I06,4.52,False,201,-16.49,4.60,0.32,570,1942,892.126,ok
f1a057393d7efd3f562b774490f9dfd1,sp04,2,2,1.1,0.2,40,3I06,6.44,False,201,-25.06,2.74,0.19,566,1920,901.409,ok
fa4de5e62b4e32e8b3d71088211803e0,sp04,2,2,1.1,0.2,40,3I06,7.4,True,201,-30.22,3.40,0.24,570,1911,906.160,ok
ff032b5793a25a8e4f9611a34a394671,sp04,2,2,1.1,0.2,40,3I06,6.9,True,201,-19.89,6.19,0.44,570,1976,876.080,ok
26daa23c738cb8c7dababa4ee2a1c4fb,sp04,2,2,1.1,0.2,40,4A5S,5.88,False,201,-22.90,3.96,0.28,6087,4935,350.478,ok
308f2419f5e0ca7b6d39aac23a7de2ff,sp04,2,2,1.1,0.2,40,4A5S,6.06,True,NA,NA,NA,NA,0,NA,NA,pull_fail
40cb8b0c3343c02f5a6c40f02757e920,sp04,2,2,1.1,0.2,40,4A5S,7.68,True,NA,NA,NA,NA,0,NA,NA,topo_fail
5266e860e65e5fc94b8ebfcb7843c31f,sp04,2,2,1.1,0.2,40,4A5S,7.31,True,201,-31.51,4.08,0.29,6093,4923,351.342,ok
57bff1b2673d3c8b9006213161935522,sp04,2,2,1.1,0.2,40,4A5S,5.79,False,NA,NA,NA,NA,0,NA,NA,topo_fail
6c4846b6eaf17057657b89d9f3678cfc,sp04,2,2,1.1,0.2,40,4A5S,7.92,False,201,-34.61,2.58,0.18,6075,4893,353.633,ok
6efdc9276471f46eacd8dbafd71ddfd6,sp04,2,2,1.1,0.2,40,4A5S,6.84,True,201,-26.55,2.44,0.17,6025,5095,339.460,ok
7a1bbdb9f1f8528edd767025c45e5cc8,sp04,2,2,1.1,0.2,40,4A5S,8.05,False,201,-31.84,3.70,0.26,6084,4979,347.368,ok
819a7f7be372131a469fbed045c9eb33,sp04,2,2,1.1,0.2,40,4A5S,7.52,False,NA,NA,NA,NA,0,NA,NA,topo_fail
96e384ca0fb900959cf2205b9121fb47,sp04,2,2,1.1,0.2,40,4A5S,8.0,True,201,-32.52,3.53,0.25,6068,4972,347.990,ok
abcebd7334a50be9b204a4899d5d8881,sp04,2,2,1.1,0.2,40,4A5S,9.14,True,NA,NA,NA,NA,0,NA,NA,topo_fail
ac0197ee4a02894e2611e255e0125503,sp04,2,2,1.1,0.2,40,4A5S,8.08,False,201,-5.04,5.42,0.38,6060,4971,347.870,ok
b2bcac7a4f0262268b1a6d2db8d7eb5a,sp04,2,2,1.1,0.2,40,4A5S,7.96,True,201,-28.17,5.78,0.41,6051,4997,346.223,ok
b4d6bf83422567e92f6475f4f9bd6ec8,sp04,2,2,1.1,0.2,40,4A5S,8.05,False,NA,NA,NA,NA,0,NA,NA,topo_fail
ba32a5ca5c7e6e2db41283cf2f90660d,sp04,2,2,1.1,0.2,40,4A5S,5.54,False,201,-32.43,2.36,0.17,6087,4956,348.979,ok
bd1567927f497abd4e18605be0e5f9dc,sp04,2,2,1.1,0.2,40,4A5S,6.14,False,NA,NA,NA,NA,0,NA,NA,topo_fail
c6780a0007686453a29186d9ec94b23f,sp04,2,2,1.1,0.2,40,4A5S,7.36,False,201,-21.13,4.95,0.35,6050,4913,352.054,ok
c82e0b161bf77b819bbafff08f9a082e,sp04,2,2,1.1,0.2,40,4A5S,8.14,False,201,-29.19,2.67,0.19,6076,4958,348.820,ok
c8dee15f6cbcf595a6900314ad342f99,sp04,2,2,1.1,0.2,40,4A5S,7.27,False,NA,NA,NA,NA,0,NA,NA,topo_fail
c94a26f4dff73a180f04c48dad017723,sp04,2,2,1.1,0.2,40,4A5S,7.7,False,NA,NA,NA,NA,0,NA,NA,topo_fail
ca1e569ab7c7bc83c949f9e20ed78453,sp04,2,2,1.1,0.2,40,4A5S,9.32,True,NA,NA,NA,NA,0,NA,NA,topo_fail
cfe4d9b13bebf025bdbd30504f03c83a,sp04,2,2,1.1,0.2,40,4A5S,7.48,False,201,-20.78,3.70,0.26,6053,4888,353.818,ok
d15af9a4462ff88f2cfafbc6cc94912e,sp04,2,2,1.1,0.2,40,4A5S,5.89,False,NA,NA,NA,NA,0,NA,NA,topo_fail
d1a961f69c709d74aaec2945249f508c,sp04,2,2,1.1,0.2,40,4A5S,6.5,False,NA,NA,NA,NA,0,NA,NA,topo_fail
de36f12fbdb6f099ba5ac3231fe389e0,sp04,2,2,1.1,0.2,40,4A5S,8.36,True,201,-31.93,2.65,0.19,6048,4842,357.226,ok
ea054fd43eb193b0b6268f917ed60185,sp04,2,2,1.1,0.2,40,4A5S,6.12,False,201,-16.74,3.74,0.26,6071,5000,345.930,ok
fbf450a68aa0a625ec13f6c762944a3b,sp04,2,2,1.1,0.2,40,4A5S,7.82,False,NA,NA,NA,NA,0,NA,NA,topo_fail
03d2d012db8145e06c35d7e016c645dc,sp04,2,2,1.1,0.2,40,4L7G,8.36,True,201,-25.11,2.38,0.17,1853,2965,583.585,ok
055e1e9c95b2378efd3fc90b82948709,sp04,2,2,1.1,0.2,40,4L7G,5.33,False,201,-40.84,2.52,0.18,1844,3039,569.276,ok
0677f513ac408d66c189e10e0ee4d76f,sp04,2,2,1.1,0.2,40,4L7G,5.29,False,201,-25.93,3.13,0.22,1843,3090,560.136,ok
078844c7f38624b3996505d0f98526ca,sp04,2,2,1.1,0.2,40,4L7G,8.01,True,201,-38.74,2.95,0.21,1785,3005,575.833,ok
0a826045d720c0a795bd1979a728e35c,sp04,2,2,1.1,0.2,40,4L7G,5.3,False,NA,NA,NA,NA,0,NA,NA,pull_fail
3116f4c5342bf41e08cd23593057d9ac,sp04,2,2,1.1,0.2,40,4L7G,5.15,False,NA,NA,NA,NA,0,NA,NA,pull_fail
39f4f10d914c61149f1719bf477dd932,sp04,2,2,1.1,0.2,40,4L7G,5.27,False,201,-39.64,3.03,0.21,1853,3033,570.465,ok
3a87c373b8ee3ee690e68ccce89857a3,sp04,2,2,1.1,0.2,40,4L7G,6.0,True,201,-35.45,2.99,0.21,1853,2865,604.008,ok
52d2e2cddbd6c2ca52b2a6692a1be706,sp04,2,2,1.1,0.2,40,4L7G,5.14,False,NA,NA,NA,NA,0,NA,NA,topo_fail
6ed539a8e565bc920be9f146e577ce98,sp04,2,2,1.1,0.2,40,4L7G,5.18,False,201,-26.50,2.39,0.17,1853,2894,598.046,ok
71d81c144a98e11bef7a990464b30910,sp04,2,2,1.1,0.2,40,4L7G,5.31,False,NA,NA,NA,NA,0,NA,NA,topo_fail
7f8c5f877cc7df732365ed9f3035e71a,sp04,2,2,1.1,0.2,40,4L7G,8.2,True,201,-15.67,2.91,0.20,1846,3090,559.923,ok
824df1fae448411a738d6987cd933d7b,sp04,2,2,1.1,0.2,40,4L7G,8.52,True,NA,NA,NA,NA,0,NA,NA,topo_fail
9510387a41d9428f814f1e8a487e626d,sp04,2,2,1.1,0.2,40,4L7G,7.0,True,201,-24.44,8.02,0.57,1845,3065,564.370,ok
ab32da1f7ea48da050cb3f074c41b42f,sp04,2,2,1.1,0.2,40,4L7G,5.21,False,201,-31.61,2.35,0.17,1838,2889,599.150,ok
b1a7ee597e9d75bd95fcad2e74c8ab83,sp04,2,2,1.1,0.2,40,4L7G,6.54,True,201,-38.53,4.61,0.32,1849,3051,566.980,ok
b7649d4e54db2998f4f380ff5b78484d,sp04,2,2,1.1,0.2,40,4L7G,5.22,False,NA,NA,NA,NA,0,NA,NA,topo_fail
c3abed8fe47c90e2af144bafbdc1da21,sp04,2,2,1.1,0.2,40,4L7G,5.14,False,NA,NA,NA,NA,0,NA,NA,topo_fail
c3e6f0472fa7320f5e210e26cfc4ecec,sp04,2,2,1.1,0.2,40,4L7G,5.33,False,NA,NA,NA,NA,0,NA,NA,topo_fail
c5b72985a64d484d55f5162f79464155,sp04,2,2,1.1,0.2,40,4L7G,5.28,False,201,-28.04,2.19,0.15,1842,3003,576.299,ok
c83d057a219e5a25a09f354503a70d4d,sp04,2,2,1.1,0.2,40,4L7G,5.33,False,NA,NA,NA,NA,0,NA,NA,topo_fail
cf4a8047b69fbbe4ae6525a51c3063a1,sp04,2,2,1.1,0.2,40,4L7G,5.1,False,201,-38.28,2.72,0.19,1848,3019,572.944,ok
d1d524dd925a24438ecd2d014b089d87,sp04,2,2,1.1,0.2,40,4L7G,5.32,False,NA,NA,NA,NA,0,NA,NA,topo_fail
e123cf065380d0b0c8f3053e9ba7be61,sp04,2,2,1.1,0.2,40,4L7G,5.3,False,201,-38.73,2.63,0.19,1848,3075,562.531,ok
e3b605e5b9101a4f3fa1aae790d69360,sp04,2,2,1.1,0.2,40,4L7G,5.05,False,NA,NA,NA,NA,0,NA,NA,topo_fail
e8db4af0c7a34ddcd59bd43979c83a63,sp04,2,2,1.1,0.2,40,4L7G,7.96,True,201,-31.09,2.43,0.17,1854,2974,581.774,ok
ec4ccad83d01498f18eec3728419c3aa,sp04,2,2,1.1,0.2,40,4L7G,5.21,False,201,-33.15,1.90,0.13,1848,3069,563.794,ok
ee2e7b45aae1b85d5c18aad16d03d855,sp04,2,2,1.1,0.2,40,4L7G,7.45,True,201,-17.13,2.66,0.19,1862,3078,561.951,ok
f5b52bef73821d9cc3d674e42de6608f,sp04,2,2,1.1,0.2,40,4L7G,5.07,False,201,-17.64,4.89,0.34,1865,3020,572.720,ok
04d89e15e651861ca58bbec52b719c49,sp04,2,2,1.1,0.2,40,4QB3,6.33,False,201,-36.83,6.69,0.47,271,1675,1033.779,ok
0b4fbf7130a60ebdf348cd8d14c36b77,sp04,2,2,1.1,0.2,40,4QB3,7.515,True,201,-34.32,2.41,0.17,276,1599,1083.004,ok
15044c0c9f83bb877f5ea28fece53a3d,sp04,2,2,1.1,0.2,40,4QB3,6.38,False,201,-36.84,3.34,0.24,281,1667,1039.232,ok
2b0132dda46dfc13890fc97f3e161079,sp04,2,2,1.1,0.2,40,4QB3,6.295,False,201,-31.33,3.55,0.25,285,1632,1060.973,ok
3dd7fe0b27b084a92f8091446da1a66e,sp04,2,2,1.1,0.2,40,4QB3,5.68,False,201,-32.97,3.30,0.23,291,1615,1072.015,ok
492b610efd391e76c199bfed5b16cf2a,sp04,2,2,1.1,0.2,40,4QB3,5.51,False,201,-34.25,3.09,0.22,282,1640,1056.048,ok
594685ab2c2c7dfb758c69d0a9bc2a8d,sp04,2,2,1.1,0.2,40,4QB3,6.33,False,201,-45.98,2.62,0.18,282,1625,1065.703,ok
605f40bd8c866d6adb1d6f2bec42c9b3,sp04,2,2,1.1,0.2,40,4QB3,8.004999999999999,True,201,-29.61,2.99,0.21,281,1657,1044.926,ok
65316367b1c7ba80511f9cb5fb2fd2a4,sp04,2,2,1.1,0.2,40,4QB3,8.25,True,201,-38.06,3.22,0.23,280,1574,1100.375,ok
6b43e44fb3ada6de6c351a68d32eaa65,sp04,2,2,1.1,0.2,40,4QB3,8.74,True,201,-31.80,3.20,0.23,280,1625,1065.461,ok
6f8f3139923f55cc6cf8ceaccedb3aa4,sp04,2,2,1.1,0.2,40,4QB3,5.91,False,NA,NA,NA,NA,0,NA,NA,topo_fail
71610ced88f2d058ad64b79635b26b20,sp04,2,2,1.1,0.2,40,4QB3,5.74,False,NA,NA,NA,NA,0,NA,NA,topo_fail
749b421329101fb34bf4c33daa32ff2e,sp04,2,2,1.1,0.2,40,4QB3,5.555,False,201,-12.64,5.17,0.36,280,1719,1006.999,ok
79ff013c97a88f8bec1adfae42218746,sp04,2,2,1.1,0.2,40,4QB3,6.115,False,201,-42.06,2.82,0.20,279,1611,1074.977,ok
8016222bad11f4d65a8f6f4e49b5cd67,sp04,2,2,1.1,0.2,40,4QB3,6.074999999999999,False,201,-39.95,3.30,0.23,282,1832,945.544,ok
8072d1cd9b9a836cbeec520610c1f9bd,sp04,2,2,1.1,0.2,40,4QB3,5.67,False,201,-28.52,3.14,0.22,278,1594,1086.086,ok
80b0fe984d15b87a9da0bed91ab28b29,sp04,2,2,1.1,0.2,40,4QB3,7.77,True,201,-44.45,2.76,0.19,278,1601,1081.721,ok
8a909432391c80b5414f2aed6279b942,sp04,2,2,1.1,0.2,40,4QB3,7.01,True,201,-41.69,2.28,0.16,281,1654,1046.997,ok
971c944ef6916e2840b6d63b8f00425e,sp04,2,2,1.1,0.2,40,4QB3,5.625,False,201,-31.14,2.64,0.19,279,1592,1087.678,ok
aa4ab13cb4df4d90f08700b97350a57b,sp04,2,2,1.1,0.2,40,4QB3,6.055,True,201,-35.27,2.76,0.19,281,1608,1077.548,ok
ac6254a319053d53d01f6c8c06bc783d,sp04,2,2,1.1,0.2,40,4QB3,6.415,False,201,-46.24,2.45,0.17,282,1643,1053.834,ok
b2d145c83fe363359f846985aa11d3ba,sp04,2,2,1.1,0.2,40,4QB3,5.965,False,201,-33.87,3.07,0.22,278,1646,1052.542,ok
bf34923dc4f956fa0c26fb0a54550049,sp04,2,2,1.1,0.2,40,4QB3,5.28,False,NA,NA,NA,NA,0,NA,NA,topo_fail
cc7b6263adb98dd621cdb08fde955a6f,sp04,2,2,1.1,0.2,40,4QB3,9.505,True,NA,NA,NA,NA,0,NA,NA,topo_fail
ce9a796b1b540bd01171a965543d5ed4,sp04,2,2,1.1,0.2,40,4QB3,7.99,True,201,-34.26,2.84,0.20,277,1611,1075.180,ok
d14a66e8dd811490ccafaf75afa970de,sp04,2,2,1.1,0.2,40,4QB3,6.35,False,201,-31.43,1.97,0.14,279,1650,1049.632,ok
e157f064686d18428292a95c75eebffe,sp04,2,2,1.1,0.2,40,4QB3,8.495000000000001,True,201,-32.71,2.80,0.20,280,1604,1080.099,ok
eb86c0e119d2fe75487a399c76724176,sp04,2,2,1.1,0.2,40,4QB3,6.0600000000000005,False,201,-31.53,3.36,0.24,282,1638,1057.405,ok
ec69e1666eb0eb27ed19cf2994bc675f,sp04,2,2,1.1,0.2,40,4QB3,5.845,False,201,-36.95,3.65,0.26,281,1645,1053.291,ok
fa512f9f244e78009694ff207c157f04,sp04,2,2,1.1,0.2,40,4QB3,5.975,False,201,-39.86,3.43,0.24,284,1679,1031.960,ok
066409425aa3969efdeb577c7443fbbd,sp04,2,2,1.1,0.2,40,5HU9,7.38,False,201,-39.61,3.04,0.21,1024,2402,720.510,ok
0d441b18656df0b6da1659391eb123e7,sp04,2,2,1.1,0.2,40,5HU9,7.38,False,201,-22.76,3.30,0.23,1056,2465,702.233,ok
11575d57d06531080c7c3f1703538086,sp04,2,2,1.1,0.2,40,5HU9,8.0,True,NA,NA,NA,NA,0,NA,NA,pull_fail
12004f3f2e7c95e0f8ddf8877cb7684c,sp04,2,2,1.1,0.2,40,5HU9,7.24,False,NA,NA,NA,NA,0,NA,NA,pull_fail
1dd183338ac9d0d5904e89f4aca06e34,sp04,2,2,1.1,0.2,40,5HU9,6.86,False,201,-34.82,1.88,0.13,1035,2452,705.927,ok
2be277119d6eae84726b1921013ba77e,sp04,2,2,1.1,0.2,40,5HU9,7.38,False,201,-26.16,2.21,0.16,1051,2404,719.926,ok
302044e4781ac510fc30f16377e71d45,sp04,2,2,1.1,0.2,40,5HU9,10.73,True,201,-24.70,2.43,0.17,1055,2398,721.645,ok
353af6c9cfe7ecb0019d13eaa7b46eaf,sp04,2,2,1.1,0.2,40,5HU9,7.3,False,NA,NA,NA,NA,0,NA,NA,pull_fail
3d395f6de7723b7b1aeebfb375bb1c5d,sp04,2,2,1.1,0.2,40,5HU9,8.7,True,201,-38.82,2.56,0.18,1049,2449,706.882,ok
3fa0c6c3d51d517940f2d737b2a070f2,sp04,2,2,1.1,0.2,40,5HU9,9.15,True,201,-35.05,2.70,0.19,1052,2479,698.130,ok
427745a99482f89e2af213daac24f2c4,sp04,2,2,1.1,0.2,40,5HU9,7.14,False,201,-11.46,6.50,0.46,1048,2343,738.743,ok
47d61683781a3671bead51f8f8e84eb9,sp04,2,2,1.1,0.2,40,5HU9,7.38,False,201,-20.48,3.06,0.22,1046,2405,719.786,ok
57f8d9f325a6ba6d6f33f1306c042866,sp04,2,2,1.1,0.2,40,5HU9,6.67,False,201,-33.49,2.38,0.17,1042,2447,707.364,ok
5aeaf69cbe372b3d35c6e0ef066dc05b,sp04,2,2,1.1,0.2,40,5HU9,6.67,False,201,-24.91,2.13,0.15,1039,2462,702.879,ok
6625c7dedbb9078036a34c78f2ad4182,sp04,2,2,1.1,0.2,40,5HU9,7.38,False,201,-35.51,2.37,0.17,1041,2369,730.636,ok
6fe2e1378b320a53571e4688376156bc,sp04,2,2,1.1,0.2,40,5HU9,7.96,True,NA,NA,NA,NA,0,NA,NA,topo_fail
83426a9786b17364e36e1efe6db37be6,sp04,2,2,1.1,0.2,40,5HU9,6.88,False,201,-16.00,12.03,0.85,1030,2424,714.005,ok
8b7977f1eab9ea4074744154d19bfa8d,sp04,2,2,1.1,0.2,40,5HU9,7.07,False,201,-27.50,4.21,0.30,1047,2424,714.178,ok
8f625b232d5b3f24ef0fccc5663f85b7,sp04,2,2,1.1,0.2,40,5HU9,6.39,False,201,-22.74,2.63,0.19,1044,2441,709.175,ok
9c39d3ac13c2b5c81959b897757d862d,sp04,2,2,1.1,0.2,40,5HU9,9.7,True,201,-29.57,3.68,0.26,1032,2466,701.672,ok
a9feaf2e38ac31b8f513a09f91500ce9,sp04,2,2,1.1,0.2,40,5HU9,6.38,False,201,-31.57,2.50,0.18,1045,2394,722.952,ok
b97da2a131609768b2ffb5b85b870db2,sp04,2,2,1.1,0.2,40,5HU9,6.44,False,201,-20.91,4.24,0.30,1087,2434,711.291,ok
b9b9bfeefa0e6a15732b8a6efe510a7f,sp04,2,2,1.1,0.2,40,5HU9,7.28,False,201,-21.40,13.96,0.98,1036,2469,701.037,ok
bc27b2dd2f1cfe96f171984d54609c4e,sp04,2,2,1.1,0.2,40,5HU9,6.36,True,201,-28.91,2.68,0.19,1045,2400,721.159,ok
cee48dd72369c4e1f48b01651c970791,sp04,2,2,1.1,0.2,40,5HU9,7.38,False,201,-30.81,5.71,0.40,1060,2408,718.770,ok
d4f996968bb63065cac387c064aaed66,sp04,2,2,1.1,0.2,40,5HU9,7.38,True,NA,NA,NA,NA,0,NA,NA,topo_fail
d53bf0815e07a7eed23cd2bbc64997ea,sp04,2,2,1.1,0.2,40,5HU9,7.38,False,NA,NA,NA,NA,0,NA,NA,topo_fail
e111d883881d5735e54ce398821e189a,sp04,2,2,1.1,0.2,40,5HU9,6.62,False,201,-24.56,3.08,0.22,1020,2398,721.861,ok
e705cc4eb668b2bbc015283bc2b78b89,sp04,2,2,1.1,0.2,40,5HU9,7.57,True,201,-33.93,2.49,0.18,1036,2415,716.847,ok
ee504f886574b282ca630cb14509614b,sp04,2,2,1.1,0.2,40,5HU9,7.8,True,201,-20.49,8.27,0.58,1052,2412,717.568,ok
04e69510b344ad3e65a21130b7429d06,sp04,2,2,1.1,0.2,40,8ELC,8.8,True,201,-40.81,2.59,0.18,1636,2980,580.630,ok
1468bf8fe44d2660d4245111ed256bb3,sp04,2,2,1.1,0.2,40,8ELC,4.5,False,201,-13.52,2.63,0.19,1710,2920,592.407,ok
14e61945a20724d1818139fef8823538,sp04,2,2,1.1,0.2,40,8ELC,6.6,True,201,-33.50,3.97,0.28,1696,2948,587.043,ok
1c58151c5cca3757a0dafb204cf925ad,sp04,2,2,1.1,0.2,40,8ELC,8.2,True,201,-54.12,4.09,0.29,1700,3010,574.900,ok
22449a0ea60f206a1700d752b8923709,sp04,2,2,1.1,0.2,40,8ELC,6.2,True,201,-56.27,2.32,0.16,1697,3067,564.163,ok
3701efaa518b8864dbdbd2befc3c3bad,sp04,2,2,1.1,0.2,40,8ELC,5.4,False,NA,NA,NA,NA,0,NA,NA,pull_fail
3b35ddb2b8a33d05d6b5870a9da6c712,sp04,2,2,1.1,0.2,40,8ELC,7.9,True,201,-32.02,3.62,0.26,1691,2942,588.207,ok
3f4c270aff052556802e3ea59a80940f,sp04,2,2,1.1,0.2,40,8ELC,5.1,False,201,-24.60,2.52,0.18,1743,2901,596.338,ok
48a1e72551999e470167671de99c60b0,sp04,2,2,1.1,0.2,40,8ELC,5.4,False,201,-41.42,2.23,0.16,1689,2974,581.724,ok
4ec28cb2a7a8589319f3a418eb12f1fd,sp04,2,2,1.1,0.2,40,8ELC,4.2,False,201,-22.48,1.83,0.13,1680,2927,591.099,ok
519f148d49ef68ce3782c8eab23fa39e,sp04,2,2,1.1,0.2,40,8ELC,8.4,True,201,-40.24,2.43,0.17,1683,2882,600.379,ok
6e359d9430a2de705d89d808ead7c331,sp04,2,2,1.1,0.2,40,8ELC,5.4,False,201,-40.53,3.47,0.24,1676,2916,593.409,ok
6f6836389edc435ef5de6a0ca5c25474,sp04,2,2,1.1,0.2,40,8ELC,7.1,True,NA,NA,NA,NA,0,NA,NA,topo_fail
70ccfc52bf05ee3830737995c6d93f9c,sp04,2,2,1.1,0.2,40,8ELC,4.5,False,NA,NA,NA,NA,0,NA,NA,topo_fail
73ee76fa0a7cddc97ed2eb037810cd66,sp04,2,2,1.1,0.2,40,8ELC,4.7,False,201,-32.89,1.89,0.13,1671,2992,578.041,ok
8334c32de8facb541aeda11ba000b299,sp04,2,2,1.1,0.2,40,8ELC,4.4,False,201,-34.64,1.90,0.13,1683,3041,568.800,ok
8dcaa68c20948305aa767048b2da4ec2,sp04,2,2,1.1,0.2,40,8ELC,5.4,False,201,-34.68,3.52,0.25,1689,2904,595.891,ok
9c898bacf201efb96fbd136bddcadbcd,sp04,2,2,1.1,0.2,40,8ELC,4.1,False,201,-28.49,2.14,0.15,1676,2930,590.309,ok
a2698e5db085c1959923b7b6eca55067,sp04,2,2,1.1,0.2,40,8ELC,8.0,True,201,-44.03,3.49,0.25,1687,2948,587.125,ok
b336313e484c9484749cc0714b940ff4,sp04,2,2,1.1,0.2,40,8ELC,5.4,False,NA,NA,NA,NA,0,NA,NA,topo_fail
b4b28e7bbe6caf601c6f1d9f426e6b74,sp04,2,2,1.1,0.2,40,8ELC,4.3,False,NA,NA,NA,NA,0,NA,NA,topo_fail
bc9b7c54eb864a288d845c2e1a4018a9,sp04,2,2,1.1,0.2,40,8ELC,5.4,False,201,-46.76,4.71,0.33,1691,2928,590.935,ok
c52270f78e77bf608aafaa68736e6b18,sp04,2,2,1.1,0.2,40,8ELC,4.1,False,201,-20.73,5.34,0.38,1668,2814,614.969,ok
ccb9fbbe8dccd3e51806073eb486a17c,sp04,2,2,1.1,0.2,40,8ELC,4.3,False,NA,NA,NA,NA,0,NA,NA,topo_fail
ceb2b49097d65c6344d7760b76a49be7,sp04,2,2,1.1,0.2,40,8ELC,4.5,False,201,-21.88,3.39,0.24,1662,2850,607.208,ok
db2ffa37256932f6732629ec5f2a035f,sp04,2,2,1.1,0.2,40,8ELC,4.0,False,201,-30.89,1.96,0.14,1688,3047,567.713,ok
ee389516e27a1853ac625548d8ca9482,sp04,2,2,1.1,0.2,40,8ELC,6.0,True,NA,NA,NA,NA,0,NA,NA,topo_fail
eff71722c9c04f7e61a0cf427b3c6019,sp04,2,2,1.1,0.2,40,8ELC,4.3,False,201,-38.08,2.80,0.20,1748,2905,595.650,ok
f444bf4b2a5712cdb76e326e74202030,sp04,2,2,1.1,0.2,40,8ELC,8.2,True,201,-36.67,2.85,0.20,1685,2949,586.739,ok
fae572d9925f12e9cf58d65f8235a662,sp04,2,2,1.1,0.2,40,8ELC,5.4,False,201,-58.31,3.29,0.23,1700,2961,584.372,ok
03f5731ad72b97ea2fd1ec352fe5dde0,sp04,2,2,1.1,0.2,40,9D9I,6.59,False,201,-55.70,2.51,0.18,615,2015,859.017,ok
0a8bd2b181a818ac245c132acb3ffd18,sp04,2,2,1.1,0.2,40,9D9I,4.82,False,201,-38.64,3.02,0.21,609,2035,850.491,ok
0ba0e185398f759ca91fbd5fa3f0803a,sp04,2,2,1.1,0.2,40,9D9I,8.05,True,201,-61.00,2.62,0.19,603,2013,860.015,ok
0f35616c28aaaf8c39fd2467e3d2cebd,sp04,2,2,1.1,0.2,40,9D9I,5.21,False,201,-39.83,2.47,0.17,634,2033,851.241,ok
1a263985d22c81f9d3e9eb46e23d21ab,sp04,2,2,1.1,0.2,40,9D9I,4.88,False,201,-47.58,3.08,0.22,633,2123,815.136,ok
1f270ea65cd761a78a0ed8ab4ee8fec0,sp04,2,2,1.1,0.2,40,9D9I,5.46,False,201,-46.92,2.50,0.18,630,2028,853.900,ok
266bbb49e60781aca4002ea95c99c033,sp04,2,2,1.1,0.2,40,9D9I,5.08,False,201,-36.21,2.41,0.17,643,2091,827.732,ok
282b4e352d38ef07443209435439bcea,sp04,2,2,1.1,0.2,40,9D9I,9.0,True,201,-57.89,2.80,0.20,635,1999,865.819,ok
295199ed8a4621a340b6b79b4024bec4,sp04,2,2,1.1,0.2,40,9D9I,4.78,False,201,-35.00,2.30,0.16,625,2003,864.133,ok
2b0f0d7f8914675eaf8e2f5aee81598d,sp04,2,2,1.1,0.2,40,9D9I,6.48,False,201,-47.62,2.43,0.17,632,2039,849.152,ok
395f47b77b5f161c28c20393b39e9076,sp04,2,2,1.1,0.2,40,9D9I,5.51,False,201,-44.92,3.32,0.23,628,2052,843.890,ok
59573ee97914f33c9708de5aa2e356b5,sp04,2,2,1.1,0.2,40,9D9I,4.49,False,201,-36.32,1.93,0.14,627,2299,752.827,ok
5b6d2943bab2409bd0928714d9016311,sp04,2,2,1.1,0.2,40,9D9I,7.06,False,201,-52.18,3.26,0.23,628,2068,837.097,ok
5e2a23cb4d697cfdd0e84f4a2481d982,sp04,2,2,1.1,0.2,40,9D9I,6.75,True,201,-41.43,3.70,0.26,632,2070,836.115,ok
69ea6e3ad23ea569f4bbfa0263cb5bdc,sp04,2,2,1.1,0.2,40,9D9I,7.06,False,201,-46.61,3.06,0.22,624,2079,832.520,ok
7f401a529b655f4a54438d8f5d6f0225,sp04,2,2,1.1,0.2,40,9D9I,6.16,True,201,-45.97,3.43,0.24,629,2027,854.290,ok
909628c1d41006cf8bdc95b988228e4f,sp04,2,2,1.1,0.2,40,9D9I,4.54,False,201,-34.52,2.28,0.16,624,2050,844.722,ok
ace45146c6a78c8039ff1fcd87b39fda,sp04,2,2,1.1,0.2,40,9D9I,5.62,False,201,-45.89,2.57,0.18,631,2016,859.056,ok
b6465c8ac0ed173d3faf7c401e0c4924,sp04,2,2,1.1,0.2,40,9D9I,7.25,True,NA,NA,NA,NA,0,NA,NA,topo_fail
b8ac149673f7c3cd33b88439965cd67f,sp04,2,2,1.1,0.2,40,9D9I,7.47,True,201,-55.97,2.97,0.21,632,1990,870.077,ok
b935f060fc633ecb59aac069eeb99d71,sp04,2,2,1.1,0.2,40,9D9I,4.64,False,201,-34.79,2.30,0.16,627,2024,855.202,ok
ca3e30b78b8b15c1aa76fed50341d715,sp04,2,2,1.1,0.2,40,9D9I,7.09,True,NA,NA,NA,NA,0,NA,NA,topo_fail
d4a029e120a4109e548f939835fea733,sp04,2,2,1.1,0.2,40,9D9I,7.92,True,NA,NA,NA,NA,0,NA,NA,topo_fail
d8a2b383fc51f79cc2469b166af9122c,sp04,2,2,1.1,0.2,40,9D9I,6.9,False,201,-44.27,2.94,0.21,628,2057,841.396,ok
de1492a39ee5b6346482dc83a1060a60,sp04,2,2,1.1,0.2,40,9D9I,5.58,False,201,-47.27,2.26,0.16,623,2051,844.346,ok
e13195a3669e20a1cb71ccb752460291,sp04,2,2,1.1,0.2,40,9D9I,6.18,False,201,-51.24,2.80,0.20,630,1991,870.067,ok
e5ec85f1b96ce3d4ca5d747969350f0f,sp04,2,2,1.1,0.2,40,9D9I,5.68,False,201,-46.86,2.90,0.20,643,2056,842.435,ok
f3bf65b5c175c4eb9a32b952ec009daa,sp04,2,2,1.1,0.2,40,9D9I,4.63,False,201,-36.86,2.80,0.20,622,2006,863.145,ok
fa95727eed889db7226aa52d7509284a,sp04,2,2,1.1,0.2,40,9D9I,8.3,True,201,-43.42,2.30,0.16,635,2011,860.840,ok
01bd41af226d7f8d1e5fdb361b0b562d,sp04,2,2,1.1,0.2,40,9SI4,5.13,False,201,-14.38,4.07,0.29,648,1997,866.980,ok
047b4e5133e0d4a8a3c4c2b9f29f5ee1,sp04,2,2,1.1,0.2,40,9SI4,4.46,False,201,-20.53,1.30,0.09,607,1996,866.717,ok
0b8c97a20e0da60b11a122b27f6c8b62,sp04,2,2,1.1,0.2,40,9SI4,4.89,False,201,-23.06,6.07,0.43,614,1973,876.989,ok
196b38c7ef93d3d9da6c8ba5fbe7cc36,sp04,2,2,1.1,0.2,40,9SI4,5.19,False,201,-22.75,3.34,0.24,643,1916,904.124,ok
238dd65aac42b2b34162c0b51a84d1db,sp04,2,2,1.1,0.2,40,9SI4,4.01,False,201,-16.03,2.44,0.17,633,1950,887.431,ok
253860e6145c4fd6dd9cbc288515e367,sp04,2,2,1.1,0.2,40,9SI4,9.64,True,201,-15.17,5.98,0.42,640,2251,768.824,ok
359e38e810d725751e2260e2b3006df9,sp04,2,2,1.1,0.2,40,9SI4,4.84,False,NA,NA,NA,NA,0,NA,NA,pull_fail
4be7a12b601883e91811eeb2e0c4ed4b,sp04,2,2,1.1,0.2,40,9SI4,5.14,False,201,-22.54,1.71,0.12,632,1955,885.657,ok
543c819ac4256fe5b41298770a798122,sp04,2,2,1.1,0.2,40,9SI4,7.15,True,NA,NA,NA,NA,0,NA,NA,topo_fail
5d9bbfbd38feae26823caf531a5db1a6,sp04,2,2,1.1,0.2,40,9SI4,8.0,True,201,-15.63,2.01,0.14,631,2254,767.856,ok
62064a9f6b5d461a4c097abbc9bffe7a,sp04,2,2,1.1,0.2,40,9SI4,10.37,True,201,-24.64,1.68,0.12,635,2201,786.618,ok
6564af0e70be4d43388870363762e68c,sp04,2,2,1.1,0.2,40,9SI4,7.96,True,201,-18.43,5.23,0.37,632,1971,878.120,ok
65fcca610b91676d473a89c0858c6ffc,sp04,2,2,1.1,0.2,40,9SI4,5.1,False,201,-13.91,1.59,0.11,630,2193,789.166,ok
69da907af4c1f2f8307d027d4ab80d72,sp04,2,2,1.1,0.2,40,9SI4,5.02,False,201,-25.95,1.87,0.13,629,1997,866.429,ok
737df570b627d06e92101677b4e3da21,sp04,2,2,1.1,0.2,40,9SI4,4.26,False,201,-28.03,2.09,0.15,633,2016,858.103,ok
9962e35d818f378081860dfde6088db5,sp04,2,2,1.1,0.2,40,9SI4,5.26,False,NA,NA,NA,NA,0,NA,NA,topo_fail
9e7607ef3d929c5fd46ea0dc7f23f535,sp04,2,2,1.1,0.2,40,9SI4,4.73,False,201,-27.70,2.62,0.18,637,1972,877.545,ok
9fdebd3e36d16344b05f496394363d9c,sp04,2,2,1.1,0.2,40,9SI4,4.96,False,201,-27.49,3.24,0.23,632,1960,882.909,ok
a5b2fb04b878e9fff4b764e79cf06db2,sp04,2,2,1.1,0.2,40,9SI4,4.19,False,201,-27.29,4.34,0.31,635,1989,870.022,ok
bb0523a55a6136f05a592d05fd8ff8de,sp04,2,2,1.1,0.2,40,9SI4,8.57,True,201,-22.75,4.15,0.29,636,2384,726.022,ok
d005b3d8ed6ab71e5ebd50c1b26a2ffb,sp04,2,2,1.1,0.2,40,9SI4,6.0,True,201,-26.11,3.02,0.21,632,1991,868.932,ok
d1324bec8ed2f7c4caac7dd5ac774f98,sp04,2,2,1.1,0.2,40,9SI4,8.19,True,201,-18.27,3.39,0.24,633,2227,777.228,ok
d9a52d46c0ccf0c1913e0eebbacfc330,sp04,2,2,1.1,0.2,40,9SI4,5.32,False,201,-14.95,3.57,0.25,628,1969,879.456,ok
dbc5bdf0c84f89a682be5ac536c00bd2,sp04,2,2,1.1,0.2,40,9SI4,5.12,False,201,-11.70,5.23,0.37,629,1947,888.583,ok
de91618eee657d877d0668058bd50ff6,sp04,2,2,1.1,0.2,40,9SI4,5.05,False,201,-17.69,2.90,0.20,630,1961,882.364,ok
e8397fcd2197e27d094058bc02fbba6a,sp04,2,2,1.1,0.2,40,9SI4,4.5,False,201,-46.26,4.73,0.33,637,1996,867.157,ok
eb1eb691e1c65761a234212818817153,sp04,2,2,1.1,0.2,40,9SI4,5.09,False,201,-24.78,2.62,0.18,638,1964,881.165,ok
f93dfb8ee56b2a98182d0adc1030c114,sp04,2,2,1.1,0.2,40,9SI4,6.35,True,201,-18.98,4.57,0.32,636,1979,874.485,ok
fc4ddc57541f29488f09921d9b36bc97,sp04,2,2,1.1,0.2,40,9SI4,5.16,False,NA,NA,NA,NA,0,NA,NA,topo_fail
ffdbd2aa8cc03f78eb6b433fe1a74c09,sp04,2,2,1.1,0.2,40,9SI4,6.75,True,201,-30.36,3.69,0.26,637,1973,877.061,ok
0220b4986165db73cd9f0775b82b7838,sp05,2,2,1.2,0.0,20,2XU3,7.3,False,201,-38.60,2.78,0.20,603,2069,836.484,ok
13e1da8f0e67c08c5ef1cb0ebded75a5,sp05,2,2,1.2,0.0,20,2XU3,7.1,False,201,-12.23,3.97,0.28,637,1979,874.748,ok
187b2fb9351c5f10d65f710e85056c31,sp05,2,2,1.2,0.0,20,2XU3,8.3,True,201,-26.14,4.65,0.33,628,2010,861.272,ok
20ffceabec2b95cc0b401b1d1e504f6b,sp05,2,2,1.2,0.0,20,2XU3,8.3,True,201,-41.32,2.12,0.15,638,2014,859.630,ok
2cb6e34fab1ee523b2a48790b68ad465,sp05,2,2,1.2,0.0,20,2XU3,6.6,False,201,-36.61,2.62,0.18,633,1981,874.013,ok
335dd6fbc3377cdcf2401cfc6056bc9c,sp05,2,2,1.2,0.0,20,2XU3,7.4,True,201,-16.11,3.10,0.22,632,1982,873.463,ok
37eaa144facb029500f427e04d484481,sp05,2,2,1.2,0.0,20,2XU3,8.0,True,NA,NA,NA,NA,0,NA,NA,topo_fail
39cbab9e91b4af7ae5b0eed4a14b90f9,sp05,2,2,1.2,0.0,20,2XU3,6.3,True,NA,NA,NA,NA,0,NA,NA,topo_fail
4232bcfa9c606f52c8067ff9e22fe8af,sp05,2,2,1.2,0.0,20,2XU3,7.5,False,201,-39.45,2.09,0.15,626,2041,848.086,ok
424689a2bad294c9a4d19ed5924324de,sp05,2,2,1.2,0.0,20,2XU3,6.0,False,201,-32.94,2.42,0.17,622,2002,864.159,ok
6ef67d129dcb37a0be630ca24c321f02,sp05,2,2,1.2,0.0,20,2XU3,7.3,False,201,-30.00,2.82,0.20,622,1977,875.510,ok
7969946fa4a7d73df90d5fadcdef4b59,sp05,2,2,1.2,0.0,20,2XU3,6.9,False,NA,NA,NA,NA,0,NA,NA,topo_fail
88de53427c78a4f8890a2b946385d70b,sp05,2,2,1.2,0.0,20,2XU3,5.5,False,NA,NA,NA,NA,0,NA,NA,topo_fail
98cf559a50ee84d38e7648c91b0c564d,sp05,2,2,1.2,0.0,20,2XU3,6.0,True,201,-29.62,2.51,0.18,599,1960,883.266,ok
99c9a8dee8fadf56676d8f90e6848e58,sp05,2,2,1.2,0.0,20,2XU3,6.3,False,201,-32.19,2.38,0.17,614,2041,848.082,ok
9c772b2f96c879dc662e5f137990844f,sp05,2,2,1.2,0.0,20,2XU3,7.9,True,201,-17.88,4.58,0.32,598,2020,856.746,ok
a1409d89193dd0a7a4a54efb7c4b0b88,sp05,2,2,1.2,0.0,20,2XU3,7.6,False,201,-35.38,4.14,0.29,622,2009,861.514,ok
a864b4e510a4a9f05aa2438e3cebd634,sp05,2,2,1.2,0.0,20,2XU3,6.0,False,201,-33.69,2.40,0.17,620,2076,833.863,ok
ad3886476184578f75d5af9504b7aca7,sp05,2,2,1.2,0.0,20,2XU3,6.6,False,NA,NA,NA,NA,0,NA,NA,topo_fail
c42e22237c07702a044507738b0805b2,sp05,2,2,1.2,0.0,20,2XU3,5.9,False,201,-32.93,4.34,0.31,596,2381,726.728,ok
c5cf1f886c6849f8233c8b282a929680,sp05,2,2,1.2,0.0,20,2XU3,5.4,False,NA,NA,NA,NA,0,NA,NA,topo_fail
c842104ea7034c335c96f16efde3aff4,sp05,2,2,1.2,0.0,20,2XU3,5.8,False,201,-23.42,3.08,0.22,598,2031,852.103,ok
cb20abd70e0ece3d85e1338101d4bd72,sp05,2,2,1.2,0.0,20,2XU3,6.2,False,NA,NA,NA,NA,0,NA,NA,topo_fail
d60363c0fec1c05a155d848f9a232a3e,sp05,2,2,1.2,0.0,20,2XU3,6.2,False,NA,NA,NA,NA,0,NA,NA,topo_fail
def33b1b26713c8ce7794e1cee2141c6,sp05,2,2,1.2,0.0,20,2XU3,8.9,True,201,-41.31,2.54,0.18,604,1965,881.097,ok
e93a4d36831e1c123940b06eb94b7e74,sp05,2,2,1.2,0.0,20,2XU3,5.0,False,201,-24.04,3.18,0.22,622,2066,837.814,ok
f885f085c98c18670a7ddbe3c7a763da,sp05,2,2,1.2,0.0,20,2XU3,9.9,True,201,-25.31,4.68,0.33,624,2004,863.682,ok
fd5ba50d24141a833001dc12a320fc8f,sp05,2,2,1.2,0.0,20,2XU3,6.9,True,201,-34.99,2.62,0.18,624,2022,855.942,ok
ff8edf23e1c4463cdc767531d804cef1,sp05,2,2,1.2,0.0,20,2XU3,5.6,False,201,-33.62,2.30,0.16,638,2025,854.764,ok
fffe47a81a0ad8b0cd7beae03f34b077,sp05,2,2,1.2,0.0,20,2XU3,7.2,False,201,-9.21,6.70,0.47,622,1982,873.460,ok
0708a8656ea2024a7a2f0e1407f518a7,sp05,2,2,1.2,0.0,20,3I06,5.425,False,201,-32.28,3.04,0.21,552,1878,922.602,ok
0790157ee26dfb0fea3a1ce3db026f75,sp05,2,2,1.2,0.0,20,3I06,6.5,False,201,-27.61,3.74,0.26,568,1875,923.269,ok
37f9f904b3a0eaee2c624e4559ebe52f,sp05,2,2,1.2,0.0,20,3I06,5.4,False,NA,NA,NA,NA,0,NA,NA,topo_fail
3c117a293542d626d77f570da38bd5f1,sp05,2,2,1.2,0.0,20,3I06,6.43,False,201,-27.36,2.58,0.18,566,1908,907.382,ok
3f6e40d3068fb0fd99bfa763ed0ca2bb,sp05,2,2,1.2,0.0,20,3I06,7.3,True,201,-19.38,4.08,0.29,566,1888,917.545,ok
4438f9709f9cecfb7ddd62b05fff9f8d,sp05,2,2,1.2,0.0,20,3I06,6.78,False,201,-26.06,3.57,0.25,566,1917,903.099,ok
47a8000e16980306005511b953a06ecf,sp05,2,2,1.2,0.0,20,3I06,6.77,False,201,-26.59,2.37,0.17,567,1957,884.889,ok
4a67881e46b87364ec2e0ec7cbbf0bec,sp05,2,2,1.2,0.0,20,3I06,7.1,False,201,-32.22,3.10,0.22,573,1910,907.045,ok
5d418a86059c42695f5856b68e7a7118,sp05,2,2,1.2,0.0,20,3I06,7.41,True,NA,NA,NA,NA,0,NA,NA,topo_fail
642b2e0e340ac4d3adcf66589e7fd012,sp05,2,2,1.2,0.0,20,3I06,8.4,True,201,-27.32,4.92,0.35,546,1952,886.866,ok
7024d698ad06da1b887b5df50f7728d3,sp05,2,2,1.2,0.0,20,3I06,6.965,False,201,-24.47,4.54,0.32,566,1900,911.465,ok
752f05c1f66a8f4b3b1789ec136a4c33,sp05,2,2,1.2,0.0,20,3I06,5.4,False,201,-8.28,5.43,0.38,564,1874,924.568,ok
77b75df8109925be76df5616a3e1c899,sp05,2,2,1.2,0.0,20,3I06,5.744999999999999,False,201,-25.17,3.39,0.24,566,1922,900.678,ok
8aec869639fd159e3c91d77b4fcc4e79,sp05,2,2,1.2,0.0,20,3I06,5.73,False,NA,NA,NA,NA,0,NA,NA,topo_fail
922db9175a15e6a2d34d02717b0de6ab,sp05,2,2,1.2,0.0,20,3I06,7.2,False,201,-21.61,5.87,0.41,550,1903,910.231,ok
9dff198666f179b8a182da3e203eae73,sp05,2,2,1.2,0.0,20,3I06,5.39,False,201,-28.62,3.12,0.22,549,1855,933.548,ok
b19d1a70ff3d2abd6986665d47eff086,sp05,2,2,1.2,0.0,20,3I06,7.3,True,NA,NA,NA,NA,0,NA,NA,topo_fail
b60c297c7199140f1f38ac6909b5bf24,sp05,2,2,1.2,0.0,20,3I06,8.8,True,201,-23.72,2.48,0.17,569,1908,907.326,ok
b85a22ec0aa0dc6afd4221dc2f0bb482,sp05,2,2,1.2,0.0,20,3I06,6.6,True,NA,NA,NA,NA,0,NA,NA,topo_fail
ba808f52df2ffa29ea7a2a6a9cd5f0b8,sp05,2,2,1.2,0.0,20,3I06,5.775,False,NA,NA,NA,NA,0,NA,NA,topo_fail
c2f2ee45493f8ae40c2fd957499cc3f6,sp05,2,2,1.2,0.0,20,3I06,6.4,True,201,-28.12,3.13,0.22,545,1971,879.024,ok
cabddb27a77b57b277eb28c407a26d3f,sp05,2,2,1.2,0.0,20,3I06,5.6,False,NA,NA,NA,NA,0,NA,NA,topo_fail
d03b3614f1c49ff6b9fbf5832ee9770f,sp05,2,2,1.2,0.0,20,3I06,6.85,False,201,-16.34,2.78,0.20,546,1941,892.046,ok
e32bacbac8502d337dc3d54d78b564a2,sp05,2,2,1.2,0.0,20,3I06,6.85,False,201,-30.03,3.03,0.21,540,1899,911.528,ok
e40809a6930ce378fdcb37d1b644e2d6,sp05,2,2,1.2,0.0,20,3I06,5.815,False,201,-25.35,3.57,0.25,544,1909,907.031,ok
e49cfa366cc64bab8e1edf37b372cbf6,sp05,2,2,1.2,0.0,20,3I06,7.26,True,201,-12.81,4.78,0.34,544,1959,884.026,ok
ea7f0fb058ae9dd251ae33c9d872926b,sp05,2,2,1.2,0.0,20,3I06,4.52,False,201,-14.40,5.61,0.40,568,1943,891.582,ok
f1a057393d7efd3f562b774490f9dfd1,sp05,2,2,1.2,0.0,20,3I06,6.44,False,201,-25.32,2.07,0.15,566,1922,900.713,ok
fa4de5e62b4e32e8b3d71088211803e0,sp05,2,2,1.2,0.0,20,3I06,7.4,True,201,-30.41,2.45,0.17,564,1933,895.962,ok
ff032b5793a25a8e4f9611a34a394671,sp05,2,2,1.2,0.0,20,3I06,6.9,True,201,-25.24,2.65,0.19,566,2017,858.236,ok
26daa23c738cb8c7dababa4ee2a1c4fb,sp05,2,2,1.2,0.0,20,4A5S,5.88,False,201,-23.73,5.24,0.37,6094,5017,344.704,ok
308f2419f5e0ca7b6d39aac23a7de2ff,sp05,2,2,1.2,0.0,20,4A5S,6.06,True,201,-21.41,2.91,0.21,6090,4951,349.309,ok
40cb8b0c3343c02f5a6c40f02757e920,sp05,2,2,1.2,0.0,20,4A5S,7.68,True,201,-21.87,3.54,0.25,6090,4989,346.702,ok
5266e860e65e5fc94b8ebfcb7843c31f,sp05,2,2,1.2,0.0,20,4A5S,7.31,True,201,-32.86,2.84,0.20,6131,5038,343.335,ok
57bff1b2673d3c8b9006213161935522,sp05,2,2,1.2,0.0,20,4A5S,5.79,False,NA,NA,NA,NA,0,NA,NA,topo_fail
6c4846b6eaf17057657b89d9f3678cfc,sp05,2,2,1.2,0.0,20,4A5S,7.92,False,201,-35.71,2.41,0.17,5823,4990,346.582,ok
6efdc9276471f46eacd8dbafd71ddfd6,sp05,2,2,1.2,0.0,20,4A5S,6.84,True,201,-24.44,2.66,0.19,6025,5014,344.923,ok
7a1bbdb9f1f8528edd767025c45e5cc8,sp05,2,2,1.2,0.0,20,4A5S,8.05,False,201,-34.24,3.18,0.22,6055,4894,353.396,ok
819a7f7be372131a469fbed045c9eb33,sp05,2,2,1.2,0.0,20,4A5S,7.52,False,201,-34.58,2.64,0.19,6057,5092,339.692,ok
96e384ca0fb900959cf2205b9121fb47,sp05,2,2,1.2,0.0,20,4A5S,8.0,True,201,-29.46,3.31,0.23,5829,4912,352.105,ok
abcebd7334a50be9b204a4899d5d8881,sp05,2,2,1.2,0.0,20,4A5S,9.14,True,201,-32.30,4.31,0.30,6068,4928,351.130,ok
ac0197ee4a02894e2611e255e0125503,sp05,2,2,1.2,0.0,20,4A5S,8.08,False,NA,NA,NA,NA,0,NA,NA,topo_fail
b2bcac7a4f0262268b1a6d2db8d7eb5a,sp05,2,2,1.2,0.0,20,4A5S,7.96,True,201,-31.07,4.02,0.28,6090,4953,349.177,ok
b4d6bf83422567e92f6475f4f9bd6ec8,sp05,2,2,1.2,0.0,20,4A5S,8.05,False,201,-22.16,3.83,0.27,6115,4987,346.810,ok
ba32a5ca5c7e6e2db41283cf2f90660d,sp05,2,2,1.2,0.0,20,4A5S,5.54,False,NA,NA,NA,NA,0,NA,NA,topo_fail
bd1567927f497abd4e18605be0e5f9dc,sp05,2,2,1.2,0.0,20,4A5S,6.14,False,201,-24.01,2.74,0.19,5817,5042,343.009,ok
c6780a0007686453a29186d9ec94b23f,sp05,2,2,1.2,0.0,20,4A5S,7.36,False,NA,NA,NA,NA,0,NA,NA,topo_fail
c82e0b161bf77b819bbafff08f9a082e,sp05,2,2,1.2,0.0,20,4A5S,8.14,False,NA,NA,NA,NA,0,NA,NA,topo_fail
c8dee15f6cbcf595a6900314ad342f99,sp05,2,2,1.2,0.0,20,4A5S,7.27,False,201,-24.58,2.53,0.18,5801,5037,343.408,ok
c94a26f4dff73a180f04c48dad017723,sp05,2,2,1.2,0.0,20,4A5S,7.7,False,201,-23.24,4.87,0.34,5830,5045,342.826,ok
ca1e569ab7c7bc83c949f9e20ed78453,sp05,2,2,1.2,0.0,20,4A5S,9.32,True,NA,NA,NA,NA,0,NA,NA,topo_fail
cfe4d9b13bebf025bdbd30504f03c83a,sp05,2,2,1.2,0.0,20,4A5S,7.48,False,NA,NA,NA,NA,0,NA,NA,topo_fail
d15af9a4462ff88f2cfafbc6cc94912e,sp05,2,2,1.2,0.0,20,4A5S,5.89,False,201,-27.77,7.15,0.50,5845,5032,343.695,ok
d1a961f69c709d74aaec2945249f508c,sp05,2,2,1.2,0.0,20,4A5S,6.5,False,201,-18.76,3.81,0.27,5834,4987,346.818,ok
de36f12fbdb6f099ba5ac3231fe389e0,sp05,2,2,1.2,0.0,20,4A5S,8.36,True,201,-29.47,4.76,0.34,5799,5088,340.032,ok
ea054fd43eb193b0b6268f917ed60185,sp05,2,2,1.2,0.0,20,4A5S,6.12,False,201,-19.40,3.89,0.27,6030,5203,332.404,ok
fbf450a68aa0a625ec13f6c762944a3b,sp05,2,2,1.2,0.0,20,4A5S,7.82,False,201,-33.84,4.12,0.29,6054,5011,345.172,ok
03d2d012db8145e06c35d7e016c645dc,sp05,2,2,1.2,0.0,20,4L7G,8.36,True,201,-24.42,2.54,0.18,1859,2972,582.117,ok
055e1e9c95b2378efd3fc90b82948709,sp05,2,2,1.2,0.0,20,4L7G,5.33,False,201,-39.69,2.78,0.20,1860,3088,560.358,ok
0677f513ac408d66c189e10e0ee4d76f,sp05,2,2,1.2,0.0,20,4L7G,5.29,False,201,-23.25,3.28,0.23,1853,3094,559.012,ok
078844c7f38624b3996505d0f98526ca,sp05,2,2,1.2,0.0,20,4L7G,8.01,True,201,-33.59,4.92,0.35,1781,3431,504.308,ok
0a826045d720c0a795bd1979a728e35c,sp05,2,2,1.2,0.0,20,4L7G,5.3,False,201,-31.02,2.22,0.16,1865,3059,565.477,ok
166e854e6f7609934b769fb3b19101c0,sp05,2,2,1.2,0.0,20,4L7G,9.22,True,201,-32.27,3.80,0.27,1849,3009,575.110,ok
3116f4c5342bf41e08cd23593057d9ac,sp05,2,2,1.2,0.0,20,4L7G,5.15,False,201,-39.85,2.89,0.20,1881,3071,563.298,ok
39f4f10d914c61149f1719bf477dd932,sp05,2,2,1.2,0.0,20,4L7G,5.27,False,NA,NA,NA,NA,0,NA,NA,topo_fail
3a87c373b8ee3ee690e68ccce89857a3,sp05,2,2,1.2,0.0,20,4L7G,6.0,True,NA,NA,NA,NA,0,NA,NA,topo_fail
52d2e2cddbd6c2ca52b2a6692a1be706,sp05,2,2,1.2,0.0,20,4L7G,5.14,False,201,-31.19,4.68,0.33,1865,2938,589.069,ok
6ed539a8e565bc920be9f146e577ce98,sp05,2,2,1.2,0.0,20,4L7G,5.18,False,201,-22.94,2.34,0.16,1775,2959,584.814,ok
71d81c144a98e11bef7a990464b30910,sp05,2,2,1.2,0.0,20,4L7G,5.31,False,201,-41.15,2.63,0.19,1848,3055,566.384,ok
7f8c5f877cc7df732365ed9f3035e71a,sp05,2,2,1.2,0.0,20,4L7G,8.2,True,201,-13.60,3.60,0.25,1844,3216,537.851,ok
824df1fae448411a738d6987cd933d7b,sp05,2,2,1.2,0.0,20,4L7G,8.52,True,201,-26.42,3.12,0.22,1847,3071,563.300,ok
9510387a41d9428f814f1e8a487e626d,sp05,2,2,1.2,0.0,20,4L7G,7.0,True,201,-20.70,6.31,0.44,1777,3022,572.440,ok
ab32da1f7ea48da050cb3f074c41b42f,sp05,2,2,1.2,0.0,20,4L7G,5.21,False,201,-30.77,2.29,0.16,1836,2957,585.330,ok
b1a7ee597e9d75bd95fcad2e74c8ab83,sp05,2,2,1.2,0.0,20,4L7G,6.54,True,NA,NA,NA,NA,0,NA,NA,topo_fail
b7649d4e54db2998f4f380ff5b78484d,sp05,2,2,1.2,0.0,20,4L7G,5.22,False,NA,NA,NA,NA,0,NA,NA,topo_fail
c3abed8fe47c90e2af144bafbdc1da21,sp05,2,2,1.2,0.0,20,4L7G,5.14,False,201,-27.26,2.30,0.16,1779,3023,572.344,ok
c3e6f0472fa7320f5e210e26cfc4ecec,sp05,2,2,1.2,0.0,20,4L7G,5.33,False,201,-33.02,2.14,0.15,1774,3100,558.155,ok
c5b72985a64d484d55f5162f79464155,sp05,2,2,1.2,0.0,20,4L7G,5.28,False,201,-27.50,2.31,0.16,1769,3083,561.096,ok
c83d057a219e5a25a09f354503a70d4d,sp05,2,2,1.2,0.0,20,4L7G,5.33,False,NA,NA,NA,NA,0,NA,NA,topo_fail
cf4a8047b69fbbe4ae6525a51c3063a1,sp05,2,2,1.2,0.0,20,4L7G,5.1,False,NA,NA,NA,NA,0,NA,NA,topo_fail
d1d524dd925a24438ecd2d014b089d87,sp05,2,2,1.2,0.0,20,4L7G,5.32,False,201,-8.80,5.84,0.41,1771,3014,574.248,ok
e123cf065380d0b0c8f3053e9ba7be61,sp05,2,2,1.2,0.0,20,4L7G,5.3,False,201,-42.18,2.65,0.19,1776,3108,556.513,ok
e3b605e5b9101a4f3fa1aae790d69360,sp05,2,2,1.2,0.0,20,4L7G,5.05,False,201,-42.27,3.00,0.21,1793,3014,573.905,ok
e8db4af0c7a34ddcd59bd43979c83a63,sp05,2,2,1.2,0.0,20,4L7G,7.96,True,NA,NA,NA,NA,0,NA,NA,topo_fail
ec4ccad83d01498f18eec3728419c3aa,sp05,2,2,1.2,0.0,20,4L7G,5.21,False,201,-34.85,1.85,0.13,1846,3035,570.086,ok
ee2e7b45aae1b85d5c18aad16d03d855,sp05,2,2,1.2,0.0,20,4L7G,7.45,True,201,-17.67,2.82,0.20,1860,3115,555.357,ok
f5b52bef73821d9cc3d674e42de6608f,sp05,2,2,1.2,0.0,20,4L7G,5.07,False,NA,NA,NA,NA,0,NA,NA,topo_fail
04d89e15e651861ca58bbec52b719c49,sp05,2,2,1.2,0.0,20,4QB3,6.33,False,201,-40.04,3.97,0.28,269,1666,1039.770,ok
0b4fbf7130a60ebdf348cd8d14c36b77,sp05,2,2,1.2,0.0,20,4QB3,7.515,True,201,-34.84,2.90,0.20,279,1749,990.241,ok
15044c0c9f83bb877f5ea28fece53a3d,sp05,2,2,1.2,0.0,20,4QB3,6.38,False,201,-39.53,3.48,0.25,281,1615,1072.053,ok
2b0132dda46dfc13890fc97f3e161079,sp05,2,2,1.2,0.0,20,4QB3,6.295,False,201,-26.30,3.77,0.27,288,1726,1003.781,ok
3dd7fe0b27b084a92f8091446da1a66e,sp05,2,2,1.2,0.0,20,4QB3,5.68,False,201,-32.42,4.13,0.29,279,1591,1088.733,ok
492b610efd391e76c199bfed5b16cf2a,sp05,2,2,1.2,0.0,20,4QB3,5.51,False,201,-35.03,3.59,0.25,283,1654,1047.411,ok
594685ab2c2c7dfb758c69d0a9bc2a8d,sp05,2,2,1.2,0.0,20,4QB3,6.33,False,NA,NA,NA,NA,0,NA,NA,topo_fail
605f40bd8c866d6adb1d6f2bec42c9b3,sp05,2,2,1.2,0.0,20,4QB3,8.004999999999999,True,201,-24.36,5.15,0.36,268,1593,1087.212,ok
65316367b1c7ba80511f9cb5fb2fd2a4,sp05,2,2,1.2,0.0,20,4QB3,8.25,True,201,-39.65,4.60,0.32,270,1656,1045.620,ok
6b43e44fb3ada6de6c351a68d32eaa65,sp05,2,2,1.2,0.0,20,4QB3,8.74,True,201,-28.87,4.18,0.29,269,1659,1043.569,ok
6f8f3139923f55cc6cf8ceaccedb3aa4,sp05,2,2,1.2,0.0,20,4QB3,5.91,False,201,-39.65,4.77,0.34,281,1623,1067.596,ok
71610ced88f2d058ad64b79635b26b20,sp05,2,2,1.2,0.0,20,4QB3,5.74,False,201,-25.72,2.80,0.20,280,1579,1096.942,ok
749b421329101fb34bf4c33daa32ff2e,sp05,2,2,1.2,0.0,20,4QB3,5.555,False,201,-18.35,6.00,0.42,279,1736,997.439,ok
79ff013c97a88f8bec1adfae42218746,sp05,2,2,1.2,0.0,20,4QB3,6.115,False,201,-43.92,2.81,0.20,280,1578,1097.133,ok
8016222bad11f4d65a8f6f4e49b5cd67,sp05,2,2,1.2,0.0,20,4QB3,6.074999999999999,False,201,-38.03,3.53,0.25,282,1694,1022.868,ok
8072d1cd9b9a836cbeec520610c1f9bd,sp05,2,2,1.2,0.0,20,4QB3,5.67,False,201,-30.30,2.08,0.15,279,1687,1026.390,ok
80b0fe984d15b87a9da0bed91ab28b29,sp05,2,2,1.2,0.0,20,4QB3,7.77,True,201,-44.93,3.17,0.22,281,1629,1063.819,ok
8a909432391c80b5414f2aed6279b942,sp05,2,2,1.2,0.0,20,4QB3,7.01,True,NA,NA,NA,NA,0,NA,NA,topo_fail
971c944ef6916e2840b6d63b8f00425e,sp05,2,2,1.2,0.0,20,4QB3,5.625,False,201,-31.52,2.93,0.21,268,1691,1024.201,ok
aa4ab13cb4df4d90f08700b97350a57b,sp05,2,2,1.2,0.0,20,4QB3,6.055,True,201,-34.22,2.85,0.20,280,1600,1083.091,ok
ac6254a319053d53d01f6c8c06bc783d,sp05,2,2,1.2,0.0,20,4QB3,6.415,False,NA,NA,NA,NA,0,NA,NA,topo_fail
b2d145c83fe363359f846985aa11d3ba,sp05,2,2,1.2,0.0,20,4QB3,5.965,False,201,-36.94,2.95,0.21,280,1644,1053.842,ok
bf34923dc4f956fa0c26fb0a54550049,sp05,2,2,1.2,0.0,20,4QB3,5.28,False,201,-39.16,2.48,0.18,269,1644,1053.262,ok
cc7b6263adb98dd621cdb08fde955a6f,sp05,2,2,1.2,0.0,20,4QB3,9.505,True,NA,NA,NA,NA,0,NA,NA,topo_fail
ce9a796b1b540bd01171a965543d5ed4,sp05,2,2,1.2,0.0,20,4QB3,7.99,True,NA,NA,NA,NA,0,NA,NA,topo_fail
d14a66e8dd811490ccafaf75afa970de,sp05,2,2,1.2,0.0,20,4QB3,6.35,False,201,-31.38,2.49,0.18,266,1602,1080.578,ok
e157f064686d18428292a95c75eebffe,sp05,2,2,1.2,0.0,20,4QB3,8.495000000000001,True,201,-35.21,3.07,0.22,269,1681,1030.212,ok
eb86c0e119d2fe75487a399c76724176,sp05,2,2,1.2,0.0,20,4QB3,6.0600000000000005,False,201,-42.80,6.03,0.43,281,1610,1076.469,ok
ec69e1666eb0eb27ed19cf2994bc675f,sp05,2,2,1.2,0.0,20,4QB3,5.845,False,201,-27.79,4.14,0.29,280,1646,1052.311,ok
fa512f9f244e78009694ff207c157f04,sp05,2,2,1.2,0.0,20,4QB3,5.975,False,201,-39.92,4.15,0.29,282,1629,1063.842,ok
066409425aa3969efdeb577c7443fbbd,sp05,2,2,1.2,0.0,20,5HU9,7.38,False,201,-37.23,3.29,0.23,1006,2526,685.224,ok
0d441b18656df0b6da1659391eb123e7,sp05,2,2,1.2,0.0,20,5HU9,7.38,False,201,-25.28,2.46,0.17,1054,2409,718.530,ok
11575d57d06531080c7c3f1703538086,sp05,2,2,1.2,0.0,20,5HU9,8.0,True,201,-9.10,7.24,0.51,1051,2421,714.908,ok
12004f3f2e7c95e0f8ddf8877cb7684c,sp05,2,2,1.2,0.0,20,5HU9,7.24,False,201,-35.52,2.56,0.18,1036,2379,727.752,ok
1dd183338ac9d0d5904e89f4aca06e34,sp05,2,2,1.2,0.0,20,5HU9,6.86,False,NA,NA,NA,NA,0,NA,NA,pull_fail
2be277119d6eae84726b1921013ba77e,sp05,2,2,1.2,0.0,20,5HU9,7.38,False,201,-28.90,4.12,0.29,1066,2473,699.740,ok
302044e4781ac510fc30f16377e71d45,sp05,2,2,1.2,0.0,20,5HU9,10.73,True,201,-25.74,2.92,0.21,1079,2394,722.849,ok
353af6c9cfe7ecb0019d13eaa7b46eaf,sp05,2,2,1.2,0.0,20,5HU9,7.3,False,201,-33.44,3.77,0.27,1051,2358,734.159,ok
3d395f6de7723b7b1aeebfb375bb1c5d,sp05,2,2,1.2,0.0,20,5HU9,8.7,True,201,-37.96,2.72,0.19,1039,2465,702.088,ok
3fa0c6c3d51d517940f2d737b2a070f2,sp05,2,2,1.2,0.0,20,5HU9,9.15,True,201,-34.27,2.95,0.21,1048,2432,711.735,ok
427745a99482f89e2af213daac24f2c4,sp05,2,2,1.2,0.0,20,5HU9,7.14,False,201,-16.25,7.71,0.54,1051,2358,734.095,ok
47d61683781a3671bead51f8f8e84eb9,sp05,2,2,1.2,0.0,20,5HU9,7.38,False,201,-19.11,5.56,0.39,1052,2454,705.432,ok
57f8d9f325a6ba6d6f33f1306c042866,sp05,2,2,1.2,0.0,20,5HU9,6.67,False,NA,NA,NA,NA,0,NA,NA,topo_fail
5aeaf69cbe372b3d35c6e0ef066dc05b,sp05,2,2,1.2,0.0,20,5HU9,6.67,False,NA,NA,NA,NA,0,NA,NA,topo_fail
6625c7dedbb9078036a34c78f2ad4182,sp05,2,2,1.2,0.0,20,5HU9,7.38,False,201,-34.78,2.26,0.16,1001,2407,719.210,ok
6fe2e1378b320a53571e4688376156bc,sp05,2,2,1.2,0.0,20,5HU9,7.96,True,201,-19.06,2.75,0.19,1036,2441,708.973,ok
83426a9786b17364e36e1efe6db37be6,sp05,2,2,1.2,0.0,20,5HU9,6.88,False,NA,NA,NA,NA,0,NA,NA,topo_fail
8b7977f1eab9ea4074744154d19bfa8d,sp05,2,2,1.2,0.0,20,5HU9,7.07,False,NA,NA,NA,NA,0,NA,NA,topo_fail
8f625b232d5b3f24ef0fccc5663f85b7,sp05,2,2,1.2,0.0,20,5HU9,6.39,False,201,-21.90,4.66,0.33,1007,2448,706.985,ok
9c39d3ac13c2b5c81959b897757d862d,sp05,2,2,1.2,0.0,20,5HU9,9.7,True,201,-23.81,4.15,0.29,1001,2409,718.495,ok
a9feaf2e38ac31b8f513a09f91500ce9,sp05,2,2,1.2,0.0,20,5HU9,6.38,False,201,-33.29,2.47,0.17,1046,2430,712.007,ok
b97da2a131609768b2ffb5b85b870db2,sp05,2,2,1.2,0.0,20,5HU9,6.44,False,NA,NA,NA,NA,0,NA,NA,topo_fail
b9b9bfeefa0e6a15732b8a6efe510a7f,sp05,2,2,1.2,0.0,20,5HU9,7.28,False,NA,NA,NA,NA,0,NA,NA,topo_fail
bc27b2dd2f1cfe96f171984d54609c4e,sp05,2,2,1.2,0.0,20,5HU9,6.36,True,201,-32.09,2.09,0.15,1011,2393,723.023,ok
cee48dd72369c4e1f48b01651c970791,sp05,2,2,1.2,0.0,20,5HU9,7.38,False,NA,NA,NA,NA,0,NA,NA,topo_fail
d4f996968bb63065cac387c064aaed66,sp05,2,2,1.2,0.0,20,5HU9,7.38,True,201,-25.49,2.28,0.16,1005,2394,722.967,ok
d53bf0815e07a7eed23cd2bbc64997ea,sp05,2,2,1.2,0.0,20,5HU9,7.38,False,201,-33.71,3.54,0.25,983,2470,700.613,ok
e111d883881d5735e54ce398821e189a,sp05,2,2,1.2,0.0,20,5HU9,6.62,False,201,-15.47,7.71,0.54,982,2476,698.790,ok
e705cc4eb668b2bbc015283bc2b78b89,sp05,2,2,1.2,0.0,20,5HU9,7.57,True,201,-34.64,2.23,0.16,996,2376,728.425,ok
ee504f886574b282ca630cb14509614b,sp05,2,2,1.2,0.0,20,5HU9,7.8,True,201,-14.23,11.80,0.83,1044,2410,718.137,ok
04e69510b344ad3e65a21130b7429d06,sp05,2,2,1.2,0.0,20,8ELC,8.8,True,201,-40.91,2.64,0.19,1680,2978,580.846,ok
1468bf8fe44d2660d4245111ed256bb3,sp05,2,2,1.2,0.0,20,8ELC,4.5,False,201,-18.90,2.07,0.15,1681,2947,586.991,ok
14e61945a20724d1818139fef8823538,sp05,2,2,1.2,0.0,20,8ELC,6.6,True,201,-31.01,2.28,0.16,1697,2849,607.527,ok
1c58151c5cca3757a0dafb204cf925ad,sp05,2,2,1.2,0.0,20,8ELC,8.2,True,201,-57.07,4.18,0.29,1700,2919,592.684,ok
22449a0ea60f206a1700d752b8923709,sp05,2,2,1.2,0.0,20,8ELC,6.2,True,201,-57.17,2.33,0.16,1695,3007,575.552,ok
3701efaa518b8864dbdbd2befc3c3bad,sp05,2,2,1.2,0.0,20,8ELC,5.4,False,NA,NA,NA,NA,0,NA,NA,pull_fail
3b35ddb2b8a33d05d6b5870a9da6c712,sp05,2,2,1.2,0.0,20,8ELC,7.9,True,201,-24.30,5.30,0.37,1683,2920,592.537,ok
3f4c270aff052556802e3ea59a80940f,sp05,2,2,1.2,0.0,20,8ELC,5.1,False,201,-27.46,1.61,0.11,1689,2880,600.756,ok
48a1e72551999e470167671de99c60b0,sp05,2,2,1.2,0.0,20,8ELC,5.4,False,NA,NA,NA,NA,0,NA,NA,topo_fail
4ec28cb2a7a8589319f3a418eb12f1fd,sp05,2,2,1.2,0.0,20,8ELC,4.2,False,201,-23.06,1.71,0.12,1692,2938,588.864,ok
519f148d49ef68ce3782c8eab23fa39e,sp05,2,2,1.2,0.0,20,8ELC,8.4,True,201,-40.29,2.51,0.18,1696,2826,612.403,ok
6e359d9430a2de705d89d808ead7c331,sp05,2,2,1.2,0.0,20,8ELC,5.4,False,201,-41.15,2.61,0.18,1613,3031,571.008,ok
6f6836389edc435ef5de6a0ca5c25474,sp05,2,2,1.2,0.0,20,8ELC,7.1,True,201,-30.37,2.62,0.18,1671,2890,598.940,ok
70ccfc52bf05ee3830737995c6d93f9c,sp05,2,2,1.2,0.0,20,8ELC,4.5,False,201,-32.92,2.04,0.14,1676,2944,587.499,ok
73ee76fa0a7cddc97ed2eb037810cd66,sp05,2,2,1.2,0.0,20,8ELC,4.7,False,201,-32.09,2.20,0.15,1679,3019,572.932,ok
8334c32de8facb541aeda11ba000b299,sp05,2,2,1.2,0.0,20,8ELC,4.4,False,NA,NA,NA,NA,0,NA,NA,topo_fail
8dcaa68c20948305aa767048b2da4ec2,sp05,2,2,1.2,0.0,20,8ELC,5.4,False,201,-32.63,3.47,0.24,1690,2870,602.924,ok
9c898bacf201efb96fbd136bddcadbcd,sp05,2,2,1.2,0.0,20,8ELC,4.1,False,201,-29.71,2.46,0.17,1614,3118,554.902,ok
a2698e5db085c1959923b7b6eca55067,sp05,2,2,1.2,0.0,20,8ELC,8.0,True,201,-40.29,4.17,0.29,1685,2986,579.822,ok
b336313e484c9484749cc0714b940ff4,sp05,2,2,1.2,0.0,20,8ELC,5.4,False,201,-39.41,2.91,0.20,1677,2960,584.623,ok
b4b28e7bbe6caf601c6f1d9f426e6b74,sp05,2,2,1.2,0.0,20,8ELC,4.3,False,201,-28.36,2.19,0.15,1682,3024,572.125,ok
bc9b7c54eb864a288d845c2e1a4018a9,sp05,2,2,1.2,0.0,20,8ELC,5.4,False,201,-51.24,4.12,0.29,1622,2900,596.604,ok
c52270f78e77bf608aafaa68736e6b18,sp05,2,2,1.2,0.0,20,8ELC,4.1,False,201,-13.44,6.27,0.44,1605,2847,607.860,ok
ccb9fbbe8dccd3e51806073eb486a17c,sp05,2,2,1.2,0.0,20,8ELC,4.3,False,NA,NA,NA,NA,0,NA,NA,topo_fail
ceb2b49097d65c6344d7760b76a49be7,sp05,2,2,1.2,0.0,20,8ELC,4.5,False,NA,NA,NA,NA,0,NA,NA,topo_fail
db2ffa37256932f6732629ec5f2a035f,sp05,2,2,1.2,0.0,20,8ELC,4.0,False,NA,NA,NA,NA,0,NA,NA,topo_fail
ee389516e27a1853ac625548d8ca9482,sp05,2,2,1.2,0.0,20,8ELC,6.0,True,201,-49.43,3.15,0.22,1689,2844,608.795,ok
eff71722c9c04f7e61a0cf427b3c6019,sp05,2,2,1.2,0.0,20,8ELC,4.3,False,201,-40.16,2.36,0.17,1686,2904,595.761,ok
f444bf4b2a5712cdb76e326e74202030,sp05,2,2,1.2,0.0,20,8ELC,8.2,True,NA,NA,NA,NA,0,NA,NA,topo_fail
fae572d9925f12e9cf58d65f8235a662,sp05,2,2,1.2,0.0,20,8ELC,5.4,False,201,-60.15,3.09,0.22,1685,2965,583.734,ok
03f5731ad72b97ea2fd1ec352fe5dde0,sp05,2,2,1.2,0.0,20,9D9I,6.59,False,201,-59.46,2.79,0.20,622,2385,725.604,ok
0a8bd2b181a818ac245c132acb3ffd18,sp05,2,2,1.2,0.0,20,9D9I,4.82,False,201,-39.00,2.21,0.16,601,2011,861.038,ok
0ba0e185398f759ca91fbd5fa3f0803a,sp05,2,2,1.2,0.0,20,9D9I,8.05,True,201,-57.18,2.75,0.19,602,2096,826.077,ok
0f35616c28aaaf8c39fd2467e3d2cebd,sp05,2,2,1.2,0.0,20,9D9I,5.21,False,201,-39.56,2.42,0.17,638,2049,844.745,ok
1a263985d22c81f9d3e9eb46e23d21ab,sp05,2,2,1.2,0.0,20,9D9I,4.88,False,201,-50.91,2.96,0.21,647,2108,821.394,ok
1bf5ed1e98a047c67826a7fd54dcf64f,sp05,2,2,1.2,0.0,20,9D9I,7.52,True,201,-56.13,3.15,0.22,626,2009,861.679,ok
1f270ea65cd761a78a0ed8ab4ee8fec0,sp05,2,2,1.2,0.0,20,9D9I,5.46,False,201,-47.05,2.72,0.19,632,2054,842.872,ok
266bbb49e60781aca4002ea95c99c033,sp05,2,2,1.2,0.0,20,9D9I,5.08,False,201,-36.96,2.38,0.17,635,2026,854.266,ok
282b4e352d38ef07443209435439bcea,sp05,2,2,1.2,0.0,20,9D9I,9.0,True,201,-57.68,3.29,0.23,633,2055,842.611,ok
295199ed8a4621a340b6b79b4024bec4,sp05,2,2,1.2,0.0,20,9D9I,4.78,False,201,-35.73,2.49,0.18,626,2044,847.068,ok
2b0f0d7f8914675eaf8e2f5aee81598d,sp05,2,2,1.2,0.0,20,9D9I,6.48,False,201,-49.01,2.50,0.18,637,2445,708.073,ok
395f47b77b5f161c28c20393b39e9076,sp05,2,2,1.2,0.0,20,9D9I,5.51,False,NA,NA,NA,NA,0,NA,NA,topo_fail
59573ee97914f33c9708de5aa2e356b5,sp05,2,2,1.2,0.0,20,9D9I,4.49,False,NA,NA,NA,NA,0,NA,NA,topo_fail
5b6d2943bab2409bd0928714d9016311,sp05,2,2,1.2,0.0,20,9D9I,7.06,False,NA,NA,NA,NA,0,NA,NA,topo_fail
5e2a23cb4d697cfdd0e84f4a2481d982,sp05,2,2,1.2,0.0,20,9D9I,6.75,True,201,-43.10,3.35,0.24,607,2267,763.469,ok
69ea6e3ad23ea569f4bbfa0263cb5bdc,sp05,2,2,1.2,0.0,20,9D9I,7.06,False,201,-49.49,2.88,0.20,602,2318,746.695,ok
7f401a529b655f4a54438d8f5d6f0225,sp05,2,2,1.2,0.0,20,9D9I,6.16,True,201,-42.82,2.77,0.20,629,2021,856.512,ok
909628c1d41006cf8bdc95b988228e4f,sp05,2,2,1.2,0.0,20,9D9I,4.54,False,201,-35.90,2.33,0.16,600,1980,874.363,ok
ace45146c6a78c8039ff1fcd87b39fda,sp05,2,2,1.2,0.0,20,9D9I,5.62,False,NA,NA,NA,NA,0,NA,NA,topo_fail
b6465c8ac0ed173d3faf7c401e0c4924,sp05,2,2,1.2,0.0,20,9D9I,7.25,True,201,-49.42,3.61,0.25,628,2050,844.525,ok
b8ac149673f7c3cd33b88439965cd67f,sp05,2,2,1.2,0.0,20,9D9I,7.47,True,NA,NA,NA,NA,0,NA,NA,topo_fail
b935f060fc633ecb59aac069eeb99d71,sp05,2,2,1.2,0.0,20,9D9I,4.64,False,NA,NA,NA,NA,0,NA,NA,topo_fail
ca3e30b78b8b15c1aa76fed50341d715,sp05,2,2,1.2,0.0,20,9D9I,7.09,True,NA,NA,NA,NA,0,NA,NA,topo_fail
d4a029e120a4109e548f939835fea733,sp05,2,2,1.2,0.0,20,9D9I,7.92,True,201,-53.41,2.80,0.20,609,2061,839.854,ok
d8a2b383fc51f79cc2469b166af9122c,sp05,2,2,1.2,0.0,20,9D9I,6.9,False,NA,NA,NA,NA,0,NA,NA,topo_fail
de1492a39ee5b6346482dc83a1060a60,sp05,2,2,1.2,0.0,20,9D9I,5.58,False,NA,NA,NA,NA,0,NA,NA,topo_fail
e13195a3669e20a1cb71ccb752460291,sp05,2,2,1.2,0.0,20,9D9I,6.18,False,201,-51.52,2.80,0.20,611,2024,855.663,ok
e5ec85f1b96ce3d4ca5d747969350f0f,sp05,2,2,1.2,0.0,20,9D9I,5.68,False,201,-46.87,2.58,0.18,607,2073,835.210,ok
f3bf65b5c175c4eb9a32b952ec009daa,sp05,2,2,1.2,0.0,20,9D9I,4.63,False,201,-34.05,2.25,0.16,623,2127,813.601,ok
fa95727eed889db7226aa52d7509284a,sp05,2,2,1.2,0.0,20,9D9I,8.3,True,201,-43.67,2.55,0.18,633,2054,842.962,ok
01bd41af226d7f8d1e5fdb361b0b562d,sp05,2,2,1.2,0.0,20,9SI4,5.13,False,201,-14.52,2.47,0.17,646,1965,880.860,ok
047b4e5133e0d4a8a3c4c2b9f29f5ee1,sp05,2,2,1.2,0.0,20,9SI4,4.46,False,201,-20.38,1.50,0.11,613,2275,760.898,ok
0b8c97a20e0da60b11a122b27f6c8b62,sp05,2,2,1.2,0.0,20,9SI4,4.89,False,201,-27.11,3.86,0.27,611,1977,876.101,ok
196b38c7ef93d3d9da6c8ba5fbe7cc36,sp05,2,2,1.2,0.0,20,9SI4,5.19,False,201,-20.29,3.61,0.25,636,1969,878.847,ok
238dd65aac42b2b34162c0b51a84d1db,sp05,2,2,1.2,0.0,20,9SI4,4.01,False,201,-17.06,2.15,0.15,634,2274,761.077,ok
253860e6145c4fd6dd9cbc288515e367,sp05,2,2,1.2,0.0,20,9SI4,9.64,True,201,-19.17,3.15,0.22,639,1987,870.923,ok
359e38e810d725751e2260e2b3006df9,sp05,2,2,1.2,0.0,20,9SI4,4.84,False,NA,NA,NA,NA,0,NA,NA,pull_fail
4be7a12b601883e91811eeb2e0c4ed4b,sp05,2,2,1.2,0.0,20,9SI4,5.14,False,201,-22.51,1.55,0.11,632,2061,839.621,ok
543c819ac4256fe5b41298770a798122,sp05,2,2,1.2,0.0,20,9SI4,7.15,True,201,-32.37,2.27,0.16,648,2086,829.618,ok
5d9bbfbd38feae26823caf531a5db1a6,sp05,2,2,1.2,0.0,20,9SI4,8.0,True,201,-12.42,4.23,0.30,625,1982,873.089,ok
62064a9f6b5d461a4c097abbc9bffe7a,sp05,2,2,1.2,0.0,20,9SI4,10.37,True,201,-25.81,3.01,0.21,608,1988,870.640,ok
6564af0e70be4d43388870363762e68c,sp05,2,2,1.2,0.0,20,9SI4,7.96,True,201,-17.41,3.29,0.23,608,2002,864.494,ok
65fcca610b91676d473a89c0858c6ffc,sp05,2,2,1.2,0.0,20,9SI4,5.1,False,201,-13.27,3.32,0.23,606,1961,883.355,ok
69da907af4c1f2f8307d027d4ab80d72,sp05,2,2,1.2,0.0,20,9SI4,5.02,False,201,-21.59,4.43,0.31,606,2051,844.107,ok
737df570b627d06e92101677b4e3da21,sp05,2,2,1.2,0.0,20,9SI4,4.26,False,201,-25.61,2.75,0.19,635,2261,765.399,ok
9962e35d818f378081860dfde6088db5,sp05,2,2,1.2,0.0,20,9SI4,5.26,False,201,-22.04,3.41,0.24,611,2011,860.590,ok
9e7607ef3d929c5fd46ea0dc7f23f535,sp05,2,2,1.2,0.0,20,9SI4,4.73,False,NA,NA,NA,NA,0,NA,NA,topo_fail
9fdebd3e36d16344b05f496394363d9c,sp05,2,2,1.2,0.0,20,9SI4,4.96,False,201,-28.64,1.91,0.13,630,1999,866.186,ok
a5b2fb04b878e9fff4b764e79cf06db2,sp05,2,2,1.2,0.0,20,9SI4,4.19,False,201,-32.79,2.00,0.14,633,2249,769.563,ok
bb0523a55a6136f05a592d05fd8ff8de,sp05,2,2,1.2,0.0,20,9SI4,8.57,True,201,-19.65,3.19,0.22,609,2015,858.783,ok
d005b3d8ed6ab71e5ebd50c1b26a2ffb,sp05,2,2,1.2,0.0,20,9SI4,6.0,True,NA,NA,NA,NA,0,NA,NA,topo_fail
d1324bec8ed2f7c4caac7dd5ac774f98,sp05,2,2,1.2,0.0,20,9SI4,8.19,True,201,-9.29,4.48,0.32,607,1992,868.598,ok
d9a52d46c0ccf0c1913e0eebbacfc330,sp05,2,2,1.2,0.0,20,9SI4,5.32,False,NA,NA,NA,NA,0,NA,NA,topo_fail
dbc5bdf0c84f89a682be5ac536c00bd2,sp05,2,2,1.2,0.0,20,9SI4,5.12,False,NA,NA,NA,NA,0,NA,NA,topo_fail
de91618eee657d877d0668058bd50ff6,sp05,2,2,1.2,0.0,20,9SI4,5.05,False,201,-18.48,2.00,0.14,606,1939,893.057,ok
e8397fcd2197e27d094058bc02fbba6a,sp05,2,2,1.2,0.0,20,9SI4,4.5,False,201,-43.69,7.47,0.53,612,2252,768.373,ok
eb1eb691e1c65761a234212818817153,sp05,2,2,1.2,0.0,20,9SI4,5.09,False,201,-24.29,2.83,0.20,634,2000,866.290,ok
f93dfb8ee56b2a98182d0adc1030c114,sp05,2,2,1.2,0.0,20,9SI4,6.35,True,201,-18.73,3.61,0.25,635,2013,859.708,ok
fc4ddc57541f29488f09921d9b36bc97,sp05,2,2,1.2,0.0,20,9SI4,5.16,False,201,-20.05,7.59,0.54,635,1948,888.204,ok
ffdbd2aa8cc03f78eb6b433fe1a74c09,sp05,2,2,1.2,0.0,20,9SI4,6.75,True,201,-30.83,3.63,0.26,636,2009,861.554,ok
0220b4986165db73cd9f0775b82b7838,sp06,2,3,1.0,0.2,40,2XU3,7.3,False,201,-38.94,2.71,0.19,610,1940,892.849,ok
13e1da8f0e67c08c5ef1cb0ebded75a5,sp06,2,3,1.0,0.2,40,2XU3,7.1,False,201,-21.56,7.07,0.50,625,1882,919.835,ok
187b2fb9351c5f10d65f710e85056c31,sp06,2,3,1.0,0.2,40,2XU3,8.3,True,201,-27.74,3.69,0.26,626,2156,802.698,ok
20ffceabec2b95cc0b401b1d1e504f6b,sp06,2,3,1.0,0.2,40,2XU3,8.3,True,201,-40.28,2.51,0.18,634,2195,788.276,ok
2cb6e34fab1ee523b2a48790b68ad465,sp06,2,3,1.0,0.2,40,2XU3,6.6,False,201,-36.80,2.60,0.18,630,1893,914.355,ok
335dd6fbc3377cdcf2401cfc6056bc9c,sp06,2,3,1.0,0.2,40,2XU3,7.4,True,NA,NA,NA,NA,0,NA,NA,pull_fail
37eaa144facb029500f427e04d484481,sp06,2,3,1.0,0.2,40,2XU3,8.0,True,NA,NA,NA,NA,0,NA,NA,topo_fail
39cbab9e91b4af7ae5b0eed4a14b90f9,sp06,2,3,1.0,0.2,40,2XU3,6.3,True,201,-33.24,2.77,0.20,622,1882,919.708,ok
4232bcfa9c606f52c8067ff9e22fe8af,sp06,2,3,1.0,0.2,40,2XU3,7.5,False,NA,NA,NA,NA,0,NA,NA,topo_fail
424689a2bad294c9a4d19ed5924324de,sp06,2,3,1.0,0.2,40,2XU3,6.0,False,NA,NA,NA,NA,0,NA,NA,topo_fail
6ef67d129dcb37a0be630ca24c321f02,sp06,2,3,1.0,0.2,40,2XU3,7.3,False,201,-28.22,3.20,0.23,642,1915,904.530,ok
7969946fa4a7d73df90d5fadcdef4b59,sp06,2,3,1.0,0.2,40,2XU3,6.9,False,201,-37.84,2.36,0.17,622,1876,922.679,ok
88de53427c78a4f8890a2b946385d70b,sp06,2,3,1.0,0.2,40,2XU3,5.5,False,201,-15.26,7.32,0.52,620,1930,896.874,ok
98cf559a50ee84d38e7648c91b0c564d,sp06,2,3,1.0,0.2,40,2XU3,6.0,True,201,-29.55,2.84,0.20,622,1935,894.227,ok
99c9a8dee8fadf56676d8f90e6848e58,sp06,2,3,1.0,0.2,40,2XU3,6.3,False,201,-30.20,3.41,0.24,623,1886,917.799,ok
9c772b2f96c879dc662e5f137990844f,sp06,2,3,1.0,0.2,40,2XU3,7.9,True,201,-23.23,3.09,0.22,621,2282,758.183,ok
a1409d89193dd0a7a4a54efb7c4b0b88,sp06,2,3,1.0,0.2,40,2XU3,7.6,False,201,-36.92,2.79,0.20,622,2283,758.199,ok
a864b4e510a4a9f05aa2438e3cebd634,sp06,2,3,1.0,0.2,40,2XU3,6.0,False,201,-32.71,2.20,0.15,622,1894,913.874,ok
ad3886476184578f75d5af9504b7aca7,sp06,2,3,1.0,0.2,40,2XU3,6.6,False,201,-34.15,4.51,0.32,621,1868,926.398,ok
c42e22237c07702a044507738b0805b2,sp06,2,3,1.0,0.2,40,2XU3,5.9,False,NA,NA,NA,NA,0,NA,NA,topo_fail
c5cf1f886c6849f8233c8b282a929680,sp06,2,3,1.0,0.2,40,2XU3,5.4,False,201,-24.19,4.82,0.34,621,2115,818.259,ok
c842104ea7034c335c96f16efde3aff4,sp06,2,3,1.0,0.2,40,2XU3,5.8,False,201,-21.65,3.99,0.28,617,1959,883.395,ok
cb20abd70e0ece3d85e1338101d4bd72,sp06,2,3,1.0,0.2,40,2XU3,6.2,False,NA,NA,NA,NA,0,NA,NA,topo_fail
d60363c0fec1c05a155d848f9a232a3e,sp06,2,3,1.0,0.2,40,2XU3,6.2,False,NA,NA,NA,NA,0,NA,NA,topo_fail
def33b1b26713c8ce7794e1cee2141c6,sp06,2,3,1.0,0.2,40,2XU3,8.9,True,201,-36.33,5.48,0.39,624,2129,812.798,ok
e93a4d36831e1c123940b06eb94b7e74,sp06,2,3,1.0,0.2,40,2XU3,5.0,False,201,-22.44,3.15,0.22,620,1922,900.456,ok
f885f085c98c18670a7ddbe3c7a763da,sp06,2,3,1.0,0.2,40,2XU3,9.9,True,201,-18.22,8.15,0.58,603,2129,812.887,ok
fd5ba50d24141a833001dc12a320fc8f,sp06,2,3,1.0,0.2,40,2XU3,6.9,True,201,-35.48,2.85,0.20,598,1854,933.317,ok
ff8edf23e1c4463cdc767531d804cef1,sp06,2,3,1.0,0.2,40,2XU3,5.6,False,201,-33.25,2.11,0.15,609,1933,895.372,ok
fffe47a81a0ad8b0cd7beae03f34b077,sp06,2,3,1.0,0.2,40,2XU3,7.2,False,201,-11.09,4.72,0.33,600,1947,888.913,ok
0708a8656ea2024a7a2f0e1407f518a7,sp06,2,3,1.0,0.2,40,3I06,5.425,False,201,-31.40,3.99,0.28,543,1882,920.783,ok
0790157ee26dfb0fea3a1ce3db026f75,sp06,2,3,1.0,0.2,40,3I06,6.5,False,201,-29.77,2.46,0.17,565,1915,904.190,ok
37f9f904b3a0eaee2c624e4559ebe52f,sp06,2,3,1.0,0.2,40,3I06,5.4,False,201,-30.76,2.95,0.21,569,1842,940.229,ok
3c117a293542d626d77f570da38bd5f1,sp06,2,3,1.0,0.2,40,3I06,6.43,False,201,-26.52,2.34,0.16,564,1855,934.337,ok
3f6e40d3068fb0fd99bfa763ed0ca2bb,sp06,2,3,1.0,0.2,40,3I06,7.3,True,201,-22.27,2.96,0.21,564,1819,951.612,ok
4438f9709f9cecfb7ddd62b05fff9f8d,sp06,2,3,1.0,0.2,40,3I06,6.78,False,201,-25.22,3.33,0.24,566,1817,953.067,ok
47a8000e16980306005511b953a06ecf,sp06,2,3,1.0,0.2,40,3I06,6.77,False,201,-27.24,2.75,0.19,564,1826,947.828,ok
4a67881e46b87364ec2e0ec7cbbf0bec,sp06,2,3,1.0,0.2,40,3I06,7.1,False,201,-28.40,2.96,0.21,566,1872,925.074,ok
5d418a86059c42695f5856b68e7a7118,sp06,2,3,1.0,0.2,40,3I06,7.41,True,201,-23.81,2.89,0.20,564,1833,944.450,ok
642b2e0e340ac4d3adcf66589e7fd012,sp06,2,3,1.0,0.2,40,3I06,8.4,True,201,-26.73,4.85,0.34,566,1839,941.301,ok
7024d698ad06da1b887b5df50f7728d3,sp06,2,3,1.0,0.2,40,3I06,6.965,False,NA,NA,NA,NA,0,NA,NA,topo_fail
752f05c1f66a8f4b3b1789ec136a4c33,sp06,2,3,1.0,0.2,40,3I06,5.4,False,201,-14.71,6.55,0.46,563,1871,926.056,ok
77b75df8109925be76df5616a3e1c899,sp06,2,3,1.0,0.2,40,3I06,5.744999999999999,False,201,-26.40,5.10,0.36,572,1791,967.696,ok
8aec869639fd159e3c91d77b4fcc4e79,sp06,2,3,1.0,0.2,40,3I06,5.73,False,201,-11.74,8.57,0.60,564,1782,972.318,ok
922db9175a15e6a2d34d02717b0de6ab,sp06,2,3,1.0,0.2,40,3I06,7.2,False,201,-8.33,3.70,0.26,565,1865,928.082,ok
9dff198666f179b8a182da3e203eae73,sp06,2,3,1.0,0.2,40,3I06,5.39,False,201,-28.46,3.54,0.25,568,1869,926.647,ok
b19d1a70ff3d2abd6986665d47eff086,sp06,2,3,1.0,0.2,40,3I06,7.3,True,201,-16.25,2.35,0.17,567,1875,923.098,ok
b60c297c7199140f1f38ac6909b5bf24,sp06,2,3,1.0,0.2,40,3I06,8.8,True,NA,NA,NA,NA,0,NA,NA,topo_fail
b85a22ec0aa0dc6afd4221dc2f0bb482,sp06,2,3,1.0,0.2,40,3I06,6.6,True,NA,NA,NA,NA,0,NA,NA,topo_fail
ba808f52df2ffa29ea7a2a6a9cd5f0b8,sp06,2,3,1.0,0.2,40,3I06,5.775,False,201,-23.95,4.07,0.29,568,1818,952.414,ok
c2f2ee45493f8ae40c2fd957499cc3f6,sp06,2,3,1.0,0.2,40,3I06,6.4,True,NA,NA,NA,NA,0,NA,NA,topo_fail
cabddb27a77b57b277eb28c407a26d3f,sp06,2,3,1.0,0.2,40,3I06,5.6,False,NA,NA,NA,NA,0,NA,NA,topo_fail
d03b3614f1c49ff6b9fbf5832ee9770f,sp06,2,3,1.0,0.2,40,3I06,6.85,False,201,-6.64,6.59,0.46,566,1825,948.746,ok
e32bacbac8502d337dc3d54d78b564a2,sp06,2,3,1.0,0.2,40,3I06,6.85,False,201,-30.40,2.45,0.17,564,1779,973.155,ok
e40809a6930ce378fdcb37d1b644e2d6,sp06,2,3,1.0,0.2,40,3I06,5.815,False,NA,NA,NA,NA,0,NA,NA,topo_fail
e49cfa366cc64bab8e1edf37b372cbf6,sp06,2,3,1.0,0.2,40,3I06,7.26,True,201,-12.65,4.69,0.33,571,1829,947.110,ok
ea7f0fb058ae9dd251ae33c9d872926b,sp06,2,3,1.0,0.2,40,3I06,4.52,False,201,-10.36,6.39,0.45,567,1858,931.645,ok
f1a057393d7efd3f562b774490f9dfd1,sp06,2,3,1.0,0.2,40,3I06,6.44,False,201,-26.43,3.25,0.23,543,1828,947.386,ok
fa4de5e62b4e32e8b3d71088211803e0,sp06,2,3,1.0,0.2,40,3I06,7.4,True,201,-27.31,3.54,0.25,544,1866,927.912,ok
ff032b5793a25a8e4f9611a34a394671,sp06,2,3,1.0,0.2,40,3I06,6.9,True,NA,NA,NA,NA,0,NA,NA,topo_fail
26daa23c738cb8c7dababa4ee2a1c4fb,sp06,2,3,1.0,0.2,40,4A5S,5.88,False,NA,NA,NA,NA,0,NA,NA,pull_fail
308f2419f5e0ca7b6d39aac23a7de2ff,sp06,2,3,1.0,0.2,40,4A5S,6.06,True,201,-9.58,6.53,0.46,6071,4724,366.121,ok
40cb8b0c3343c02f5a6c40f02757e920,sp06,2,3,1.0,0.2,40,4A5S,7.68,True,NA,NA,NA,NA,0,NA,NA,topo_fail
5266e860e65e5fc94b8ebfcb7843c31f,sp06,2,3,1.0,0.2,40,4A5S,7.31,True,201,-32.55,3.78,0.27,6111,4964,348.575,ok
57bff1b2673d3c8b9006213161935522,sp06,2,3,1.0,0.2,40,4A5S,5.79,False,NA,NA,NA,NA,0,NA,NA,topo_fail
6c4846b6eaf17057657b89d9f3678cfc,sp06,2,3,1.0,0.2,40,4A5S,7.92,False,201,-31.24,3.85,0.27,6069,4884,354.223,ok
6efdc9276471f46eacd8dbafd71ddfd6,sp06,2,3,1.0,0.2,40,4A5S,6.84,True,201,-25.49,3.13,0.22,6049,5054,342.207,ok
7a1bbdb9f1f8528edd767025c45e5cc8,sp06,2,3,1.0,0.2,40,4A5S,8.05,False,201,-28.36,2.68,0.19,6086,4952,349.330,ok
819a7f7be372131a469fbed045c9eb33,sp06,2,3,1.0,0.2,40,4A5S,7.52,False,NA,NA,NA,NA,0,NA,NA,topo_fail
96e384ca0fb900959cf2205b9121fb47,sp06,2,3,1.0,0.2,40,4A5S,8.0,True,201,-28.91,3.68,0.26,6089,4830,358.211,ok
abcebd7334a50be9b204a4899d5d8881,sp06,2,3,1.0,0.2,40,4A5S,9.14,True,NA,NA,NA,NA,0,NA,NA,topo_fail
ac0197ee4a02894e2611e255e0125503,sp06,2,3,1.0,0.2,40,4A5S,8.08,False,NA,NA,NA,NA,0,NA,NA,topo_fail
b2bcac7a4f0262268b1a6d2db8d7eb5a,sp06,2,3,1.0,0.2,40,4A5S,7.96,True,201,-22.38,8.63,0.61,6046,4912,352.232,ok
b4d6bf83422567e92f6475f4f9bd6ec8,sp06,2,3,1.0,0.2,40,4A5S,8.05,False,NA,NA,NA,NA,0,NA,NA,topo_fail
ba32a5ca5c7e6e2db41283cf2f90660d,sp06,2,3,1.0,0.2,40,4A5S,5.54,False,201,-32.45,3.36,0.24,6068,4833,357.866,ok
bd1567927f497abd4e18605be0e5f9dc,sp06,2,3,1.0,0.2,40,4A5S,6.14,False,NA,NA,NA,NA,0,NA,NA,topo_fail
c6780a0007686453a29186d9ec94b23f,sp06,2,3,1.0,0.2,40,4A5S,7.36,False,201,-16.28,8.50,0.60,6087,4951,349.414,ok
c82e0b161bf77b819bbafff08f9a082e,sp06,2,3,1.0,0.2,40,4A5S,8.14,False,201,-28.51,3.15,0.22,6113,4912,352.197,ok
c8dee15f6cbcf595a6900314ad342f99,sp06,2,3,1.0,0.2,40,4A5S,7.27,False,NA,NA,NA,NA,0,NA,NA,topo_fail
c94a26f4dff73a180f04c48dad017723,sp06,2,3,1.0,0.2,40,4A5S,7.7,False,NA,NA,NA,NA,0,NA,NA,topo_fail
ca1e569ab7c7bc83c949f9e20ed78453,sp06,2,3,1.0,0.2,40,4A5S,9.32,True,NA,NA,NA,NA,0,NA,NA,topo_fail
cfe4d9b13bebf025bdbd30504f03c83a,sp06,2,3,1.0,0.2,40,4A5S,7.48,False,201,-16.88,4.81,0.34,6084,4955,349.139,ok
d15af9a4462ff88f2cfafbc6cc94912e,sp06,2,3,1.0,0.2,40,4A5S,5.89,False,NA,NA,NA,NA,0,NA,NA,topo_fail
d1a961f69c709d74aaec2945249f508c,sp06,2,3,1.0,0.2,40,4A5S,6.5,False,NA,NA,NA,NA,0,NA,NA,topo_fail
de36f12fbdb6f099ba5ac3231fe389e0,sp06,2,3,1.0,0.2,40,4A5S,8.36,True,201,-32.25,3.44,0.24,6072,4921,351.556,ok
ea054fd43eb193b0b6268f917ed60185,sp06,2,3,1.0,0.2,40,4A5S,6.12,False,201,-8.20,5.59,0.39,6049,4963,348.452,ok
fbf450a68aa0a625ec13f6c762944a3b,sp06,2,3,1.0,0.2,40,4A5S,7.82,False,201,-35.60,4.69,0.33,5850,4989,346.797,ok
03d2d012db8145e06c35d7e016c645dc,sp06,2,3,1.0,0.2,40,4L7G,8.36,True,201,-25.41,2.54,0.18,1848,2814,614.795,ok
055e1e9c95b2378efd3fc90b82948709,sp06,2,3,1.0,0.2,40,4L7G,5.33,False,201,-39.09,2.74,0.19,1837,2944,587.556,ok
0677f513ac408d66c189e10e0ee4d76f,sp06,2,3,1.0,0.2,40,4L7G,5.29,False,201,-29.93,3.97,0.28,1774,2888,599.364,ok
078844c7f38624b3996505d0f98526ca,sp06,2,3,1.0,0.2,40,4L7G,8.01,True,201,-38.82,2.66,0.19,1780,2922,592.177,ok
0a826045d720c0a795bd1979a728e35c,sp06,2,3,1.0,0.2,40,4L7G,5.3,False,201,-30.41,2.11,0.15,1854,2868,603.450,ok
166e854e6f7609934b769fb3b19101c0,sp06,2,3,1.0,0.2,40,4L7G,9.22,True,201,-31.98,2.23,0.16,1857,2814,614.848,ok
3116f4c5342bf41e08cd23593057d9ac,sp06,2,3,1.0,0.2,40,4L7G,5.15,False,NA,NA,NA,NA,0,NA,NA,pull_fail
39f4f10d914c61149f1719bf477dd932,sp06,2,3,1.0,0.2,40,4L7G,5.27,False,201,-38.16,3.23,0.23,1843,2915,593.372,ok
3a87c373b8ee3ee690e68ccce89857a3,sp06,2,3,1.0,0.2,40,4L7G,6.0,True,201,-32.82,2.74,0.19,1913,2877,601.442,ok
52d2e2cddbd6c2ca52b2a6692a1be706,sp06,2,3,1.0,0.2,40,4L7G,5.14,False,201,-37.52,2.94,0.21,1851,2816,614.419,ok
6ed539a8e565bc920be9f146e577ce98,sp06,2,3,1.0,0.2,40,4L7G,5.18,False,201,-25.57,2.44,0.17,1842,2825,612.631,ok
71d81c144a98e11bef7a990464b30910,sp06,2,3,1.0,0.2,40,4L7G,5.31,False,NA,NA,NA,NA,0,NA,NA,topo_fail
7f8c5f877cc7df732365ed9f3035e71a,sp06,2,3,1.0,0.2,40,4L7G,8.2,True,201,-12.43,4.51,0.32,1843,2921,592.313,ok
824df1fae448411a738d6987cd933d7b,sp06,2,3,1.0,0.2,40,4L7G,8.52,True,NA,NA,NA,NA,0,NA,NA,topo_fail
9510387a41d9428f814f1e8a487e626d,sp06,2,3,1.0,0.2,40,4L7G,7.0,True,201,-10.84,6.28,0.44,1848,2931,590.301,ok
ab32da1f7ea48da050cb3f074c41b42f,sp06,2,3,1.0,0.2,40,4L7G,5.21,False,201,-30.27,2.52,0.18,1835,2832,610.832,ok
b1a7ee597e9d75bd95fcad2e74c8ab83,sp06,2,3,1.0,0.2,40,4L7G,6.54,True,201,-40.46,2.99,0.21,1844,2929,590.555,ok
b7649d4e54db2998f4f380ff5b78484d,sp06,2,3,1.0,0.2,40,4L7G,5.22,False,NA,NA,NA,NA,0,NA,NA,topo_fail
c3abed8fe47c90e2af144bafbdc1da21,sp06,2,3,1.0,0.2,40,4L7G,5.14,False,NA,NA,NA,NA,0,NA,NA,topo_fail
c3e6f0472fa7320f5e210e26cfc4ecec,sp06,2,3,1.0,0.2,40,4L7G,5.33,False,NA,NA,NA,NA,0,NA,NA,topo_fail
c5b72985a64d484d55f5162f79464155,sp06,2,3,1.0,0.2,40,4L7G,5.28,False,201,-26.28,4.45,0.31,1845,3054,566.378,ok
c83d057a219e5a25a09f354503a70d4d,sp06,2,3,1.0,0.2,40,4L7G,5.33,False,201,-43.66,2.89,0.20,1848,2944,587.830,ok
cf4a8047b69fbbe4ae6525a51c3063a1,sp06,2,3,1.0,0.2,40,4L7G,5.1,False,201,-39.06,2.39,0.17,1844,2891,598.493,ok
d1d524dd925a24438ecd2d014b089d87,sp06,2,3,1.0,0.2,40,4L7G,5.32,False,NA,NA,NA,NA,0,NA,NA,topo_fail
e123cf065380d0b0c8f3053e9ba7be61,sp06,2,3,1.0,0.2,40,4L7G,5.3,False,201,-38.90,2.57,0.18,1848,2937,589.198,ok
e3b605e5b9101a4f3fa1aae790d69360,sp06,2,3,1.0,0.2,40,4L7G,5.05,False,NA,NA,NA,NA,0,NA,NA,topo_fail
e8db4af0c7a34ddcd59bd43979c83a63,sp06,2,3,1.0,0.2,40,4L7G,7.96,True,201,-31.75,3.23,0.23,1848,3028,571.712,ok
ec4ccad83d01498f18eec3728419c3aa,sp06,2,3,1.0,0.2,40,4L7G,5.21,False,201,-34.31,1.79,0.13,1836,2906,595.399,ok
ee2e7b45aae1b85d5c18aad16d03d855,sp06,2,3,1.0,0.2,40,4L7G,7.45,True,201,-15.32,3.16,0.22,1843,2888,599.226,ok
f5b52bef73821d9cc3d674e42de6608f,sp06,2,3,1.0,0.2,40,4L7G,5.07,False,201,-12.77,3.73,0.26,1782,2908,594.905,ok
04d89e15e651861ca58bbec52b719c49,sp06,2,3,1.0,0.2,40,4QB3,6.33,False,201,-39.11,3.83,0.27,270,1503,1153.892,ok
0b4fbf7130a60ebdf348cd8d14c36b77,sp06,2,3,1.0,0.2,40,4QB3,7.515,True,201,-34.71,2.68,0.19,270,1557,1112.792,ok
15044c0c9f83bb877f5ea28fece53a3d,sp06,2,3,1.0,0.2,40,4QB3,6.38,False,201,-34.29,3.18,0.22,281,1539,1126.245,ok
2b0132dda46dfc13890fc97f3e161079,sp06,2,3,1.0,0.2,40,4QB3,6.295,False,201,-25.23,3.15,0.22,285,1552,1117.019,ok
3dd7fe0b27b084a92f8091446da1a66e,sp06,2,3,1.0,0.2,40,4QB3,5.68,False,201,-33.02,3.77,0.27,281,1532,1130.716,ok
492b610efd391e76c199bfed5b16cf2a,sp06,2,3,1.0,0.2,40,4QB3,5.51,False,201,-34.23,3.28,0.23,280,1665,1040.035,ok
594685ab2c2c7dfb758c69d0a9bc2a8d,sp06,2,3,1.0,0.2,40,4QB3,6.33,False,201,-42.68,2.82,0.20,280,1563,1109.508,ok
605f40bd8c866d6adb1d6f2bec42c9b3,sp06,2,3,1.0,0.2,40,4QB3,8.004999999999999,True,201,-30.40,3.84,0.27,281,1648,1050.520,ok
65316367b1c7ba80511f9cb5fb2fd2a4,sp06,2,3,1.0,0.2,40,4QB3,8.25,True,201,-37.61,4.10,0.29,280,1535,1128.791,ok
6b43e44fb3ada6de6c351a68d32eaa65,sp06,2,3,1.0,0.2,40,4QB3,8.74,True,201,-29.93,3.46,0.24,279,1604,1079.341,ok
6f8f3139923f55cc6cf8ceaccedb3aa4,sp06,2,3,1.0,0.2,40,4QB3,5.91,False,NA,NA,NA,NA,0,NA,NA,topo_fail
71610ced88f2d058ad64b79635b26b20,sp06,2,3,1.0,0.2,40,4QB3,5.74,False,NA,NA,NA,NA,0,NA,NA,topo_fail
749b421329101fb34bf4c33daa32ff2e,sp06,2,3,1.0,0.2,40,4QB3,5.555,False,201,-13.04,5.40,0.38,279,1567,1105.671,ok
79ff013c97a88f8bec1adfae42218746,sp06,2,3,1.0,0.2,40,4QB3,6.115,False,201,-42.21,3.28,0.23,289,1569,1104.654,ok
8016222bad11f4d65a8f6f4e49b5cd67,sp06,2,3,1.0,0.2,40,4QB3,6.074999999999999,False,201,-37.74,4.13,0.29,283,1621,1069.515,ok
8072d1cd9b9a836cbeec520610c1f9bd,sp06,2,3,1.0,0.2,40,4QB3,5.67,False,201,-28.13,2.36,0.17,280,1519,1139.977,ok
80b0fe984d15b87a9da0bed91ab28b29,sp06,2,3,1.0,0.2,40,4QB3,7.77,True,201,-42.34,2.74,0.19,281,1507,1149.557,ok
8a909432391c80b5414f2aed6279b942,sp06,2,3,1.0,0.2,40,4QB3,7.01,True,201,-41.34,2.43,0.17,280,1533,1129.746,ok
971c944ef6916e2840b6d63b8f00425e,sp06,2,3,1.0,0.2,40,4QB3,5.625,False,201,-32.23,3.56,0.25,280,1538,1126.477,ok
aa4ab13cb4df4d90f08700b97350a57b,sp06,2,3,1.0,0.2,40,4QB3,6.055,True,201,-34.30,3.70,0.26,280,1589,1090.361,ok
ac6254a319053d53d01f6c8c06bc783d,sp06,2,3,1.0,0.2,40,4QB3,6.415,False,201,-45.49,2.78,0.20,290,1529,1133.271,ok
b2d145c83fe363359f846985aa11d3ba,sp06,2,3,1.0,0.2,40,4QB3,5.965,False,201,-34.90,2.55,0.18,279,1533,1131.121,ok
bf34923dc4f956fa0c26fb0a54550049,sp06,2,3,1.0,0.2,40,4QB3,5.28,False,NA,NA,NA,NA,0,NA,NA,topo_fail
cc7b6263adb98dd621cdb08fde955a6f,sp06,2,3,1.0,0.2,40,4QB3,9.505,True,NA,NA,NA,NA,0,NA,NA,topo_fail
ce9a796b1b540bd01171a965543d5ed4,sp06,2,3,1.0,0.2,40,4QB3,7.99,True,NA,NA,NA,NA,0,NA,NA,topo_fail
d14a66e8dd811490ccafaf75afa970de,sp06,2,3,1.0,0.2,40,4QB3,6.35,False,201,-31.41,2.07,0.15,278,1524,1137.639,ok
e157f064686d18428292a95c75eebffe,sp06,2,3,1.0,0.2,40,4QB3,8.495000000000001,True,201,-33.78,3.09,0.22,278,1582,1095.117,ok
eb86c0e119d2fe75487a399c76724176,sp06,2,3,1.0,0.2,40,4QB3,6.0600000000000005,False,201,-31.29,3.49,0.25,281,1546,1121.183,ok
ec69e1666eb0eb27ed19cf2994bc675f,sp06,2,3,1.0,0.2,40,4QB3,5.845,False,201,-32.86,2.35,0.17,280,1565,1106.872,ok
fa512f9f244e78009694ff207c157f04,sp06,2,3,1.0,0.2,40,4QB3,5.975,False,201,-39.68,3.35,0.24,271,1563,1109.112,ok
066409425aa3969efdeb577c7443fbbd,sp06,2,3,1.0,0.2,40,5HU9,7.38,False,201,-40.78,3.20,0.23,1000,2334,741.443,ok
0d441b18656df0b6da1659391eb123e7,sp06,2,3,1.0,0.2,40,5HU9,7.38,False,201,-23.07,2.65,0.19,1055,2365,732.330,ok
11575d57d06531080c7c3f1703538086,sp06,2,3,1.0,0.2,40,5HU9,8.0,True,201,-18.29,15.08,1.06,1042,2348,737.274,ok
12004f3f2e7c95e0f8ddf8877cb7684c,sp06,2,3,1.0,0.2,40,5HU9,7.24,False,201,-34.04,2.72,0.19,1027,2313,748.584,ok
1dd183338ac9d0d5904e89f4aca06e34,sp06,2,3,1.0,0.2,40,5HU9,6.86,False,201,-35.13,2.00,0.14,1020,2351,736.234,ok
2be277119d6eae84726b1921013ba77e,sp06,2,3,1.0,0.2,40,5HU9,7.38,False,201,-27.63,2.52,0.18,1106,2285,757.410,ok
302044e4781ac510fc30f16377e71d45,sp06,2,3,1.0,0.2,40,5HU9,10.73,True,201,-24.53,2.95,0.21,1052,2342,739.238,ok
353af6c9cfe7ecb0019d13eaa7b46eaf,sp06,2,3,1.0,0.2,40,5HU9,7.3,False,NA,NA,NA,NA,0,NA,NA,pull_fail
3d395f6de7723b7b1aeebfb375bb1c5d,sp06,2,3,1.0,0.2,40,5HU9,8.7,True,201,-25.78,8.27,0.58,1036,2331,742.730,ok
3fa0c6c3d51d517940f2d737b2a070f2,sp06,2,3,1.0,0.2,40,5HU9,9.15,True,201,-34.74,2.53,0.18,1048,2317,747.684,ok
427745a99482f89e2af213daac24f2c4,sp06,2,3,1.0,0.2,40,5HU9,7.14,False,201,-9.95,7.01,0.49,1044,2410,718.323,ok
47d61683781a3671bead51f8f8e84eb9,sp06,2,3,1.0,0.2,40,5HU9,7.38,False,201,-28.27,4.98,0.35,1048,2448,706.903,ok
57f8d9f325a6ba6d6f33f1306c042866,sp06,2,3,1.0,0.2,40,5HU9,6.67,False,NA,NA,NA,NA,0,NA,NA,topo_fail
5aeaf69cbe372b3d35c6e0ef066dc05b,sp06,2,3,1.0,0.2,40,5HU9,6.67,False,201,-25.13,2.21,0.16,1044,2304,751.179,ok
6625c7dedbb9078036a34c78f2ad4182,sp06,2,3,1.0,0.2,40,5HU9,7.38,False,201,-33.31,4.11,0.29,1038,2285,757.354,ok
6fe2e1378b320a53571e4688376156bc,sp06,2,3,1.0,0.2,40,5HU9,7.96,True,NA,NA,NA,NA,0,NA,NA,topo_fail
83426a9786b17364e36e1efe6db37be6,sp06,2,3,1.0,0.2,40,5HU9,6.88,False,201,-29.90,10.60,0.75,1037,2298,753.392,ok
8b7977f1eab9ea4074744154d19bfa8d,sp06,2,3,1.0,0.2,40,5HU9,7.07,False,201,-22.68,7.42,0.52,1051,2342,739.001,ok
8f625b232d5b3f24ef0fccc5663f85b7,sp06,2,3,1.0,0.2,40,5HU9,6.39,False,201,-22.17,2.83,0.20,1048,2364,732.096,ok
9c39d3ac13c2b5c81959b897757d862d,sp06,2,3,1.0,0.2,40,5HU9,9.7,True,201,-25.00,5.71,0.40,1034,2320,746.515,ok
a9feaf2e38ac31b8f513a09f91500ce9,sp06,2,3,1.0,0.2,40,5HU9,6.38,False,201,-29.75,2.73,0.19,1036,2271,762.140,ok
b97da2a131609768b2ffb5b85b870db2,sp06,2,3,1.0,0.2,40,5HU9,6.44,False,201,-26.20,3.98,0.28,1047,2318,746.571,ok
b9b9bfeefa0e6a15732b8a6efe510a7f,sp06,2,3,1.0,0.2,40,5HU9,7.28,False,201,-23.77,15.76,1.11,1032,2297,753.803,ok
bc27b2dd2f1cfe96f171984d54609c4e,sp06,2,3,1.0,0.2,40,5HU9,6.36,True,201,-23.95,4.55,0.32,1045,2303,751.562,ok
cee48dd72369c4e1f48b01651c970791,sp06,2,3,1.0,0.2,40,5HU9,7.38,False,201,-17.78,2.98,0.21,1039,2328,743.294,ok
d4f996968bb63065cac387c064aaed66,sp06,2,3,1.0,0.2,40,5HU9,7.38,True,NA,NA,NA,NA,0,NA,NA,topo_fail
d53bf0815e07a7eed23cd2bbc64997ea,sp06,2,3,1.0,0.2,40,5HU9,7.38,False,NA,NA,NA,NA,0,NA,NA,topo_fail
e111d883881d5735e54ce398821e189a,sp06,2,3,1.0,0.2,40,5HU9,6.62,False,201,-19.01,6.24,0.44,1023,2320,746.076,ok
e705cc4eb668b2bbc015283bc2b78b89,sp06,2,3,1.0,0.2,40,5HU9,7.57,True,201,-35.45,2.26,0.16,1030,2361,732.996,ok
ee504f886574b282ca630cb14509614b,sp06,2,3,1.0,0.2,40,5HU9,7.8,True,NA,NA,NA,NA,0,NA,NA,topo_fail
04e69510b344ad3e65a21130b7429d06,sp06,2,3,1.0,0.2,40,8ELC,8.8,True,NA,NA,NA,NA,0,NA,NA,pull_fail
1468bf8fe44d2660d4245111ed256bb3,sp06,2,3,1.0,0.2,40,8ELC,4.5,False,201,-12.37,3.88,0.27,1673,2831,610.944,ok
14e61945a20724d1818139fef8823538,sp06,2,3,1.0,0.2,40,8ELC,6.6,True,201,-28.33,3.02,0.21,1692,2934,589.738,ok
1c58151c5cca3757a0dafb204cf925ad,sp06,2,3,1.0,0.2,40,8ELC,8.2,True,201,-57.52,3.88,0.27,1694,2875,601.931,ok
22449a0ea60f206a1700d752b8923709,sp06,2,3,1.0,0.2,40,8ELC,6.2,True,201,-56.22,2.23,0.16,1697,2891,598.573,ok
3701efaa518b8864dbdbd2befc3c3bad,sp06,2,3,1.0,0.2,40,8ELC,5.4,False,201,-45.66,3.71,0.26,1666,2958,584.988,ok
3b35ddb2b8a33d05d6b5870a9da6c712,sp06,2,3,1.0,0.2,40,8ELC,7.9,True,201,-19.81,9.56,0.67,1687,2757,627.630,ok
3f4c270aff052556802e3ea59a80940f,sp06,2,3,1.0,0.2,40,8ELC,5.1,False,201,-27.33,1.69,0.12,1676,2709,638.661,ok
48a1e72551999e470167671de99c60b0,sp06,2,3,1.0,0.2,40,8ELC,5.4,False,201,-41.49,2.26,0.16,1685,2955,585.248,ok
4ec28cb2a7a8589319f3a418eb12f1fd,sp06,2,3,1.0,0.2,40,8ELC,4.2,False,201,-23.69,1.79,0.13,1686,2832,610.792,ok
519f148d49ef68ce3782c8eab23fa39e,sp06,2,3,1.0,0.2,40,8ELC,8.4,True,201,-42.58,2.60,0.18,1686,2845,608.056,ok
6e359d9430a2de705d89d808ead7c331,sp06,2,3,1.0,0.2,40,8ELC,5.4,False,201,-40.10,4.07,0.29,1680,2758,627.503,ok
6f6836389edc435ef5de6a0ca5c25474,sp06,2,3,1.0,0.2,40,8ELC,7.1,True,NA,NA,NA,NA,0,NA,NA,topo_fail
70ccfc52bf05ee3830737995c6d93f9c,sp06,2,3,1.0,0.2,40,8ELC,4.5,False,NA,NA,NA,NA,0,NA,NA,topo_fail
73ee76fa0a7cddc97ed2eb037810cd66,sp06,2,3,1.0,0.2,40,8ELC,4.7,False,201,-33.29,2.03,0.14,1679,2831,611.153,ok
8334c32de8facb541aeda11ba000b299,sp06,2,3,1.0,0.2,40,8ELC,4.4,False,NA,NA,NA,NA,0,NA,NA,topo_fail
8dcaa68c20948305aa767048b2da4ec2,sp06,2,3,1.0,0.2,40,8ELC,5.4,False,201,-31.18,2.76,0.19,1690,2803,617.149,ok
9c898bacf201efb96fbd136bddcadbcd,sp06,2,3,1.0,0.2,40,8ELC,4.1,False,201,-27.90,2.26,0.16,1674,2856,605.717,ok
a2698e5db085c1959923b7b6eca55067,sp06,2,3,1.0,0.2,40,8ELC,8.0,True,201,-40.22,3.57,0.25,1692,2829,611.638,ok
b336313e484c9484749cc0714b940ff4,sp06,2,3,1.0,0.2,40,8ELC,5.4,False,201,-38.25,2.26,0.16,1680,2953,585.867,ok
b4b28e7bbe6caf601c6f1d9f426e6b74,sp06,2,3,1.0,0.2,40,8ELC,4.3,False,201,-27.23,1.96,0.14,1675,2868,603.019,ok
bc9b7c54eb864a288d845c2e1a4018a9,sp06,2,3,1.0,0.2,40,8ELC,5.4,False,201,-49.91,4.08,0.29,1681,2749,629.383,ok
c52270f78e77bf608aafaa68736e6b18,sp06,2,3,1.0,0.2,40,8ELC,4.1,False,NA,NA,NA,NA,0,NA,NA,topo_fail
ccb9fbbe8dccd3e51806073eb486a17c,sp06,2,3,1.0,0.2,40,8ELC,4.3,False,NA,NA,NA,NA,0,NA,NA,topo_fail
ceb2b49097d65c6344d7760b76a49be7,sp06,2,3,1.0,0.2,40,8ELC,4.5,False,201,-16.90,7.75,0.55,1666,2811,615.413,ok
db2ffa37256932f6732629ec5f2a035f,sp06,2,3,1.0,0.2,40,8ELC,4.0,False,201,-30.47,2.54,0.18,1684,2929,590.506,ok
ee389516e27a1853ac625548d8ca9482,sp06,2,3,1.0,0.2,40,8ELC,6.0,True,NA,NA,NA,NA,0,NA,NA,topo_fail
eff71722c9c04f7e61a0cf427b3c6019,sp06,2,3,1.0,0.2,40,8ELC,4.3,False,201,-39.66,2.67,0.19,1634,2762,626.342,ok
f444bf4b2a5712cdb76e326e74202030,sp06,2,3,1.0,0.2,40,8ELC,8.2,True,201,-38.96,3.50,0.25,1618,2786,621.179,ok
fae572d9925f12e9cf58d65f8235a662,sp06,2,3,1.0,0.2,40,8ELC,5.4,False,201,-58.36,3.34,0.24,1626,2817,614.160,ok
03f5731ad72b97ea2fd1ec352fe5dde0,sp06,2,3,1.0,0.2,40,9D9I,6.59,False,201,-54.30,2.53,0.18,629,1977,875.480,ok
0a8bd2b181a818ac245c132acb3ffd18,sp06,2,3,1.0,0.2,40,9D9I,4.82,False,201,-42.81,3.28,0.23,624,1971,877.856,ok
0ba0e185398f759ca91fbd5fa3f0803a,sp06,2,3,1.0,0.2,40,9D9I,8.05,True,201,-59.77,2.68,0.19,625,1961,882.918,ok
0f35616c28aaaf8c39fd2467e3d2cebd,sp06,2,3,1.0,0.2,40,9D9I,5.21,False,201,-37.42,2.66,0.19,626,1946,889.557,ok
1a263985d22c81f9d3e9eb46e23d21ab,sp06,2,3,1.0,0.2,40,9D9I,4.88,False,201,-47.75,2.42,0.17,632,2043,847.296,ok
1bf5ed1e98a047c67826a7fd54dcf64f,sp06,2,3,1.0,0.2,40,9D9I,7.52,True,201,-54.26,2.96,0.21,629,1971,878.453,ok
1f270ea65cd761a78a0ed8ab4ee8fec0,sp06,2,3,1.0,0.2,40,9D9I,5.46,False,201,-46.54,2.37,0.17,649,1933,895.827,ok
266bbb49e60781aca4002ea95c99c033,sp06,2,3,1.0,0.2,40,9D9I,5.08,False,201,-37.39,2.46,0.17,639,1996,867.198,ok
282b4e352d38ef07443209435439bcea,sp06,2,3,1.0,0.2,40,9D9I,9.0,True,201,-57.42,2.79,0.20,633,1966,881.107,ok
295199ed8a4621a340b6b79b4024bec4,sp06,2,3,1.0,0.2,40,9D9I,4.78,False,201,-35.13,2.21,0.16,640,1911,905.507,ok
2b0f0d7f8914675eaf8e2f5aee81598d,sp06,2,3,1.0,0.2,40,9D9I,6.48,False,201,-47.62,2.45,0.17,636,1960,883.164,ok
395f47b77b5f161c28c20393b39e9076,sp06,2,3,1.0,0.2,40,9D9I,5.51,False,201,-45.48,2.70,0.19,624,1942,891.468,ok
59573ee97914f33c9708de5aa2e356b5,sp06,2,3,1.0,0.2,40,9D9I,4.49,False,201,-35.64,2.28,0.16,626,2128,813.293,ok
5b6d2943bab2409bd0928714d9016311,sp06,2,3,1.0,0.2,40,9D9I,7.06,False,201,-56.27,3.14,0.22,628,1955,885.955,ok
5e2a23cb4d697cfdd0e84f4a2481d982,sp06,2,3,1.0,0.2,40,9D9I,6.75,True,201,-44.72,3.18,0.22,631,1920,901.207,ok
69ea6e3ad23ea569f4bbfa0263cb5bdc,sp06,2,3,1.0,0.2,40,9D9I,7.06,False,201,-46.80,2.65,0.19,633,1991,869.468,ok
7f401a529b655f4a54438d8f5d6f0225,sp06,2,3,1.0,0.2,40,9D9I,6.16,True,201,-40.68,2.43,0.17,629,1933,895.297,ok
909628c1d41006cf8bdc95b988228e4f,sp06,2,3,1.0,0.2,40,9D9I,4.54,False,201,-34.25,2.38,0.17,624,2122,815.811,ok
ace45146c6a78c8039ff1fcd87b39fda,sp06,2,3,1.0,0.2,40,9D9I,5.62,False,201,-43.11,3.78,0.27,626,1919,902.098,ok
b6465c8ac0ed173d3faf7c401e0c4924,sp06,2,3,1.0,0.2,40,9D9I,7.25,True,NA,NA,NA,NA,0,NA,NA,topo_fail
b8ac149673f7c3cd33b88439965cd67f,sp06,2,3,1.0,0.2,40,9D9I,7.47,True,NA,NA,NA,NA,0,NA,NA,topo_fail
b935f060fc633ecb59aac069eeb99d71,sp06,2,3,1.0,0.2,40,9D9I,4.64,False,201,-33.53,2.50,0.18,629,1908,907.912,ok
ca3e30b78b8b15c1aa76fed50341d715,sp06,2,3,1.0,0.2,40,9D9I,7.09,True,NA,NA,NA,NA,0,NA,NA,topo_fail
d4a029e120a4109e548f939835fea733,sp06,2,3,1.0,0.2,40,9D9I,7.92,True,NA,NA,NA,NA,0,NA,NA,topo_fail
d8a2b383fc51f79cc2469b166af9122c,sp06,2,3,1.0,0.2,40,9D9I,6.9,False,201,-43.12,2.83,0.20,636,1939,892.284,ok
de1492a39ee5b6346482dc83a1060a60,sp06,2,3,1.0,0.2,40,9D9I,5.58,False,201,-47.25,2.39,0.17,620,1996,867.142,ok
e13195a3669e20a1cb71ccb752460291,sp06,2,3,1.0,0.2,40,9D9I,6.18,False,201,-52.29,2.95,0.21,631,1988,870.400,ok
e5ec85f1b96ce3d4ca5d747969350f0f,sp06,2,3,1.0,0.2,40,9D9I,5.68,False,201,-46.98,2.50,0.18,628,1957,884.503,ok
f3bf65b5c175c4eb9a32b952ec009daa,sp06,2,3,1.0,0.2,40,9D9I,4.63,False,201,-34.89,2.62,0.19,596,1972,877.769,ok
fa95727eed889db7226aa52d7509284a,sp06,2,3,1.0,0.2,40,9D9I,8.3,True,201,-42.58,2.35,0.17,610,1985,871.616,ok
01bd41af226d7f8d1e5fdb361b0b562d,sp06,2,3,1.0,0.2,40,9SI4,5.13,False,201,-13.98,6.21,0.44,666,1916,903.190,ok
047b4e5133e0d4a8a3c4c2b9f29f5ee1,sp06,2,3,1.0,0.2,40,9SI4,4.46,False,201,-19.84,1.55,0.11,613,1897,912.625,ok
0b8c97a20e0da60b11a122b27f6c8b62,sp06,2,3,1.0,0.2,40,9SI4,4.89,False,201,-25.36,5.21,0.37,616,1890,915.832,ok
196b38c7ef93d3d9da6c8ba5fbe7cc36,sp06,2,3,1.0,0.2,40,9SI4,5.19,False,201,-19.53,5.13,0.36,638,1899,911.645,ok
238dd65aac42b2b34162c0b51a84d1db,sp06,2,3,1.0,0.2,40,9SI4,4.01,False,201,-16.58,2.11,0.15,633,1910,905.993,ok
253860e6145c4fd6dd9cbc288515e367,sp06,2,3,1.0,0.2,40,9SI4,9.64,True,201,-10.57,6.52,0.46,637,2089,828.310,ok
359e38e810d725751e2260e2b3006df9,sp06,2,3,1.0,0.2,40,9SI4,4.84,False,201,-22.03,1.62,0.11,630,1829,946.157,ok
4be7a12b601883e91811eeb2e0c4ed4b,sp06,2,3,1.0,0.2,40,9SI4,5.14,False,201,-22.19,1.68,0.12,632,1999,865.891,ok
543c819ac4256fe5b41298770a798122,sp06,2,3,1.0,0.2,40,9SI4,7.15,True,NA,NA,NA,NA,0,NA,NA,topo_fail
5d9bbfbd38feae26823caf531a5db1a6,sp06,2,3,1.0,0.2,40,9SI4,8.0,True,201,-15.86,1.84,0.13,632,2116,817.737,ok
62064a9f6b5d461a4c097abbc9bffe7a,sp06,2,3,1.0,0.2,40,9SI4,10.37,True,201,-23.27,2.44,0.17,634,2176,795.422,ok
6564af0e70be4d43388870363762e68c,sp06,2,3,1.0,0.2,40,9SI4,7.96,True,201,-18.85,3.75,0.26,635,2093,826.832,ok
65fcca610b91676d473a89c0858c6ffc,sp06,2,3,1.0,0.2,40,9SI4,5.1,False,201,-13.11,3.36,0.24,632,1872,924.682,ok
69da907af4c1f2f8307d027d4ab80d72,sp06,2,3,1.0,0.2,40,9SI4,5.02,False,201,-26.12,1.94,0.14,632,2096,825.693,ok
737df570b627d06e92101677b4e3da21,sp06,2,3,1.0,0.2,40,9SI4,4.26,False,NA,NA,NA,NA,0,NA,NA,topo_fail
9962e35d818f378081860dfde6088db5,sp06,2,3,1.0,0.2,40,9SI4,5.26,False,201,-15.56,4.79,0.34,635,1907,907.928,ok
9e7607ef3d929c5fd46ea0dc7f23f535,sp06,2,3,1.0,0.2,40,9SI4,4.73,False,201,-28.65,2.53,0.18,634,1974,876.789,ok
9fdebd3e36d16344b05f496394363d9c,sp06,2,3,1.0,0.2,40,9SI4,4.96,False,201,-27.70,2.87,0.20,633,1875,922.866,ok
a5b2fb04b878e9fff4b764e79cf06db2,sp06,2,3,1.0,0.2,40,9SI4,4.19,False,201,-28.69,2.83,0.20,631,1883,919.495,ok
bb0523a55a6136f05a592d05fd8ff8de,sp06,2,3,1.0,0.2,40,9SI4,8.57,True,201,-23.11,2.87,0.20,632,2068,837.136,ok
d005b3d8ed6ab71e5ebd50c1b26a2ffb,sp06,2,3,1.0,0.2,40,9SI4,6.0,True,201,-24.55,2.72,0.19,630,1925,899.298,ok
d1324bec8ed2f7c4caac7dd5ac774f98,sp06,2,3,1.0,0.2,40,9SI4,8.19,True,201,-21.62,2.42,0.17,630,2062,839.439,ok
d9a52d46c0ccf0c1913e0eebbacfc330,sp06,2,3,1.0,0.2,40,9SI4,5.32,False,201,-12.92,5.05,0.36,632,1914,903.969,ok
dbc5bdf0c84f89a682be5ac536c00bd2,sp06,2,3,1.0,0.2,40,9SI4,5.12,False,201,-8.69,4.51,0.32,628,1948,888.469,ok
de91618eee657d877d0668058bd50ff6,sp06,2,3,1.0,0.2,40,9SI4,5.05,False,201,-10.56,4.82,0.34,628,1924,899.343,ok
e8397fcd2197e27d094058bc02fbba6a,sp06,2,3,1.0,0.2,40,9SI4,4.5,False,201,-48.30,2.11,0.15,634,1901,910.612,ok
eb1eb691e1c65761a234212818817153,sp06,2,3,1.0,0.2,40,9SI4,5.09,False,201,-24.01,3.10,0.22,631,1859,931.449,ok
f93dfb8ee56b2a98182d0adc1030c114,sp06,2,3,1.0,0.2,40,9SI4,6.35,True,201,-27.95,4.76,0.34,609,1887,917.507,ok
fc4ddc57541f29488f09921d9b36bc97,sp06,2,3,1.0,0.2,40,9SI4,5.16,False,201,-25.67,5.40,0.38,609,1892,914.597,ok
ffdbd2aa8cc03f78eb6b433fe1a74c09,sp06,2,3,1.0,0.2,40,9SI4,6.75,True,201,-27.35,4.78,0.34,610,1938,893.303,ok
0220b4986165db73cd9f0775b82b7838,sp07,2,3,1.1,0.0,20,2XU3,7.3,False,201,-39.45,2.41,0.17,608,1879,921.124,ok
13e1da8f0e67c08c5ef1cb0ebded75a5,sp07,2,3,1.1,0.0,20,2XU3,7.1,False,201,-12.76,3.91,0.28,625,1913,904.543,ok
187b2fb9351c5f10d65f710e85056c31,sp07,2,3,1.1,0.0,20,2XU3,8.3,True,201,-33.68,2.37,0.17,640,1929,897.219,ok
20ffceabec2b95cc0b401b1d1e504f6b,sp07,2,3,1.1,0.0,20,2XU3,8.3,True,201,-41.38,2.75,0.19,643,1957,884.267,ok
2cb6e34fab1ee523b2a48790b68ad465,sp07,2,3,1.1,0.0,20,2XU3,6.6,False,201,-37.71,2.51,0.18,633,1981,873.746,ok
335dd6fbc3377cdcf2401cfc6056bc9c,sp07,2,3,1.1,0.0,20,2XU3,7.4,True,NA,NA,NA,NA,0,NA,NA,pull_fail
37eaa144facb029500f427e04d484481,sp07,2,3,1.1,0.0,20,2XU3,8.0,True,201,-36.75,2.35,0.17,600,1954,885.808,ok
39cbab9e91b4af7ae5b0eed4a14b90f9,sp07,2,3,1.1,0.0,20,2XU3,6.3,True,201,-32.97,2.75,0.19,596,1916,903.277,ok
4232bcfa9c606f52c8067ff9e22fe8af,sp07,2,3,1.1,0.0,20,2XU3,7.5,False,201,-39.63,2.61,0.18,600,2010,860.967,ok
424689a2bad294c9a4d19ed5924324de,sp07,2,3,1.1,0.0,20,2XU3,6.0,False,201,-33.77,2.46,0.17,600,1970,878.392,ok
6ef67d129dcb37a0be630ca24c321f02,sp07,2,3,1.1,0.0,20,2XU3,7.3,False,201,-29.83,3.19,0.22,599,1913,904.616,ok
7969946fa4a7d73df90d5fadcdef4b59,sp07,2,3,1.1,0.0,20,2XU3,6.9,False,201,-37.82,2.70,0.19,600,1900,911.096,ok
88de53427c78a4f8890a2b946385d70b,sp07,2,3,1.1,0.0,20,2XU3,5.5,False,201,-21.33,3.51,0.25,598,1941,891.866,ok
98cf559a50ee84d38e7648c91b0c564d,sp07,2,3,1.1,0.0,20,2XU3,6.0,True,201,-29.24,2.85,0.20,599,1959,883.438,ok
99c9a8dee8fadf56676d8f90e6848e58,sp07,2,3,1.1,0.0,20,2XU3,6.3,False,201,-27.25,3.33,0.23,596,1866,927.629,ok
9c772b2f96c879dc662e5f137990844f,sp07,2,3,1.1,0.0,20,2XU3,7.9,True,201,-23.58,4.77,0.34,602,1939,892.713,ok
a1409d89193dd0a7a4a54efb7c4b0b88,sp07,2,3,1.1,0.0,20,2XU3,7.6,False,201,-36.63,2.28,0.16,601,1966,880.295,ok
a864b4e510a4a9f05aa2438e3cebd634,sp07,2,3,1.1,0.0,20,2XU3,6.0,False,201,-33.70,2.22,0.16,598,1914,904.428,ok
ad3886476184578f75d5af9504b7aca7,sp07,2,3,1.1,0.0,20,2XU3,6.6,False,201,-31.94,3.81,0.27,598,1993,868.561,ok
c42e22237c07702a044507738b0805b2,sp07,2,3,1.1,0.0,20,2XU3,5.9,False,201,-29.45,2.05,0.14,597,1925,899.142,ok
c5cf1f886c6849f8233c8b282a929680,sp07,2,3,1.1,0.0,20,2XU3,5.4,False,201,-22.85,3.08,0.22,598,1928,897.600,ok
c842104ea7034c335c96f16efde3aff4,sp07,2,3,1.1,0.0,20,2XU3,5.8,False,NA,NA,NA,NA,0,NA,NA,topo_fail
cb20abd70e0ece3d85e1338101d4bd72,sp07,2,3,1.1,0.0,20,2XU3,6.2,False,201,-24.47,4.62,0.33,623,1999,865.811,ok
d60363c0fec1c05a155d848f9a232a3e,sp07,2,3,1.1,0.0,20,2XU3,6.2,False,201,-20.60,7.19,0.51,601,1938,893.155,ok
def33b1b26713c8ce7794e1cee2141c6,sp07,2,3,1.1,0.0,20,2XU3,8.9,True,201,-37.37,5.14,0.36,601,1947,889.002,ok
e93a4d36831e1c123940b06eb94b7e74,sp07,2,3,1.1,0.0,20,2XU3,5.0,False,201,-19.87,4.21,0.30,599,1967,880.027,ok
f885f085c98c18670a7ddbe3c7a763da,sp07,2,3,1.1,0.0,20,2XU3,9.9,True,201,-25.49,5.19,0.37,602,1944,889.976,ok
fd5ba50d24141a833001dc12a320fc8f,sp07,2,3,1.1,0.0,20,2XU3,6.9,True,201,-35.36,2.66,0.19,600,1936,894.203,ok
ff8edf23e1c4463cdc767531d804cef1,sp07,2,3,1.1,0.0,20,2XU3,5.6,False,201,-33.65,2.33,0.16,598,1909,906.632,ok
fffe47a81a0ad8b0cd7beae03f34b077,sp07,2,3,1.1,0.0,20,2XU3,7.2,False,201,-11.75,4.40,0.31,598,1927,898.011,ok
0708a8656ea2024a7a2f0e1407f518a7,sp07,2,3,1.1,0.0,20,3I06,5.425,False,201,-35.01,2.60,0.18,547,1843,939.525,ok
0790157ee26dfb0fea3a1ce3db026f75,sp07,2,3,1.1,0.0,20,3I06,6.5,False,201,-31.04,2.04,0.14,546,1865,928.199,ok
37f9f904b3a0eaee2c624e4559ebe52f,sp07,2,3,1.1,0.0,20,3I06,5.4,False,201,-32.51,3.86,0.27,547,1851,935.145,ok
3c117a293542d626d77f570da38bd5f1,sp07,2,3,1.1,0.0,20,3I06,6.43,False,201,-26.66,2.17,0.15,546,1831,945.506,ok
3f6e40d3068fb0fd99bfa763ed0ca2bb,sp07,2,3,1.1,0.0,20,3I06,7.3,True,201,-16.84,4.25,0.30,542,1829,946.665,ok
4438f9709f9cecfb7ddd62b05fff9f8d,sp07,2,3,1.1,0.0,20,3I06,6.78,False,201,-25.73,2.49,0.18,544,1838,942.062,ok
47a8000e16980306005511b953a06ecf,sp07,2,3,1.1,0.0,20,3I06,6.77,False,201,-25.55,2.65,0.19,544,1894,913.692,ok
4a67881e46b87364ec2e0ec7cbbf0bec,sp07,2,3,1.1,0.0,20,3I06,7.1,False,201,-28.89,4.39,0.31,543,1870,925.768,ok
5d418a86059c42695f5856b68e7a7118,sp07,2,3,1.1,0.0,20,3I06,7.41,True,201,-23.54,3.67,0.26,542,1825,948.623,ok
642b2e0e340ac4d3adcf66589e7fd012,sp07,2,3,1.1,0.0,20,3I06,8.4,True,201,-28.19,3.62,0.26,542,1838,941.920,ok
7024d698ad06da1b887b5df50f7728d3,sp07,2,3,1.1,0.0,20,3I06,6.965,False,NA,NA,NA,NA,0,NA,NA,topo_fail
752f05c1f66a8f4b3b1789ec136a4c33,sp07,2,3,1.1,0.0,20,3I06,5.4,False,201,-10.38,6.02,0.42,542,1865,928.338,ok
77b75df8109925be76df5616a3e1c899,sp07,2,3,1.1,0.0,20,3I06,5.744999999999999,False,201,-24.11,2.87,0.20,545,1835,943.740,ok
8aec869639fd159e3c91d77b4fcc4e79,sp07,2,3,1.1,0.0,20,3I06,5.73,False,201,-13.13,5.13,0.36,542,1835,943.514,ok
922db9175a15e6a2d34d02717b0de6ab,sp07,2,3,1.1,0.0,20,3I06,7.2,False,201,-25.48,5.35,0.38,544,1820,951.180,ok
9dff198666f179b8a182da3e203eae73,sp07,2,3,1.1,0.0,20,3I06,5.39,False,201,-30.08,4.35,0.31,544,1862,929.445,ok
b19d1a70ff3d2abd6986665d47eff086,sp07,2,3,1.1,0.0,20,3I06,7.3,True,201,-16.65,2.35,0.17,542,1887,917.437,ok
b60c297c7199140f1f38ac6909b5bf24,sp07,2,3,1.1,0.0,20,3I06,8.8,True,NA,NA,NA,NA,0,NA,NA,topo_fail
b85a22ec0aa0dc6afd4221dc2f0bb482,sp07,2,3,1.1,0.0,20,3I06,6.6,True,201,-25.41,6.32,0.45,546,1873,924.246,ok
ba808f52df2ffa29ea7a2a6a9cd5f0b8,sp07,2,3,1.1,0.0,20,3I06,5.775,False,201,-23.57,4.15,0.29,546,1862,930.306,ok
c2f2ee45493f8ae40c2fd957499cc3f6,sp07,2,3,1.1,0.0,20,3I06,6.4,True,NA,NA,NA,NA,0,NA,NA,topo_fail
cabddb27a77b57b277eb28c407a26d3f,sp07,2,3,1.1,0.0,20,3I06,5.6,False,NA,NA,NA,NA,0,NA,NA,topo_fail
d03b3614f1c49ff6b9fbf5832ee9770f,sp07,2,3,1.1,0.0,20,3I06,6.85,False,201,-15.43,4.69,0.33,544,1877,922.256,ok
e32bacbac8502d337dc3d54d78b564a2,sp07,2,3,1.1,0.0,20,3I06,6.85,False,201,-30.93,2.48,0.17,544,1831,945.685,ok
e40809a6930ce378fdcb37d1b644e2d6,sp07,2,3,1.1,0.0,20,3I06,5.815,False,201,-24.80,2.93,0.21,546,1835,943.390,ok
e49cfa366cc64bab8e1edf37b372cbf6,sp07,2,3,1.1,0.0,20,3I06,7.26,True,201,-20.53,5.44,0.38,547,1787,969.202,ok
ea7f0fb058ae9dd251ae33c9d872926b,sp07,2,3,1.1,0.0,20,3I06,4.52,False,201,-17.28,4.66,0.33,548,1875,923.126,ok
f1a057393d7efd3f562b774490f9dfd1,sp07,2,3,1.1,0.0,20,3I06,6.44,False,201,-25.77,2.90,0.20,542,1851,935.274,ok
fa4de5e62b4e32e8b3d71088211803e0,sp07,2,3,1.1,0.0,20,3I06,7.4,True,201,-28.94,3.16,0.22,546,1860,930.756,ok
ff032b5793a25a8e4f9611a34a394671,sp07,2,3,1.1,0.0,20,3I06,6.9,True,201,-22.31,3.41,0.24,548,1834,944.264,ok
26daa23c738cb8c7dababa4ee2a1c4fb,sp07,2,3,1.1,0.0,20,4A5S,5.88,False,NA,NA,NA,NA,0,NA,NA,pull_fail
308f2419f5e0ca7b6d39aac23a7de2ff,sp07,2,3,1.1,0.0,20,4A5S,6.06,True,201,-18.27,4.37,0.31,6092,4839,357.436,ok
40cb8b0c3343c02f5a6c40f02757e920,sp07,2,3,1.1,0.0,20,4A5S,7.68,True,201,-20.14,5.50,0.39,5829,4793,360.834,ok
5266e860e65e5fc94b8ebfcb7843c31f,sp07,2,3,1.1,0.0,20,4A5S,7.31,True,NA,NA,NA,NA,0,NA,NA,topo_fail
57bff1b2673d3c8b9006213161935522,sp07,2,3,1.1,0.0,20,4A5S,5.79,False,201,-20.33,3.71,0.26,5817,5363,322.488,ok
6c4846b6eaf17057657b89d9f3678cfc,sp07,2,3,1.1,0.0,20,4A5S,7.92,False,201,-33.67,3.42,0.24,5839,4833,357.986,ok
6efdc9276471f46eacd8dbafd71ddfd6,sp07,2,3,1.1,0.0,20,4A5S,6.84,True,NA,NA,NA,NA,0,NA,NA,topo_fail
7a1bbdb9f1f8528edd767025c45e5cc8,sp07,2,3,1.1,0.0,20,4A5S,8.05,False,201,-24.88,5.15,0.36,5829,4801,360.283,ok
819a7f7be372131a469fbed045c9eb33,sp07,2,3,1.1,0.0,20,4A5S,7.52,False,201,-31.97,2.14,0.15,6022,4786,361.428,ok
96e384ca0fb900959cf2205b9121fb47,sp07,2,3,1.1,0.0,20,4A5S,8.0,True,NA,NA,NA,NA,0,NA,NA,topo_fail
abcebd7334a50be9b204a4899d5d8881,sp07,2,3,1.1,0.0,20,4A5S,9.14,True,201,-33.47,3.93,0.28,5869,4959,348.838,ok
ac0197ee4a02894e2611e255e0125503,sp07,2,3,1.1,0.0,20,4A5S,8.08,False,201,-10.70,6.07,0.43,5820,4991,346.584,ok
b2bcac7a4f0262268b1a6d2db8d7eb5a,sp07,2,3,1.1,0.0,20,4A5S,7.96,True,NA,NA,NA,NA,0,NA,NA,topo_fail
b4d6bf83422567e92f6475f4f9bd6ec8,sp07,2,3,1.1,0.0,20,4A5S,8.05,False,NA,NA,NA,NA,0,NA,NA,topo_fail
ba32a5ca5c7e6e2db41283cf2f90660d,sp07,2,3,1.1,0.0,20,4A5S,5.54,False,201,-30.97,4.56,0.32,5865,4899,353.082,ok
bd1567927f497abd4e18605be0e5f9dc,sp07,2,3,1.1,0.0,20,4A5S,6.14,False,NA,NA,NA,NA,0,NA,NA,topo_fail
c6780a0007686453a29186d9ec94b23f,sp07,2,3,1.1,0.0,20,4A5S,7.36,False,201,-21.23,3.72,0.26,5911,4981,347.355,ok
c82e0b161bf77b819bbafff08f9a082e,sp07,2,3,1.1,0.0,20,4A5S,8.14,False,NA,NA,NA,NA,0,NA,NA,topo_fail
c8dee15f6cbcf595a6900314ad342f99,sp07,2,3,1.1,0.0,20,4A5S,7.27,False,NA,NA,NA,NA,0,NA,NA,topo_fail
c94a26f4dff73a180f04c48dad017723,sp07,2,3,1.1,0.0,20,4A5S,7.7,False,NA,NA,NA,NA,0,NA,NA,topo_fail
ca1e569ab7c7bc83c949f9e20ed78453,sp07,2,3,1.1,0.0,20,4A5S,9.32,True,NA,NA,NA,NA,0,NA,NA,topo_fail
cfe4d9b13bebf025bdbd30504f03c83a,sp07,2,3,1.1,0.0,20,4A5S,7.48,False,201,-17.41,5.52,0.39,5849,4780,361.832,ok
d15af9a4462ff88f2cfafbc6cc94912e,sp07,2,3,1.1,0.0,20,4A5S,5.89,False,NA,NA,NA,NA,0,NA,NA,topo_fail
d1a961f69c709d74aaec2945249f508c,sp07,2,3,1.1,0.0,20,4A5S,6.5,False,NA,NA,NA,NA,0,NA,NA,topo_fail
de36f12fbdb6f099ba5ac3231fe389e0,sp07,2,3,1.1,0.0,20,4A5S,8.36,True,201,-28.23,3.16,0.22,5839,4824,358.690,ok
ea054fd43eb193b0b6268f917ed60185,sp07,2,3,1.1,0.0,20,4A5S,6.12,False,201,-18.22,4.09,0.29,5857,4840,357.335,ok
fbf450a68aa0a625ec13f6c762944a3b,sp07,2,3,1.1,0.0,20,4A5S,7.82,False,201,-42.53,4.16,0.29,5846,4771,362.556,ok
03d2d012db8145e06c35d7e016c645dc,sp07,2,3,1.1,0.0,20,4L7G,8.36,True,201,-25.26,2.52,0.18,1772,2842,608.713,ok
055e1e9c95b2378efd3fc90b82948709,sp07,2,3,1.1,0.0,20,4L7G,5.33,False,201,-41.52,2.68,0.19,1770,2925,591.686,ok
0677f513ac408d66c189e10e0ee4d76f,sp07,2,3,1.1,0.0,20,4L7G,5.29,False,201,-21.45,4.64,0.33,1786,2952,586.086,ok
078844c7f38624b3996505d0f98526ca,sp07,2,3,1.1,0.0,20,4L7G,8.01,True,201,-38.86,2.84,0.20,1784,2820,613.404,ok
0a826045d720c0a795bd1979a728e35c,sp07,2,3,1.1,0.0,20,4L7G,5.3,False,201,-32.98,2.83,0.20,1778,2941,588.459,ok
166e854e6f7609934b769fb3b19101c0,sp07,2,3,1.1,0.0,20,4L7G,9.22,True,201,-33.43,2.59,0.18,1856,2877,601.430,ok
3116f4c5342bf41e08cd23593057d9ac,sp07,2,3,1.1,0.0,20,4L7G,5.15,False,NA,NA,NA,NA,0,NA,NA,pull_fail
39f4f10d914c61149f1719bf477dd932,sp07,2,3,1.1,0.0,20,4L7G,5.27,False,201,-42.14,3.00,0.21,1772,3003,575.923,ok
3a87c373b8ee3ee690e68ccce89857a3,sp07,2,3,1.1,0.0,20,4L7G,6.0,True,201,-32.85,3.72,0.26,1777,2827,612.386,ok
52d2e2cddbd6c2ca52b2a6692a1be706,sp07,2,3,1.1,0.0,20,4L7G,5.14,False,201,-26.09,5.60,0.40,1779,2888,599.259,ok
6ed539a8e565bc920be9f146e577ce98,sp07,2,3,1.1,0.0,20,4L7G,5.18,False,201,-26.29,2.13,0.15,1777,2890,598.743,ok
71d81c144a98e11bef7a990464b30910,sp07,2,3,1.1,0.0,20,4L7G,5.31,False,201,-41.96,2.06,0.15,1785,2941,588.384,ok
7f8c5f877cc7df732365ed9f3035e71a,sp07,2,3,1.1,0.0,20,4L7G,8.2,True,201,-15.37,2.53,0.18,1772,2904,595.799,ok
824df1fae448411a738d6987cd933d7b,sp07,2,3,1.1,0.0,20,4L7G,8.52,True,201,-30.47,3.08,0.22,1776,2952,586.166,ok
9510387a41d9428f814f1e8a487e626d,sp07,2,3,1.1,0.0,20,4L7G,7.0,True,NA,NA,NA,NA,0,NA,NA,topo_fail
ab32da1f7ea48da050cb3f074c41b42f,sp07,2,3,1.1,0.0,20,4L7G,5.21,False,201,-31.93,2.26,0.16,1770,2849,607.313,ok
b1a7ee597e9d75bd95fcad2e74c8ab83,sp07,2,3,1.1,0.0,20,4L7G,6.54,True,201,-39.89,2.62,0.18,1778,2899,596.891,ok
b7649d4e54db2998f4f380ff5b78484d,sp07,2,3,1.1,0.0,20,4L7G,5.22,False,201,-32.62,2.78,0.20,1772,2868,603.217,ok
c3abed8fe47c90e2af144bafbdc1da21,sp07,2,3,1.1,0.0,20,4L7G,5.14,False,201,-27.24,2.56,0.18,1788,2950,586.523,ok
c3e6f0472fa7320f5e210e26cfc4ecec,sp07,2,3,1.1,0.0,20,4L7G,5.33,False,201,-33.28,1.91,0.13,1764,2936,589.433,ok
c5b72985a64d484d55f5162f79464155,sp07,2,3,1.1,0.0,20,4L7G,5.28,False,201,-27.62,2.28,0.16,1777,3048,567.552,ok
c83d057a219e5a25a09f354503a70d4d,sp07,2,3,1.1,0.0,20,4L7G,5.33,False,NA,NA,NA,NA,0,NA,NA,topo_fail
cf4a8047b69fbbe4ae6525a51c3063a1,sp07,2,3,1.1,0.0,20,4L7G,5.1,False,201,-40.22,3.42,0.24,1786,2941,588.487,ok
d1d524dd925a24438ecd2d014b089d87,sp07,2,3,1.1,0.0,20,4L7G,5.32,False,NA,NA,NA,NA,0,NA,NA,topo_fail
e123cf065380d0b0c8f3053e9ba7be61,sp07,2,3,1.1,0.0,20,4L7G,5.3,False,201,-41.41,2.74,0.19,1787,2928,590.838,ok
e3b605e5b9101a4f3fa1aae790d69360,sp07,2,3,1.1,0.0,20,4L7G,5.05,False,201,-42.25,3.46,0.24,1798,2922,592.430,ok
e8db4af0c7a34ddcd59bd43979c83a63,sp07,2,3,1.1,0.0,20,4L7G,7.96,True,201,-32.06,2.96,0.21,1782,3082,561.140,ok
ec4ccad83d01498f18eec3728419c3aa,sp07,2,3,1.1,0.0,20,4L7G,5.21,False,201,-34.02,1.99,0.14,1768,2862,604.288,ok
ee2e7b45aae1b85d5c18aad16d03d855,sp07,2,3,1.1,0.0,20,4L7G,7.45,True,201,-19.48,3.65,0.26,1777,2915,593.547,ok
f5b52bef73821d9cc3d674e42de6608f,sp07,2,3,1.1,0.0,20,4L7G,5.07,False,201,-12.73,3.57,0.25,1783,2987,579.438,ok
04d89e15e651861ca58bbec52b719c49,sp07,2,3,1.1,0.0,20,4QB3,6.33,False,201,-39.07,2.71,0.19,273,1589,1090.099,ok
0b4fbf7130a60ebdf348cd8d14c36b77,sp07,2,3,1.1,0.0,20,4QB3,7.515,True,201,-36.93,3.89,0.27,280,1633,1060.529,ok
15044c0c9f83bb877f5ea28fece53a3d,sp07,2,3,1.1,0.0,20,4QB3,6.38,False,201,-42.55,4.13,0.29,270,1579,1096.956,ok
2b0132dda46dfc13890fc97f3e161079,sp07,2,3,1.1,0.0,20,4QB3,6.295,False,201,-26.19,3.95,0.28,291,1524,1137.188,ok
3dd7fe0b27b084a92f8091446da1a66e,sp07,2,3,1.1,0.0,20,4QB3,5.68,False,201,-35.32,5.13,0.36,269,1491,1161.632,ok
492b610efd391e76c199bfed5b16cf2a,sp07,2,3,1.1,0.0,20,4QB3,5.51,False,201,-33.76,3.88,0.27,270,1631,1062.952,ok
594685ab2c2c7dfb758c69d0a9bc2a8d,sp07,2,3,1.1,0.0,20,4QB3,6.33,False,201,-42.90,2.31,0.16,269,1606,1079.550,ok
605f40bd8c866d6adb1d6f2bec42c9b3,sp07,2,3,1.1,0.0,20,4QB3,8.004999999999999,True,201,-32.94,3.14,0.22,269,1623,1067.961,ok
65316367b1c7ba80511f9cb5fb2fd2a4,sp07,2,3,1.1,0.0,20,4QB3,8.25,True,201,-40.11,3.10,0.22,269,1617,1070.897,ok
6b43e44fb3ada6de6c351a68d32eaa65,sp07,2,3,1.1,0.0,20,4QB3,8.74,True,201,-31.74,3.20,0.23,269,1538,1126.202,ok
6f8f3139923f55cc6cf8ceaccedb3aa4,sp07,2,3,1.1,0.0,20,4QB3,5.91,False,NA,NA,NA,NA,0,NA,NA,topo_fail
71610ced88f2d058ad64b79635b26b20,sp07,2,3,1.1,0.0,20,4QB3,5.74,False,201,-32.88,6.87,0.48,269,1635,1059.511,ok
749b421329101fb34bf4c33daa32ff2e,sp07,2,3,1.1,0.0,20,4QB3,5.555,False,201,-15.18,4.62,0.33,269,1531,1132.050,ok
79ff013c97a88f8bec1adfae42218746,sp07,2,3,1.1,0.0,20,4QB3,6.115,False,201,-44.21,3.10,0.22,269,1503,1152.396,ok
8016222bad11f4d65a8f6f4e49b5cd67,sp07,2,3,1.1,0.0,20,4QB3,6.074999999999999,False,201,-40.69,3.74,0.26,270,1562,1109.220,ok
8072d1cd9b9a836cbeec520610c1f9bd,sp07,2,3,1.1,0.0,20,4QB3,5.67,False,201,-26.95,3.15,0.22,274,1563,1108.928,ok
80b0fe984d15b87a9da0bed91ab28b29,sp07,2,3,1.1,0.0,20,4QB3,7.77,True,201,-44.10,2.79,0.20,275,1557,1112.549,ok
8a909432391c80b5414f2aed6279b942,sp07,2,3,1.1,0.0,20,4QB3,7.01,True,201,-41.72,2.29,0.16,269,1524,1137.361,ok
971c944ef6916e2840b6d63b8f00425e,sp07,2,3,1.1,0.0,20,4QB3,5.625,False,201,-32.92,3.12,0.22,282,1578,1098.284,ok
aa4ab13cb4df4d90f08700b97350a57b,sp07,2,3,1.1,0.0,20,4QB3,6.055,True,201,-33.85,3.34,0.24,279,1609,1077.164,ok
ac6254a319053d53d01f6c8c06bc783d,sp07,2,3,1.1,0.0,20,4QB3,6.415,False,201,-46.65,2.88,0.20,269,1565,1107.482,ok
b2d145c83fe363359f846985aa11d3ba,sp07,2,3,1.1,0.0,20,4QB3,5.965,False,NA,NA,NA,NA,0,NA,NA,topo_fail
bf34923dc4f956fa0c26fb0a54550049,sp07,2,3,1.1,0.0,20,4QB3,5.28,False,NA,NA,NA,NA,0,NA,NA,topo_fail
cc7b6263adb98dd621cdb08fde955a6f,sp07,2,3,1.1,0.0,20,4QB3,9.505,True,201,-44.02,3.00,0.21,271,1550,1117.769,ok
ce9a796b1b540bd01171a965543d5ed4,sp07,2,3,1.1,0.0,20,4QB3,7.99,True,201,-34.50,3.16,0.22,268,1594,1087.023,ok
d14a66e8dd811490ccafaf75afa970de,sp07,2,3,1.1,0.0,20,4QB3,6.35,False,201,-29.85,2.22,0.16,268,1579,1096.614,ok
e157f064686d18428292a95c75eebffe,sp07,2,3,1.1,0.0,20,4QB3,8.495000000000001,True,201,-33.60,3.85,0.27,300,1577,1098.771,ok
eb86c0e119d2fe75487a399c76724176,sp07,2,3,1.1,0.0,20,4QB3,6.0600000000000005,False,201,-33.21,2.96,0.21,270,1531,1131.476,ok
ec69e1666eb0eb27ed19cf2994bc675f,sp07,2,3,1.1,0.0,20,4QB3,5.845,False,201,-28.55,3.18,0.22,305,1610,1075.745,ok
fa512f9f244e78009694ff207c157f04,sp07,2,3,1.1,0.0,20,4QB3,5.975,False,201,-41.31,3.18,0.22,271,1520,1141.146,ok
066409425aa3969efdeb577c7443fbbd,sp07,2,3,1.1,0.0,20,5HU9,7.38,False,201,-40.03,3.91,0.28,996,2400,721.557,ok
0d441b18656df0b6da1659391eb123e7,sp07,2,3,1.1,0.0,20,5HU9,7.38,False,201,-22.73,4.34,0.31,1045,2334,741.574,ok
11575d57d06531080c7c3f1703538086,sp07,2,3,1.1,0.0,20,5HU9,8.0,True,201,-24.28,15.11,1.07,1051,2245,770.822,ok
12004f3f2e7c95e0f8ddf8877cb7684c,sp07,2,3,1.1,0.0,20,5HU9,7.24,False,201,-33.48,2.81,0.20,992,2370,730.871,ok
1dd183338ac9d0d5904e89f4aca06e34,sp07,2,3,1.1,0.0,20,5HU9,6.86,False,201,-35.96,2.05,0.14,1005,2279,759.743,ok
2be277119d6eae84726b1921013ba77e,sp07,2,3,1.1,0.0,20,5HU9,7.38,False,201,-26.28,2.03,0.14,1065,2280,759.591,ok
302044e4781ac510fc30f16377e71d45,sp07,2,3,1.1,0.0,20,5HU9,10.73,True,201,-23.05,3.38,0.24,1053,2311,748.818,ok
353af6c9cfe7ecb0019d13eaa7b46eaf,sp07,2,3,1.1,0.0,20,5HU9,7.3,False,201,-31.92,2.91,0.21,1014,2357,734.890,ok
3d395f6de7723b7b1aeebfb375bb1c5d,sp07,2,3,1.1,0.0,20,5HU9,8.7,True,201,-39.28,2.78,0.20,1003,2292,755.104,ok
3fa0c6c3d51d517940f2d737b2a070f2,sp07,2,3,1.1,0.0,20,5HU9,9.15,True,201,-35.41,3.50,0.25,1013,2301,752.222,ok
427745a99482f89e2af213daac24f2c4,sp07,2,3,1.1,0.0,20,5HU9,7.14,False,201,-22.34,7.13,0.50,1005,2351,736.638,ok
47d61683781a3671bead51f8f8e84eb9,sp07,2,3,1.1,0.0,20,5HU9,7.38,False,201,-26.75,3.37,0.24,1009,2323,745.116,ok
57f8d9f325a6ba6d6f33f1306c042866,sp07,2,3,1.1,0.0,20,5HU9,6.67,False,201,-33.34,2.13,0.15,1002,2265,764.245,ok
5aeaf69cbe372b3d35c6e0ef066dc05b,sp07,2,3,1.1,0.0,20,5HU9,6.67,False,201,-25.53,2.25,0.16,1003,2243,771.378,ok
6625c7dedbb9078036a34c78f2ad4182,sp07,2,3,1.1,0.0,20,5HU9,7.38,False,201,-33.44,3.22,0.23,1001,2351,736.357,ok
6fe2e1378b320a53571e4688376156bc,sp07,2,3,1.1,0.0,20,5HU9,7.96,True,NA,NA,NA,NA,0,NA,NA,topo_fail
83426a9786b17364e36e1efe6db37be6,sp07,2,3,1.1,0.0,20,5HU9,6.88,False,201,-21.51,13.55,0.96,1002,2355,735.378,ok
8b7977f1eab9ea4074744154d19bfa8d,sp07,2,3,1.1,0.0,20,5HU9,7.07,False,201,-29.26,4.64,0.33,1008,2296,754.186,ok
8f625b232d5b3f24ef0fccc5663f85b7,sp07,2,3,1.1,0.0,20,5HU9,6.39,False,201,-24.61,2.61,0.18,1004,2293,755.201,ok
9c39d3ac13c2b5c81959b897757d862d,sp07,2,3,1.1,0.0,20,5HU9,9.7,True,201,-26.96,4.96,0.35,992,2282,758.306,ok
a9feaf2e38ac31b8f513a09f91500ce9,sp07,2,3,1.1,0.0,20,5HU9,6.38,False,201,-31.45,2.72,0.19,1002,2267,763.701,ok
b97da2a131609768b2ffb5b85b870db2,sp07,2,3,1.1,0.0,20,5HU9,6.44,False,201,-20.92,8.04,0.57,1015,2293,755.267,ok
b9b9bfeefa0e6a15732b8a6efe510a7f,sp07,2,3,1.1,0.0,20,5HU9,7.28,False,201,-28.37,11.08,0.78,999,2248,770.510,ok
bc27b2dd2f1cfe96f171984d54609c4e,sp07,2,3,1.1,0.0,20,5HU9,6.36,True,201,-31.42,2.44,0.17,1005,2270,762.447,ok
cee48dd72369c4e1f48b01651c970791,sp07,2,3,1.1,0.0,20,5HU9,7.38,False,201,-17.52,5.64,0.40,1006,2310,749.324,ok
d4f996968bb63065cac387c064aaed66,sp07,2,3,1.1,0.0,20,5HU9,7.38,True,201,-24.59,3.56,0.25,1006,2314,748.246,ok
d53bf0815e07a7eed23cd2bbc64997ea,sp07,2,3,1.1,0.0,20,5HU9,7.38,False,201,-35.87,3.60,0.25,989,2272,761.885,ok
e111d883881d5735e54ce398821e189a,sp07,2,3,1.1,0.0,20,5HU9,6.62,False,201,-20.58,9.33,0.66,992,2365,732.336,ok
e705cc4eb668b2bbc015283bc2b78b89,sp07,2,3,1.1,0.0,20,5HU9,7.57,True,201,-34.65,2.21,0.16,992,2336,741.236,ok
ee504f886574b282ca630cb14509614b,sp07,2,3,1.1,0.0,20,5HU9,7.8,True,201,-16.13,5.61,0.40,1013,2304,751.231,ok
04e69510b344ad3e65a21130b7429d06,sp07,2,3,1.1,0.0,20,8ELC,8.8,True,201,-40.38,2.98,0.21,1609,2849,607.298,ok
1468bf8fe44d2660d4245111ed256bb3,sp07,2,3,1.1,0.0,20,8ELC,4.5,False,201,-20.07,4.53,0.32,1691,2885,599.760,ok
14e61945a20724d1818139fef8823538,sp07,2,3,1.1,0.0,20,8ELC,6.6,True,201,-32.08,2.80,0.20,1627,2804,617.542,ok
1c58151c5cca3757a0dafb204cf925ad,sp07,2,3,1.1,0.0,20,8ELC,8.2,True,201,-53.53,2.84,0.20,1703,2921,592.679,ok
22449a0ea60f206a1700d752b8923709,sp07,2,3,1.1,0.0,20,8ELC,6.2,True,201,-56.80,2.51,0.18,1711,2903,596.122,ok
3701efaa518b8864dbdbd2befc3c3bad,sp07,2,3,1.1,0.0,20,8ELC,5.4,False,201,-43.75,2.80,0.20,1635,2887,599.323,ok
3b35ddb2b8a33d05d6b5870a9da6c712,sp07,2,3,1.1,0.0,20,8ELC,7.9,True,201,-30.23,4.01,0.28,1622,2807,616.572,ok
3f4c270aff052556802e3ea59a80940f,sp07,2,3,1.1,0.0,20,8ELC,5.1,False,201,-27.61,1.56,0.11,1618,2790,620.011,ok
48a1e72551999e470167671de99c60b0,sp07,2,3,1.1,0.0,20,8ELC,5.4,False,201,-42.05,2.26,0.16,1620,2797,618.363,ok
4ec28cb2a7a8589319f3a418eb12f1fd,sp07,2,3,1.1,0.0,20,8ELC,4.2,False,201,-23.45,1.87,0.13,1648,2780,622.276,ok
519f148d49ef68ce3782c8eab23fa39e,sp07,2,3,1.1,0.0,20,8ELC,8.4,True,201,-39.93,2.56,0.18,1622,2770,624.702,ok
6e359d9430a2de705d89d808ead7c331,sp07,2,3,1.1,0.0,20,8ELC,5.4,False,201,-39.88,3.06,0.22,1611,2845,608.252,ok
6f6836389edc435ef5de6a0ca5c25474,sp07,2,3,1.1,0.0,20,8ELC,7.1,True,NA,NA,NA,NA,0,NA,NA,topo_fail
70ccfc52bf05ee3830737995c6d93f9c,sp07,2,3,1.1,0.0,20,8ELC,4.5,False,201,-32.30,1.68,0.12,1631,2838,609.540,ok
73ee76fa0a7cddc97ed2eb037810cd66,sp07,2,3,1.1,0.0,20,8ELC,4.7,False,201,-33.29,1.78,0.13,1613,2895,597.442,ok
8334c32de8facb541aeda11ba000b299,sp07,2,3,1.1,0.0,20,8ELC,4.4,False,201,-34.93,2.00,0.14,1618,2828,611.728,ok
8dcaa68c20948305aa767048b2da4ec2,sp07,2,3,1.1,0.0,20,8ELC,5.4,False,201,-34.97,3.21,0.23,1626,2839,609.473,ok
9c898bacf201efb96fbd136bddcadbcd,sp07,2,3,1.1,0.0,20,8ELC,4.1,False,201,-29.07,1.89,0.13,1617,2893,598.003,ok
a2698e5db085c1959923b7b6eca55067,sp07,2,3,1.1,0.0,20,8ELC,8.0,True,201,-42.75,4.62,0.33,1622,2793,619.582,ok
b336313e484c9484749cc0714b940ff4,sp07,2,3,1.1,0.0,20,8ELC,5.4,False,NA,NA,NA,NA,0,NA,NA,topo_fail
b4b28e7bbe6caf601c6f1d9f426e6b74,sp07,2,3,1.1,0.0,20,8ELC,4.3,False,NA,NA,NA,NA,0,NA,NA,topo_fail
bc9b7c54eb864a288d845c2e1a4018a9,sp07,2,3,1.1,0.0,20,8ELC,5.4,False,201,-55.68,2.92,0.21,1626,2757,627.595,ok
c52270f78e77bf608aafaa68736e6b18,sp07,2,3,1.1,0.0,20,8ELC,4.1,False,201,-8.54,2.87,0.20,1614,2838,609.838,ok
ccb9fbbe8dccd3e51806073eb486a17c,sp07,2,3,1.1,0.0,20,8ELC,4.3,False,201,-34.87,1.86,0.13,1627,2792,619.773,ok
ceb2b49097d65c6344d7760b76a49be7,sp07,2,3,1.1,0.0,20,8ELC,4.5,False,201,-22.43,2.57,0.18,1610,2817,614.289,ok
db2ffa37256932f6732629ec5f2a035f,sp07,2,3,1.1,0.0,20,8ELC,4.0,False,201,-30.94,2.37,0.17,1630,2898,596.859,ok
ee389516e27a1853ac625548d8ca9482,sp07,2,3,1.1,0.0,20,8ELC,6.0,True,201,-47.79,3.56,0.25,1630,2858,605.878,ok
eff71722c9c04f7e61a0cf427b3c6019,sp07,2,3,1.1,0.0,20,8ELC,4.3,False,201,-39.29,2.33,0.16,1622,2847,607.948,ok
f444bf4b2a5712cdb76e326e74202030,sp07,2,3,1.1,0.0,20,8ELC,8.2,True,201,-39.12,3.26,0.23,1622,2868,603.346,ok
fae572d9925f12e9cf58d65f8235a662,sp07,2,3,1.1,0.0,20,8ELC,5.4,False,201,-58.46,2.94,0.21,1635,2777,623.480,ok
03f5731ad72b97ea2fd1ec352fe5dde0,sp07,2,3,1.1,0.0,20,9D9I,6.59,False,201,-54.42,2.50,0.18,618,1953,886.718,ok
0a8bd2b181a818ac245c132acb3ffd18,sp07,2,3,1.1,0.0,20,9D9I,4.82,False,201,-41.58,3.18,0.22,596,1984,872.384,ok
0ba0e185398f759ca91fbd5fa3f0803a,sp07,2,3,1.1,0.0,20,9D9I,8.05,True,201,-59.53,2.78,0.20,637,1909,906.932,ok
0f35616c28aaaf8c39fd2467e3d2cebd,sp07,2,3,1.1,0.0,20,9D9I,5.21,False,201,-38.77,2.64,0.19,629,1950,887.453,ok
1a263985d22c81f9d3e9eb46e23d21ab,sp07,2,3,1.1,0.0,20,9D9I,4.88,False,201,-49.26,2.85,0.20,641,1973,877.516,ok
1bf5ed1e98a047c67826a7fd54dcf64f,sp07,2,3,1.1,0.0,20,9D9I,7.52,True,201,-56.94,2.70,0.19,629,1919,902.019,ok
1f270ea65cd761a78a0ed8ab4ee8fec0,sp07,2,3,1.1,0.0,20,9D9I,5.46,False,201,-48.45,2.09,0.15,645,1915,904.020,ok
266bbb49e60781aca4002ea95c99c033,sp07,2,3,1.1,0.0,20,9D9I,5.08,False,201,-40.22,2.65,0.19,642,1991,869.242,ok
282b4e352d38ef07443209435439bcea,sp07,2,3,1.1,0.0,20,9D9I,9.0,True,201,-55.97,2.72,0.19,637,1995,867.995,ok
295199ed8a4621a340b6b79b4024bec4,sp07,2,3,1.1,0.0,20,9D9I,4.78,False,201,-37.35,2.85,0.20,629,1983,872.545,ok
2b0f0d7f8914675eaf8e2f5aee81598d,sp07,2,3,1.1,0.0,20,9D9I,6.48,False,201,-48.73,2.48,0.17,648,1963,881.903,ok
395f47b77b5f161c28c20393b39e9076,sp07,2,3,1.1,0.0,20,9D9I,5.51,False,201,-41.36,2.77,0.20,599,1973,877.339,ok
59573ee97914f33c9708de5aa2e356b5,sp07,2,3,1.1,0.0,20,9D9I,4.49,False,201,-36.13,1.99,0.14,600,1995,867.309,ok
5b6d2943bab2409bd0928714d9016311,sp07,2,3,1.1,0.0,20,9D9I,7.06,False,201,-57.13,2.90,0.20,607,1995,868.158,ok
5e2a23cb4d697cfdd0e84f4a2481d982,sp07,2,3,1.1,0.0,20,9D9I,6.75,True,201,-40.56,3.83,0.27,607,1932,896.110,ok
69ea6e3ad23ea569f4bbfa0263cb5bdc,sp07,2,3,1.1,0.0,20,9D9I,7.06,False,201,-49.47,2.78,0.20,622,1941,891.850,ok
7f401a529b655f4a54438d8f5d6f0225,sp07,2,3,1.1,0.0,20,9D9I,6.16,True,201,-43.19,2.83,0.20,605,1912,905.545,ok
909628c1d41006cf8bdc95b988228e4f,sp07,2,3,1.1,0.0,20,9D9I,4.54,False,201,-36.62,2.43,0.17,600,2052,843.521,ok
ace45146c6a78c8039ff1fcd87b39fda,sp07,2,3,1.1,0.0,20,9D9I,5.62,False,201,-44.99,2.60,0.18,603,1930,897.266,ok
b6465c8ac0ed173d3faf7c401e0c4924,sp07,2,3,1.1,0.0,20,9D9I,7.25,True,201,-47.33,4.15,0.29,608,1959,883.643,ok
b8ac149673f7c3cd33b88439965cd67f,sp07,2,3,1.1,0.0,20,9D9I,7.47,True,201,-61.22,4.10,0.29,606,1954,885.634,ok
b935f060fc633ecb59aac069eeb99d71,sp07,2,3,1.1,0.0,20,9D9I,4.64,False,201,-35.12,2.21,0.16,605,1963,881.547,ok
ca3e30b78b8b15c1aa76fed50341d715,sp07,2,3,1.1,0.0,20,9D9I,7.09,True,NA,NA,NA,NA,0,NA,NA,topo_fail
d4a029e120a4109e548f939835fea733,sp07,2,3,1.1,0.0,20,9D9I,7.92,True,201,-53.22,2.66,0.19,627,1912,905.493,ok
d8a2b383fc51f79cc2469b166af9122c,sp07,2,3,1.1,0.0,20,9D9I,6.9,False,201,-43.57,2.70,0.19,607,1964,881.351,ok
de1492a39ee5b6346482dc83a1060a60,sp07,2,3,1.1,0.0,20,9D9I,5.58,False,201,-48.82,2.28,0.16,603,2013,860.003,ok
e13195a3669e20a1cb71ccb752460291,sp07,2,3,1.1,0.0,20,9D9I,6.18,False,NA,NA,NA,NA,0,NA,NA,topo_fail
e5ec85f1b96ce3d4ca5d747969350f0f,sp07,2,3,1.1,0.0,20,9D9I,5.68,False,201,-47.71,2.47,0.17,602,1941,891.904,ok
f3bf65b5c175c4eb9a32b952ec009daa,sp07,2,3,1.1,0.0,20,9D9I,4.63,False,201,-36.37,2.34,0.17,601,1945,889.712,ok
fa95727eed889db7226aa52d7509284a,sp07,2,3,1.1,0.0,20,9D9I,8.3,True,201,-44.01,2.73,0.19,609,1933,895.677,ok
01bd41af226d7f8d1e5fdb361b0b562d,sp07,2,3,1.1,0.0,20,9SI4,5.13,False,201,-13.28,3.54,0.25,648,1864,928.900,ok
047b4e5133e0d4a8a3c4c2b9f29f5ee1,sp07,2,3,1.1,0.0,20,9SI4,4.46,False,201,-20.02,1.50,0.11,625,1929,897.057,ok
0b8c97a20e0da60b11a122b27f6c8b62,sp07,2,3,1.1,0.0,20,9SI4,4.89,False,201,-29.66,3.87,0.27,620,1924,899.797,ok
196b38c7ef93d3d9da6c8ba5fbe7cc36,sp07,2,3,1.1,0.0,20,9SI4,5.19,False,201,-20.71,3.12,0.22,645,1955,885.485,ok
238dd65aac42b2b34162c0b51a84d1db,sp07,2,3,1.1,0.0,20,9SI4,4.01,False,201,-13.50,4.05,0.29,632,1956,885.029,ok
253860e6145c4fd6dd9cbc288515e367,sp07,2,3,1.1,0.0,20,9SI4,9.64,True,201,-15.59,3.50,0.25,639,1935,894.509,ok
359e38e810d725751e2260e2b3006df9,sp07,2,3,1.1,0.0,20,9SI4,4.84,False,201,-21.74,1.71,0.12,633,1945,889.679,ok
4be7a12b601883e91811eeb2e0c4ed4b,sp07,2,3,1.1,0.0,20,9SI4,5.14,False,201,-23.23,1.59,0.11,606,1940,892.431,ok
543c819ac4256fe5b41298770a798122,sp07,2,3,1.1,0.0,20,9SI4,7.15,True,201,-30.86,2.08,0.15,611,1933,895.552,ok
5d9bbfbd38feae26823caf531a5db1a6,sp07,2,3,1.1,0.0,20,9SI4,8.0,True,201,-15.76,2.25,0.16,611,1895,913.518,ok
62064a9f6b5d461a4c097abbc9bffe7a,sp07,2,3,1.1,0.0,20,9SI4,10.37,True,201,-24.21,1.89,0.13,609,1962,882.343,ok
6564af0e70be4d43388870363762e68c,sp07,2,3,1.1,0.0,20,9SI4,7.96,True,201,-25.67,2.99,0.21,619,1861,930.545,ok
65fcca610b91676d473a89c0858c6ffc,sp07,2,3,1.1,0.0,20,9SI4,5.1,False,201,-14.52,1.74,0.12,607,1857,932.416,ok
69da907af4c1f2f8307d027d4ab80d72,sp07,2,3,1.1,0.0,20,9SI4,5.02,False,201,-25.99,1.88,0.13,607,1867,927.171,ok
737df570b627d06e92101677b4e3da21,sp07,2,3,1.1,0.0,20,9SI4,4.26,False,201,-25.09,2.97,0.21,609,2022,856.183,ok
9962e35d818f378081860dfde6088db5,sp07,2,3,1.1,0.0,20,9SI4,5.26,False,201,-17.27,8.43,0.59,610,1883,919.427,ok
9e7607ef3d929c5fd46ea0dc7f23f535,sp07,2,3,1.1,0.0,20,9SI4,4.73,False,201,-28.85,2.29,0.16,611,1847,937.551,ok
9fdebd3e36d16344b05f496394363d9c,sp07,2,3,1.1,0.0,20,9SI4,4.96,False,201,-28.46,1.91,0.14,608,1875,923.137,ok
a5b2fb04b878e9fff4b764e79cf06db2,sp07,2,3,1.1,0.0,20,9SI4,4.19,False,201,-28.75,2.73,0.19,608,1917,903.048,ok
bb0523a55a6136f05a592d05fd8ff8de,sp07,2,3,1.1,0.0,20,9SI4,8.57,True,201,-23.29,3.90,0.27,609,1937,893.782,ok
d005b3d8ed6ab71e5ebd50c1b26a2ffb,sp07,2,3,1.1,0.0,20,9SI4,6.0,True,201,-27.04,2.94,0.21,609,1912,905.467,ok
d1324bec8ed2f7c4caac7dd5ac774f98,sp07,2,3,1.1,0.0,20,9SI4,8.19,True,201,-17.91,3.06,0.22,607,1850,935.879,ok
d9a52d46c0ccf0c1913e0eebbacfc330,sp07,2,3,1.1,0.0,20,9SI4,5.32,False,201,-12.89,5.70,0.40,607,1919,902.148,ok
dbc5bdf0c84f89a682be5ac536c00bd2,sp07,2,3,1.1,0.0,20,9SI4,5.12,False,201,-15.43,5.96,0.42,606,1885,918.597,ok
de91618eee657d877d0668058bd50ff6,sp07,2,3,1.1,0.0,20,9SI4,5.05,False,201,-18.68,3.09,0.22,609,1906,908.105,ok
e8397fcd2197e27d094058bc02fbba6a,sp07,2,3,1.1,0.0,20,9SI4,4.5,False,201,-48.69,2.13,0.15,631,1933,895.608,ok
eb1eb691e1c65761a234212818817153,sp07,2,3,1.1,0.0,20,9SI4,5.09,False,201,-24.85,2.44,0.17,609,1945,889.763,ok
f93dfb8ee56b2a98182d0adc1030c114,sp07,2,3,1.1,0.0,20,9SI4,6.35,True,201,-20.48,3.79,0.27,613,1880,921.088,ok
fc4ddc57541f29488f09921d9b36bc97,sp07,2,3,1.1,0.0,20,9SI4,5.16,False,201,-23.41,4.57,0.32,612,1896,912.986,ok
ffdbd2aa8cc03f78eb6b433fe1a74c09,sp07,2,3,1.1,0.0,20,9SI4,6.75,True,201,-18.49,3.78,0.27,611,1921,901.660,ok
0220b4986165db73cd9f0775b82b7838,sp08,2,3,1.2,0.1,80,2XU3,7.3,False,201,-39.30,2.39,0.17,615,1931,896.292,ok
13e1da8f0e67c08c5ef1cb0ebded75a5,sp08,2,3,1.2,0.1,80,2XU3,7.1,False,201,-12.88,3.81,0.27,634,1932,895.946,ok
187b2fb9351c5f10d65f710e85056c31,sp08,2,3,1.2,0.1,80,2XU3,8.3,True,201,-31.52,3.74,0.26,631,1958,883.921,ok
20ffceabec2b95cc0b401b1d1e504f6b,sp08,2,3,1.2,0.1,80,2XU3,8.3,True,201,-40.99,1.91,0.13,637,2021,856.071,ok
2cb6e34fab1ee523b2a48790b68ad465,sp08,2,3,1.2,0.1,80,2XU3,6.6,False,201,-36.82,2.32,0.16,625,1971,877.879,ok
335dd6fbc3377cdcf2401cfc6056bc9c,sp08,2,3,1.2,0.1,80,2XU3,7.4,True,201,-17.29,5.00,0.35,600,1951,886.956,ok
37eaa144facb029500f427e04d484481,sp08,2,3,1.2,0.1,80,2XU3,8.0,True,201,-36.28,2.37,0.17,598,1940,892.191,ok
39cbab9e91b4af7ae5b0eed4a14b90f9,sp08,2,3,1.2,0.1,80,2XU3,6.3,True,NA,NA,NA,NA,0,NA,NA,topo_fail
4232bcfa9c606f52c8067ff9e22fe8af,sp08,2,3,1.2,0.1,80,2XU3,7.5,False,201,-39.15,2.49,0.18,602,2036,849.652,ok
424689a2bad294c9a4d19ed5924324de,sp08,2,3,1.2,0.1,80,2XU3,6.0,False,201,-33.01,2.80,0.20,596,1951,887.176,ok
6ef67d129dcb37a0be630ca24c321f02,sp08,2,3,1.2,0.1,80,2XU3,7.3,False,201,-29.59,2.75,0.19,601,1929,896.963,ok
7969946fa4a7d73df90d5fadcdef4b59,sp08,2,3,1.2,0.1,80,2XU3,6.9,False,201,-37.63,2.52,0.18,600,1971,877.807,ok
88de53427c78a4f8890a2b946385d70b,sp08,2,3,1.2,0.1,80,2XU3,5.5,False,201,-21.27,3.15,0.22,598,1965,880.636,ok
98cf559a50ee84d38e7648c91b0c564d,sp08,2,3,1.2,0.1,80,2XU3,6.0,True,201,-29.55,2.53,0.18,598,1928,897.783,ok
99c9a8dee8fadf56676d8f90e6848e58,sp08,2,3,1.2,0.1,80,2XU3,6.3,False,201,-31.01,3.25,0.23,599,1951,886.718,ok
9c772b2f96c879dc662e5f137990844f,sp08,2,3,1.2,0.1,80,2XU3,7.9,True,201,-20.45,3.20,0.23,602,1990,869.509,ok
a1409d89193dd0a7a4a54efb7c4b0b88,sp08,2,3,1.2,0.1,80,2XU3,7.6,False,201,-37.06,2.56,0.18,598,1947,888.744,ok
a864b4e510a4a9f05aa2438e3cebd634,sp08,2,3,1.2,0.1,80,2XU3,6.0,False,201,-34.31,2.58,0.18,598,1957,884.343,ok
ad3886476184578f75d5af9504b7aca7,sp08,2,3,1.2,0.1,80,2XU3,6.6,False,NA,NA,NA,NA,0,NA,NA,topo_fail
c42e22237c07702a044507738b0805b2,sp08,2,3,1.2,0.1,80,2XU3,5.9,False,201,-29.15,2.03,0.14,599,1925,898.851,ok
c5cf1f886c6849f8233c8b282a929680,sp08,2,3,1.2,0.1,80,2XU3,5.4,False,201,-22.57,3.16,0.22,595,1938,893.105,ok
c842104ea7034c335c96f16efde3aff4,sp08,2,3,1.2,0.1,80,2XU3,5.8,False,NA,NA,NA,NA,0,NA,NA,topo_fail
cb20abd70e0ece3d85e1338101d4bd72,sp08,2,3,1.2,0.1,80,2XU3,6.2,False,201,-22.79,3.63,0.26,602,1948,888.423,ok
d60363c0fec1c05a155d848f9a232a3e,sp08,2,3,1.2,0.1,80,2XU3,6.2,False,201,-28.45,2.17,0.15,600,2007,862.091,ok
def33b1b26713c8ce7794e1cee2141c6,sp08,2,3,1.2,0.1,80,2XU3,8.9,True,201,-41.08,4.02,0.28,636,1915,903.725,ok
e93a4d36831e1c123940b06eb94b7e74,sp08,2,3,1.2,0.1,80,2XU3,5.0,False,201,-21.42,4.26,0.30,600,1949,887.748,ok
f885f085c98c18670a7ddbe3c7a763da,sp08,2,3,1.2,0.1,80,2XU3,9.9,True,201,-29.39,4.82,0.34,602,1910,905.869,ok
fd5ba50d24141a833001dc12a320fc8f,sp08,2,3,1.2,0.1,80,2XU3,6.9,True,201,-35.58,2.62,0.18,603,1930,896.631,ok
ff8edf23e1c4463cdc767531d804cef1,sp08,2,3,1.2,0.1,80,2XU3,5.6,False,201,-34.00,2.06,0.15,600,1968,879.260,ok
fffe47a81a0ad8b0cd7beae03f34b077,sp08,2,3,1.2,0.1,80,2XU3,7.2,False,201,-20.14,8.33,0.59,600,1987,870.910,ok
0708a8656ea2024a7a2f0e1407f518a7,sp08,2,3,1.2,0.1,80,3I06,5.425,False,201,-34.41,2.53,0.18,544,1864,928.519,ok
0790157ee26dfb0fea3a1ce3db026f75,sp08,2,3,1.2,0.1,80,3I06,6.5,False,201,-29.78,2.80,0.20,544,1842,939.217,ok
37f9f904b3a0eaee2c624e4559ebe52f,sp08,2,3,1.2,0.1,80,3I06,5.4,False,201,-30.36,3.74,0.26,545,1879,921.068,ok
3c117a293542d626d77f570da38bd5f1,sp08,2,3,1.2,0.1,80,3I06,6.43,False,NA,NA,NA,NA,0,NA,NA,topo_fail
3f6e40d3068fb0fd99bfa763ed0ca2bb,sp08,2,3,1.2,0.1,80,3I06,7.3,True,201,-19.05,3.49,0.25,542,1817,953.287,ok
4438f9709f9cecfb7ddd62b05fff9f8d,sp08,2,3,1.2,0.1,80,3I06,6.78,False,201,-28.22,3.56,0.25,544,1812,955.498,ok
47a8000e16980306005511b953a06ecf,sp08,2,3,1.2,0.1,80,3I06,6.77,False,201,-25.98,2.67,0.19,542,1819,951.920,ok
4a67881e46b87364ec2e0ec7cbbf0bec,sp08,2,3,1.2,0.1,80,3I06,7.1,False,201,-32.11,2.76,0.19,544,1839,941.919,ok
5d418a86059c42695f5856b68e7a7118,sp08,2,3,1.2,0.1,80,3I06,7.41,True,NA,NA,NA,NA,0,NA,NA,topo_fail
642b2e0e340ac4d3adcf66589e7fd012,sp08,2,3,1.2,0.1,80,3I06,8.4,True,201,-26.39,5.19,0.37,544,1853,934.305,ok
7024d698ad06da1b887b5df50f7728d3,sp08,2,3,1.2,0.1,80,3I06,6.965,False,201,-32.01,4.91,0.35,546,1793,966.399,ok
752f05c1f66a8f4b3b1789ec136a4c33,sp08,2,3,1.2,0.1,80,3I06,5.4,False,201,-12.87,5.10,0.36,543,1852,934.589,ok
77b75df8109925be76df5616a3e1c899,sp08,2,3,1.2,0.1,80,3I06,5.744999999999999,False,201,-24.11,2.79,0.20,546,1891,915.140,ok
8aec869639fd159e3c91d77b4fcc4e79,sp08,2,3,1.2,0.1,80,3I06,5.73,False,201,-27.47,6.24,0.44,547,1829,946.322,ok
922db9175a15e6a2d34d02717b0de6ab,sp08,2,3,1.2,0.1,80,3I06,7.2,False,201,-20.45,4.02,0.28,547,1960,883.540,ok
9dff198666f179b8a182da3e203eae73,sp08,2,3,1.2,0.1,80,3I06,5.39,False,201,-27.74,2.96,0.21,545,1874,923.595,ok
b19d1a70ff3d2abd6986665d47eff086,sp08,2,3,1.2,0.1,80,3I06,7.3,True,NA,NA,NA,NA,0,NA,NA,topo_fail
b60c297c7199140f1f38ac6909b5bf24,sp08,2,3,1.2,0.1,80,3I06,8.8,True,201,-24.09,3.22,0.23,546,1860,930.645,ok
b85a22ec0aa0dc6afd4221dc2f0bb482,sp08,2,3,1.2,0.1,80,3I06,6.6,True,201,-26.89,4.79,0.34,545,1855,933.536,ok
ba808f52df2ffa29ea7a2a6a9cd5f0b8,sp08,2,3,1.2,0.1,80,3I06,5.775,False,NA,NA,NA,NA,0,NA,NA,topo_fail
c2f2ee45493f8ae40c2fd957499cc3f6,sp08,2,3,1.2,0.1,80,3I06,6.4,True,201,-30.16,4.92,0.35,547,1859,931.874,ok
cabddb27a77b57b277eb28c407a26d3f,sp08,2,3,1.2,0.1,80,3I06,5.6,False,201,-34.40,3.71,0.26,545,1869,926.022,ok
d03b3614f1c49ff6b9fbf5832ee9770f,sp08,2,3,1.2,0.1,80,3I06,6.85,False,NA,NA,NA,NA,0,NA,NA,topo_fail
e32bacbac8502d337dc3d54d78b564a2,sp08,2,3,1.2,0.1,80,3I06,6.85,False,201,-31.96,2.18,0.15,545,1835,943.934,ok
e40809a6930ce378fdcb37d1b644e2d6,sp08,2,3,1.2,0.1,80,3I06,5.815,False,201,-23.00,3.63,0.26,546,1792,965.837,ok
e49cfa366cc64bab8e1edf37b372cbf6,sp08,2,3,1.2,0.1,80,3I06,7.26,True,201,-12.73,6.17,0.44,546,1847,938.272,ok
ea7f0fb058ae9dd251ae33c9d872926b,sp08,2,3,1.2,0.1,80,3I06,4.52,False,201,-16.35,5.34,0.38,576,1864,928.753,ok
f1a057393d7efd3f562b774490f9dfd1,sp08,2,3,1.2,0.1,80,3I06,6.44,False,201,-23.86,5.45,0.38,544,1849,936.646,ok
fa4de5e62b4e32e8b3d71088211803e0,sp08,2,3,1.2,0.1,80,3I06,7.4,True,201,-27.24,2.78,0.20,560,1839,941.984,ok
ff032b5793a25a8e4f9611a34a394671,sp08,2,3,1.2,0.1,80,3I06,6.9,True,201,-27.17,4.26,0.30,548,1844,939.466,ok
26daa23c738cb8c7dababa4ee2a1c4fb,sp08,2,3,1.2,0.1,80,4A5S,5.88,False,201,-20.89,5.52,0.39,5864,4934,350.546,ok
308f2419f5e0ca7b6d39aac23a7de2ff,sp08,2,3,1.2,0.1,80,4A5S,6.06,True,201,-23.76,2.60,0.18,5851,4918,351.674,ok
40cb8b0c3343c02f5a6c40f02757e920,sp08,2,3,1.2,0.1,80,4A5S,7.68,True,201,-22.34,4.41,0.31,5818,4859,355.927,ok
5266e860e65e5fc94b8ebfcb7843c31f,sp08,2,3,1.2,0.1,80,4A5S,7.31,True,201,-32.28,2.92,0.21,5852,4874,354.824,ok
57bff1b2673d3c8b9006213161935522,sp08,2,3,1.2,0.1,80,4A5S,5.79,False,NA,NA,NA,NA,0,NA,NA,topo_fail
6c4846b6eaf17057657b89d9f3678cfc,sp08,2,3,1.2,0.1,80,4A5S,7.92,False,201,-33.99,2.54,0.18,5865,4880,354.367,ok
6efdc9276471f46eacd8dbafd71ddfd6,sp08,2,3,1.2,0.1,80,4A5S,6.84,True,NA,NA,NA,NA,0,NA,NA,topo_fail
7a1bbdb9f1f8528edd767025c45e5cc8,sp08,2,3,1.2,0.1,80,4A5S,8.05,False,201,-27.36,3.29,0.23,5862,4840,357.327,ok
819a7f7be372131a469fbed045c9eb33,sp08,2,3,1.2,0.1,80,4A5S,7.52,False,201,-32.48,2.61,0.18,5839,4860,355.834,ok
96e384ca0fb900959cf2205b9121fb47,sp08,2,3,1.2,0.1,80,4A5S,8.0,True,201,-32.10,4.49,0.32,5835,4854,356.315,ok
abcebd7334a50be9b204a4899d5d8881,sp08,2,3,1.2,0.1,80,4A5S,9.14,True,201,-33.07,4.32,0.30,5905,4790,361.043,ok
ac0197ee4a02894e2611e255e0125503,sp08,2,3,1.2,0.1,80,4A5S,8.08,False,201,-11.27,6.26,0.44,5827,4849,356.681,ok
b2bcac7a4f0262268b1a6d2db8d7eb5a,sp08,2,3,1.2,0.1,80,4A5S,7.96,True,NA,NA,NA,NA,0,NA,NA,topo_fail
b4d6bf83422567e92f6475f4f9bd6ec8,sp08,2,3,1.2,0.1,80,4A5S,8.05,False,201,-27.54,6.55,0.46,5877,4856,356.172,ok
ba32a5ca5c7e6e2db41283cf2f90660d,sp08,2,3,1.2,0.1,80,4A5S,5.54,False,NA,NA,NA,NA,0,NA,NA,topo_fail
bd1567927f497abd4e18605be0e5f9dc,sp08,2,3,1.2,0.1,80,4A5S,6.14,False,201,-24.58,3.52,0.25,5851,4783,361.659,ok
c6780a0007686453a29186d9ec94b23f,sp08,2,3,1.2,0.1,80,4A5S,7.36,False,NA,NA,NA,NA,0,NA,NA,topo_fail
c82e0b161bf77b819bbafff08f9a082e,sp08,2,3,1.2,0.1,80,4A5S,8.14,False,NA,NA,NA,NA,0,NA,NA,topo_fail
c8dee15f6cbcf595a6900314ad342f99,sp08,2,3,1.2,0.1,80,4A5S,7.27,False,NA,NA,NA,NA,0,NA,NA,topo_fail
c94a26f4dff73a180f04c48dad017723,sp08,2,3,1.2,0.1,80,4A5S,7.7,False,201,-18.71,6.32,0.45,5840,4850,356.602,ok
ca1e569ab7c7bc83c949f9e20ed78453,sp08,2,3,1.2,0.1,80,4A5S,9.32,True,201,-35.64,3.41,0.24,5861,4889,353.726,ok
cfe4d9b13bebf025bdbd30504f03c83a,sp08,2,3,1.2,0.1,80,4A5S,7.48,False,NA,NA,NA,NA,0,NA,NA,topo_fail
d15af9a4462ff88f2cfafbc6cc94912e,sp08,2,3,1.2,0.1,80,4A5S,5.89,False,201,-24.51,5.20,0.37,5882,4888,353.791,ok
d1a961f69c709d74aaec2945249f508c,sp08,2,3,1.2,0.1,80,4A5S,6.5,False,201,-22.41,2.97,0.21,5849,4806,359.954,ok
de36f12fbdb6f099ba5ac3231fe389e0,sp08,2,3,1.2,0.1,80,4A5S,8.36,True,NA,NA,NA,NA,0,NA,NA,topo_fail
ea054fd43eb193b0b6268f917ed60185,sp08,2,3,1.2,0.1,80,4A5S,6.12,False,NA,NA,NA,NA,0,NA,NA,topo_fail
fbf450a68aa0a625ec13f6c762944a3b,sp08,2,3,1.2,0.1,80,4A5S,7.82,False,201,-26.91,7.82,0.55,5853,4794,360.781,ok
03d2d012db8145e06c35d7e016c645dc,sp08,2,3,1.2,0.1,80,4L7G,8.36,True,201,-24.71,2.79,0.20,1788,2865,603.771,ok
055e1e9c95b2378efd3fc90b82948709,sp08,2,3,1.2,0.1,80,4L7G,5.33,False,201,-40.23,2.60,0.18,1771,2960,584.378,ok
0677f513ac408d66c189e10e0ee4d76f,sp08,2,3,1.2,0.1,80,4L7G,5.29,False,201,-24.14,2.88,0.20,1784,2978,580.865,ok
078844c7f38624b3996505d0f98526ca,sp08,2,3,1.2,0.1,80,4L7G,8.01,True,201,-37.05,3.29,0.23,1772,2856,605.809,ok
0a826045d720c0a795bd1979a728e35c,sp08,2,3,1.2,0.1,80,4L7G,5.3,False,201,-34.78,3.45,0.24,1779,2935,589.362,ok
166e854e6f7609934b769fb3b19101c0,sp08,2,3,1.2,0.1,80,4L7G,9.22,True,201,-32.42,2.31,0.16,1848,2834,610.609,ok
3116f4c5342bf41e08cd23593057d9ac,sp08,2,3,1.2,0.1,80,4L7G,5.15,False,201,-39.15,2.68,0.19,1858,3017,573.352,ok
39f4f10d914c61149f1719bf477dd932,sp08,2,3,1.2,0.1,80,4L7G,5.27,False,NA,NA,NA,NA,0,NA,NA,topo_fail
3a87c373b8ee3ee690e68ccce89857a3,sp08,2,3,1.2,0.1,80,4L7G,6.0,True,NA,NA,NA,NA,0,NA,NA,topo_fail
52d2e2cddbd6c2ca52b2a6692a1be706,sp08,2,3,1.2,0.1,80,4L7G,5.14,False,201,-34.01,2.56,0.18,1779,2869,603.030,ok
6ed539a8e565bc920be9f146e577ce98,sp08,2,3,1.2,0.1,80,4L7G,5.18,False,201,-26.53,2.13,0.15,1779,2800,618.062,ok
71d81c144a98e11bef7a990464b30910,sp08,2,3,1.2,0.1,80,4L7G,5.31,False,201,-41.43,2.29,0.16,1779,3008,574.970,ok
7f8c5f877cc7df732365ed9f3035e71a,sp08,2,3,1.2,0.1,80,4L7G,8.2,True,201,-16.80,4.07,0.29,1783,2899,596.895,ok
824df1fae448411a738d6987cd933d7b,sp08,2,3,1.2,0.1,80,4L7G,8.52,True,201,-25.01,6.48,0.46,1789,2960,584.462,ok
9510387a41d9428f814f1e8a487e626d,sp08,2,3,1.2,0.1,80,4L7G,7.0,True,201,-13.83,6.90,0.49,1776,2953,585.789,ok
ab32da1f7ea48da050cb3f074c41b42f,sp08,2,3,1.2,0.1,80,4L7G,5.21,False,201,-31.95,2.43,0.17,1783,2862,604.688,ok
b1a7ee597e9d75bd95fcad2e74c8ab83,sp08,2,3,1.2,0.1,80,4L7G,6.54,True,NA,NA,NA,NA,0,NA,NA,topo_fail
b7649d4e54db2998f4f380ff5b78484d,sp08,2,3,1.2,0.1,80,4L7G,5.22,False,201,-32.28,2.73,0.19,1783,2858,605.343,ok
c3abed8fe47c90e2af144bafbdc1da21,sp08,2,3,1.2,0.1,80,4L7G,5.14,False,201,-27.78,2.37,0.17,1786,2982,580.009,ok
c3e6f0472fa7320f5e210e26cfc4ecec,sp08,2,3,1.2,0.1,80,4L7G,5.33,False,201,-33.58,1.82,0.13,1773,2930,590.308,ok
c5b72985a64d484d55f5162f79464155,sp08,2,3,1.2,0.1,80,4L7G,5.28,False,201,-26.48,3.15,0.22,1777,2986,579.276,ok
c83d057a219e5a25a09f354503a70d4d,sp08,2,3,1.2,0.1,80,4L7G,5.33,False,NA,NA,NA,NA,0,NA,NA,topo_fail
cf4a8047b69fbbe4ae6525a51c3063a1,sp08,2,3,1.2,0.1,80,4L7G,5.1,False,NA,NA,NA,NA,0,NA,NA,topo_fail
d1d524dd925a24438ecd2d014b089d87,sp08,2,3,1.2,0.1,80,4L7G,5.32,False,201,-18.55,6.24,0.44,1771,2914,593.713,ok
e123cf065380d0b0c8f3053e9ba7be61,sp08,2,3,1.2,0.1,80,4L7G,5.3,False,201,-40.60,2.35,0.17,1779,2931,590.466,ok
e3b605e5b9101a4f3fa1aae790d69360,sp08,2,3,1.2,0.1,80,4L7G,5.05,False,201,-42.34,3.21,0.23,1803,2920,592.556,ok
e8db4af0c7a34ddcd59bd43979c83a63,sp08,2,3,1.2,0.1,80,4L7G,7.96,True,201,-34.24,2.75,0.19,1781,2918,592.961,ok
ec4ccad83d01498f18eec3728419c3aa,sp08,2,3,1.2,0.1,80,4L7G,5.21,False,201,-34.21,2.06,0.15,1769,2963,583.955,ok
ee2e7b45aae1b85d5c18aad16d03d855,sp08,2,3,1.2,0.1,80,4L7G,7.45,True,201,-13.27,6.06,0.43,1783,2864,604.001,ok
f5b52bef73821d9cc3d674e42de6608f,sp08,2,3,1.2,0.1,80,4L7G,5.07,False,201,-16.30,8.00,0.56,1783,2896,597.528,ok
04d89e15e651861ca58bbec52b719c49,sp08,2,3,1.2,0.1,80,4QB3,6.33,False,201,-29.18,2.81,0.20,269,1545,1121.415,ok
0b4fbf7130a60ebdf348cd8d14c36b77,sp08,2,3,1.2,0.1,80,4QB3,7.515,True,201,-34.33,3.56,0.25,269,1580,1095.897,ok
15044c0c9f83bb877f5ea28fece53a3d,sp08,2,3,1.2,0.1,80,4QB3,6.38,False,NA,NA,NA,NA,0,NA,NA,pull_fail
2b0132dda46dfc13890fc97f3e161079,sp08,2,3,1.2,0.1,80,4QB3,6.295,False,201,-26.40,4.19,0.30,282,1546,1120.068,ok
3dd7fe0b27b084a92f8091446da1a66e,sp08,2,3,1.2,0.1,80,4QB3,5.68,False,201,-36.73,4.43,0.31,268,1597,1084.647,ok
492b610efd391e76c199bfed5b16cf2a,sp08,2,3,1.2,0.1,80,4QB3,5.51,False,201,-35.67,2.97,0.21,270,1814,954.577,ok
594685ab2c2c7dfb758c69d0a9bc2a8d,sp08,2,3,1.2,0.1,80,4QB3,6.33,False,NA,NA,NA,NA,0,NA,NA,topo_fail
605f40bd8c866d6adb1d6f2bec42c9b3,sp08,2,3,1.2,0.1,80,4QB3,8.004999999999999,True,201,-31.79,3.24,0.23,309,1617,1071.043,ok
65316367b1c7ba80511f9cb5fb2fd2a4,sp08,2,3,1.2,0.1,80,4QB3,8.25,True,201,-37.56,8.65,0.61,270,1558,1111.337,ok
6b43e44fb3ada6de6c351a68d32eaa65,sp08,2,3,1.2,0.1,80,4QB3,8.74,True,201,-33.05,2.81,0.20,271,1611,1076.193,ok
6f8f3139923f55cc6cf8ceaccedb3aa4,sp08,2,3,1.2,0.1,80,4QB3,5.91,False,201,-43.73,3.42,0.24,272,1509,1147.280,ok
71610ced88f2d058ad64b79635b26b20,sp08,2,3,1.2,0.1,80,4QB3,5.74,False,201,-26.29,3.59,0.25,269,1550,1117.426,ok
749b421329101fb34bf4c33daa32ff2e,sp08,2,3,1.2,0.1,80,4QB3,5.555,False,201,-18.02,4.49,0.32,270,1836,943.006,ok
79ff013c97a88f8bec1adfae42218746,sp08,2,3,1.2,0.1,80,4QB3,6.115,False,201,-43.28,2.59,0.18,270,1576,1099.388,ok
8016222bad11f4d65a8f6f4e49b5cd67,sp08,2,3,1.2,0.1,80,4QB3,6.074999999999999,False,201,-40.11,3.06,0.22,271,1536,1127.317,ok
8072d1cd9b9a836cbeec520610c1f9bd,sp08,2,3,1.2,0.1,80,4QB3,5.67,False,201,-28.10,3.35,0.24,268,1575,1099.557,ok
80b0fe984d15b87a9da0bed91ab28b29,sp08,2,3,1.2,0.1,80,4QB3,7.77,True,201,-43.82,2.89,0.20,270,1551,1116.507,ok
8a909432391c80b5414f2aed6279b942,sp08,2,3,1.2,0.1,80,4QB3,7.01,True,201,-41.19,2.43,0.17,271,1550,1117.944,ok
971c944ef6916e2840b6d63b8f00425e,sp08,2,3,1.2,0.1,80,4QB3,5.625,False,201,-30.69,3.30,0.23,268,1768,979.043,ok
aa4ab13cb4df4d90f08700b97350a57b,sp08,2,3,1.2,0.1,80,4QB3,6.055,True,201,-35.30,3.00,0.21,271,1534,1128.987,ok
ac6254a319053d53d01f6c8c06bc783d,sp08,2,3,1.2,0.1,80,4QB3,6.415,False,NA,NA,NA,NA,0,NA,NA,topo_fail
b2d145c83fe363359f846985aa11d3ba,sp08,2,3,1.2,0.1,80,4QB3,5.965,False,NA,NA,NA,NA,0,NA,NA,topo_fail
bf34923dc4f956fa0c26fb0a54550049,sp08,2,3,1.2,0.1,80,4QB3,5.28,False,201,-39.73,2.71,0.19,268,1836,942.784,ok
cc7b6263adb98dd621cdb08fde955a6f,sp08,2,3,1.2,0.1,80,4QB3,9.505,True,201,-43.06,3.03,0.21,269,1584,1094.325,ok
ce9a796b1b540bd01171a965543d5ed4,sp08,2,3,1.2,0.1,80,4QB3,7.99,True,201,-32.37,3.65,0.26,268,1621,1068.125,ok
d14a66e8dd811490ccafaf75afa970de,sp08,2,3,1.2,0.1,80,4QB3,6.35,False,201,-25.71,2.57,0.18,291,1564,1107.496,ok
e157f064686d18428292a95c75eebffe,sp08,2,3,1.2,0.1,80,4QB3,8.495000000000001,True,201,-37.62,3.46,0.24,269,1575,1099.842,ok
eb86c0e119d2fe75487a399c76724176,sp08,2,3,1.2,0.1,80,4QB3,6.0600000000000005,False,201,-35.95,4.66,0.33,269,1534,1128.936,ok
ec69e1666eb0eb27ed19cf2994bc675f,sp08,2,3,1.2,0.1,80,4QB3,5.845,False,201,-31.53,3.50,0.25,269,1648,1051.383,ok
fa512f9f244e78009694ff207c157f04,sp08,2,3,1.2,0.1,80,4QB3,5.975,False,201,-41.11,3.52,0.25,270,1561,1109.419,ok
066409425aa3969efdeb577c7443fbbd,sp08,2,3,1.2,0.1,80,5HU9,7.38,False,201,-41.09,3.11,0.22,997,2354,735.295,ok
0d441b18656df0b6da1659391eb123e7,sp08,2,3,1.2,0.1,80,5HU9,7.38,False,201,-25.11,2.35,0.17,1011,2329,743.390,ok
11575d57d06531080c7c3f1703538086,sp08,2,3,1.2,0.1,80,5HU9,8.0,True,201,-27.56,14.63,1.03,1051,2336,740.816,ok
12004f3f2e7c95e0f8ddf8877cb7684c,sp08,2,3,1.2,0.1,80,5HU9,7.24,False,201,-34.04,2.67,0.19,991,2271,762.153,ok
1dd183338ac9d0d5904e89f4aca06e34,sp08,2,3,1.2,0.1,80,5HU9,6.86,False,201,-34.65,2.69,0.19,993,2314,747.870,ok
2be277119d6eae84726b1921013ba77e,sp08,2,3,1.2,0.1,80,5HU9,7.38,False,201,-27.00,2.53,0.18,1063,2327,743.476,ok
302044e4781ac510fc30f16377e71d45,sp08,2,3,1.2,0.1,80,5HU9,10.73,True,201,-26.35,2.61,0.18,1077,2638,655.983,ok
353af6c9cfe7ecb0019d13eaa7b46eaf,sp08,2,3,1.2,0.1,80,5HU9,7.3,False,201,-32.77,3.52,0.25,1012,2309,749.300,ok
3d395f6de7723b7b1aeebfb375bb1c5d,sp08,2,3,1.2,0.1,80,5HU9,8.7,True,201,-37.72,3.02,0.21,1028,2321,745.612,ok
3fa0c6c3d51d517940f2d737b2a070f2,sp08,2,3,1.2,0.1,80,5HU9,9.15,True,201,-34.68,2.69,0.19,1006,2370,730.267,ok
427745a99482f89e2af213daac24f2c4,sp08,2,3,1.2,0.1,80,5HU9,7.14,False,201,-20.01,9.34,0.66,1005,2313,748.349,ok
47d61683781a3671bead51f8f8e84eb9,sp08,2,3,1.2,0.1,80,5HU9,7.38,False,201,-21.64,5.34,0.38,1007,2390,724.504,ok
57f8d9f325a6ba6d6f33f1306c042866,sp08,2,3,1.2,0.1,80,5HU9,6.67,False,NA,NA,NA,NA,0,NA,NA,topo_fail
5aeaf69cbe372b3d35c6e0ef066dc05b,sp08,2,3,1.2,0.1,80,5HU9,6.67,False,NA,NA,NA,NA,0,NA,NA,topo_fail
6625c7dedbb9078036a34c78f2ad4182,sp08,2,3,1.2,0.1,80,5HU9,7.38,False,201,-34.92,3.95,0.28,996,2261,765.548,ok
6fe2e1378b320a53571e4688376156bc,sp08,2,3,1.2,0.1,80,5HU9,7.96,True,201,-19.74,3.45,0.24,1002,2324,744.818,ok
83426a9786b17364e36e1efe6db37be6,sp08,2,3,1.2,0.1,80,5HU9,6.88,False,201,-25.40,12.82,0.90,999,2312,748.769,ok
8b7977f1eab9ea4074744154d19bfa8d,sp08,2,3,1.2,0.1,80,5HU9,7.07,False,201,-24.96,5.30,0.37,1012,2299,752.805,ok
8f625b232d5b3f24ef0fccc5663f85b7,sp08,2,3,1.2,0.1,80,5HU9,6.39,False,NA,NA,NA,NA,0,NA,NA,topo_fail
9c39d3ac13c2b5c81959b897757d862d,sp08,2,3,1.2,0.1,80,5HU9,9.7,True,201,-26.65,3.80,0.27,998,2324,744.594,ok
a9feaf2e38ac31b8f513a09f91500ce9,sp08,2,3,1.2,0.1,80,5HU9,6.38,False,201,-28.66,3.08,0.22,1002,2632,657.506,ok
b97da2a131609768b2ffb5b85b870db2,sp08,2,3,1.2,0.1,80,5HU9,6.44,False,201,-23.30,8.77,0.62,1015,2291,756.093,ok
b9b9bfeefa0e6a15732b8a6efe510a7f,sp08,2,3,1.2,0.1,80,5HU9,7.28,False,201,-30.48,9.18,0.65,1003,2292,755.122,ok
bc27b2dd2f1cfe96f171984d54609c4e,sp08,2,3,1.2,0.1,80,5HU9,6.36,True,NA,NA,NA,NA,0,NA,NA,topo_fail
cee48dd72369c4e1f48b01651c970791,sp08,2,3,1.2,0.1,80,5HU9,7.38,False,NA,NA,NA,NA,0,NA,NA,topo_fail
d4f996968bb63065cac387c064aaed66,sp08,2,3,1.2,0.1,80,5HU9,7.38,True,201,-14.64,8.86,0.62,1000,2309,750.163,ok
d53bf0815e07a7eed23cd2bbc64997ea,sp08,2,3,1.2,0.1,80,5HU9,7.38,False,201,-33.24,3.53,0.25,986,2336,740.763,ok
e111d883881d5735e54ce398821e189a,sp08,2,3,1.2,0.1,80,5HU9,6.62,False,201,-13.16,10.34,0.73,983,2339,740.479,ok
e705cc4eb668b2bbc015283bc2b78b89,sp08,2,3,1.2,0.1,80,5HU9,7.57,True,201,-33.57,2.28,0.16,992,2312,749.028,ok
ee504f886574b282ca630cb14509614b,sp08,2,3,1.2,0.1,80,5HU9,7.8,True,201,-10.96,6.91,0.49,1011,2353,735.587,ok
04e69510b344ad3e65a21130b7429d06,sp08,2,3,1.2,0.1,80,8ELC,8.8,True,201,-40.20,2.68,0.19,1610,3234,534.918,ok
1468bf8fe44d2660d4245111ed256bb3,sp08,2,3,1.2,0.1,80,8ELC,4.5,False,NA,NA,NA,NA,0,NA,NA,pull_fail
14e61945a20724d1818139fef8823538,sp08,2,3,1.2,0.1,80,8ELC,6.6,True,201,-30.05,2.94,0.21,1699,2824,612.631,ok
1c58151c5cca3757a0dafb204cf925ad,sp08,2,3,1.2,0.1,80,8ELC,8.2,True,201,-55.03,3.18,0.22,1705,2848,607.499,ok
22449a0ea60f206a1700d752b8923709,sp08,2,3,1.2,0.1,80,8ELC,6.2,True,201,-56.83,2.15,0.15,1706,2826,612.146,ok
3701efaa518b8864dbdbd2befc3c3bad,sp08,2,3,1.2,0.1,80,8ELC,5.4,False,201,-42.85,3.50,0.25,1633,2849,607.400,ok
3b35ddb2b8a33d05d6b5870a9da6c712,sp08,2,3,1.2,0.1,80,8ELC,7.9,True,NA,NA,NA,NA,0,NA,NA,topo_fail
3f4c270aff052556802e3ea59a80940f,sp08,2,3,1.2,0.1,80,8ELC,5.1,False,201,-27.35,1.68,0.12,1614,2797,618.413,ok
48a1e72551999e470167671de99c60b0,sp08,2,3,1.2,0.1,80,8ELC,5.4,False,201,-42.38,2.39,0.17,1621,2845,608.091,ok
4ec28cb2a7a8589319f3a418eb12f1fd,sp08,2,3,1.2,0.1,80,8ELC,4.2,False,201,-21.19,1.85,0.13,1613,2891,598.281,ok
519f148d49ef68ce3782c8eab23fa39e,sp08,2,3,1.2,0.1,80,8ELC,8.4,True,201,-39.35,2.55,0.18,1624,2816,614.310,ok
6e359d9430a2de705d89d808ead7c331,sp08,2,3,1.2,0.1,80,8ELC,5.4,False,201,-44.14,3.09,0.22,1620,2822,612.866,ok
6f6836389edc435ef5de6a0ca5c25474,sp08,2,3,1.2,0.1,80,8ELC,7.1,True,201,-30.36,3.05,0.22,1627,2817,613.991,ok
70ccfc52bf05ee3830737995c6d93f9c,sp08,2,3,1.2,0.1,80,8ELC,4.5,False,201,-34.26,2.15,0.15,1622,2917,592.910,ok
73ee76fa0a7cddc97ed2eb037810cd66,sp08,2,3,1.2,0.1,80,8ELC,4.7,False,201,-33.03,1.82,0.13,1618,2848,607.457,ok
8334c32de8facb541aeda11ba000b299,sp08,2,3,1.2,0.1,80,8ELC,4.4,False,201,-35.09,1.66,0.12,1620,2911,594.248,ok
8dcaa68c20948305aa767048b2da4ec2,sp08,2,3,1.2,0.1,80,8ELC,5.4,False,201,-29.01,2.77,0.20,1626,2774,623.949,ok
9c898bacf201efb96fbd136bddcadbcd,sp08,2,3,1.2,0.1,80,8ELC,4.1,False,201,-28.51,2.55,0.18,1623,2842,608.637,ok
a2698e5db085c1959923b7b6eca55067,sp08,2,3,1.2,0.1,80,8ELC,8.0,True,201,-39.88,3.31,0.23,1643,2834,610.655,ok
b336313e484c9484749cc0714b940ff4,sp08,2,3,1.2,0.1,80,8ELC,5.4,False,201,-41.47,2.84,0.20,1633,3163,547.017,ok
b4b28e7bbe6caf601c6f1d9f426e6b74,sp08,2,3,1.2,0.1,80,8ELC,4.3,False,201,-27.27,1.76,0.12,1622,2846,607.748,ok
bc9b7c54eb864a288d845c2e1a4018a9,sp08,2,3,1.2,0.1,80,8ELC,5.4,False,201,-55.15,3.10,0.22,1625,2789,620.423,ok
c52270f78e77bf608aafaa68736e6b18,sp08,2,3,1.2,0.1,80,8ELC,4.1,False,201,-19.05,3.48,0.25,1618,2779,622.604,ok
ccb9fbbe8dccd3e51806073eb486a17c,sp08,2,3,1.2,0.1,80,8ELC,4.3,False,201,-35.43,1.81,0.13,1622,2919,592.665,ok
ceb2b49097d65c6344d7760b76a49be7,sp08,2,3,1.2,0.1,80,8ELC,4.5,False,201,-5.96,5.85,0.41,1609,2776,623.159,ok
db2ffa37256932f6732629ec5f2a035f,sp08,2,3,1.2,0.1,80,8ELC,4.0,False,NA,NA,NA,NA,0,NA,NA,topo_fail
ee389516e27a1853ac625548d8ca9482,sp08,2,3,1.2,0.1,80,8ELC,6.0,True,201,-49.85,3.25,0.23,1627,2801,617.779,ok
eff71722c9c04f7e61a0cf427b3c6019,sp08,2,3,1.2,0.1,80,8ELC,4.3,False,201,-40.14,2.18,0.15,1621,2783,621.569,ok
f444bf4b2a5712cdb76e326e74202030,sp08,2,3,1.2,0.1,80,8ELC,8.2,True,201,-39.13,2.70,0.19,1622,2937,589.041,ok
fae572d9925f12e9cf58d65f8235a662,sp08,2,3,1.2,0.1,80,8ELC,5.4,False,201,-56.12,3.28,0.23,1631,2819,613.715,ok
03f5731ad72b97ea2fd1ec352fe5dde0,sp08,2,3,1.2,0.1,80,9D9I,6.59,False,201,-57.66,3.09,0.22,637,1947,889.570,ok
0a8bd2b181a818ac245c132acb3ffd18,sp08,2,3,1.2,0.1,80,9D9I,4.82,False,201,-43.26,2.93,0.21,598,1928,897.753,ok
0ba0e185398f759ca91fbd5fa3f0803a,sp08,2,3,1.2,0.1,80,9D9I,8.05,True,201,-57.74,2.60,0.18,642,1979,874.472,ok
0f35616c28aaaf8c39fd2467e3d2cebd,sp08,2,3,1.2,0.1,80,9D9I,5.21,False,201,-37.28,2.19,0.15,639,1921,901.083,ok
1a263985d22c81f9d3e9eb46e23d21ab,sp08,2,3,1.2,0.1,80,9D9I,4.88,False,201,-48.71,2.71,0.19,631,1944,890.417,ok
1bf5ed1e98a047c67826a7fd54dcf64f,sp08,2,3,1.2,0.1,80,9D9I,7.52,True,201,-55.87,2.80,0.20,626,1994,867.713,ok
1f270ea65cd761a78a0ed8ab4ee8fec0,sp08,2,3,1.2,0.1,80,9D9I,5.46,False,201,-47.50,2.06,0.15,637,2049,844.554,ok
266bbb49e60781aca4002ea95c99c033,sp08,2,3,1.2,0.1,80,9D9I,5.08,False,201,-37.88,2.40,0.17,630,1927,898.259,ok
282b4e352d38ef07443209435439bcea,sp08,2,3,1.2,0.1,80,9D9I,9.0,True,201,-57.95,2.50,0.18,636,2021,856.671,ok
295199ed8a4621a340b6b79b4024bec4,sp08,2,3,1.2,0.1,80,9D9I,4.78,False,201,-32.81,1.82,0.13,625,2053,842.962,ok
2b0f0d7f8914675eaf8e2f5aee81598d,sp08,2,3,1.2,0.1,80,9D9I,6.48,False,201,-47.79,2.55,0.18,639,2002,864.805,ok
395f47b77b5f161c28c20393b39e9076,sp08,2,3,1.2,0.1,80,9D9I,5.51,False,NA,NA,NA,NA,0,NA,NA,topo_fail
59573ee97914f33c9708de5aa2e356b5,sp08,2,3,1.2,0.1,80,9D9I,4.49,False,NA,NA,NA,NA,0,NA,NA,topo_fail
5b6d2943bab2409bd0928714d9016311,sp08,2,3,1.2,0.1,80,9D9I,7.06,False,NA,NA,NA,NA,0,NA,NA,topo_fail
5e2a23cb4d697cfdd0e84f4a2481d982,sp08,2,3,1.2,0.1,80,9D9I,6.75,True,NA,NA,NA,NA,0,NA,NA,topo_fail
69ea6e3ad23ea569f4bbfa0263cb5bdc,sp08,2,3,1.2,0.1,80,9D9I,7.06,False,201,-48.69,2.73,0.19,607,2025,854.930,ok
7f401a529b655f4a54438d8f5d6f0225,sp08,2,3,1.2,0.1,80,9D9I,6.16,True,201,-47.23,3.32,0.23,628,1988,870.591,ok
909628c1d41006cf8bdc95b988228e4f,sp08,2,3,1.2,0.1,80,9D9I,4.54,False,201,-35.33,2.18,0.15,633,1932,895.752,ok
ace45146c6a78c8039ff1fcd87b39fda,sp08,2,3,1.2,0.1,80,9D9I,5.62,False,NA,NA,NA,NA,0,NA,NA,topo_fail
b6465c8ac0ed173d3faf7c401e0c4924,sp08,2,3,1.2,0.1,80,9D9I,7.25,True,201,-48.01,3.57,0.25,602,2283,758.321,ok
b8ac149673f7c3cd33b88439965cd67f,sp08,2,3,1.2,0.1,80,9D9I,7.47,True,201,-58.84,3.83,0.27,606,2022,856.532,ok
b935f060fc633ecb59aac069eeb99d71,sp08,2,3,1.2,0.1,80,9D9I,4.64,False,201,-35.45,2.19,0.15,607,1900,910.883,ok
ca3e30b78b8b15c1aa76fed50341d715,sp08,2,3,1.2,0.1,80,9D9I,7.09,True,201,-45.05,3.34,0.24,608,2302,751.722,ok
d4a029e120a4109e548f939835fea733,sp08,2,3,1.2,0.1,80,9D9I,7.92,True,201,-53.26,2.61,0.18,609,1926,898.789,ok
d8a2b383fc51f79cc2469b166af9122c,sp08,2,3,1.2,0.1,80,9D9I,6.9,False,201,-44.45,2.53,0.18,602,2241,772.417,ok
de1492a39ee5b6346482dc83a1060a60,sp08,2,3,1.2,0.1,80,9D9I,5.58,False,NA,NA,NA,NA,0,NA,NA,topo_fail
e13195a3669e20a1cb71ccb752460291,sp08,2,3,1.2,0.1,80,9D9I,6.18,False,201,-51.68,2.48,0.18,612,1990,870.048,ok
e5ec85f1b96ce3d4ca5d747969350f0f,sp08,2,3,1.2,0.1,80,9D9I,5.68,False,201,-47.35,2.39,0.17,609,1962,882.743,ok
f3bf65b5c175c4eb9a32b952ec009daa,sp08,2,3,1.2,0.1,80,9D9I,4.63,False,201,-37.38,1.89,0.13,602,2035,850.243,ok
fa95727eed889db7226aa52d7509284a,sp08,2,3,1.2,0.1,80,9D9I,8.3,True,201,-42.75,1.96,0.14,605,2013,860.160,ok
01bd41af226d7f8d1e5fdb361b0b562d,sp08,2,3,1.2,0.1,80,9SI4,5.13,False,201,-16.87,1.84,0.13,648,1882,919.687,ok
047b4e5133e0d4a8a3c4c2b9f29f5ee1,sp08,2,3,1.2,0.1,80,9SI4,4.46,False,201,-20.35,1.52,0.11,630,1850,935.550,ok
0b8c97a20e0da60b11a122b27f6c8b62,sp08,2,3,1.2,0.1,80,9SI4,4.89,False,201,-21.08,4.79,0.34,618,1855,933.414,ok
196b38c7ef93d3d9da6c8ba5fbe7cc36,sp08,2,3,1.2,0.1,80,9SI4,5.19,False,201,-17.45,4.28,0.30,628,1875,922.879,ok
238dd65aac42b2b34162c0b51a84d1db,sp08,2,3,1.2,0.1,80,9SI4,4.01,False,201,-16.84,2.31,0.16,634,1904,908.623,ok
253860e6145c4fd6dd9cbc288515e367,sp08,2,3,1.2,0.1,80,9SI4,9.64,True,201,-18.56,3.39,0.24,636,1906,907.771,ok
359e38e810d725751e2260e2b3006df9,sp08,2,3,1.2,0.1,80,9SI4,4.84,False,201,-21.91,1.73,0.12,638,1921,901.007,ok
4be7a12b601883e91811eeb2e0c4ed4b,sp08,2,3,1.2,0.1,80,9SI4,5.14,False,201,-22.79,1.77,0.13,628,1885,918.328,ok
543c819ac4256fe5b41298770a798122,sp08,2,3,1.2,0.1,80,9SI4,7.15,True,201,-31.18,1.87,0.13,613,1882,919.442,ok
5d9bbfbd38feae26823caf531a5db1a6,sp08,2,3,1.2,0.1,80,9SI4,8.0,True,NA,NA,NA,NA,0,NA,NA,topo_fail
62064a9f6b5d461a4c097abbc9bffe7a,sp08,2,3,1.2,0.1,80,9SI4,10.37,True,201,-23.79,2.19,0.15,611,1895,913.171,ok
6564af0e70be4d43388870363762e68c,sp08,2,3,1.2,0.1,80,9SI4,7.96,True,201,-13.82,3.99,0.28,610,1896,912.481,ok
65fcca610b91676d473a89c0858c6ffc,sp08,2,3,1.2,0.1,80,9SI4,5.1,False,201,-14.85,1.79,0.13,608,1884,918.840,ok
69da907af4c1f2f8307d027d4ab80d72,sp08,2,3,1.2,0.1,80,9SI4,5.02,False,201,-25.61,2.15,0.15,609,1935,894.437,ok
737df570b627d06e92101677b4e3da21,sp08,2,3,1.2,0.1,80,9SI4,4.26,False,201,-28.58,2.74,0.19,609,1879,920.902,ok
9962e35d818f378081860dfde6088db5,sp08,2,3,1.2,0.1,80,9SI4,5.26,False,201,-25.90,4.80,0.34,611,1927,897.805,ok
9e7607ef3d929c5fd46ea0dc7f23f535,sp08,2,3,1.2,0.1,80,9SI4,4.73,False,201,-29.17,2.13,0.15,610,1917,902.754,ok
9fdebd3e36d16344b05f496394363d9c,sp08,2,3,1.2,0.1,80,9SI4,4.96,False,201,-28.17,2.19,0.15,611,1907,907.499,ok
a5b2fb04b878e9fff4b764e79cf06db2,sp08,2,3,1.2,0.1,80,9SI4,4.19,False,201,-30.68,2.20,0.16,611,1852,934.590,ok
bb0523a55a6136f05a592d05fd8ff8de,sp08,2,3,1.2,0.1,80,9SI4,8.57,True,NA,NA,NA,NA,0,NA,NA,topo_fail
d005b3d8ed6ab71e5ebd50c1b26a2ffb,sp08,2,3,1.2,0.1,80,9SI4,6.0,True,NA,NA,NA,NA,0,NA,NA,topo_fail
d1324bec8ed2f7c4caac7dd5ac774f98,sp08,2,3,1.2,0.1,80,9SI4,8.19,True,NA,NA,NA,NA,0,NA,NA,topo_fail
d9a52d46c0ccf0c1913e0eebbacfc330,sp08,2,3,1.2,0.1,80,9SI4,5.32,False,NA,NA,NA,NA,0,NA,NA,topo_fail
dbc5bdf0c84f89a682be5ac536c00bd2,sp08,2,3,1.2,0.1,80,9SI4,5.12,False,NA,NA,NA,NA,0,NA,NA,topo_fail
de91618eee657d877d0668058bd50ff6,sp08,2,3,1.2,0.1,80,9SI4,5.05,False,NA,NA,NA,NA,0,NA,NA,topo_fail
e8397fcd2197e27d094058bc02fbba6a,sp08,2,3,1.2,0.1,80,9SI4,4.5,False,201,-47.98,3.75,0.26,611,1842,939.641,ok
eb1eb691e1c65761a234212818817153,sp08,2,3,1.2,0.1,80,9SI4,5.09,False,201,-25.68,2.48,0.18,609,1920,901.250,ok
f93dfb8ee56b2a98182d0adc1030c114,sp08,2,3,1.2,0.1,80,9SI4,6.35,True,201,-20.44,4.06,0.29,611,1911,905.494,ok
fc4ddc57541f29488f09921d9b36bc97,sp08,2,3,1.2,0.1,80,9SI4,5.16,False,201,-23.90,5.37,0.38,613,1856,932.819,ok
ffdbd2aa8cc03f78eb6b433fe1a74c09,sp08,2,3,1.2,0.1,80,9SI4,6.75,True,201,-27.82,4.06,0.29,613,1837,942.223,ok
0220b4986165db73cd9f0775b82b7838,sp09,3,1,1.0,0.1,40,2XU3,7.3,False,201,-39.01,2.51,0.18,608,1672,1035.465,ok
13e1da8f0e67c08c5ef1cb0ebded75a5,sp09,3,1,1.0,0.1,40,2XU3,7.1,False,201,-11.11,5.61,0.40,642,1652,1048.589,ok
187b2fb9351c5f10d65f710e85056c31,sp09,3,1,1.0,0.1,40,2XU3,8.3,True,201,-29.53,3.73,0.26,634,1694,1022.028,ok
20ffceabec2b95cc0b401b1d1e504f6b,sp09,3,1,1.0,0.1,40,2XU3,8.3,True,201,-39.30,2.25,0.16,638,1682,1029.089,ok
2cb6e34fab1ee523b2a48790b68ad465,sp09,3,1,1.0,0.1,40,2XU3,6.6,False,201,-37.50,2.98,0.21,597,1699,1018.949,ok
335dd6fbc3377cdcf2401cfc6056bc9c,sp09,3,1,1.0,0.1,40,2XU3,7.4,True,201,-15.57,5.19,0.37,599,1743,992.875,ok
37eaa144facb029500f427e04d484481,sp09,3,1,1.0,0.1,40,2XU3,8.0,True,201,-36.37,2.57,0.18,601,1673,1035.335,ok
39cbab9e91b4af7ae5b0eed4a14b90f9,sp09,3,1,1.0,0.1,40,2XU3,6.3,True,201,-33.12,2.71,0.19,597,1725,1003.372,ok
4232bcfa9c606f52c8067ff9e22fe8af,sp09,3,1,1.0,0.1,40,2XU3,7.5,False,201,-39.90,2.37,0.17,619,1671,1035.883,ok
424689a2bad294c9a4d19ed5924324de,sp09,3,1,1.0,0.1,40,2XU3,6.0,False,201,-33.33,2.23,0.16,600,1654,1046.426,ok
6ef67d129dcb37a0be630ca24c321f02,sp09,3,1,1.0,0.1,40,2XU3,7.3,False,201,-28.98,3.17,0.22,623,1733,998.528,ok
7969946fa4a7d73df90d5fadcdef4b59,sp09,3,1,1.0,0.1,40,2XU3,6.9,False,201,-37.81,2.49,0.18,601,1778,973.558,ok
88de53427c78a4f8890a2b946385d70b,sp09,3,1,1.0,0.1,40,2XU3,5.5,False,201,-22.30,4.36,0.31,598,1661,1042.417,ok
98cf559a50ee84d38e7648c91b0c564d,sp09,3,1,1.0,0.1,40,2XU3,6.0,True,201,-29.23,2.84,0.20,601,1680,1030.592,ok
99c9a8dee8fadf56676d8f90e6848e58,sp09,3,1,1.0,0.1,40,2XU3,6.3,False,201,-31.60,2.01,0.14,596,1710,1012.588,ok
9c772b2f96c879dc662e5f137990844f,sp09,3,1,1.0,0.1,40,2XU3,7.9,True,201,-20.28,4.15,0.29,599,1690,1024.221,ok
a1409d89193dd0a7a4a54efb7c4b0b88,sp09,3,1,1.0,0.1,40,2XU3,7.6,False,201,-36.83,2.57,0.18,601,1763,981.902,ok
a864b4e510a4a9f05aa2438e3cebd634,sp09,3,1,1.0,0.1,40,2XU3,6.0,False,201,-33.78,2.30,0.16,596,1674,1034.628,ok
ad3886476184578f75d5af9504b7aca7,sp09,3,1,1.0,0.1,40,2XU3,6.6,False,201,-32.13,3.41,0.24,632,1675,1033.417,ok
c42e22237c07702a044507738b0805b2,sp09,3,1,1.0,0.1,40,2XU3,5.9,False,201,-34.45,4.44,0.31,598,1707,1013.814,ok
c842104ea7034c335c96f16efde3aff4,sp09,3,1,1.0,0.1,40,2XU3,5.8,False,201,-23.10,4.06,0.29,596,1657,1045.072,ok
cb20abd70e0ece3d85e1338101d4bd72,sp09,3,1,1.0,0.1,40,2XU3,6.2,False,NA,NA,NA,NA,0,NA,NA,topo_fail
d60363c0fec1c05a155d848f9a232a3e,sp09,3,1,1.0,0.1,40,2XU3,6.2,False,NA,NA,NA,NA,0,NA,NA,topo_fail
def33b1b26713c8ce7794e1cee2141c6,sp09,3,1,1.0,0.1,40,2XU3,8.9,True,201,-40.05,3.58,0.25,627,1765,980.767,ok
f885f085c98c18670a7ddbe3c7a763da,sp09,3,1,1.0,0.1,40,2XU3,9.9,True,201,-21.16,3.62,0.26,605,1694,1022.005,ok
fd5ba50d24141a833001dc12a320fc8f,sp09,3,1,1.0,0.1,40,2XU3,6.9,True,201,-35.38,3.07,0.22,601,1674,1033.874,ok
ff8edf23e1c4463cdc767531d804cef1,sp09,3,1,1.0,0.1,40,2XU3,5.6,False,201,-33.68,2.11,0.15,613,1643,1053.535,ok
fffe47a81a0ad8b0cd7beae03f34b077,sp09,3,1,1.0,0.1,40,2XU3,7.2,False,201,-12.02,4.74,0.33,601,1672,1035.196,ok
3f6e40d3068fb0fd99bfa763ed0ca2bb,sp09,3,1,1.0,0.1,40,3I06,7.3,True,201,-20.78,3.02,0.21,544,1646,1052.520,ok
4438f9709f9cecfb7ddd62b05fff9f8d,sp09,3,1,1.0,0.1,40,3I06,6.78,False,201,-22.58,5.85,0.41,544,1642,1055.259,ok
47a8000e16980306005511b953a06ecf,sp09,3,1,1.0,0.1,40,3I06,6.77,False,201,-27.24,2.15,0.15,543,1635,1059.291,ok
4a67881e46b87364ec2e0ec7cbbf0bec,sp09,3,1,1.0,0.1,40,3I06,7.1,False,201,-31.64,3.31,0.23,547,1623,1067.254,ok
5d418a86059c42695f5856b68e7a7118,sp09,3,1,1.0,0.1,40,3I06,7.41,True,201,-23.58,5.00,0.35,545,1588,1090.487,ok
7024d698ad06da1b887b5df50f7728d3,sp09,3,1,1.0,0.1,40,3I06,6.965,False,201,-26.16,2.93,0.21,544,1639,1057.653,ok
b19d1a70ff3d2abd6986665d47eff086,sp09,3,1,1.0,0.1,40,3I06,7.3,True,201,-12.35,5.97,0.42,545,1642,1055.446,ok
d03b3614f1c49ff6b9fbf5832ee9770f,sp09,3,1,1.0,0.1,40,3I06,6.85,False,NA,NA,NA,NA,0,NA,NA,topo_fail
e32bacbac8502d337dc3d54d78b564a2,sp09,3,1,1.0,0.1,40,3I06,6.85,False,201,-30.22,3.05,0.21,543,1621,1068.981,ok
e49cfa366cc64bab8e1edf37b372cbf6,sp09,3,1,1.0,0.1,40,3I06,7.26,True,201,-15.18,3.99,0.28,546,1637,1058.472,ok
fa4de5e62b4e32e8b3d71088211803e0,sp09,3,1,1.0,0.1,40,3I06,7.4,True,201,-24.83,5.11,0.36,549,1619,1070.296,ok
ff032b5793a25a8e4f9611a34a394671,sp09,3,1,1.0,0.1,40,3I06,6.9,True,201,-27.58,3.74,0.26,544,1626,1065.788,ok
6c4846b6eaf17057657b89d9f3678cfc,sp09,3,1,1.0,0.1,40,4A5S,7.92,False,201,-29.33,5.45,0.38,5882,4041,427.999,ok
96e384ca0fb900959cf2205b9121fb47,sp09,3,1,1.0,0.1,40,4A5S,8.0,True,201,-32.33,4.68,0.33,5866,4019,430.417,ok
b2bcac7a4f0262268b1a6d2db8d7eb5a,sp09,3,1,1.0,0.1,40,4A5S,7.96,True,201,-23.21,4.21,0.30,5855,4028,429.454,ok
ba32a5ca5c7e6e2db41283cf2f90660d,sp09,3,1,1.0,0.1,40,4A5S,5.54,False,201,-28.28,6.11,0.43,5869,3983,434.276,ok
c8dee15f6cbcf595a6900314ad342f99,sp09,3,1,1.0,0.1,40,4A5S,7.27,False,NA,NA,NA,NA,0,NA,NA,topo_fail
c94a26f4dff73a180f04c48dad017723,sp09,3,1,1.0,0.1,40,4A5S,7.7,False,NA,NA,NA,NA,0,NA,NA,topo_fail
fbf450a68aa0a625ec13f6c762944a3b,sp09,3,1,1.0,0.1,40,4A5S,7.82,False,201,-39.13,4.74,0.33,5864,4026,429.659,ok
055e1e9c95b2378efd3fc90b82948709,sp09,3,1,1.0,0.1,40,4L7G,5.33,False,201,-39.03,2.93,0.21,1769,2566,674.148,ok
0a826045d720c0a795bd1979a728e35c,sp09,3,1,1.0,0.1,40,4L7G,5.3,False,201,-31.03,2.32,0.16,1801,2554,677.441,ok
166e854e6f7609934b769fb3b19101c0,sp09,3,1,1.0,0.1,40,4L7G,9.22,True,201,-32.43,2.37,0.17,1845,2428,712.704,ok
824df1fae448411a738d6987cd933d7b,sp09,3,1,1.0,0.1,40,4L7G,8.52,True,201,-29.52,3.35,0.24,1793,2543,680.486,ok
c83d057a219e5a25a09f354503a70d4d,sp09,3,1,1.0,0.1,40,4L7G,5.33,False,201,-36.39,6.94,0.49,1788,2627,658.764,ok
d1d524dd925a24438ecd2d014b089d87,sp09,3,1,1.0,0.1,40,4L7G,5.32,False,NA,NA,NA,NA,0,NA,NA,topo_fail
04d89e15e651861ca58bbec52b719c49,sp09,3,1,1.0,0.1,40,4QB3,6.33,False,201,-38.77,2.98,0.21,271,1399,1238.938,ok
3dd7fe0b27b084a92f8091446da1a66e,sp09,3,1,1.0,0.1,40,4QB3,5.68,False,201,-35.42,6.00,0.42,269,1383,1252.736,ok
8072d1cd9b9a836cbeec520610c1f9bd,sp09,3,1,1.0,0.1,40,4QB3,5.67,False,201,-27.01,3.60,0.25,268,1373,1261.896,ok
971c944ef6916e2840b6d63b8f00425e,sp09,3,1,1.0,0.1,40,4QB3,5.625,False,201,-24.68,3.86,0.27,268,1379,1255.893,ok
12004f3f2e7c95e0f8ddf8877cb7684c,sp09,3,1,1.0,0.1,40,5HU9,7.24,False,201,-35.63,2.69,0.19,989,2018,857.771,ok
14e61945a20724d1818139fef8823538,sp09,3,1,1.0,0.1,40,8ELC,6.6,True,201,-35.01,3.17,0.22,1708,2415,716.638,ok
22449a0ea60f206a1700d752b8923709,sp09,3,1,1.0,0.1,40,8ELC,6.2,True,201,-56.04,2.21,0.16,1691,2531,683.734,ok
3701efaa518b8864dbdbd2befc3c3bad,sp09,3,1,1.0,0.1,40,8ELC,5.4,False,201,-42.60,3.10,0.22,1644,2499,692.388,ok
6e359d9430a2de705d89d808ead7c331,sp09,3,1,1.0,0.1,40,8ELC,5.4,False,201,-40.61,2.54,0.18,1613,2419,715.200,ok
6f6836389edc435ef5de6a0ca5c25474,sp09,3,1,1.0,0.1,40,8ELC,7.1,True,201,-28.52,2.55,0.18,1617,2406,719.286,ok
ee389516e27a1853ac625548d8ca9482,sp09,3,1,1.0,0.1,40,8ELC,6.0,True,201,-50.02,2.94,0.21,1624,2418,715.690,ok
fae572d9925f12e9cf58d65f8235a662,sp09,3,1,1.0,0.1,40,8ELC,5.4,False,201,-56.58,3.32,0.23,1623,2393,723.233,ok
59573ee97914f33c9708de5aa2e356b5,sp09,3,1,1.0,0.1,40,9D9I,4.49,False,201,-37.24,1.90,0.13,607,1671,1036.102,ok
ace45146c6a78c8039ff1fcd87b39fda,sp09,3,1,1.0,0.1,40,9D9I,5.62,False,201,-46.32,2.60,0.18,604,1688,1025.424,ok
de1492a39ee5b6346482dc83a1060a60,sp09,3,1,1.0,0.1,40,9D9I,5.58,False,NA,NA,NA,NA,0,NA,NA,topo_fail
e5ec85f1b96ce3d4ca5d747969350f0f,sp09,3,1,1.0,0.1,40,9D9I,5.68,False,201,-48.25,2.60,0.18,607,1695,1021.490,ok
fa95727eed889db7226aa52d7509284a,sp09,3,1,1.0,0.1,40,9D9I,8.3,True,201,-46.05,2.25,0.16,609,1729,1001.298,ok
047b4e5133e0d4a8a3c4c2b9f29f5ee1,sp09,3,1,1.0,0.1,40,9SI4,4.46,False,201,-20.05,1.73,0.12,619,1629,1063.005,ok
253860e6145c4fd6dd9cbc288515e367,sp09,3,1,1.0,0.1,40,9SI4,9.64,True,201,-13.75,3.78,0.27,635,1682,1029.492,ok
359e38e810d725751e2260e2b3006df9,sp09,3,1,1.0,0.1,40,9SI4,4.84,False,201,-21.95,1.61,0.11,629,1646,1051.983,ok
4be7a12b601883e91811eeb2e0c4ed4b,sp09,3,1,1.0,0.1,40,9SI4,5.14,False,201,-22.99,1.68,0.12,609,1650,1049.078,ok
bb0523a55a6136f05a592d05fd8ff8de,sp09,3,1,1.0,0.1,40,9SI4,8.57,True,201,-22.98,2.49,0.18,608,1664,1040.472,ok
e8397fcd2197e27d094058bc02fbba6a,sp09,3,1,1.0,0.1,40,9SI4,4.5,False,201,-48.14,3.44,0.24,611,1640,1055.549,ok
eb1eb691e1c65761a234212818817153,sp09,3,1,1.0,0.1,40,9SI4,5.09,False,201,-24.57,2.46,0.17,610,1734,998.139,ok
fc4ddc57541f29488f09921d9b36bc97,sp09,3,1,1.0,0.1,40,9SI4,5.16,False,201,-26.33,5.06,0.36,609,1632,1060.764,ok
40cb8b0c3343c02f5a6c40f02757e920,sp10,3,1,1.1,0.2,20,4A5S,7.68,True,201,-23.76,6.36,0.45,5855,3875,446.585,ok
5266e860e65e5fc94b8ebfcb7843c31f,sp10,3,1,1.1,0.2,20,4A5S,7.31,True,NA,NA,NA,NA,0,NA,NA,topo_fail
57bff1b2673d3c8b9006213161935522,sp10,3,1,1.1,0.2,20,4A5S,5.79,False,NA,NA,NA,NA,0,NA,NA,topo_fail
6c4846b6eaf17057657b89d9f3678cfc,sp10,3,1,1.1,0.2,20,4A5S,7.92,False,201,-35.78,2.03,0.14,5853,3879,446.064,ok
7a1bbdb9f1f8528edd767025c45e5cc8,sp10,3,1,1.1,0.2,20,4A5S,8.05,False,NA,NA,NA,NA,0,NA,NA,topo_fail
819a7f7be372131a469fbed045c9eb33,sp10,3,1,1.1,0.2,20,4A5S,7.52,False,NA,NA,NA,NA,0,NA,NA,topo_fail
96e384ca0fb900959cf2205b9121fb47,sp10,3,1,1.1,0.2,20,4A5S,8.0,True,201,-28.70,3.03,0.21,6072,3964,436.579,ok
b2bcac7a4f0262268b1a6d2db8d7eb5a,sp10,3,1,1.1,0.2,20,4A5S,7.96,True,NA,NA,NA,NA,0,NA,NA,topo_fail
b4d6bf83422567e92f6475f4f9bd6ec8,sp10,3,1,1.1,0.2,20,4A5S,8.05,False,NA,NA,NA,NA,0,NA,NA,topo_fail
ba32a5ca5c7e6e2db41283cf2f90660d,sp10,3,1,1.1,0.2,20,4A5S,5.54,False,201,-32.50,4.35,0.31,5846,3913,442.320,ok
c6780a0007686453a29186d9ec94b23f,sp10,3,1,1.1,0.2,20,4A5S,7.36,False,NA,NA,NA,NA,0,NA,NA,topo_fail
c8dee15f6cbcf595a6900314ad342f99,sp10,3,1,1.1,0.2,20,4A5S,7.27,False,NA,NA,NA,NA,0,NA,NA,topo_fail
c94a26f4dff73a180f04c48dad017723,sp10,3,1,1.1,0.2,20,4A5S,7.7,False,NA,NA,NA,NA,0,NA,NA,topo_fail
cfe4d9b13bebf025bdbd30504f03c83a,sp10,3,1,1.1,0.2,20,4A5S,7.48,False,201,-19.96,2.47,0.17,5849,3941,439.199,ok
fbf450a68aa0a625ec13f6c762944a3b,sp10,3,1,1.1,0.2,20,4A5S,7.82,False,201,-30.20,3.91,0.28,5836,3935,439.783,ok
03d2d012db8145e06c35d7e016c645dc,sp10,3,1,1.1,0.2,20,4L7G,8.36,True,201,-24.90,2.14,0.15,1804,2406,719.356,ok
078844c7f38624b3996505d0f98526ca,sp10,3,1,1.1,0.2,20,4L7G,8.01,True,201,-37.66,2.95,0.21,1780,2389,724.495,ok
166e854e6f7609934b769fb3b19101c0,sp10,3,1,1.1,0.2,20,4L7G,9.22,True,201,-33.74,4.30,0.30,1776,2394,723.262,ok
3116f4c5342bf41e08cd23593057d9ac,sp10,3,1,1.1,0.2,20,4L7G,5.15,False,201,-38.14,2.62,0.18,1871,2521,686.531,ok
52d2e2cddbd6c2ca52b2a6692a1be706,sp10,3,1,1.1,0.2,20,4L7G,5.14,False,NA,NA,NA,NA,0,NA,NA,topo_fail
6ed539a8e565bc920be9f146e577ce98,sp10,3,1,1.1,0.2,20,4L7G,5.18,False,201,-24.11,2.04,0.14,1787,2440,709.658,ok
71d81c144a98e11bef7a990464b30910,sp10,3,1,1.1,0.2,20,4L7G,5.31,False,201,-41.67,2.80,0.20,1778,2479,698.569,ok
7f8c5f877cc7df732365ed9f3035e71a,sp10,3,1,1.1,0.2,20,4L7G,8.2,True,NA,NA,NA,NA,0,NA,NA,topo_fail
824df1fae448411a738d6987cd933d7b,sp10,3,1,1.1,0.2,20,4L7G,8.52,True,201,-30.13,2.64,0.19,1786,2515,688.374,ok
ab32da1f7ea48da050cb3f074c41b42f,sp10,3,1,1.1,0.2,20,4L7G,5.21,False,201,-31.55,2.29,0.16,1762,2386,725.355,ok
b7649d4e54db2998f4f380ff5b78484d,sp10,3,1,1.1,0.2,20,4L7G,5.22,False,201,-19.69,10.81,0.76,1776,2523,686.133,ok
c3abed8fe47c90e2af144bafbdc1da21,sp10,3,1,1.1,0.2,20,4L7G,5.14,False,201,-26.25,2.44,0.17,1779,2562,675.633,ok
cf4a8047b69fbbe4ae6525a51c3063a1,sp10,3,1,1.1,0.2,20,4L7G,5.1,False,201,-37.85,3.06,0.22,1783,2478,698.752,ok
d1d524dd925a24438ecd2d014b089d87,sp10,3,1,1.1,0.2,20,4L7G,5.32,False,201,-20.51,2.56,0.18,1779,2598,666.590,ok
e3b605e5b9101a4f3fa1aae790d69360,sp10,3,1,1.1,0.2,20,4L7G,5.05,False,201,-43.45,2.67,0.19,1791,2608,663.618,ok
e8db4af0c7a34ddcd59bd43979c83a63,sp10,3,1,1.1,0.2,20,4L7G,7.96,True,NA,NA,NA,NA,0,NA,NA,topo_fail
ec4ccad83d01498f18eec3728419c3aa,sp10,3,1,1.1,0.2,20,4L7G,5.21,False,NA,NA,NA,NA,0,NA,NA,topo_fail
f5b52bef73821d9cc3d674e42de6608f,sp10,3,1,1.1,0.2,20,4L7G,5.07,False,201,-11.71,6.54,0.46,1777,2517,687.847,ok
0b4fbf7130a60ebdf348cd8d14c36b77,sp10,3,1,1.1,0.2,20,4QB3,7.515,True,201,-35.07,2.91,0.21,267,1360,1274.191,ok
15044c0c9f83bb877f5ea28fece53a3d,sp10,3,1,1.1,0.2,20,4QB3,6.38,False,201,-33.19,2.47,0.17,281,1328,1304.876,ok
605f40bd8c866d6adb1d6f2bec42c9b3,sp10,3,1,1.1,0.2,20,4QB3,8.004999999999999,True,201,-30.42,3.43,0.24,269,1401,1236.690,ok
65316367b1c7ba80511f9cb5fb2fd2a4,sp10,3,1,1.1,0.2,20,4QB3,8.25,True,201,-40.78,3.17,0.22,269,1342,1291.410,ok
6b43e44fb3ada6de6c351a68d32eaa65,sp10,3,1,1.1,0.2,20,4QB3,8.74,True,201,-35.73,4.34,0.31,270,1370,1265.022,ok
80b0fe984d15b87a9da0bed91ab28b29,sp10,3,1,1.1,0.2,20,4QB3,7.77,True,NA,NA,NA,NA,0,NA,NA,topo_fail
8a909432391c80b5414f2aed6279b942,sp10,3,1,1.1,0.2,20,4QB3,7.01,True,201,-41.82,2.34,0.17,269,1377,1258.371,ok
ac6254a319053d53d01f6c8c06bc783d,sp10,3,1,1.1,0.2,20,4QB3,6.415,False,NA,NA,NA,NA,0,NA,NA,topo_fail
cc7b6263adb98dd621cdb08fde955a6f,sp10,3,1,1.1,0.2,20,4QB3,9.505,True,NA,NA,NA,NA,0,NA,NA,topo_fail
ce9a796b1b540bd01171a965543d5ed4,sp10,3,1,1.1,0.2,20,4QB3,7.99,True,NA,NA,NA,NA,0,NA,NA,topo_fail
e157f064686d18428292a95c75eebffe,sp10,3,1,1.1,0.2,20,4QB3,8.495000000000001,True,201,-34.14,3.86,0.27,268,1342,1291.462,ok
1dd183338ac9d0d5904e89f4aca06e34,sp10,3,1,1.1,0.2,20,5HU9,6.86,False,201,-35.01,2.01,0.14,995,1929,897.652,ok
57f8d9f325a6ba6d6f33f1306c042866,sp10,3,1,1.1,0.2,20,5HU9,6.67,False,NA,NA,NA,NA,0,NA,NA,topo_fail
5aeaf69cbe372b3d35c6e0ef066dc05b,sp10,3,1,1.1,0.2,20,5HU9,6.67,False,NA,NA,NA,NA,0,NA,NA,topo_fail
83426a9786b17364e36e1efe6db37be6,sp10,3,1,1.1,0.2,20,5HU9,6.88,False,201,-24.36,13.13,0.93,997,1921,901.581,ok
8f625b232d5b3f24ef0fccc5663f85b7,sp10,3,1,1.1,0.2,20,5HU9,6.39,False,201,-23.70,2.50,0.18,1005,1987,871.424,ok
a9feaf2e38ac31b8f513a09f91500ce9,sp10,3,1,1.1,0.2,20,5HU9,6.38,False,201,-29.70,3.08,0.22,1007,2010,861.502,ok
b97da2a131609768b2ffb5b85b870db2,sp10,3,1,1.1,0.2,20,5HU9,6.44,False,201,-21.34,6.45,0.46,1012,1996,867.580,ok
bc27b2dd2f1cfe96f171984d54609c4e,sp10,3,1,1.1,0.2,20,5HU9,6.36,True,201,-29.05,3.28,0.23,1003,1948,888.919,ok
e111d883881d5735e54ce398821e189a,sp10,3,1,1.1,0.2,20,5HU9,6.62,False,201,-17.66,12.27,0.87,985,2011,861.142,ok
04e69510b344ad3e65a21130b7429d06,sp10,3,1,1.1,0.2,20,8ELC,8.8,True,201,-39.17,2.66,0.19,1625,2440,709.637,ok
14e61945a20724d1818139fef8823538,sp10,3,1,1.1,0.2,20,8ELC,6.6,True,201,-31.17,4.39,0.31,1695,2404,720.068,ok
1c58151c5cca3757a0dafb204cf925ad,sp10,3,1,1.1,0.2,20,8ELC,8.2,True,201,-51.56,3.28,0.23,1711,2470,700.906,ok
22449a0ea60f206a1700d752b8923709,sp10,3,1,1.1,0.2,20,8ELC,6.2,True,201,-55.85,2.27,0.16,1710,2470,701.117,ok
3b35ddb2b8a33d05d6b5870a9da6c712,sp10,3,1,1.1,0.2,20,8ELC,7.9,True,201,-30.60,4.35,0.31,1618,2361,733.332,ok
4ec28cb2a7a8589319f3a418eb12f1fd,sp10,3,1,1.1,0.2,20,8ELC,4.2,False,201,-22.91,1.88,0.13,1610,2435,710.581,ok
519f148d49ef68ce3782c8eab23fa39e,sp10,3,1,1.1,0.2,20,8ELC,8.4,True,201,-41.73,2.43,0.17,1621,2342,739.221,ok
6e359d9430a2de705d89d808ead7c331,sp10,3,1,1.1,0.2,20,8ELC,5.4,False,201,-38.11,3.26,0.23,1618,2371,729.906,ok
6f6836389edc435ef5de6a0ca5c25474,sp10,3,1,1.1,0.2,20,8ELC,7.1,True,201,-28.61,2.26,0.16,1618,2470,700.658,ok
8334c32de8facb541aeda11ba000b299,sp10,3,1,1.1,0.2,20,8ELC,4.4,False,201,-34.66,1.97,0.14,1621,2439,709.760,ok
9c898bacf201efb96fbd136bddcadbcd,sp10,3,1,1.1,0.2,20,8ELC,4.1,False,201,-28.58,2.18,0.15,1617,2440,709.208,ok
a2698e5db085c1959923b7b6eca55067,sp10,3,1,1.1,0.2,20,8ELC,8.0,True,201,-35.33,3.63,0.26,1622,2335,741.381,ok
b4b28e7bbe6caf601c6f1d9f426e6b74,sp10,3,1,1.1,0.2,20,8ELC,4.3,False,NA,NA,NA,NA,0,NA,NA,topo_fail
c52270f78e77bf608aafaa68736e6b18,sp10,3,1,1.1,0.2,20,8ELC,4.1,False,201,-10.49,7.05,0.50,1605,2326,744.062,ok
ccb9fbbe8dccd3e51806073eb486a17c,sp10,3,1,1.1,0.2,20,8ELC,4.3,False,NA,NA,NA,NA,0,NA,NA,topo_fail
ceb2b49097d65c6344d7760b76a49be7,sp10,3,1,1.1,0.2,20,8ELC,4.5,False,201,-21.30,4.19,0.30,1608,2328,743.587,ok
db2ffa37256932f6732629ec5f2a035f,sp10,3,1,1.1,0.2,20,8ELC,4.0,False,201,-29.18,2.13,0.15,1621,2446,707.609,ok
ee389516e27a1853ac625548d8ca9482,sp10,3,1,1.1,0.2,20,8ELC,6.0,True,NA,NA,NA,NA,0,NA,NA,topo_fail
eff71722c9c04f7e61a0cf427b3c6019,sp10,3,1,1.1,0.2,20,8ELC,4.3,False,NA,NA,NA,NA,0,NA,NA,topo_fail
f444bf4b2a5712cdb76e326e74202030,sp10,3,1,1.1,0.2,20,8ELC,8.2,True,NA,NA,NA,NA,0,NA,NA,topo_fail
fae572d9925f12e9cf58d65f8235a662,sp10,3,1,1.1,0.2,20,8ELC,5.4,False,201,-60.40,3.19,0.23,1625,2369,730.781,ok
0f35616c28aaaf8c39fd2467e3d2cebd,sp10,3,1,1.1,0.2,20,9D9I,5.21,False,201,-37.61,2.13,0.15,642,1724,1004.662,ok
1a263985d22c81f9d3e9eb46e23d21ab,sp10,3,1,1.1,0.2,20,9D9I,4.88,False,201,-47.72,2.92,0.21,631,1678,1032.066,ok
1bf5ed1e98a047c67826a7fd54dcf64f,sp10,3,1,1.1,0.2,20,9D9I,7.52,True,201,-61.07,4.43,0.31,644,1678,1032.272,ok
1f270ea65cd761a78a0ed8ab4ee8fec0,sp10,3,1,1.1,0.2,20,9D9I,5.46,False,201,-46.90,1.98,0.14,628,1637,1058.136,ok
282b4e352d38ef07443209435439bcea,sp10,3,1,1.1,0.2,20,9D9I,9.0,True,201,-57.62,2.29,0.16,642,1672,1035.848,ok
395f47b77b5f161c28c20393b39e9076,sp10,3,1,1.1,0.2,20,9D9I,5.51,False,201,-39.30,2.63,0.19,596,1686,1026.950,ok
5b6d2943bab2409bd0928714d9016311,sp10,3,1,1.1,0.2,20,9D9I,7.06,False,201,-57.47,2.81,0.20,626,1670,1037.457,ok
69ea6e3ad23ea569f4bbfa0263cb5bdc,sp10,3,1,1.1,0.2,20,9D9I,7.06,False,201,-47.62,2.80,0.20,604,1682,1029.298,ok
ace45146c6a78c8039ff1fcd87b39fda,sp10,3,1,1.1,0.2,20,9D9I,5.62,False,NA,NA,NA,NA,0,NA,NA,topo_fail
b6465c8ac0ed173d3faf7c401e0c4924,sp10,3,1,1.1,0.2,20,9D9I,7.25,True,201,-43.79,4.22,0.30,622,1690,1024.868,ok
b8ac149673f7c3cd33b88439965cd67f,sp10,3,1,1.1,0.2,20,9D9I,7.47,True,201,-52.38,2.96,0.21,604,1668,1039.269,ok
ca3e30b78b8b15c1aa76fed50341d715,sp10,3,1,1.1,0.2,20,9D9I,7.09,True,NA,NA,NA,NA,0,NA,NA,topo_fail
d4a029e120a4109e548f939835fea733,sp10,3,1,1.1,0.2,20,9D9I,7.92,True,201,-51.18,2.81,0.20,605,1658,1045.063,ok
de1492a39ee5b6346482dc83a1060a60,sp10,3,1,1.1,0.2,20,9D9I,5.58,False,201,-45.51,2.54,0.18,598,1650,1049.837,ok
fa95727eed889db7226aa52d7509284a,sp10,3,1,1.1,0.2,20,9D9I,8.3,True,201,-43.44,1.97,0.14,610,1645,1052.660,ok
6564af0e70be4d43388870363762e68c,sp10,3,1,1.1,0.2,20,9SI4,7.96,True,201,-18.92,3.31,0.23,610,1630,1062.686,ok
4438f9709f9cecfb7ddd62b05fff9f8d,sp11,3,1,1.2,0.0,80,3I06,6.78,False,NA,NA,NA,NA,0,NA,NA,topo_fail
26daa23c738cb8c7dababa4ee2a1c4fb,sp11,3,1,1.2,0.0,80,4A5S,5.88,False,NA,NA,NA,NA,0,NA,NA,pull_fail
308f2419f5e0ca7b6d39aac23a7de2ff,sp11,3,1,1.2,0.0,80,4A5S,6.06,True,NA,NA,NA,NA,0,NA,NA,pull_fail
40cb8b0c3343c02f5a6c40f02757e920,sp11,3,1,1.2,0.0,80,4A5S,7.68,True,NA,NA,NA,NA,0,NA,NA,topo_fail
57bff1b2673d3c8b9006213161935522,sp11,3,1,1.2,0.0,80,4A5S,5.79,False,NA,NA,NA,NA,0,NA,NA,topo_fail
b4d6bf83422567e92f6475f4f9bd6ec8,sp11,3,1,1.2,0.0,80,4A5S,8.05,False,201,-26.16,3.44,0.24,5868,3893,444.303,ok
ba32a5ca5c7e6e2db41283cf2f90660d,sp11,3,1,1.2,0.0,80,4A5S,5.54,False,201,-32.47,4.09,0.29,5857,3888,444.869,ok
d15af9a4462ff88f2cfafbc6cc94912e,sp11,3,1,1.2,0.0,80,4A5S,5.89,False,NA,NA,NA,NA,0,NA,NA,topo_fail
de36f12fbdb6f099ba5ac3231fe389e0,sp11,3,1,1.2,0.0,80,4A5S,8.36,True,NA,NA,NA,NA,0,NA,NA,topo_fail
ea054fd43eb193b0b6268f917ed60185,sp11,3,1,1.2,0.0,80,4A5S,6.12,False,NA,NA,NA,NA,0,NA,NA,topo_fail
055e1e9c95b2378efd3fc90b82948709,sp11,3,1,1.2,0.0,80,4L7G,5.33,False,201,-39.40,2.83,0.20,1770,2489,695.309,ok
166e854e6f7609934b769fb3b19101c0,sp11,3,1,1.2,0.0,80,4L7G,9.22,True,201,-30.92,2.46,0.17,1769,2373,729.258,ok
3a87c373b8ee3ee690e68ccce89857a3,sp11,3,1,1.2,0.0,80,4L7G,6.0,True,NA,NA,NA,NA,0,NA,NA,topo_fail
6ed539a8e565bc920be9f146e577ce98,sp11,3,1,1.2,0.0,80,4L7G,5.18,False,NA,NA,NA,NA,0,NA,NA,topo_fail
9510387a41d9428f814f1e8a487e626d,sp11,3,1,1.2,0.0,80,4L7G,7.0,True,201,-11.67,4.37,0.31,1775,2496,693.292,ok
ab32da1f7ea48da050cb3f074c41b42f,sp11,3,1,1.2,0.0,80,4L7G,5.21,False,201,-31.71,2.45,0.17,1767,2401,720.406,ok
b1a7ee597e9d75bd95fcad2e74c8ab83,sp11,3,1,1.2,0.0,80,4L7G,6.54,True,201,-40.08,3.28,0.23,1785,2510,689.067,ok
c3e6f0472fa7320f5e210e26cfc4ecec,sp11,3,1,1.2,0.0,80,4L7G,5.33,False,NA,NA,NA,NA,0,NA,NA,topo_fail
ee2e7b45aae1b85d5c18aad16d03d855,sp11,3,1,1.2,0.0,80,4L7G,7.45,True,NA,NA,NA,NA,0,NA,NA,topo_fail
0b4fbf7130a60ebdf348cd8d14c36b77,sp11,3,1,1.2,0.0,80,4QB3,7.515,True,201,-36.09,2.75,0.19,271,1411,1228.332,ok
6b43e44fb3ada6de6c351a68d32eaa65,sp11,3,1,1.2,0.0,80,4QB3,8.74,True,NA,NA,NA,NA,0,NA,NA,topo_fail
80b0fe984d15b87a9da0bed91ab28b29,sp11,3,1,1.2,0.0,80,4QB3,7.77,True,201,-44.27,2.84,0.20,280,1379,1256.323,ok
cc7b6263adb98dd621cdb08fde955a6f,sp11,3,1,1.2,0.0,80,4QB3,9.505,True,NA,NA,NA,NA,0,NA,NA,topo_fail
e157f064686d18428292a95c75eebffe,sp11,3,1,1.2,0.0,80,4QB3,8.495000000000001,True,NA,NA,NA,NA,0,NA,NA,topo_fail
14e61945a20724d1818139fef8823538,sp11,3,1,1.2,0.0,80,8ELC,6.6,True,201,-35.16,4.22,0.30,1748,2351,736.103,ok
6f6836389edc435ef5de6a0ca5c25474,sp11,3,1,1.2,0.0,80,8ELC,7.1,True,NA,NA,NA,NA,0,NA,NA,topo_fail
f3bf65b5c175c4eb9a32b952ec009daa,sp11,3,1,1.2,0.0,80,9D9I,4.63,False,NA,NA,NA,NA,0,NA,NA,topo_fail
4232bcfa9c606f52c8067ff9e22fe8af,sp12,3,2,1.0,0.2,20,2XU3,7.5,False,201,-38.64,2.23,0.16,601,1531,1131.343,ok
ad3886476184578f75d5af9504b7aca7,sp12,3,2,1.0,0.2,20,2XU3,6.6,False,201,-31.75,4.46,0.31,598,1509,1147.995,ok
0790157ee26dfb0fea3a1ce3db026f75,sp12,3,2,1.0,0.2,20,3I06,6.5,False,201,-29.11,3.27,0.23,562,1545,1121.634,ok
ac0197ee4a02894e2611e255e0125503,sp12,3,2,1.0,0.2,20,4A5S,8.08,False,201,-11.78,6.71,0.47,5813,3677,470.550,ok
ba32a5ca5c7e6e2db41283cf2f90660d,sp12,3,2,1.0,0.2,20,4A5S,5.54,False,NA,NA,NA,NA,0,NA,NA,topo_fail
c82e0b161bf77b819bbafff08f9a082e,sp12,3,2,1.0,0.2,20,4A5S,8.14,False,NA,NA,NA,NA,0,NA,NA,topo_fail
52d2e2cddbd6c2ca52b2a6692a1be706,sp12,3,2,1.0,0.2,20,4L7G,5.14,False,201,-31.20,3.64,0.26,1805,2222,779.413,ok
492b610efd391e76c199bfed5b16cf2a,sp12,3,2,1.0,0.2,20,4QB3,5.51,False,201,-35.00,3.40,0.24,271,1222,1418.061,ok
749b421329101fb34bf4c33daa32ff2e,sp12,3,2,1.0,0.2,20,4QB3,5.555,False,201,-19.55,4.95,0.35,268,1253,1383.590,ok
ac6254a319053d53d01f6c8c06bc783d,sp12,3,2,1.0,0.2,20,4QB3,6.415,False,201,-46.70,2.62,0.18,269,1259,1376.969,ok
bf34923dc4f956fa0c26fb0a54550049,sp12,3,2,1.0,0.2,20,4QB3,5.28,False,NA,NA,NA,NA,0,NA,NA,topo_fail
11575d57d06531080c7c3f1703538086,sp12,3,2,1.0,0.2,20,5HU9,8.0,True,201,-18.89,14.69,1.04,1060,1880,921.284,ok
302044e4781ac510fc30f16377e71d45,sp12,3,2,1.0,0.2,20,5HU9,10.73,True,201,-26.47,2.58,0.18,1075,1793,966.087,ok
3d395f6de7723b7b1aeebfb375bb1c5d,sp12,3,2,1.0,0.2,20,5HU9,8.7,True,NA,NA,NA,NA,0,NA,NA,topo_fail
3fa0c6c3d51d517940f2d737b2a070f2,sp12,3,2,1.0,0.2,20,5HU9,9.15,True,201,-34.16,2.96,0.21,1009,1858,932.287,ok
9c39d3ac13c2b5c81959b897757d862d,sp12,3,2,1.0,0.2,20,5HU9,9.7,True,201,-22.27,3.36,0.24,999,1838,942.331,ok
a9feaf2e38ac31b8f513a09f91500ce9,sp12,3,2,1.0,0.2,20,5HU9,6.38,False,201,-28.89,2.79,0.20,1005,1791,967.167,ok
3f4c270aff052556802e3ea59a80940f,sp12,3,2,1.0,0.2,20,8ELC,5.1,False,201,-27.23,1.67,0.12,1614,2181,793.788,ok
a2698e5db085c1959923b7b6eca55067,sp12,3,2,1.0,0.2,20,8ELC,8.0,True,201,-38.75,3.18,0.22,1622,2356,734.938,ok
88de53427c78a4f8890a2b946385d70b,sp13,3,2,1.1,0.0,80,2XU3,5.5,False,201,-21.39,3.03,0.21,598,1512,1145.895,ok
c5cf1f886c6849f8233c8b282a929680,sp13,3,2,1.1,0.0,80,2XU3,5.4,False,201,-22.03,3.46,0.24,598,1567,1105.129,ok
e93a4d36831e1c123940b06eb94b7e74,sp13,3,2,1.1,0.0,80,2XU3,5.0,False,201,-18.23,4.00,0.28,598,1532,1129.389,ok
0790157ee26dfb0fea3a1ce3db026f75,sp13,3,2,1.1,0.0,80,3I06,6.5,False,201,-30.58,2.46,0.17,546,1499,1156.006,ok
5d418a86059c42695f5856b68e7a7118,sp13,3,2,1.1,0.0,80,3I06,7.41,True,201,-22.03,6.01,0.42,544,1497,1157.296,ok
642b2e0e340ac4d3adcf66589e7fd012,sp13,3,2,1.1,0.0,80,3I06,8.4,True,201,-31.89,2.72,0.19,542,1472,1176.693,ok
b60c297c7199140f1f38ac6909b5bf24,sp13,3,2,1.1,0.0,80,3I06,8.8,True,201,-21.83,3.18,0.22,546,1469,1178.578,ok
f1a057393d7efd3f562b774490f9dfd1,sp13,3,2,1.1,0.0,80,3I06,6.44,False,201,-26.14,3.42,0.24,558,1480,1170.570,ok
fa4de5e62b4e32e8b3d71088211803e0,sp13,3,2,1.1,0.0,80,3I06,7.4,True,201,-31.00,2.45,0.17,543,1492,1161.260,ok
308f2419f5e0ca7b6d39aac23a7de2ff,sp13,3,2,1.1,0.0,80,4A5S,6.06,True,201,-22.20,2.61,0.18,5825,3765,459.520,ok
5266e860e65e5fc94b8ebfcb7843c31f,sp13,3,2,1.1,0.0,80,4A5S,7.31,True,201,-35.07,3.04,0.21,5876,3846,449.918,ok
bd1567927f497abd4e18605be0e5f9dc,sp13,3,2,1.1,0.0,80,4A5S,6.14,False,201,-23.89,2.89,0.20,5849,3759,460.194,ok
ea054fd43eb193b0b6268f917ed60185,sp13,3,2,1.1,0.0,80,4A5S,6.12,False,201,-18.70,4.38,0.31,5823,3821,452.676,ok
166e854e6f7609934b769fb3b19101c0,sp13,3,2,1.1,0.0,80,4L7G,9.22,True,201,-31.24,2.27,0.16,1780,2256,766.891,ok
3116f4c5342bf41e08cd23593057d9ac,sp13,3,2,1.1,0.0,80,4L7G,5.15,False,201,-38.96,3.11,0.22,1862,2286,757.028,ok
6ed539a8e565bc920be9f146e577ce98,sp13,3,2,1.1,0.0,80,4L7G,5.18,False,NA,NA,NA,NA,0,NA,NA,topo_fail
824df1fae448411a738d6987cd933d7b,sp13,3,2,1.1,0.0,80,4L7G,8.52,True,201,-28.34,4.87,0.34,1777,2310,749.000,ok
ab32da1f7ea48da050cb3f074c41b42f,sp13,3,2,1.1,0.0,80,4L7G,5.21,False,201,-29.33,3.14,0.22,1770,2241,772.316,ok
e3b605e5b9101a4f3fa1aae790d69360,sp13,3,2,1.1,0.0,80,4L7G,5.05,False,201,-46.78,2.59,0.18,1799,2276,759.997,ok
ec4ccad83d01498f18eec3728419c3aa,sp13,3,2,1.1,0.0,80,4L7G,5.21,False,201,-32.87,2.87,0.20,1836,2258,766.236,ok
04d89e15e651861ca58bbec52b719c49,sp13,3,2,1.1,0.0,80,4QB3,6.33,False,201,-40.61,3.62,0.26,276,1230,1409.185,ok
0b4fbf7130a60ebdf348cd8d14c36b77,sp13,3,2,1.1,0.0,80,4QB3,7.515,True,201,-36.08,3.69,0.26,274,1243,1393.897,ok
2b0132dda46dfc13890fc97f3e161079,sp13,3,2,1.1,0.0,80,4QB3,6.295,False,201,-24.45,3.11,0.22,291,1281,1351.916,ok
594685ab2c2c7dfb758c69d0a9bc2a8d,sp13,3,2,1.1,0.0,80,4QB3,6.33,False,201,-44.95,2.78,0.20,268,1243,1393.653,ok
65316367b1c7ba80511f9cb5fb2fd2a4,sp13,3,2,1.1,0.0,80,4QB3,8.25,True,201,-38.82,3.30,0.23,269,1232,1406.505,ok
6b43e44fb3ada6de6c351a68d32eaa65,sp13,3,2,1.1,0.0,80,4QB3,8.74,True,NA,NA,NA,NA,0,NA,NA,topo_fail
79ff013c97a88f8bec1adfae42218746,sp13,3,2,1.1,0.0,80,4QB3,6.115,False,NA,NA,NA,NA,0,NA,NA,topo_fail
8016222bad11f4d65a8f6f4e49b5cd67,sp13,3,2,1.1,0.0,80,4QB3,6.074999999999999,False,NA,NA,NA,NA,0,NA,NA,topo_fail
80b0fe984d15b87a9da0bed91ab28b29,sp13,3,2,1.1,0.0,80,4QB3,7.77,True,201,-43.70,3.06,0.22,277,1278,1356.154,ok
aa4ab13cb4df4d90f08700b97350a57b,sp13,3,2,1.1,0.0,80,4QB3,6.055,True,201,-33.73,3.43,0.24,269,1228,1410.842,ok
ac6254a319053d53d01f6c8c06bc783d,sp13,3,2,1.1,0.0,80,4QB3,6.415,False,201,-46.68,3.15,0.22,269,1325,1307.216,ok
b2d145c83fe363359f846985aa11d3ba,sp13,3,2,1.1,0.0,80,4QB3,5.965,False,201,-34.67,3.44,0.24,268,1232,1407.149,ok
ce9a796b1b540bd01171a965543d5ed4,sp13,3,2,1.1,0.0,80,4QB3,7.99,True,201,-32.67,2.89,0.20,266,1307,1325.704,ok
d14a66e8dd811490ccafaf75afa970de,sp13,3,2,1.1,0.0,80,4QB3,6.35,False,201,-31.61,2.33,0.16,269,1312,1320.637,ok
eb86c0e119d2fe75487a399c76724176,sp13,3,2,1.1,0.0,80,4QB3,6.0600000000000005,False,201,-38.80,8.69,0.61,270,1278,1356.274,ok
3fa0c6c3d51d517940f2d737b2a070f2,sp13,3,2,1.1,0.0,80,5HU9,9.15,True,201,-34.53,2.86,0.20,1005,1834,944.158,ok
8334c32de8facb541aeda11ba000b299,sp13,3,2,1.1,0.0,80,8ELC,4.4,False,201,-35.13,1.90,0.13,1617,2316,746.867,ok
ceb2b49097d65c6344d7760b76a49be7,sp13,3,2,1.1,0.0,80,8ELC,4.5,False,201,-11.75,5.66,0.40,1615,2202,786.033,ok
db2ffa37256932f6732629ec5f2a035f,sp13,3,2,1.1,0.0,80,8ELC,4.0,False,201,-31.05,2.48,0.17,1634,2283,757.972,ok
eff71722c9c04f7e61a0cf427b3c6019,sp13,3,2,1.1,0.0,80,8ELC,4.3,False,201,-40.75,2.15,0.15,1621,2207,784.153,ok
1bf5ed1e98a047c67826a7fd54dcf64f,sp13,3,2,1.1,0.0,80,9D9I,7.52,True,201,-57.63,3.18,0.22,629,1580,1096.225,ok
5b6d2943bab2409bd0928714d9016311,sp13,3,2,1.1,0.0,80,9D9I,7.06,False,201,-56.65,2.47,0.17,607,1620,1068.654,ok
69ea6e3ad23ea569f4bbfa0263cb5bdc,sp13,3,2,1.1,0.0,80,9D9I,7.06,False,NA,NA,NA,NA,0,NA,NA,topo_fail
b6465c8ac0ed173d3faf7c401e0c4924,sp13,3,2,1.1,0.0,80,9D9I,7.25,True,201,-46.85,3.34,0.24,606,1586,1091.365,ok
ca3e30b78b8b15c1aa76fed50341d715,sp13,3,2,1.1,0.0,80,9D9I,7.09,True,201,-44.89,2.77,0.20,601,1586,1091.850,ok
fa95727eed889db7226aa52d7509284a,sp13,3,2,1.1,0.0,80,9D9I,8.3,True,NA,NA,NA,NA,0,NA,NA,topo_fail
196b38c7ef93d3d9da6c8ba5fbe7cc36,sp13,3,2,1.1,0.0,80,9SI4,5.19,False,201,-19.54,2.49,0.18,637,1573,1100.574,ok
543c819ac4256fe5b41298770a798122,sp13,3,2,1.1,0.0,80,9SI4,7.15,True,201,-25.18,5.11,0.36,613,1530,1131.631,ok
9962e35d818f378081860dfde6088db5,sp13,3,2,1.1,0.0,80,9SI4,5.26,False,201,-22.38,4.82,0.34,612,1531,1130.842,ok
d005b3d8ed6ab71e5ebd50c1b26a2ffb,sp13,3,2,1.1,0.0,80,9SI4,6.0,True,201,-26.42,3.08,0.22,612,1521,1138.327,ok
ffdbd2aa8cc03f78eb6b433fe1a74c09,sp13,3,2,1.1,0.0,80,9SI4,6.75,True,NA,NA,NA,NA,0,NA,NA,topo_fail
187b2fb9351c5f10d65f710e85056c31,sp14,3,2,1.2,0.1,40,2XU3,8.3,True,201,-24.38,9.37,0.66,635,1634,1060.014,ok
20ffceabec2b95cc0b401b1d1e504f6b,sp14,3,2,1.2,0.1,40,2XU3,8.3,True,201,-41.35,2.75,0.19,638,1570,1103.167,ok
37eaa144facb029500f427e04d484481,sp14,3,2,1.2,0.1,40,2XU3,8.0,True,201,-36.64,2.39,0.17,598,1567,1105.499,ok
9c772b2f96c879dc662e5f137990844f,sp14,3,2,1.2,0.1,40,2XU3,7.9,True,201,-22.46,3.40,0.24,600,1633,1060.984,ok
a1409d89193dd0a7a4a54efb7c4b0b88,sp14,3,2,1.2,0.1,40,2XU3,7.6,False,201,-36.97,2.44,0.17,600,1549,1117.847,ok
3c117a293542d626d77f570da38bd5f1,sp14,3,2,1.2,0.1,40,3I06,6.43,False,NA,NA,NA,NA,0,NA,NA,topo_fail
f1a057393d7efd3f562b774490f9dfd1,sp14,3,2,1.2,0.1,40,3I06,6.44,False,201,-24.80,1.90,0.13,540,1482,1169.153,ok
26daa23c738cb8c7dababa4ee2a1c4fb,sp14,3,2,1.2,0.1,40,4A5S,5.88,False,201,-22.37,3.74,0.26,5866,3726,464.455,ok
308f2419f5e0ca7b6d39aac23a7de2ff,sp14,3,2,1.2,0.1,40,4A5S,6.06,True,201,-18.86,4.93,0.35,5864,3822,452.798,ok
57bff1b2673d3c8b9006213161935522,sp14,3,2,1.2,0.1,40,4A5S,5.79,False,NA,NA,NA,NA,0,NA,NA,topo_fail
ac0197ee4a02894e2611e255e0125503,sp14,3,2,1.2,0.1,40,4A5S,8.08,False,201,-11.39,4.07,0.29,5837,3710,466.417,ok
ba32a5ca5c7e6e2db41283cf2f90660d,sp14,3,2,1.2,0.1,40,4A5S,5.54,False,201,-33.24,4.38,0.31,5872,3723,464.917,ok
cfe4d9b13bebf025bdbd30504f03c83a,sp14,3,2,1.2,0.1,40,4A5S,7.48,False,NA,NA,NA,NA,0,NA,NA,topo_fail
d15af9a4462ff88f2cfafbc6cc94912e,sp14,3,2,1.2,0.1,40,4A5S,5.89,False,NA,NA,NA,NA,0,NA,NA,topo_fail
166e854e6f7609934b769fb3b19101c0,sp14,3,2,1.2,0.1,40,4L7G,9.22,True,201,-32.15,3.61,0.25,1785,2307,750.592,ok
52d2e2cddbd6c2ca52b2a6692a1be706,sp14,3,2,1.2,0.1,40,4L7G,5.14,False,NA,NA,NA,NA,0,NA,NA,topo_fail
824df1fae448411a738d6987cd933d7b,sp14,3,2,1.2,0.1,40,4L7G,8.52,True,201,-31.36,7.77,0.55,1780,2363,732.712,ok
cf4a8047b69fbbe4ae6525a51c3063a1,sp14,3,2,1.2,0.1,40,4L7G,5.1,False,NA,NA,NA,NA,0,NA,NA,topo_fail
e3b605e5b9101a4f3fa1aae790d69360,sp14,3,2,1.2,0.1,40,4L7G,5.05,False,201,-43.86,2.86,0.20,1832,2278,760.090,ok
f5b52bef73821d9cc3d674e42de6608f,sp14,3,2,1.2,0.1,40,4L7G,5.07,False,201,-10.56,3.14,0.22,1778,2297,754.093,ok
605f40bd8c866d6adb1d6f2bec42c9b3,sp14,3,2,1.2,0.1,40,4QB3,8.004999999999999,True,201,-30.02,3.39,0.24,282,1262,1374.276,ok
65316367b1c7ba80511f9cb5fb2fd2a4,sp14,3,2,1.2,0.1,40,4QB3,8.25,True,201,-39.59,3.32,0.23,270,1243,1395.648,ok
6b43e44fb3ada6de6c351a68d32eaa65,sp14,3,2,1.2,0.1,40,4QB3,8.74,True,201,-31.44,2.81,0.20,270,1293,1340.647,ok
79ff013c97a88f8bec1adfae42218746,sp14,3,2,1.2,0.1,40,4QB3,6.115,False,201,-44.89,3.06,0.22,269,1278,1357.001,ok
8016222bad11f4d65a8f6f4e49b5cd67,sp14,3,2,1.2,0.1,40,4QB3,6.074999999999999,False,201,-39.61,3.32,0.23,272,1273,1363.403,ok
80b0fe984d15b87a9da0bed91ab28b29,sp14,3,2,1.2,0.1,40,4QB3,7.77,True,201,-42.54,2.53,0.18,270,1264,1372.410,ok
ce9a796b1b540bd01171a965543d5ed4,sp14,3,2,1.2,0.1,40,4QB3,7.99,True,201,-34.69,2.44,0.17,266,1257,1379.143,ok
12004f3f2e7c95e0f8ddf8877cb7684c,sp14,3,2,1.2,0.1,40,5HU9,7.24,False,201,-35.26,2.78,0.20,1032,1849,936.880,ok
1dd183338ac9d0d5904e89f4aca06e34,sp14,3,2,1.2,0.1,40,5HU9,6.86,False,201,-35.73,2.02,0.14,986,1835,944.143,ok
427745a99482f89e2af213daac24f2c4,sp14,3,2,1.2,0.1,40,5HU9,7.14,False,NA,NA,NA,NA,0,NA,NA,topo_fail
6625c7dedbb9078036a34c78f2ad4182,sp14,3,2,1.2,0.1,40,5HU9,7.38,False,201,-36.02,3.00,0.21,998,1842,940.060,ok
8b7977f1eab9ea4074744154d19bfa8d,sp14,3,2,1.2,0.1,40,5HU9,7.07,False,201,-29.04,3.37,0.24,1012,1879,921.758,ok
b9b9bfeefa0e6a15732b8a6efe510a7f,sp14,3,2,1.2,0.1,40,5HU9,7.28,False,201,-24.24,12.66,0.89,999,1851,936.097,ok
14e61945a20724d1818139fef8823538,sp14,3,2,1.2,0.1,40,8ELC,6.6,True,201,-33.91,3.35,0.24,1691,2195,788.950,ok
22449a0ea60f206a1700d752b8923709,sp14,3,2,1.2,0.1,40,8ELC,6.2,True,201,-57.04,2.38,0.17,1644,2239,773.180,ok
3b35ddb2b8a33d05d6b5870a9da6c712,sp14,3,2,1.2,0.1,40,8ELC,7.9,True,NA,NA,NA,NA,0,NA,NA,topo_fail
4ec28cb2a7a8589319f3a418eb12f1fd,sp14,3,2,1.2,0.1,40,8ELC,4.2,False,NA,NA,NA,NA,0,NA,NA,topo_fail
519f148d49ef68ce3782c8eab23fa39e,sp14,3,2,1.2,0.1,40,8ELC,8.4,True,NA,NA,NA,NA,0,NA,NA,topo_fail
6e359d9430a2de705d89d808ead7c331,sp14,3,2,1.2,0.1,40,8ELC,5.4,False,201,-40.15,2.45,0.17,1619,2292,755.589,ok
6f6836389edc435ef5de6a0ca5c25474,sp14,3,2,1.2,0.1,40,8ELC,7.1,True,201,-28.25,2.12,0.15,1614,2207,784.374,ok
ceb2b49097d65c6344d7760b76a49be7,sp14,3,2,1.2,0.1,40,8ELC,4.5,False,201,-16.99,4.34,0.31,1614,2247,770.670,ok
db2ffa37256932f6732629ec5f2a035f,sp14,3,2,1.2,0.1,40,8ELC,4.0,False,NA,NA,NA,NA,0,NA,NA,topo_fail
f444bf4b2a5712cdb76e326e74202030,sp14,3,2,1.2,0.1,40,8ELC,8.2,True,201,-38.41,2.69,0.19,1618,2271,762.458,ok
03f5731ad72b97ea2fd1ec352fe5dde0,sp14,3,2,1.2,0.1,40,9D9I,6.59,False,NA,NA,NA,NA,0,NA,NA,pull_fail
0ba0e185398f759ca91fbd5fa3f0803a,sp14,3,2,1.2,0.1,40,9D9I,8.05,True,201,-57.88,2.94,0.21,643,1679,1032.245,ok
1bf5ed1e98a047c67826a7fd54dcf64f,sp14,3,2,1.2,0.1,40,9D9I,7.52,True,201,-57.46,3.02,0.21,638,1608,1077.071,ok
282b4e352d38ef07443209435439bcea,sp14,3,2,1.2,0.1,40,9D9I,9.0,True,201,-56.00,2.81,0.20,642,1551,1117.411,ok
5b6d2943bab2409bd0928714d9016311,sp14,3,2,1.2,0.1,40,9D9I,7.06,False,NA,NA,NA,NA,0,NA,NA,topo_fail
5e2a23cb4d697cfdd0e84f4a2481d982,sp14,3,2,1.2,0.1,40,9D9I,6.75,True,NA,NA,NA,NA,0,NA,NA,topo_fail
69ea6e3ad23ea569f4bbfa0263cb5bdc,sp14,3,2,1.2,0.1,40,9D9I,7.06,False,201,-47.56,2.73,0.19,603,1635,1059.600,ok
b6465c8ac0ed173d3faf7c401e0c4924,sp14,3,2,1.2,0.1,40,9D9I,7.25,True,201,-50.53,3.43,0.24,607,1625,1066.433,ok
b8ac149673f7c3cd33b88439965cd67f,sp14,3,2,1.2,0.1,40,9D9I,7.47,True,201,-59.96,3.43,0.24,607,1608,1077.417,ok
ca3e30b78b8b15c1aa76fed50341d715,sp14,3,2,1.2,0.1,40,9D9I,7.09,True,201,-45.06,2.68,0.19,598,1625,1066.550,ok
d4a029e120a4109e548f939835fea733,sp14,3,2,1.2,0.1,40,9D9I,7.92,True,NA,NA,NA,NA,0,NA,NA,topo_fail
d8a2b383fc51f79cc2469b166af9122c,sp14,3,2,1.2,0.1,40,9D9I,6.9,False,NA,NA,NA,NA,0,NA,NA,topo_fail
fa95727eed889db7226aa52d7509284a,sp14,3,2,1.2,0.1,40,9D9I,8.3,True,201,-43.61,2.19,0.15,611,1567,1105.694,ok
69da907af4c1f2f8307d027d4ab80d72,sp14,3,2,1.2,0.1,40,9SI4,5.02,False,201,-26.01,2.05,0.14,607,1584,1093.645,ok
de91618eee657d877d0668058bd50ff6,sp14,3,2,1.2,0.1,40,9SI4,5.05,False,NA,NA,NA,NA,0,NA,NA,topo_fail
ffdbd2aa8cc03f78eb6b433fe1a74c09,sp14,3,2,1.2,0.1,40,9SI4,6.75,True,201,-19.95,4.43,0.31,614,1554,1115.224,ok
424689a2bad294c9a4d19ed5924324de,sp15,3,3,1.0,0.0,80,2XU3,6.0,False,201,-32.48,2.48,0.17,598,1471,1177.128,ok
7969946fa4a7d73df90d5fadcdef4b59,sp15,3,3,1.0,0.0,80,2XU3,6.9,False,201,-37.81,2.12,0.15,603,1460,1185.930,ok
88de53427c78a4f8890a2b946385d70b,sp15,3,3,1.0,0.0,80,2XU3,5.5,False,201,-21.07,3.53,0.25,598,1462,1184.834,ok
ad3886476184578f75d5af9504b7aca7,sp15,3,3,1.0,0.0,80,2XU3,6.6,False,201,-32.44,3.09,0.22,598,1493,1159.795,ok
0790157ee26dfb0fea3a1ce3db026f75,sp15,3,3,1.0,0.0,80,3I06,6.5,False,201,-30.43,2.55,0.18,553,1409,1228.639,ok
3f6e40d3068fb0fd99bfa763ed0ca2bb,sp15,3,3,1.0,0.0,80,3I06,7.3,True,201,-21.33,3.61,0.25,560,1406,1232.333,ok
4438f9709f9cecfb7ddd62b05fff9f8d,sp15,3,3,1.0,0.0,80,3I06,6.78,False,201,-29.37,3.68,0.26,544,1372,1262.283,ok
4a67881e46b87364ec2e0ec7cbbf0bec,sp15,3,3,1.0,0.0,80,3I06,7.1,False,201,-32.88,2.86,0.20,546,1398,1238.674,ok
5d418a86059c42695f5856b68e7a7118,sp15,3,3,1.0,0.0,80,3I06,7.41,True,201,-23.70,3.85,0.27,542,1406,1231.715,ok
642b2e0e340ac4d3adcf66589e7fd012,sp15,3,3,1.0,0.0,80,3I06,8.4,True,201,-29.84,4.36,0.31,567,1390,1246.134,ok
7024d698ad06da1b887b5df50f7728d3,sp15,3,3,1.0,0.0,80,3I06,6.965,False,201,-22.05,5.38,0.38,544,1375,1260.393,ok
922db9175a15e6a2d34d02717b0de6ab,sp15,3,3,1.0,0.0,80,3I06,7.2,False,201,-20.71,9.16,0.65,546,1389,1247.277,ok
b19d1a70ff3d2abd6986665d47eff086,sp15,3,3,1.0,0.0,80,3I06,7.3,True,201,-12.04,3.61,0.25,544,1390,1246.397,ok
b60c297c7199140f1f38ac6909b5bf24,sp15,3,3,1.0,0.0,80,3I06,8.8,True,201,-22.36,3.23,0.23,546,1392,1244.726,ok
b85a22ec0aa0dc6afd4221dc2f0bb482,sp15,3,3,1.0,0.0,80,3I06,6.6,True,201,-15.82,4.09,0.29,544,1404,1233.953,ok
c2f2ee45493f8ae40c2fd957499cc3f6,sp15,3,3,1.0,0.0,80,3I06,6.4,True,201,-32.41,3.69,0.26,548,1394,1241.885,ok
d03b3614f1c49ff6b9fbf5832ee9770f,sp15,3,3,1.0,0.0,80,3I06,6.85,False,201,-13.41,6.94,0.49,545,1416,1224.355,ok
e32bacbac8502d337dc3d54d78b564a2,sp15,3,3,1.0,0.0,80,3I06,6.85,False,201,-31.46,2.24,0.16,543,1365,1268.671,ok
e40809a6930ce378fdcb37d1b644e2d6,sp15,3,3,1.0,0.0,80,3I06,5.815,False,201,-22.70,5.28,0.37,565,1419,1220.772,ok
e49cfa366cc64bab8e1edf37b372cbf6,sp15,3,3,1.0,0.0,80,3I06,7.26,True,201,-11.23,6.33,0.45,544,1414,1224.385,ok
f1a057393d7efd3f562b774490f9dfd1,sp15,3,3,1.0,0.0,80,3I06,6.44,False,201,-25.61,2.83,0.20,543,1389,1247.075,ok
fa4de5e62b4e32e8b3d71088211803e0,sp15,3,3,1.0,0.0,80,3I06,7.4,True,201,-24.87,2.62,0.19,544,1395,1241.096,ok
ff032b5793a25a8e4f9611a34a394671,sp15,3,3,1.0,0.0,80,3I06,6.9,True,201,-23.92,1.93,0.14,545,1389,1247.937,ok
0a8bd2b181a818ac245c132acb3ffd18,sp15,3,3,1.0,0.0,80,9D9I,4.82,False,201,-37.74,3.45,0.24,618,1518,1140.483,ok
1a263985d22c81f9d3e9eb46e23d21ab,sp15,3,3,1.0,0.0,80,9D9I,4.88,False,201,-47.11,2.87,0.20,611,1530,1132.373,ok
1bf5ed1e98a047c67826a7fd54dcf64f,sp15,3,3,1.0,0.0,80,9D9I,7.52,True,201,-58.07,4.88,0.34,625,1502,1153.119,ok
266bbb49e60781aca4002ea95c99c033,sp15,3,3,1.0,0.0,80,9D9I,5.08,False,201,-38.11,2.44,0.17,640,1533,1129.258,ok
295199ed8a4621a340b6b79b4024bec4,sp15,3,3,1.0,0.0,80,9D9I,4.78,False,201,-33.00,2.11,0.15,601,1483,1167.117,ok
395f47b77b5f161c28c20393b39e9076,sp15,3,3,1.0,0.0,80,9D9I,5.51,False,201,-44.86,3.03,0.21,602,1501,1153.578,ok
59573ee97914f33c9708de5aa2e356b5,sp15,3,3,1.0,0.0,80,9D9I,4.49,False,201,-36.13,2.02,0.14,602,1495,1157.840,ok
7f401a529b655f4a54438d8f5d6f0225,sp15,3,3,1.0,0.0,80,9D9I,6.16,True,201,-43.38,2.90,0.20,602,1506,1149.176,ok
909628c1d41006cf8bdc95b988228e4f,sp15,3,3,1.0,0.0,80,9D9I,4.54,False,201,-35.22,2.28,0.16,603,1475,1174.010,ok
de1492a39ee5b6346482dc83a1060a60,sp15,3,3,1.0,0.0,80,9D9I,5.58,False,201,-47.84,2.39,0.17,598,1502,1152.413,ok
e5ec85f1b96ce3d4ca5d747969350f0f,sp15,3,3,1.0,0.0,80,9D9I,5.68,False,201,-47.71,3.03,0.21,607,1513,1143.764,ok
f3bf65b5c175c4eb9a32b952ec009daa,sp15,3,3,1.0,0.0,80,9D9I,4.63,False,201,-34.37,1.84,0.13,611,1491,1161.036,ok
2cb6e34fab1ee523b2a48790b68ad465,sp16,3,3,1.1,0.1,40,2XU3,6.6,False,201,-37.53,2.37,0.17,600,1509,1147.724,ok
98cf559a50ee84d38e7648c91b0c564d,sp16,3,3,1.1,0.1,40,2XU3,6.0,True,201,-29.79,2.44,0.17,598,1495,1158.474,ok
a864b4e510a4a9f05aa2438e3cebd634,sp16,3,3,1.1,0.1,40,2XU3,6.0,False,201,-33.11,2.27,0.16,596,1478,1171.868,ok
cb20abd70e0ece3d85e1338101d4bd72,sp16,3,3,1.1,0.1,40,2XU3,6.2,False,201,-28.84,2.81,0.20,601,1503,1152.021,ok
d60363c0fec1c05a155d848f9a232a3e,sp16,3,3,1.1,0.1,40,2XU3,6.2,False,201,-28.88,2.41,0.17,598,1500,1154.188,ok
0790157ee26dfb0fea3a1ce3db026f75,sp16,3,3,1.1,0.1,40,3I06,6.5,False,201,-28.14,3.99,0.28,555,1410,1228.887,ok
3c117a293542d626d77f570da38bd5f1,sp16,3,3,1.1,0.1,40,3I06,6.43,False,201,-27.04,2.39,0.17,546,1383,1252.912,ok
47a8000e16980306005511b953a06ecf,sp16,3,3,1.1,0.1,40,3I06,6.77,False,201,-27.62,2.72,0.19,542,1479,1171.331,ok
5d418a86059c42695f5856b68e7a7118,sp16,3,3,1.1,0.1,40,3I06,7.41,True,201,-26.20,3.15,0.22,542,1423,1216.745,ok
b85a22ec0aa0dc6afd4221dc2f0bb482,sp16,3,3,1.1,0.1,40,3I06,6.6,True,201,-27.44,5.83,0.41,544,1443,1200.853,ok
ba808f52df2ffa29ea7a2a6a9cd5f0b8,sp16,3,3,1.1,0.1,40,3I06,5.775,False,201,-16.87,8.59,0.61,558,1395,1242.171,ok
c2f2ee45493f8ae40c2fd957499cc3f6,sp16,3,3,1.1,0.1,40,3I06,6.4,True,201,-28.77,4.25,0.30,546,1428,1213.836,ok
d03b3614f1c49ff6b9fbf5832ee9770f,sp16,3,3,1.1,0.1,40,3I06,6.85,False,201,-12.01,4.66,0.33,542,1410,1229.245,ok
e40809a6930ce378fdcb37d1b644e2d6,sp16,3,3,1.1,0.1,40,3I06,5.815,False,201,-21.50,4.39,0.31,542,1407,1231.308,ok
f1a057393d7efd3f562b774490f9dfd1,sp16,3,3,1.1,0.1,40,3I06,6.44,False,201,-25.09,2.14,0.15,542,1412,1226.824,ok
308f2419f5e0ca7b6d39aac23a7de2ff,sp16,3,3,1.1,0.1,40,4A5S,6.06,True,201,-21.04,3.96,0.28,5830,3638,475.622,ok
c6780a0007686453a29186d9ec94b23f,sp16,3,3,1.1,0.1,40,4A5S,7.36,False,201,-19.80,5.34,0.38,5849,3811,454.034,ok
492b610efd391e76c199bfed5b16cf2a,sp16,3,3,1.1,0.1,40,4QB3,5.51,False,201,-30.83,3.67,0.26,270,1188,1460.025,ok
aa4ab13cb4df4d90f08700b97350a57b,sp16,3,3,1.1,0.1,40,4QB3,6.055,True,201,-33.98,3.22,0.23,269,1192,1453.962,ok
bf34923dc4f956fa0c26fb0a54550049,sp16,3,3,1.1,0.1,40,4QB3,5.28,False,201,-37.68,3.85,0.27,269,1194,1451.480,ok
fa512f9f244e78009694ff207c157f04,sp16,3,3,1.1,0.1,40,4QB3,5.975,False,201,-42.25,3.91,0.28,270,1205,1439.385,ok
8f625b232d5b3f24ef0fccc5663f85b7,sp16,3,3,1.1,0.1,40,5HU9,6.39,False,201,-22.32,4.98,0.35,1007,1847,937.722,ok
a9feaf2e38ac31b8f513a09f91500ce9,sp16,3,3,1.1,0.1,40,5HU9,6.38,False,201,-30.32,3.50,0.25,1006,1741,994.795,ok
b97da2a131609768b2ffb5b85b870db2,sp16,3,3,1.1,0.1,40,5HU9,6.44,False,201,-10.67,9.05,0.64,1012,1855,933.457,ok
bc27b2dd2f1cfe96f171984d54609c4e,sp16,3,3,1.1,0.1,40,5HU9,6.36,True,201,-32.00,2.11,0.15,1011,1848,936.990,ok
ee504f886574b282ca630cb14509614b,sp16,3,3,1.1,0.1,40,5HU9,7.8,True,201,-13.88,3.72,0.26,1005,1749,990.237,ok
04e69510b344ad3e65a21130b7429d06,sp16,3,3,1.1,0.1,40,8ELC,8.8,True,201,-40.88,2.78,0.20,1616,2211,782.667,ok
519f148d49ef68ce3782c8eab23fa39e,sp16,3,3,1.1,0.1,40,8ELC,8.4,True,201,-41.05,3.02,0.21,1621,2125,814.877,ok
8334c32de8facb541aeda11ba000b299,sp16,3,3,1.1,0.1,40,8ELC,4.4,False,201,-35.93,2.08,0.15,1621,2226,777.733,ok
ccb9fbbe8dccd3e51806073eb486a17c,sp16,3,3,1.1,0.1,40,8ELC,4.3,False,201,-35.10,1.93,0.14,1622,2193,789.027,ok
eff71722c9c04f7e61a0cf427b3c6019,sp16,3,3,1.1,0.1,40,8ELC,4.3,False,201,-38.65,2.58,0.18,1630,2178,794.664,ok
f444bf4b2a5712cdb76e326e74202030,sp16,3,3,1.1,0.1,40,8ELC,8.2,True,201,-37.34,2.94,0.21,1613,2171,797.262,ok
0a8bd2b181a818ac245c132acb3ffd18,sp16,3,3,1.1,0.1,40,9D9I,4.82,False,201,-40.84,2.63,0.19,600,1570,1103.090,ok
0f35616c28aaaf8c39fd2467e3d2cebd,sp16,3,3,1.1,0.1,40,9D9I,5.21,False,201,-37.19,2.43,0.17,630,1558,1111.705,ok
1a263985d22c81f9d3e9eb46e23d21ab,sp16,3,3,1.1,0.1,40,9D9I,4.88,False,201,-50.26,2.54,0.18,627,1498,1156.285,ok
1f270ea65cd761a78a0ed8ab4ee8fec0,sp16,3,3,1.1,0.1,40,9D9I,5.46,False,201,-47.86,1.88,0.13,636,1478,1172.014,ok
266bbb49e60781aca4002ea95c99c033,sp16,3,3,1.1,0.1,40,9D9I,5.08,False,201,-37.95,2.51,0.18,635,1589,1090.151,ok
295199ed8a4621a340b6b79b4024bec4,sp16,3,3,1.1,0.1,40,9D9I,4.78,False,201,-33.67,2.71,0.19,633,1510,1147.330,ok
59573ee97914f33c9708de5aa2e356b5,sp16,3,3,1.1,0.1,40,9D9I,4.49,False,201,-36.09,1.86,0.13,616,1489,1163.272,ok
909628c1d41006cf8bdc95b988228e4f,sp16,3,3,1.1,0.1,40,9D9I,4.54,False,201,-33.63,2.45,0.17,603,1502,1152.835,ok
b935f060fc633ecb59aac069eeb99d71,sp16,3,3,1.1,0.1,40,9D9I,4.64,False,201,-34.72,2.55,0.18,606,1598,1083.447,ok
f3bf65b5c175c4eb9a32b952ec009daa,sp16,3,3,1.1,0.1,40,9D9I,4.63,False,201,-34.86,2.29,0.16,596,1577,1098.280,ok
0b8c97a20e0da60b11a122b27f6c8b62,sp16,3,3,1.1,0.1,40,9SI4,4.89,False,201,-25.47,3.69,0.26,623,1565,1107.246,ok
253860e6145c4fd6dd9cbc288515e367,sp16,3,3,1.1,0.1,40,9SI4,9.64,True,201,-15.02,4.19,0.30,606,1449,1195.701,ok
359e38e810d725751e2260e2b3006df9,sp16,3,3,1.1,0.1,40,9SI4,4.84,False,201,-21.29,1.81,0.13,649,1455,1189.986,ok
543c819ac4256fe5b41298770a798122,sp16,3,3,1.1,0.1,40,9SI4,7.15,True,201,-30.55,2.34,0.16,611,1501,1154.378,ok
5d9bbfbd38feae26823caf531a5db1a6,sp16,3,3,1.1,0.1,40,9SI4,8.0,True,201,-14.48,2.49,0.18,608,1485,1165.727,ok
6564af0e70be4d43388870363762e68c,sp16,3,3,1.1,0.1,40,9SI4,7.96,True,201,-25.19,7.04,0.50,611,1464,1183.486,ok
9962e35d818f378081860dfde6088db5,sp16,3,3,1.1,0.1,40,9SI4,5.26,False,201,-24.24,3.60,0.25,611,1530,1131.954,ok
bb0523a55a6136f05a592d05fd8ff8de,sp16,3,3,1.1,0.1,40,9SI4,8.57,True,201,-19.31,3.56,0.25,608,1441,1202.494,ok
d005b3d8ed6ab71e5ebd50c1b26a2ffb,sp16,3,3,1.1,0.1,40,9SI4,6.0,True,201,-28.05,2.55,0.18,610,1534,1129.046,ok
d1324bec8ed2f7c4caac7dd5ac774f98,sp16,3,3,1.1,0.1,40,9SI4,8.19,True,201,-22.07,2.59,0.18,606,1474,1174.934,ok
d9a52d46c0ccf0c1913e0eebbacfc330,sp16,3,3,1.1,0.1,40,9SI4,5.32,False,201,-8.13,4.40,0.31,608,1436,1205.507,ok
de91618eee657d877d0668058bd50ff6,sp16,3,3,1.1,0.1,40,9SI4,5.05,False,201,-17.76,2.72,0.19,604,1575,1099.063,ok
eb1eb691e1c65761a234212818817153,sp16,3,3,1.1,0.1,40,9SI4,5.09,False,201,-24.11,2.75,0.19,624,1507,1149.341,ok
f93dfb8ee56b2a98182d0adc1030c114,sp16,3,3,1.1,0.1,40,9SI4,6.35,True,201,-19.13,3.78,0.27,610,1432,1209.381,ok
ffdbd2aa8cc03f78eb6b433fe1a74c09,sp16,3,3,1.1,0.1,40,9SI4,6.75,True,201,-23.45,4.75,0.33,611,1548,1119.095,ok
0220b4986165db73cd9f0775b82b7838,sp17,3,3,1.2,0.2,20,2XU3,7.3,False,201,-38.85,2.46,0.17,612,1557,1112.862,ok
13e1da8f0e67c08c5ef1cb0ebded75a5,sp17,3,3,1.2,0.2,20,2XU3,7.1,False,201,-9.62,3.86,0.27,635,1515,1144.072,ok
335dd6fbc3377cdcf2401cfc6056bc9c,sp17,3,3,1.2,0.2,20,2XU3,7.4,True,201,-15.04,2.70,0.19,597,1625,1066.585,ok
4232bcfa9c606f52c8067ff9e22fe8af,sp17,3,3,1.2,0.2,20,2XU3,7.5,False,201,-38.39,2.43,0.17,608,1596,1085.511,ok
6ef67d129dcb37a0be630ca24c321f02,sp17,3,3,1.2,0.2,20,2XU3,7.3,False,201,-28.32,3.08,0.22,600,1600,1083.308,ok
9c772b2f96c879dc662e5f137990844f,sp17,3,3,1.2,0.2,20,2XU3,7.9,True,201,-23.41,4.28,0.30,602,1582,1095.676,ok
a1409d89193dd0a7a4a54efb7c4b0b88,sp17,3,3,1.2,0.2,20,2XU3,7.6,False,201,-37.98,2.66,0.19,600,1550,1118.311,ok
fd5ba50d24141a833001dc12a320fc8f,sp17,3,3,1.2,0.2,20,2XU3,6.9,True,201,-35.58,2.61,0.18,598,1505,1152.016,ok
fffe47a81a0ad8b0cd7beae03f34b077,sp17,3,3,1.2,0.2,20,2XU3,7.2,False,201,-15.89,2.55,0.18,600,1544,1122.442,ok
0708a8656ea2024a7a2f0e1407f518a7,sp17,3,3,1.2,0.2,20,3I06,5.425,False,201,-32.67,3.83,0.27,544,1403,1235.321,ok
4a67881e46b87364ec2e0ec7cbbf0bec,sp17,3,3,1.2,0.2,20,3I06,7.1,False,201,-31.62,3.45,0.24,544,1434,1209.517,ok
7024d698ad06da1b887b5df50f7728d3,sp17,3,3,1.2,0.2,20,3I06,6.965,False,201,-28.43,3.99,0.28,546,1457,1190.976,ok
922db9175a15e6a2d34d02717b0de6ab,sp17,3,3,1.2,0.2,20,3I06,7.2,False,201,-21.21,6.30,0.44,544,1440,1203.945,ok
e32bacbac8502d337dc3d54d78b564a2,sp17,3,3,1.2,0.2,20,3I06,6.85,False,201,-30.59,2.47,0.17,542,1495,1159.636,ok
e49cfa366cc64bab8e1edf37b372cbf6,sp17,3,3,1.2,0.2,20,3I06,7.26,True,201,-16.97,2.88,0.20,545,1442,1202.984,ok
ff032b5793a25a8e4f9611a34a394671,sp17,3,3,1.2,0.2,20,3I06,6.9,True,201,-19.53,5.68,0.40,548,1427,1215.771,ok
de36f12fbdb6f099ba5ac3231fe389e0,sp17,3,3,1.2,0.2,20,4A5S,8.36,True,201,-32.38,2.18,0.15,5841,3613,479.049,ok
166e854e6f7609934b769fb3b19101c0,sp17,3,3,1.2,0.2,20,4L7G,9.22,True,201,-32.04,2.49,0.18,1772,2175,796.506,ok
e3b605e5b9101a4f3fa1aae790d69360,sp17,3,3,1.2,0.2,20,4L7G,5.05,False,201,-41.49,3.51,0.25,1787,2214,782.143,ok
605f40bd8c866d6adb1d6f2bec42c9b3,sp17,3,3,1.2,0.2,20,4QB3,8.004999999999999,True,201,-32.75,3.62,0.26,270,1235,1404.723,ok
65316367b1c7ba80511f9cb5fb2fd2a4,sp17,3,3,1.2,0.2,20,4QB3,8.25,True,201,-41.64,5.17,0.36,269,1228,1412.930,ok
6b43e44fb3ada6de6c351a68d32eaa65,sp17,3,3,1.2,0.2,20,4QB3,8.74,True,201,-27.32,5.85,0.41,269,1241,1397.246,ok
cc7b6263adb98dd621cdb08fde955a6f,sp17,3,3,1.2,0.2,20,4QB3,9.505,True,201,-44.40,3.37,0.24,269,1234,1405.811,ok
ce9a796b1b540bd01171a965543d5ed4,sp17,3,3,1.2,0.2,20,4QB3,7.99,True,201,-33.58,2.91,0.20,265,1236,1403.260,ok
e157f064686d18428292a95c75eebffe,sp17,3,3,1.2,0.2,20,4QB3,8.495000000000001,True,201,-34.82,3.49,0.25,269,1247,1391.819,ok
12004f3f2e7c95e0f8ddf8877cb7684c,sp17,3,3,1.2,0.2,20,5HU9,7.24,False,201,-33.69,2.68,0.19,1041,1831,946.063,ok
353af6c9cfe7ecb0019d13eaa7b46eaf,sp17,3,3,1.2,0.2,20,5HU9,7.3,False,201,-33.02,2.58,0.18,1005,1798,963.726,ok
427745a99482f89e2af213daac24f2c4,sp17,3,3,1.2,0.2,20,5HU9,7.14,False,201,-27.41,6.84,0.48,1011,1796,964.741,ok
8b7977f1eab9ea4074744154d19bfa8d,sp17,3,3,1.2,0.2,20,5HU9,7.07,False,201,-29.91,7.73,0.55,1012,1788,969.050,ok
b97da2a131609768b2ffb5b85b870db2,sp17,3,3,1.2,0.2,20,5HU9,6.44,False,201,-19.19,4.70,0.33,1011,1765,982.321,ok
04e69510b344ad3e65a21130b7429d06,sp17,3,3,1.2,0.2,20,8ELC,8.8,True,201,-41.62,2.91,0.21,1623,2176,795.941,ok
14e61945a20724d1818139fef8823538,sp17,3,3,1.2,0.2,20,8ELC,6.6,True,201,-38.74,3.77,0.27,1713,2194,789.240,ok
1c58151c5cca3757a0dafb204cf925ad,sp17,3,3,1.2,0.2,20,8ELC,8.2,True,201,-55.51,3.23,0.23,1705,2183,793.530,ok
22449a0ea60f206a1700d752b8923709,sp17,3,3,1.2,0.2,20,8ELC,6.2,True,201,-55.80,2.39,0.17,1631,2152,804.656,ok
3b35ddb2b8a33d05d6b5870a9da6c712,sp17,3,3,1.2,0.2,20,8ELC,7.9,True,201,-30.92,4.66,0.33,1675,2176,795.930,ok
519f148d49ef68ce3782c8eab23fa39e,sp17,3,3,1.2,0.2,20,8ELC,8.4,True,201,-41.27,2.25,0.16,1618,2224,778.706,ok
6e359d9430a2de705d89d808ead7c331,sp17,3,3,1.2,0.2,20,8ELC,5.4,False,201,-40.08,2.51,0.18,1621,2129,813.636,ok
6f6836389edc435ef5de6a0ca5c25474,sp17,3,3,1.2,0.2,20,8ELC,7.1,True,201,-31.44,3.17,0.22,1614,2175,796.195,ok
8334c32de8facb541aeda11ba000b299,sp17,3,3,1.2,0.2,20,8ELC,4.4,False,201,-35.24,1.81,0.13,1620,2175,795.998,ok
8dcaa68c20948305aa767048b2da4ec2,sp17,3,3,1.2,0.2,20,8ELC,5.4,False,201,-34.89,3.26,0.23,1622,2149,806.024,ok
a2698e5db085c1959923b7b6eca55067,sp17,3,3,1.2,0.2,20,8ELC,8.0,True,201,-41.09,3.86,0.27,1621,2140,809.420,ok
b4b28e7bbe6caf601c6f1d9f426e6b74,sp17,3,3,1.2,0.2,20,8ELC,4.3,False,201,-27.87,2.18,0.15,1619,2237,773.886,ok
bc9b7c54eb864a288d845c2e1a4018a9,sp17,3,3,1.2,0.2,20,8ELC,5.4,False,201,-54.94,2.70,0.19,1622,2203,786.172,ok
ccb9fbbe8dccd3e51806073eb486a17c,sp17,3,3,1.2,0.2,20,8ELC,4.3,False,201,-36.17,1.78,0.13,1622,2239,773.419,ok
ceb2b49097d65c6344d7760b76a49be7,sp17,3,3,1.2,0.2,20,8ELC,4.5,False,201,-11.18,3.94,0.28,1616,2147,806.412,ok
ee389516e27a1853ac625548d8ca9482,sp17,3,3,1.2,0.2,20,8ELC,6.0,True,201,-49.38,2.54,0.18,1619,2139,810.106,ok
eff71722c9c04f7e61a0cf427b3c6019,sp17,3,3,1.2,0.2,20,8ELC,4.3,False,201,-39.38,2.13,0.15,1621,2192,790.226,ok
f444bf4b2a5712cdb76e326e74202030,sp17,3,3,1.2,0.2,20,8ELC,8.2,True,NA,NA,NA,NA,0,NA,NA,topo_fail
fae572d9925f12e9cf58d65f8235a662,sp17,3,3,1.2,0.2,20,8ELC,5.4,False,201,-58.85,3.07,0.22,1628,2138,810.083,ok
2b0f0d7f8914675eaf8e2f5aee81598d,sp17,3,3,1.2,0.2,20,9D9I,6.48,False,201,-49.46,2.48,0.18,644,1556,1114.134,ok
59573ee97914f33c9708de5aa2e356b5,sp17,3,3,1.2,0.2,20,9D9I,4.49,False,201,-36.20,2.03,0.14,601,1587,1091.751,ok
7f401a529b655f4a54438d8f5d6f0225,sp17,3,3,1.2,0.2,20,9D9I,6.16,True,201,-42.20,2.50,0.18,601,1550,1117.722,ok
909628c1d41006cf8bdc95b988228e4f,sp17,3,3,1.2,0.2,20,9D9I,4.54,False,201,-34.62,2.51,0.18,604,1612,1075.167,ok
ace45146c6a78c8039ff1fcd87b39fda,sp17,3,3,1.2,0.2,20,9D9I,5.62,False,201,-46.25,3.07,0.22,608,1571,1102.650,ok
e13195a3669e20a1cb71ccb752460291,sp17,3,3,1.2,0.2,20,9D9I,6.18,False,201,-51.50,2.65,0.19,607,1567,1106.097,ok
e5ec85f1b96ce3d4ca5d747969350f0f,sp17,3,3,1.2,0.2,20,9D9I,5.68,False,201,-47.16,2.67,0.19,607,1526,1135.985,ok
01bd41af226d7f8d1e5fdb361b0b562d,sp17,3,3,1.2,0.2,20,9SI4,5.13,False,201,-14.47,3.63,0.26,652,1497,1157.579,ok
65fcca610b91676d473a89c0858c6ffc,sp17,3,3,1.2,0.2,20,9SI4,5.1,False,201,-10.34,6.50,0.46,607,1527,1134.351,ok
69da907af4c1f2f8307d027d4ab80d72,sp17,3,3,1.2,0.2,20,9SI4,5.02,False,201,-25.62,1.82,0.13,608,1511,1146.393,ok
d005b3d8ed6ab71e5ebd50c1b26a2ffb,sp17,3,3,1.2,0.2,20,9SI4,6.0,True,201,-26.72,2.85,0.20,626,1486,1166.072,ok
dbc5bdf0c84f89a682be5ac536c00bd2,sp17,3,3,1.2,0.2,20,9SI4,5.12,False,201,-12.57,5.22,0.37,607,1454,1191.765,ok
de91618eee657d877d0668058bd50ff6,sp17,3,3,1.2,0.2,20,9SI4,5.05,False,201,-14.80,3.23,0.23,606,1472,1176.569,ok
eb1eb691e1c65761a234212818817153,sp17,3,3,1.2,0.2,20,9SI4,5.09,False,201,-24.21,3.20,0.23,608,1516,1143.396,ok
5d418a86059c42695f5856b68e7a7118,sp18,4,1,1.0,0.2,80,3I06,7.41,True,201,-24.50,5.20,0.37,544,1160,1494.065,ok
77b75df8109925be76df5616a3e1c899,sp18,4,1,1.0,0.2,80,3I06,5.744999999999999,False,201,-8.46,7.07,0.50,558,1240,1397.938,ok
ba808f52df2ffa29ea7a2a6a9cd5f0b8,sp18,4,1,1.0,0.2,80,3I06,5.775,False,201,-21.67,3.68,0.26,556,1198,1447.185,ok
2b0f0d7f8914675eaf8e2f5aee81598d,sp18,4,1,1.0,0.2,80,9D9I,6.48,False,201,-48.68,2.47,0.17,639,1268,1366.442,ok
909628c1d41006cf8bdc95b988228e4f,sp18,4,1,1.0,0.2,80,9D9I,4.54,False,201,-33.69,2.35,0.17,602,1251,1384.686,ok
e5ec85f1b96ce3d4ca5d747969350f0f,sp18,4,1,1.0,0.2,80,9D9I,5.68,False,201,-47.53,2.34,0.17,604,1257,1377.866,ok
f3bf65b5c175c4eb9a32b952ec009daa,sp18,4,1,1.0,0.2,80,9D9I,4.63,False,201,-33.13,2.30,0.16,596,1260,1374.337,ok
543c819ac4256fe5b41298770a798122,sp18,4,1,1.0,0.2,80,9SI4,7.15,True,201,-27.39,3.60,0.25,611,1205,1439.348,ok
69da907af4c1f2f8307d027d4ab80d72,sp18,4,1,1.0,0.2,80,9SI4,5.02,False,201,-25.91,1.96,0.14,606,1214,1428.218,ok
de91618eee657d877d0668058bd50ff6,sp18,4,1,1.0,0.2,80,9SI4,5.05,False,201,-13.43,6.56,0.46,606,1212,1429.932,ok
37f9f904b3a0eaee2c624e4559ebe52f,sp19,4,1,1.1,0.0,40,3I06,5.4,False,201,-32.41,2.94,0.21,546,1267,1366.312,ok
3c117a293542d626d77f570da38bd5f1,sp19,4,1,1.1,0.0,40,3I06,6.43,False,201,-26.28,2.43,0.17,544,1216,1423.710,ok
752f05c1f66a8f4b3b1789ec136a4c33,sp19,4,1,1.1,0.0,40,3I06,5.4,False,201,-13.70,5.58,0.39,560,1208,1432.954,ok
77b75df8109925be76df5616a3e1c899,sp19,4,1,1.1,0.0,40,3I06,5.744999999999999,False,201,-21.88,4.70,0.33,544,1270,1362.981,ok
c2f2ee45493f8ae40c2fd957499cc3f6,sp19,4,1,1.1,0.0,40,3I06,6.4,True,201,-22.59,3.80,0.27,544,1232,1405.679,ok
e49cfa366cc64bab8e1edf37b372cbf6,sp19,4,1,1.1,0.0,40,3I06,7.26,True,201,-17.14,5.18,0.37,548,1219,1420.517,ok
ea7f0fb058ae9dd251ae33c9d872926b,sp19,4,1,1.1,0.0,40,3I06,4.52,False,201,-18.86,4.72,0.33,549,1250,1385.211,ok
5b6d2943bab2409bd0928714d9016311,sp19,4,1,1.1,0.0,40,9D9I,7.06,False,201,-55.78,2.96,0.21,607,1319,1312.549,ok
0b8c97a20e0da60b11a122b27f6c8b62,sp19,4,1,1.1,0.0,40,9SI4,4.89,False,201,-30.32,3.38,0.24,614,1269,1364.210,ok
196b38c7ef93d3d9da6c8ba5fbe7cc36,sp19,4,1,1.1,0.0,40,9SI4,5.19,False,201,-21.93,3.17,0.22,643,1255,1379.861,ok
359e38e810d725751e2260e2b3006df9,sp19,4,1,1.1,0.0,40,9SI4,4.84,False,201,-21.16,1.82,0.13,610,1290,1341.567,ok
69da907af4c1f2f8307d027d4ab80d72,sp19,4,1,1.1,0.0,40,9SI4,5.02,False,201,-25.46,2.12,0.15,606,1287,1344.913,ok
9fdebd3e36d16344b05f496394363d9c,sp19,4,1,1.1,0.0,40,9SI4,4.96,False,201,-29.02,1.81,0.13,609,1283,1349.331,ok
f93dfb8ee56b2a98182d0adc1030c114,sp19,4,1,1.1,0.0,40,9SI4,6.35,True,201,-22.91,2.89,0.20,612,1315,1316.312,ok
ffdbd2aa8cc03f78eb6b433fe1a74c09,sp19,4,1,1.1,0.0,40,9SI4,6.75,True,201,-23.58,4.86,0.34,613,1263,1370.709,ok
3f6e40d3068fb0fd99bfa763ed0ca2bb,sp20,4,1,1.2,0.1,20,3I06,7.3,True,201,-11.28,8.28,0.58,542,1225,1414.373,ok
2b0f0d7f8914675eaf8e2f5aee81598d,sp20,4,1,1.2,0.1,20,9D9I,6.48,False,201,-46.43,2.68,0.19,647,1277,1356.784,ok
5b6d2943bab2409bd0928714d9016311,sp20,4,1,1.2,0.1,20,9D9I,7.06,False,201,-56.69,2.35,0.17,603,1303,1330.114,ok
5e2a23cb4d697cfdd0e84f4a2481d982,sp20,4,1,1.2,0.1,20,9D9I,6.75,True,201,-42.30,2.66,0.19,609,1308,1324.428,ok
d8a2b383fc51f79cc2469b166af9122c,sp20,4,1,1.2,0.1,20,9D9I,6.9,False,201,-43.89,2.64,0.19,605,1319,1313.171,ok
e13195a3669e20a1cb71ccb752460291,sp20,4,1,1.2,0.1,20,9D9I,6.18,False,201,-51.22,2.61,0.18,612,1309,1324.231,ok
238dd65aac42b2b34162c0b51a84d1db,sp20,4,1,1.2,0.1,20,9SI4,4.01,False,201,-17.13,2.20,0.16,630,1303,1329.609,ok
253860e6145c4fd6dd9cbc288515e367,sp20,4,1,1.2,0.1,20,9SI4,9.64,True,201,-19.12,2.91,0.21,632,1272,1362.636,ok
5d9bbfbd38feae26823caf531a5db1a6,sp20,4,1,1.2,0.1,20,9SI4,8.0,True,201,-15.12,1.91,0.13,606,1283,1349.945,ok
62064a9f6b5d461a4c097abbc9bffe7a,sp20,4,1,1.2,0.1,20,9SI4,10.37,True,201,-23.70,2.21,0.16,608,1273,1361.762,ok
6564af0e70be4d43388870363762e68c,sp20,4,1,1.2,0.1,20,9SI4,7.96,True,201,-17.74,2.51,0.18,608,1258,1377.056,ok
a5b2fb04b878e9fff4b764e79cf06db2,sp20,4,1,1.2,0.1,20,9SI4,4.19,False,201,-32.39,2.45,0.17,610,1258,1377.547,ok
bb0523a55a6136f05a592d05fd8ff8de,sp20,4,1,1.2,0.1,20,9SI4,8.57,True,201,-23.55,3.84,0.27,608,1269,1364.698,ok
d1324bec8ed2f7c4caac7dd5ac774f98,sp20,4,1,1.2,0.1,20,9SI4,8.19,True,201,-13.34,5.62,0.40,606,1267,1367.216,ok
37f9f904b3a0eaee2c624e4559ebe52f,sp21,4,2,1.0,0.0,40,3I06,5.4,False,201,-32.15,2.87,0.20,544,1209,1433.509,ok
3f6e40d3068fb0fd99bfa763ed0ca2bb,sp21,4,2,1.0,0.0,40,3I06,7.3,True,201,-18.65,2.90,0.20,560,1142,1516.755,ok
77b75df8109925be76df5616a3e1c899,sp21,4,2,1.0,0.0,40,3I06,5.744999999999999,False,201,-25.76,2.16,0.15,546,1217,1422.928,ok
cabddb27a77b57b277eb28c407a26d3f,sp21,4,2,1.0,0.0,40,3I06,5.6,False,201,-29.65,3.65,0.26,561,1147,1510.263,ok
e32bacbac8502d337dc3d54d78b564a2,sp21,4,2,1.0,0.0,40,3I06,6.85,False,201,-30.84,2.32,0.16,545,1143,1513.569,ok
e49cfa366cc64bab8e1edf37b372cbf6,sp21,4,2,1.0,0.0,40,3I06,7.26,True,201,-15.51,4.88,0.34,548,1133,1528.958,ok
ea7f0fb058ae9dd251ae33c9d872926b,sp21,4,2,1.0,0.0,40,3I06,4.52,False,201,-16.51,4.54,0.32,545,1160,1492.887,ok
0f35616c28aaaf8c39fd2467e3d2cebd,sp21,4,2,1.0,0.0,40,9D9I,5.21,False,201,-37.51,2.36,0.17,623,1198,1444.610,ok
1f270ea65cd761a78a0ed8ab4ee8fec0,sp21,4,2,1.0,0.0,40,9D9I,5.46,False,201,-47.56,2.33,0.16,634,1201,1441.980,ok
266bbb49e60781aca4002ea95c99c033,sp21,4,2,1.0,0.0,40,9D9I,5.08,False,201,-37.29,2.70,0.19,631,1230,1407.604,ok
5e2a23cb4d697cfdd0e84f4a2481d982,sp21,4,2,1.0,0.0,40,9D9I,6.75,True,201,-40.95,3.26,0.23,607,1248,1387.779,ok
d4a029e120a4109e548f939835fea733,sp21,4,2,1.0,0.0,40,9D9I,7.92,True,201,-54.71,3.10,0.22,603,1252,1382.230,ok
de1492a39ee5b6346482dc83a1060a60,sp21,4,2,1.0,0.0,40,9D9I,5.58,False,201,-47.95,2.37,0.17,599,1227,1410.507,ok
e13195a3669e20a1cb71ccb752460291,sp21,4,2,1.0,0.0,40,9D9I,6.18,False,201,-51.21,2.41,0.17,607,1250,1384.443,ok
196b38c7ef93d3d9da6c8ba5fbe7cc36,sp21,4,2,1.0,0.0,40,9SI4,5.19,False,201,-21.19,3.78,0.27,640,1227,1410.870,ok
9e7607ef3d929c5fd46ea0dc7f23f535,sp21,4,2,1.0,0.0,40,9SI4,4.73,False,201,-28.22,1.94,0.14,610,1159,1494.654,ok
a5b2fb04b878e9fff4b764e79cf06db2,sp21,4,2,1.0,0.0,40,9SI4,4.19,False,201,-28.41,2.87,0.20,608,1158,1495.334,ok
e8397fcd2197e27d094058bc02fbba6a,sp21,4,2,1.0,0.0,40,9SI4,4.5,False,201,-46.58,3.11,0.22,611,1154,1500.137,ok
03f5731ad72b97ea2fd1ec352fe5dde0,sp22,4,2,1.1,0.1,20,9D9I,6.59,False,201,-55.07,2.37,0.17,614,1217,1425.018,ok
1f270ea65cd761a78a0ed8ab4ee8fec0,sp22,4,2,1.1,0.1,20,9D9I,5.46,False,201,-47.07,1.77,0.13,631,1236,1402.660,ok
2b0f0d7f8914675eaf8e2f5aee81598d,sp22,4,2,1.1,0.1,20,9D9I,6.48,False,201,-46.51,2.53,0.18,646,1234,1404.293,ok
5e2a23cb4d697cfdd0e84f4a2481d982,sp22,4,2,1.1,0.1,20,9D9I,6.75,True,201,-41.38,3.70,0.26,607,1228,1412.082,ok
69ea6e3ad23ea569f4bbfa0263cb5bdc,sp22,4,2,1.1,0.1,20,9D9I,7.06,False,201,-47.79,2.65,0.19,603,1232,1406.822,ok
d8a2b383fc51f79cc2469b166af9122c,sp22,4,2,1.1,0.1,20,9D9I,6.9,False,201,-43.49,2.79,0.20,604,1215,1426.486,ok
de1492a39ee5b6346482dc83a1060a60,sp22,4,2,1.1,0.1,20,9D9I,5.58,False,201,-47.77,2.38,0.17,601,1222,1417.058,ok
047b4e5133e0d4a8a3c4c2b9f29f5ee1,sp22,4,2,1.1,0.1,20,9SI4,4.46,False,201,-20.21,1.40,0.10,608,1183,1465.175,ok
0b8c97a20e0da60b11a122b27f6c8b62,sp22,4,2,1.1,0.1,20,9SI4,4.89,False,201,-21.53,3.38,0.24,617,1216,1425.427,ok
253860e6145c4fd6dd9cbc288515e367,sp22,4,2,1.1,0.1,20,9SI4,9.64,True,201,-19.49,3.28,0.23,634,1179,1469.377,ok
359e38e810d725751e2260e2b3006df9,sp22,4,2,1.1,0.1,20,9SI4,4.84,False,201,-21.83,1.67,0.12,608,1168,1483.957,ok
62064a9f6b5d461a4c097abbc9bffe7a,sp22,4,2,1.1,0.1,20,9SI4,10.37,True,201,-24.63,1.60,0.11,621,1156,1499.310,ok
9e7607ef3d929c5fd46ea0dc7f23f535,sp22,4,2,1.1,0.1,20,9SI4,4.73,False,201,-28.17,2.44,0.17,610,1183,1464.230,ok
9fdebd3e36d16344b05f496394363d9c,sp22,4,2,1.1,0.1,20,9SI4,4.96,False,201,-28.82,2.10,0.15,607,1192,1453.948,ok
bb0523a55a6136f05a592d05fd8ff8de,sp22,4,2,1.1,0.1,20,9SI4,8.57,True,201,-24.33,2.70,0.19,628,1171,1479.525,ok
e8397fcd2197e27d094058bc02fbba6a,sp22,4,2,1.1,0.1,20,9SI4,4.5,False,201,-49.11,2.19,0.15,610,1175,1474.109,ok
d4a029e120a4109e548f939835fea733,sp23,4,2,1.2,0.2,80,9D9I,7.92,True,201,-53.91,2.78,0.20,607,1212,1431.236,ok
5d9bbfbd38feae26823caf531a5db1a6,sp23,4,2,1.2,0.2,80,9SI4,8.0,True,201,-12.71,4.10,0.29,606,1162,1491.484,ok
62064a9f6b5d461a4c097abbc9bffe7a,sp23,4,2,1.2,0.2,80,9SI4,10.37,True,201,-24.51,1.91,0.13,620,1187,1460.801,ok
6564af0e70be4d43388870363762e68c,sp23,4,2,1.2,0.2,80,9SI4,7.96,True,201,-15.38,2.96,0.21,609,1154,1501.674,ok
bb0523a55a6136f05a592d05fd8ff8de,sp23,4,2,1.2,0.2,80,9SI4,8.57,True,201,-24.01,2.61,0.18,609,1142,1517.848,ok
d1324bec8ed2f7c4caac7dd5ac774f98,sp23,4,2,1.2,0.2,80,9SI4,8.19,True,201,-16.96,7.12,0.50,606,1198,1445.826,ok
3f6e40d3068fb0fd99bfa763ed0ca2bb,sp24,4,3,1.0,0.1,20,3I06,7.3,True,201,-20.76,3.19,0.23,558,1099,1576.370,ok
e49cfa366cc64bab8e1edf37b372cbf6,sp24,4,3,1.0,0.1,20,3I06,7.26,True,201,-11.00,5.51,0.39,544,1100,1575.787,ok
047b4e5133e0d4a8a3c4c2b9f29f5ee1,sp24,4,3,1.0,0.1,20,9SI4,4.46,False,201,-19.99,1.36,0.10,619,1118,1550.000,ok
0b8c97a20e0da60b11a122b27f6c8b62,sp24,4,3,1.0,0.1,20,9SI4,4.89,False,201,-25.01,6.10,0.43,615,1111,1559.623,ok
359e38e810d725751e2260e2b3006df9,sp24,4,3,1.0,0.1,20,9SI4,4.84,False,201,-22.07,2.01,0.14,608,1115,1553.825,ok
5d9bbfbd38feae26823caf531a5db1a6,sp24,4,3,1.0,0.1,20,9SI4,8.0,True,201,-13.54,3.41,0.24,606,1138,1522.266,ok
9e7607ef3d929c5fd46ea0dc7f23f535,sp24,4,3,1.0,0.1,20,9SI4,4.73,False,201,-27.86,2.29,0.16,608,1106,1567.400,ok
9fdebd3e36d16344b05f496394363d9c,sp24,4,3,1.0,0.1,20,9SI4,4.96,False,201,-28.99,1.63,0.11,607,1172,1478.150,ok
a5b2fb04b878e9fff4b764e79cf06db2,sp24,4,3,1.0,0.1,20,9SI4,4.19,False,201,-32.95,2.14,0.15,609,1220,1420.729,ok
e8397fcd2197e27d094058bc02fbba6a,sp24,4,3,1.0,0.1,20,9SI4,4.5,False,201,-48.51,2.65,0.19,611,1166,1485.917,ok
77b75df8109925be76df5616a3e1c899,sp25,4,3,1.1,0.2,80,3I06,5.744999999999999,False,201,-21.70,3.49,0.25,544,1073,1615.156,ok
c2f2ee45493f8ae40c2fd957499cc3f6,sp25,4,3,1.1,0.2,80,3I06,6.4,True,201,-25.00,3.16,0.22,544,1091,1588.509,ok
0a8bd2b181a818ac245c132acb3ffd18,sp25,4,3,1.1,0.2,80,9D9I,4.82,False,201,-38.44,2.69,0.19,602,1133,1529.765,ok
1f270ea65cd761a78a0ed8ab4ee8fec0,sp25,4,3,1.1,0.2,80,9D9I,5.46,False,201,-46.86,2.11,0.15,627,1112,1558.321,ok
266bbb49e60781aca4002ea95c99c033,sp25,4,3,1.1,0.2,80,9D9I,5.08,False,201,-38.24,2.29,0.16,630,1154,1501.724,ok
5e2a23cb4d697cfdd0e84f4a2481d982,sp25,4,3,1.1,0.2,80,9D9I,6.75,True,201,-47.11,3.45,0.24,604,1147,1511.837,ok
f3bf65b5c175c4eb9a32b952ec009daa,sp25,4,3,1.1,0.2,80,9D9I,4.63,False,201,-33.57,2.22,0.16,600,1181,1467.563,ok
01bd41af226d7f8d1e5fdb361b0b562d,sp25,4,3,1.1,0.2,80,9SI4,5.13,False,201,-12.81,4.02,0.28,640,1104,1569.063,ok
047b4e5133e0d4a8a3c4c2b9f29f5ee1,sp25,4,3,1.1,0.2,80,9SI4,4.46,False,201,-20.27,1.38,0.10,616,1106,1567.203,ok
0b8c97a20e0da60b11a122b27f6c8b62,sp25,4,3,1.1,0.2,80,9SI4,4.89,False,201,-25.96,3.54,0.25,621,1087,1595.085,ok
196b38c7ef93d3d9da6c8ba5fbe7cc36,sp25,4,3,1.1,0.2,80,9SI4,5.19,False,201,-21.92,2.92,0.21,638,1108,1563.841,ok
238dd65aac42b2b34162c0b51a84d1db,sp25,4,3,1.1,0.2,80,9SI4,4.01,False,201,-13.16,3.02,0.21,640,1132,1530.992,ok
253860e6145c4fd6dd9cbc288515e367,sp25,4,3,1.1,0.2,80,9SI4,9.64,True,201,-15.93,3.25,0.23,640,1089,1592.276,ok
359e38e810d725751e2260e2b3006df9,sp25,4,3,1.1,0.2,80,9SI4,4.84,False,201,-22.43,1.47,0.10,609,1111,1560.466,ok
4be7a12b601883e91811eeb2e0c4ed4b,sp25,4,3,1.1,0.2,80,9SI4,5.14,False,201,-23.15,1.58,0.11,606,1168,1483.124,ok
65fcca610b91676d473a89c0858c6ffc,sp25,4,3,1.1,0.2,80,9SI4,5.1,False,201,-13.91,2.26,0.16,609,1107,1566.727,ok
69da907af4c1f2f8307d027d4ab80d72,sp25,4,3,1.1,0.2,80,9SI4,5.02,False,201,-23.99,2.96,0.21,607,1123,1542.593,ok
737df570b627d06e92101677b4e3da21,sp25,4,3,1.1,0.2,80,9SI4,4.26,False,201,-27.89,2.25,0.16,608,1117,1550.816,ok
9962e35d818f378081860dfde6088db5,sp25,4,3,1.1,0.2,80,9SI4,5.26,False,201,-20.29,3.50,0.25,610,1144,1513.814,ok
9e7607ef3d929c5fd46ea0dc7f23f535,sp25,4,3,1.1,0.2,80,9SI4,4.73,False,201,-27.95,2.28,0.16,612,1117,1552.468,ok
9fdebd3e36d16344b05f496394363d9c,sp25,4,3,1.1,0.2,80,9SI4,4.96,False,201,-28.86,1.65,0.12,608,1155,1500.091,ok
a5b2fb04b878e9fff4b764e79cf06db2,sp25,4,3,1.1,0.2,80,9SI4,4.19,False,201,-31.29,3.44,0.24,609,1092,1587.061,ok
bb0523a55a6136f05a592d05fd8ff8de,sp25,4,3,1.1,0.2,80,9SI4,8.57,True,201,-23.27,3.10,0.22,614,1085,1599.578,ok
d005b3d8ed6ab71e5ebd50c1b26a2ffb,sp25,4,3,1.1,0.2,80,9SI4,6.0,True,201,-28.19,2.54,0.18,609,1087,1594.375,ok
d1324bec8ed2f7c4caac7dd5ac774f98,sp25,4,3,1.1,0.2,80,9SI4,8.19,True,201,-16.22,6.23,0.44,607,1143,1516.173,ok
d9a52d46c0ccf0c1913e0eebbacfc330,sp25,4,3,1.1,0.2,80,9SI4,5.32,False,201,-16.01,4.52,0.32,604,1103,1571.505,ok
dbc5bdf0c84f89a682be5ac536c00bd2,sp25,4,3,1.1,0.2,80,9SI4,5.12,False,201,-13.56,4.29,0.30,606,1103,1572.508,ok
de91618eee657d877d0668058bd50ff6,sp25,4,3,1.1,0.2,80,9SI4,5.05,False,201,-17.83,2.47,0.17,607,1119,1548.814,ok
e8397fcd2197e27d094058bc02fbba6a,sp25,4,3,1.1,0.2,80,9SI4,4.5,False,201,-49.80,2.48,0.17,611,1106,1568.075,ok
eb1eb691e1c65761a234212818817153,sp25,4,3,1.1,0.2,80,9SI4,5.09,False,201,-24.16,2.72,0.19,606,1096,1581.300,ok
f93dfb8ee56b2a98182d0adc1030c114,sp25,4,3,1.1,0.2,80,9SI4,6.35,True,201,-21.50,3.93,0.28,609,1101,1574.741,ok
fc4ddc57541f29488f09921d9b36bc97,sp25,4,3,1.1,0.2,80,9SI4,5.16,False,201,-21.82,3.24,0.23,608,1183,1465.393,ok
37f9f904b3a0eaee2c624e4559ebe52f,sp26,4,3,1.2,0.0,40,3I06,5.4,False,201,-33.05,2.43,0.17,546,1116,1552.015,ok
7024d698ad06da1b887b5df50f7728d3,sp26,4,3,1.2,0.0,40,3I06,6.965,False,201,-26.22,3.10,0.22,546,1140,1520.849,ok
77b75df8109925be76df5616a3e1c899,sp26,4,3,1.2,0.0,40,3I06,5.744999999999999,False,201,-24.21,2.66,0.19,544,1143,1515.633,ok
8aec869639fd159e3c91d77b4fcc4e79,sp26,4,3,1.2,0.0,40,3I06,5.73,False,201,-12.27,6.06,0.43,542,1181,1466.306,ok
c2f2ee45493f8ae40c2fd957499cc3f6,sp26,4,3,1.2,0.0,40,3I06,6.4,True,201,-23.70,4.16,0.29,544,1151,1504.433,ok
e32bacbac8502d337dc3d54d78b564a2,sp26,4,3,1.2,0.0,40,3I06,6.85,False,201,-31.00,1.95,0.14,542,1119,1548.374,ok
f1a057393d7efd3f562b774490f9dfd1,sp26,4,3,1.2,0.0,40,3I06,6.44,False,201,-24.66,2.00,0.14,542,1139,1521.201,ok
253860e6145c4fd6dd9cbc288515e367,sp26,4,3,1.2,0.0,40,9SI4,9.64,True,201,-16.05,2.22,0.16,655,1162,1490.866,ok
69da907af4c1f2f8307d027d4ab80d72,sp26,4,3,1.2,0.0,40,9SI4,5.02,False,201,-25.75,1.76,0.12,606,1165,1486.856,ok
737df570b627d06e92101677b4e3da21,sp26,4,3,1.2,0.0,40,9SI4,4.26,False,201,-27.64,2.20,0.16,608,1160,1492.837,ok
bb0523a55a6136f05a592d05fd8ff8de,sp26,4,3,1.2,0.0,40,9SI4,8.57,True,201,-23.16,2.92,0.21,608,1149,1507.705,ok
