complex_id,target,combo,mean_dG_kcalmol,n_frames
01bd41af226d7f8d1e5fdb361b0b562d,9SI4,igb1_di1_salt0.15_st0,-9.9958,3001
01bd41af226d7f8d1e5fdb361b0b562d,9SI4,igb1_di1_salt0.15_st0.0072,-11.722,3001
01bd41af226d7f8d1e5fdb361b0b562d,9SI4,igb1_di1_salt0_st0,-9.998,3001
01bd41af226d7f8d1e5fdb361b0b562d,9SI4,igb1_di1_salt0_st0.0072,-11.7241,3001
01bd41af226d7f8d1e5fdb361b0b562d,9SI4,igb1_di2_salt0.15_st0,-11.9168,3001
01bd41af226d7f8d1e5fdb361b0b562d,9SI4,igb1_di2_salt0.15_st0.0072,-13.6429,3001
01bd41af226d7f8d1e5fdb361b0b562d,9SI4,igb1_di2_salt0_st0,-11.919,3001
01bd41af226d7f8d1e5fdb361b0b562d,9SI4,igb1_di2_salt0_st0.0072,-13.6452,3001
01bd41af226d7f8d1e5fdb361b0b562d,9SI4,igb1_di4_salt0.15_st0,-12.8774,3001
01bd41af226d7f8d1e5fdb361b0b562d,9SI4,igb1_di4_salt0.15_st0.0072,-14.6034,3001
01bd41af226d7f8d1e5fdb361b0b562d,9SI4,igb1_di4_salt0_st0,-12.8796,3001
01bd41af226d7f8d1e5fdb361b0b562d,9SI4,igb1_di4_salt0_st0.0072,-14.6057,3001
01bd41af226d7f8d1e5fdb361b0b562d,9SI4,igb2_di1_salt0.15_st0,-8.1314,3001
01bd41af226d7f8d1e5fdb361b0b562d,9SI4,igb2_di1_salt0.15_st0.0072,-9.8575,3001
01bd41af226d7f8d1e5fdb361b0b562d,9SI4,igb2_di1_salt0_st0,-8.1342,3001
01bd41af226d7f8d1e5fdb361b0b562d,9SI4,igb2_di1_salt0_st0.0072,-9.8603,3001
01bd41af226d7f8d1e5fdb361b0b562d,9SI4,igb2_di2_salt0.15_st0,-10.9963,3001
01bd41af226d7f8d1e5fdb361b0b562d,9SI4,igb2_di2_salt0.15_st0.0072,-12.7225,3001
01bd41af226d7f8d1e5fdb361b0b562d,9SI4,igb2_di2_salt0_st0,-10.999,3001
01bd41af226d7f8d1e5fdb361b0b562d,9SI4,igb2_di2_salt0_st0.0072,-12.7253,3001
01bd41af226d7f8d1e5fdb361b0b562d,9SI4,igb2_di4_salt0.15_st0,-12.4288,3001
01bd41af226d7f8d1e5fdb361b0b562d,9SI4,igb2_di4_salt0.15_st0.0072,-14.1549,3001
01bd41af226d7f8d1e5fdb361b0b562d,9SI4,igb2_di4_salt0_st0,-12.4316,3001
01bd41af226d7f8d1e5fdb361b0b562d,9SI4,igb2_di4_salt0_st0.0072,-14.1578,3001
01bd41af226d7f8d1e5fdb361b0b562d,9SI4,igb5_di1_salt0.15_st0,-8.1762,3001
01bd41af226d7f8d1e5fdb361b0b562d,9SI4,igb5_di1_salt0.15_st0.0072,-9.9024,3001
01bd41af226d7f8d1e5fdb361b0b562d,9SI4,igb5_di1_salt0_st0,-8.1805,3001
01bd41af226d7f8d1e5fdb361b0b562d,9SI4,igb5_di1_salt0_st0.0072,-9.9067,3001
01bd41af226d7f8d1e5fdb361b0b562d,9SI4,igb5_di2_salt0.15_st0,-11.0177,3001
01bd41af226d7f8d1e5fdb361b0b562d,9SI4,igb5_di2_salt0.15_st0.0072,-12.7439,3001
01bd41af226d7f8d1e5fdb361b0b562d,9SI4,igb5_di2_salt0_st0,-11.022,3001
01bd41af226d7f8d1e5fdb361b0b562d,9SI4,igb5_di2_salt0_st0.0072,-12.7482,3001
01bd41af226d7f8d1e5fdb361b0b562d,9SI4,igb5_di4_salt0.15_st0,-12.4385,3001
01bd41af226d7f8d1e5fdb361b0b562d,9SI4,igb5_di4_salt0.15_st0.0072,-14.1646,3001
01bd41af226d7f8d1e5fdb361b0b562d,9SI4,igb5_di4_salt0_st0,-12.4428,3001
01bd41af226d7f8d1e5fdb361b0b562d,9SI4,igb5_di4_salt0_st0.0072,-14.1689,3001
01bd41af226d7f8d1e5fdb361b0b562d,9SI4,igb8_di1_salt0.15_st0,-8.0932,3001
01bd41af226d7f8d1e5fdb361b0b562d,9SI4,igb8_di1_salt0.15_st0.0072,-9.8193,3001
01bd41af226d7f8d1e5fdb361b0b562d,9SI4,igb8_di1_salt0_st0,-8.0955,3001
01bd41af226d7f8d1e5fdb361b0b562d,9SI4,igb8_di1_salt0_st0.0072,-9.8217,3001
01bd41af226d7f8d1e5fdb361b0b562d,9SI4,igb8_di2_salt0.15_st0,-10.9776,3001
01bd41af226d7f8d1e5fdb361b0b562d,9SI4,igb8_di2_salt0.15_st0.0072,-12.7039,3001
01bd41af226d7f8d1e5fdb361b0b562d,9SI4,igb8_di2_salt0_st0,-10.9801,3001
01bd41af226d7f8d1e5fdb361b0b562d,9SI4,igb8_di2_salt0_st0.0072,-12.7062,3001
01bd41af226d7f8d1e5fdb361b0b562d,9SI4,igb8_di4_salt0.15_st0,-12.42,3001
01bd41af226d7f8d1e5fdb361b0b562d,9SI4,igb8_di4_salt0.15_st0.0072,-14.1461,3001
01bd41af226d7f8d1e5fdb361b0b562d,9SI4,igb8_di4_salt0_st0,-12.4224,3001
01bd41af226d7f8d1e5fdb361b0b562d,9SI4,igb8_di4_salt0_st0.0072,-14.1484,3001
0220b4986165db73cd9f0775b82b7838,2XU3,igb1_di1_salt0.15_st0,-28.6375,3001
0220b4986165db73cd9f0775b82b7838,2XU3,igb1_di1_salt0.15_st0.0072,-33.4792,3001
0220b4986165db73cd9f0775b82b7838,2XU3,igb1_di1_salt0_st0,-28.6161,3001
0220b4986165db73cd9f0775b82b7838,2XU3,igb1_di1_salt0_st0.0072,-33.4579,3001
0220b4986165db73cd9f0775b82b7838,2XU3,igb1_di2_salt0.15_st0,-32.5392,3001
0220b4986165db73cd9f0775b82b7838,2XU3,igb1_di2_salt0.15_st0.0072,-37.381,3001
0220b4986165db73cd9f0775b82b7838,2XU3,igb1_di2_salt0_st0,-32.5179,3001
0220b4986165db73cd9f0775b82b7838,2XU3,igb1_di2_salt0_st0.0072,-37.3596,3001
0220b4986165db73cd9f0775b82b7838,2XU3,igb1_di4_salt0.15_st0,-34.49,3001
0220b4986165db73cd9f0775b82b7838,2XU3,igb1_di4_salt0.15_st0.0072,-39.3318,3001
0220b4986165db73cd9f0775b82b7838,2XU3,igb1_di4_salt0_st0,-34.4687,3001
0220b4986165db73cd9f0775b82b7838,2XU3,igb1_di4_salt0_st0.0072,-39.3104,3001
0220b4986165db73cd9f0775b82b7838,2XU3,igb2_di1_salt0.15_st0,-24.0055,3001
0220b4986165db73cd9f0775b82b7838,2XU3,igb2_di1_salt0.15_st0.0072,-28.8473,3001
0220b4986165db73cd9f0775b82b7838,2XU3,igb2_di1_salt0_st0,-23.9829,3001
0220b4986165db73cd9f0775b82b7838,2XU3,igb2_di1_salt0_st0.0072,-28.8247,3001
0220b4986165db73cd9f0775b82b7838,2XU3,igb2_di2_salt0.15_st0,-30.2538,3001
0220b4986165db73cd9f0775b82b7838,2XU3,igb2_di2_salt0.15_st0.0072,-35.0956,3001
0220b4986165db73cd9f0775b82b7838,2XU3,igb2_di2_salt0_st0,-30.2311,3001
0220b4986165db73cd9f0775b82b7838,2XU3,igb2_di2_salt0_st0.0072,-35.0728,3001
0220b4986165db73cd9f0775b82b7838,2XU3,igb2_di4_salt0.15_st0,-33.378,3001
0220b4986165db73cd9f0775b82b7838,2XU3,igb2_di4_salt0.15_st0.0072,-38.2196,3001
0220b4986165db73cd9f0775b82b7838,2XU3,igb2_di4_salt0_st0,-33.3552,3001
0220b4986165db73cd9f0775b82b7838,2XU3,igb2_di4_salt0_st0.0072,-38.197,3001
0220b4986165db73cd9f0775b82b7838,2XU3,igb5_di1_salt0.15_st0,-25.9366,3001
0220b4986165db73cd9f0775b82b7838,2XU3,igb5_di1_salt0.15_st0.0072,-30.7784,3001
0220b4986165db73cd9f0775b82b7838,2XU3,igb5_di1_salt0_st0,-25.913,3001
0220b4986165db73cd9f0775b82b7838,2XU3,igb5_di1_salt0_st0.0072,-30.7549,3001
0220b4986165db73cd9f0775b82b7838,2XU3,igb5_di2_salt0.15_st0,-31.2074,3001
0220b4986165db73cd9f0775b82b7838,2XU3,igb5_di2_salt0.15_st0.0072,-36.0491,3001
0220b4986165db73cd9f0775b82b7838,2XU3,igb5_di2_salt0_st0,-31.1838,3001
0220b4986165db73cd9f0775b82b7838,2XU3,igb5_di2_salt0_st0.0072,-36.0255,3001
0220b4986165db73cd9f0775b82b7838,2XU3,igb5_di4_salt0.15_st0,-33.8427,3001
0220b4986165db73cd9f0775b82b7838,2XU3,igb5_di4_salt0.15_st0.0072,-38.6845,3001
0220b4986165db73cd9f0775b82b7838,2XU3,igb5_di4_salt0_st0,-33.8192,3001
0220b4986165db73cd9f0775b82b7838,2XU3,igb5_di4_salt0_st0.0072,-38.6609,3001
0220b4986165db73cd9f0775b82b7838,2XU3,igb8_di1_salt0.15_st0,-24.2468,3001
0220b4986165db73cd9f0775b82b7838,2XU3,igb8_di1_salt0.15_st0.0072,-29.0887,3001
0220b4986165db73cd9f0775b82b7838,2XU3,igb8_di1_salt0_st0,-24.2291,3001
0220b4986165db73cd9f0775b82b7838,2XU3,igb8_di1_salt0_st0.0072,-29.0708,3001
0220b4986165db73cd9f0775b82b7838,2XU3,igb8_di2_salt0.15_st0,-30.3704,3001
0220b4986165db73cd9f0775b82b7838,2XU3,igb8_di2_salt0.15_st0.0072,-35.2122,3001
0220b4986165db73cd9f0775b82b7838,2XU3,igb8_di2_salt0_st0,-30.3527,3001
0220b4986165db73cd9f0775b82b7838,2XU3,igb8_di2_salt0_st0.0072,-35.1944,3001
0220b4986165db73cd9f0775b82b7838,2XU3,igb8_di4_salt0.15_st0,-33.432,3001
0220b4986165db73cd9f0775b82b7838,2XU3,igb8_di4_salt0.15_st0.0072,-38.2739,3001
0220b4986165db73cd9f0775b82b7838,2XU3,igb8_di4_salt0_st0,-33.4145,3001
0220b4986165db73cd9f0775b82b7838,2XU3,igb8_di4_salt0_st0.0072,-38.2562,3001
03d2d012db8145e06c35d7e016c645dc,4L7G,igb1_di1_salt0.15_st0,-16.1481,3001
03d2d012db8145e06c35d7e016c645dc,4L7G,igb1_di1_salt0.15_st0.0072,-20.0197,3001
03d2d012db8145e06c35d7e016c645dc,4L7G,igb1_di1_salt0_st0,-16.1635,3001
03d2d012db8145e06c35d7e016c645dc,4L7G,igb1_di1_salt0_st0.0072,-20.0351,3001
03d2d012db8145e06c35d7e016c645dc,4L7G,igb1_di2_salt0.15_st0,-22.5909,3001
03d2d012db8145e06c35d7e016c645dc,4L7G,igb1_di2_salt0.15_st0.0072,-26.4625,3001
03d2d012db8145e06c35d7e016c645dc,4L7G,igb1_di2_salt0_st0,-22.6063,3001
03d2d012db8145e06c35d7e016c645dc,4L7G,igb1_di2_salt0_st0.0072,-26.478,3001
03d2d012db8145e06c35d7e016c645dc,4L7G,igb1_di4_salt0.15_st0,-25.8122,3001
03d2d012db8145e06c35d7e016c645dc,4L7G,igb1_di4_salt0.15_st0.0072,-29.6839,3001
03d2d012db8145e06c35d7e016c645dc,4L7G,igb1_di4_salt0_st0,-25.8276,3001
03d2d012db8145e06c35d7e016c645dc,4L7G,igb1_di4_salt0_st0.0072,-29.6992,3001
03d2d012db8145e06c35d7e016c645dc,4L7G,igb2_di1_salt0.15_st0,-9.6879,3001
03d2d012db8145e06c35d7e016c645dc,4L7G,igb2_di1_salt0.15_st0.0072,-13.5594,3001
03d2d012db8145e06c35d7e016c645dc,4L7G,igb2_di1_salt0_st0,-9.7048,3001
03d2d012db8145e06c35d7e016c645dc,4L7G,igb2_di1_salt0_st0.0072,-13.5763,3001
03d2d012db8145e06c35d7e016c645dc,4L7G,igb2_di2_salt0.15_st0,-19.4017,3001
03d2d012db8145e06c35d7e016c645dc,4L7G,igb2_di2_salt0.15_st0.0072,-23.2733,3001
03d2d012db8145e06c35d7e016c645dc,4L7G,igb2_di2_salt0_st0,-19.4184,3001
03d2d012db8145e06c35d7e016c645dc,4L7G,igb2_di2_salt0_st0.0072,-23.2901,3001
03d2d012db8145e06c35d7e016c645dc,4L7G,igb2_di4_salt0.15_st0,-24.2586,3001
03d2d012db8145e06c35d7e016c645dc,4L7G,igb2_di4_salt0.15_st0.0072,-28.1302,3001
03d2d012db8145e06c35d7e016c645dc,4L7G,igb2_di4_salt0_st0,-24.2755,3001
03d2d012db8145e06c35d7e016c645dc,4L7G,igb2_di4_salt0_st0.0072,-28.147,3001
03d2d012db8145e06c35d7e016c645dc,4L7G,igb5_di1_salt0.15_st0,-9.7522,3001
03d2d012db8145e06c35d7e016c645dc,4L7G,igb5_di1_salt0.15_st0.0072,-13.6238,3001
03d2d012db8145e06c35d7e016c645dc,4L7G,igb5_di1_salt0_st0,-9.7713,3001
03d2d012db8145e06c35d7e016c645dc,4L7G,igb5_di1_salt0_st0.0072,-13.6429,3001
03d2d012db8145e06c35d7e016c645dc,4L7G,igb5_di2_salt0.15_st0,-19.4323,3001
03d2d012db8145e06c35d7e016c645dc,4L7G,igb5_di2_salt0.15_st0.0072,-23.3039,3001
03d2d012db8145e06c35d7e016c645dc,4L7G,igb5_di2_salt0_st0,-19.4515,3001
03d2d012db8145e06c35d7e016c645dc,4L7G,igb5_di2_salt0_st0.0072,-23.3229,3001
03d2d012db8145e06c35d7e016c645dc,4L7G,igb5_di4_salt0.15_st0,-24.2723,3001
03d2d012db8145e06c35d7e016c645dc,4L7G,igb5_di4_salt0.15_st0.0072,-28.1439,3001
03d2d012db8145e06c35d7e016c645dc,4L7G,igb5_di4_salt0_st0,-24.2915,3001
03d2d012db8145e06c35d7e016c645dc,4L7G,igb5_di4_salt0_st0.0072,-28.163,3001
03d2d012db8145e06c35d7e016c645dc,4L7G,igb8_di1_salt0.15_st0,-10.1342,3001
03d2d012db8145e06c35d7e016c645dc,4L7G,igb8_di1_salt0.15_st0.0072,-14.0057,3001
03d2d012db8145e06c35d7e016c645dc,4L7G,igb8_di1_salt0_st0,-10.1506,3001
03d2d012db8145e06c35d7e016c645dc,4L7G,igb8_di1_salt0_st0.0072,-14.0222,3001
03d2d012db8145e06c35d7e016c645dc,4L7G,igb8_di2_salt0.15_st0,-19.6222,3001
03d2d012db8145e06c35d7e016c645dc,4L7G,igb8_di2_salt0.15_st0.0072,-23.4938,3001
03d2d012db8145e06c35d7e016c645dc,4L7G,igb8_di2_salt0_st0,-19.6386,3001
03d2d012db8145e06c35d7e016c645dc,4L7G,igb8_di2_salt0_st0.0072,-23.5103,3001
03d2d012db8145e06c35d7e016c645dc,4L7G,igb8_di4_salt0.15_st0,-24.3663,3001
03d2d012db8145e06c35d7e016c645dc,4L7G,igb8_di4_salt0.15_st0.0072,-28.2377,3001
03d2d012db8145e06c35d7e016c645dc,4L7G,igb8_di4_salt0_st0,-24.3826,3001
03d2d012db8145e06c35d7e016c645dc,4L7G,igb8_di4_salt0_st0.0072,-28.2542,3001
03f5731ad72b97ea2fd1ec352fe5dde0,9D9I,igb1_di1_salt0.15_st0,-30.8275,3001
03f5731ad72b97ea2fd1ec352fe5dde0,9D9I,igb1_di1_salt0.15_st0.0072,-36.7691,3001
03f5731ad72b97ea2fd1ec352fe5dde0,9D9I,igb1_di1_salt0_st0,-30.821,3001
03f5731ad72b97ea2fd1ec352fe5dde0,9D9I,igb1_di1_salt0_st0.0072,-36.7626,3001
03f5731ad72b97ea2fd1ec352fe5dde0,9D9I,igb1_di2_salt0.15_st0,-39.2536,3001
03f5731ad72b97ea2fd1ec352fe5dde0,9D9I,igb1_di2_salt0.15_st0.0072,-45.1953,3001
03f5731ad72b97ea2fd1ec352fe5dde0,9D9I,igb1_di2_salt0_st0,-39.2473,3001
03f5731ad72b97ea2fd1ec352fe5dde0,9D9I,igb1_di2_salt0_st0.0072,-45.1889,3001
03f5731ad72b97ea2fd1ec352fe5dde0,9D9I,igb1_di4_salt0.15_st0,-43.4668,3001
03f5731ad72b97ea2fd1ec352fe5dde0,9D9I,igb1_di4_salt0.15_st0.0072,-49.4084,3001
03f5731ad72b97ea2fd1ec352fe5dde0,9D9I,igb1_di4_salt0_st0,-43.4603,3001
03f5731ad72b97ea2fd1ec352fe5dde0,9D9I,igb1_di4_salt0_st0.0072,-49.4019,3001
03f5731ad72b97ea2fd1ec352fe5dde0,9D9I,igb2_di1_salt0.15_st0,-25.5274,3001
03f5731ad72b97ea2fd1ec352fe5dde0,9D9I,igb2_di1_salt0.15_st0.0072,-31.469,3001
03f5731ad72b97ea2fd1ec352fe5dde0,9D9I,igb2_di1_salt0_st0,-25.5192,3001
03f5731ad72b97ea2fd1ec352fe5dde0,9D9I,igb2_di1_salt0_st0.0072,-31.4608,3001
03f5731ad72b97ea2fd1ec352fe5dde0,9D9I,igb2_di2_salt0.15_st0,-36.6388,3001
03f5731ad72b97ea2fd1ec352fe5dde0,9D9I,igb2_di2_salt0.15_st0.0072,-42.5804,3001
03f5731ad72b97ea2fd1ec352fe5dde0,9D9I,igb2_di2_salt0_st0,-36.6304,3001
03f5731ad72b97ea2fd1ec352fe5dde0,9D9I,igb2_di2_salt0_st0.0072,-42.572,3001
03f5731ad72b97ea2fd1ec352fe5dde0,9D9I,igb2_di4_salt0.15_st0,-42.1944,3001
03f5731ad72b97ea2fd1ec352fe5dde0,9D9I,igb2_di4_salt0.15_st0.0072,-48.136,3001
03f5731ad72b97ea2fd1ec352fe5dde0,9D9I,igb2_di4_salt0_st0,-42.1862,3001
03f5731ad72b97ea2fd1ec352fe5dde0,9D9I,igb2_di4_salt0_st0.0072,-48.1279,3001
03f5731ad72b97ea2fd1ec352fe5dde0,9D9I,igb5_di1_salt0.15_st0,-29.5566,3001
03f5731ad72b97ea2fd1ec352fe5dde0,9D9I,igb5_di1_salt0.15_st0.0072,-35.4981,3001
03f5731ad72b97ea2fd1ec352fe5dde0,9D9I,igb5_di1_salt0_st0,-29.5434,3001
03f5731ad72b97ea2fd1ec352fe5dde0,9D9I,igb5_di1_salt0_st0.0072,-35.485,3001
03f5731ad72b97ea2fd1ec352fe5dde0,9D9I,igb5_di2_salt0.15_st0,-38.6298,3001
03f5731ad72b97ea2fd1ec352fe5dde0,9D9I,igb5_di2_salt0.15_st0.0072,-44.5713,3001
03f5731ad72b97ea2fd1ec352fe5dde0,9D9I,igb5_di2_salt0_st0,-38.6166,3001
03f5731ad72b97ea2fd1ec352fe5dde0,9D9I,igb5_di2_salt0_st0.0072,-44.5582,3001
03f5731ad72b97ea2fd1ec352fe5dde0,9D9I,igb5_di4_salt0.15_st0,-43.1664,3001
03f5731ad72b97ea2fd1ec352fe5dde0,9D9I,igb5_di4_salt0.15_st0.0072,-49.108,3001
03f5731ad72b97ea2fd1ec352fe5dde0,9D9I,igb5_di4_salt0_st0,-43.1533,3001
03f5731ad72b97ea2fd1ec352fe5dde0,9D9I,igb5_di4_salt0_st0.0072,-49.095,3001
03f5731ad72b97ea2fd1ec352fe5dde0,9D9I,igb8_di1_salt0.15_st0,-20.3258,3001
03f5731ad72b97ea2fd1ec352fe5dde0,9D9I,igb8_di1_salt0.15_st0.0072,-26.2674,3001
03f5731ad72b97ea2fd1ec352fe5dde0,9D9I,igb8_di1_salt0_st0,-20.3264,3001
03f5731ad72b97ea2fd1ec352fe5dde0,9D9I,igb8_di1_salt0_st0.0072,-26.268,3001
03f5731ad72b97ea2fd1ec352fe5dde0,9D9I,igb8_di2_salt0.15_st0,-34.067,3001
03f5731ad72b97ea2fd1ec352fe5dde0,9D9I,igb8_di2_salt0.15_st0.0072,-40.0086,3001
03f5731ad72b97ea2fd1ec352fe5dde0,9D9I,igb8_di2_salt0_st0,-34.0675,3001
03f5731ad72b97ea2fd1ec352fe5dde0,9D9I,igb8_di2_salt0_st0.0072,-40.0092,3001
03f5731ad72b97ea2fd1ec352fe5dde0,9D9I,igb8_di4_salt0.15_st0,-40.9376,3001
03f5731ad72b97ea2fd1ec352fe5dde0,9D9I,igb8_di4_salt0.15_st0.0072,-46.8792,3001
03f5731ad72b97ea2fd1ec352fe5dde0,9D9I,igb8_di4_salt0_st0,-40.9383,3001
03f5731ad72b97ea2fd1ec352fe5dde0,9D9I,igb8_di4_salt0_st0.0072,-46.8799,3001
047b4e5133e0d4a8a3c4c2b9f29f5ee1,9SI4,igb1_di1_salt0.15_st0,-14.6368,3001
047b4e5133e0d4a8a3c4c2b9f29f5ee1,9SI4,igb1_di1_salt0.15_st0.0072,-17.1203,3001
047b4e5133e0d4a8a3c4c2b9f29f5ee1,9SI4,igb1_di1_salt0_st0,-14.6305,3001
047b4e5133e0d4a8a3c4c2b9f29f5ee1,9SI4,igb1_di1_salt0_st0.0072,-17.1139,3001
047b4e5133e0d4a8a3c4c2b9f29f5ee1,9SI4,igb1_di2_salt0.15_st0,-17.4268,3001
047b4e5133e0d4a8a3c4c2b9f29f5ee1,9SI4,igb1_di2_salt0.15_st0.0072,-19.9103,3001
047b4e5133e0d4a8a3c4c2b9f29f5ee1,9SI4,igb1_di2_salt0_st0,-17.4206,3001
047b4e5133e0d4a8a3c4c2b9f29f5ee1,9SI4,igb1_di2_salt0_st0.0072,-19.9041,3001
047b4e5133e0d4a8a3c4c2b9f29f5ee1,9SI4,igb1_di4_salt0.15_st0,-18.8219,3001
047b4e5133e0d4a8a3c4c2b9f29f5ee1,9SI4,igb1_di4_salt0.15_st0.0072,-21.3053,3001
047b4e5133e0d4a8a3c4c2b9f29f5ee1,9SI4,igb1_di4_salt0_st0,-18.8158,3001
047b4e5133e0d4a8a3c4c2b9f29f5ee1,9SI4,igb1_di4_salt0_st0.0072,-21.2991,3001
047b4e5133e0d4a8a3c4c2b9f29f5ee1,9SI4,igb2_di1_salt0.15_st0,-11.9492,3001
047b4e5133e0d4a8a3c4c2b9f29f5ee1,9SI4,igb2_di1_salt0.15_st0.0072,-14.4326,3001
047b4e5133e0d4a8a3c4c2b9f29f5ee1,9SI4,igb2_di1_salt0_st0,-11.9442,3001
047b4e5133e0d4a8a3c4c2b9f29f5ee1,9SI4,igb2_di1_salt0_st0.0072,-14.4276,3001
047b4e5133e0d4a8a3c4c2b9f29f5ee1,9SI4,igb2_di2_salt0.15_st0,-16.0998,3001
047b4e5133e0d4a8a3c4c2b9f29f5ee1,9SI4,igb2_di2_salt0.15_st0.0072,-18.5832,3001
047b4e5133e0d4a8a3c4c2b9f29f5ee1,9SI4,igb2_di2_salt0_st0,-16.0948,3001
047b4e5133e0d4a8a3c4c2b9f29f5ee1,9SI4,igb2_di2_salt0_st0.0072,-18.5782,3001
047b4e5133e0d4a8a3c4c2b9f29f5ee1,9SI4,igb2_di4_salt0.15_st0,-18.1751,3001
047b4e5133e0d4a8a3c4c2b9f29f5ee1,9SI4,igb2_di4_salt0.15_st0.0072,-20.6585,3001
047b4e5133e0d4a8a3c4c2b9f29f5ee1,9SI4,igb2_di4_salt0_st0,-18.1701,3001
047b4e5133e0d4a8a3c4c2b9f29f5ee1,9SI4,igb2_di4_salt0_st0.0072,-20.6535,3001
047b4e5133e0d4a8a3c4c2b9f29f5ee1,9SI4,igb5_di1_salt0.15_st0,-11.6743,3001
047b4e5133e0d4a8a3c4c2b9f29f5ee1,9SI4,igb5_di1_salt0.15_st0.0072,-14.1578,3001
047b4e5133e0d4a8a3c4c2b9f29f5ee1,9SI4,igb5_di1_salt0_st0,-11.6727,3001
047b4e5133e0d4a8a3c4c2b9f29f5ee1,9SI4,igb5_di1_salt0_st0.0072,-14.1563,3001
047b4e5133e0d4a8a3c4c2b9f29f5ee1,9SI4,igb5_di2_salt0.15_st0,-15.9624,3001
047b4e5133e0d4a8a3c4c2b9f29f5ee1,9SI4,igb5_di2_salt0.15_st0.0072,-18.4459,3001
047b4e5133e0d4a8a3c4c2b9f29f5ee1,9SI4,igb5_di2_salt0_st0,-15.9609,3001
047b4e5133e0d4a8a3c4c2b9f29f5ee1,9SI4,igb5_di2_salt0_st0.0072,-18.4443,3001
047b4e5133e0d4a8a3c4c2b9f29f5ee1,9SI4,igb5_di4_salt0.15_st0,-18.1065,3001
047b4e5133e0d4a8a3c4c2b9f29f5ee1,9SI4,igb5_di4_salt0.15_st0.0072,-20.59,3001
047b4e5133e0d4a8a3c4c2b9f29f5ee1,9SI4,igb5_di4_salt0_st0,-18.1048,3001
047b4e5133e0d4a8a3c4c2b9f29f5ee1,9SI4,igb5_di4_salt0_st0.0072,-20.5883,3001
047b4e5133e0d4a8a3c4c2b9f29f5ee1,9SI4,igb8_di1_salt0.15_st0,-10.2449,3001
047b4e5133e0d4a8a3c4c2b9f29f5ee1,9SI4,igb8_di1_salt0.15_st0.0072,-12.7283,3001
047b4e5133e0d4a8a3c4c2b9f29f5ee1,9SI4,igb8_di1_salt0_st0,-10.2392,3001
047b4e5133e0d4a8a3c4c2b9f29f5ee1,9SI4,igb8_di1_salt0_st0.0072,-12.7226,3001
047b4e5133e0d4a8a3c4c2b9f29f5ee1,9SI4,igb8_di2_salt0.15_st0,-15.2591,3001
047b4e5133e0d4a8a3c4c2b9f29f5ee1,9SI4,igb8_di2_salt0.15_st0.0072,-17.7424,3001
047b4e5133e0d4a8a3c4c2b9f29f5ee1,9SI4,igb8_di2_salt0_st0,-15.2532,3001
047b4e5133e0d4a8a3c4c2b9f29f5ee1,9SI4,igb8_di2_salt0_st0.0072,-17.7367,3001
047b4e5133e0d4a8a3c4c2b9f29f5ee1,9SI4,igb8_di4_salt0.15_st0,-17.7661,3001
047b4e5133e0d4a8a3c4c2b9f29f5ee1,9SI4,igb8_di4_salt0.15_st0.0072,-20.2496,3001
047b4e5133e0d4a8a3c4c2b9f29f5ee1,9SI4,igb8_di4_salt0_st0,-17.7604,3001
047b4e5133e0d4a8a3c4c2b9f29f5ee1,9SI4,igb8_di4_salt0_st0.0072,-20.2438,3001
04d89e15e651861ca58bbec52b719c49,4QB3,igb1_di1_salt0.15_st0,-27.7279,3001
04d89e15e651861ca58bbec52b719c49,4QB3,igb1_di1_salt0.15_st0.0072,-32.4749,3001
04d89e15e651861ca58bbec52b719c49,4QB3,igb1_di1_salt0_st0,-27.7011,3001
04d89e15e651861ca58bbec52b719c49,4QB3,igb1_di1_salt0_st0.0072,-32.4482,3001
04d89e15e651861ca58bbec52b719c49,4QB3,igb1_di2_salt0.15_st0,-34.1654,3001
04d89e15e651861ca58bbec52b719c49,4QB3,igb1_di2_salt0.15_st0.0072,-38.9124,3001
04d89e15e651861ca58bbec52b719c49,4QB3,igb1_di2_salt0_st0,-34.1387,3001
04d89e15e651861ca58bbec52b719c49,4QB3,igb1_di2_salt0_st0.0072,-38.8856,3001
04d89e15e651861ca58bbec52b719c49,4QB3,igb1_di4_salt0.15_st0,-37.384,3001
04d89e15e651861ca58bbec52b719c49,4QB3,igb1_di4_salt0.15_st0.0072,-42.1311,3001
04d89e15e651861ca58bbec52b719c49,4QB3,igb1_di4_salt0_st0,-37.3574,3001
04d89e15e651861ca58bbec52b719c49,4QB3,igb1_di4_salt0_st0.0072,-42.1043,3001
04d89e15e651861ca58bbec52b719c49,4QB3,igb2_di1_salt0.15_st0,-23.383,3001
04d89e15e651861ca58bbec52b719c49,4QB3,igb2_di1_salt0.15_st0.0072,-28.1301,3001
04d89e15e651861ca58bbec52b719c49,4QB3,igb2_di1_salt0_st0,-23.3557,3001
04d89e15e651861ca58bbec52b719c49,4QB3,igb2_di1_salt0_st0.0072,-28.1027,3001
04d89e15e651861ca58bbec52b719c49,4QB3,igb2_di2_salt0.15_st0,-32.0213,3001
04d89e15e651861ca58bbec52b719c49,4QB3,igb2_di2_salt0.15_st0.0072,-36.7684,3001
04d89e15e651861ca58bbec52b719c49,4QB3,igb2_di2_salt0_st0,-31.994,3001
04d89e15e651861ca58bbec52b719c49,4QB3,igb2_di2_salt0_st0.0072,-36.7408,3001
04d89e15e651861ca58bbec52b719c49,4QB3,igb2_di4_salt0.15_st0,-36.3405,3001
04d89e15e651861ca58bbec52b719c49,4QB3,igb2_di4_salt0.15_st0.0072,-41.0874,3001
04d89e15e651861ca58bbec52b719c49,4QB3,igb2_di4_salt0_st0,-36.313,3001
04d89e15e651861ca58bbec52b719c49,4QB3,igb2_di4_salt0_st0.0072,-41.0601,3001
04d89e15e651861ca58bbec52b719c49,4QB3,igb5_di1_salt0.15_st0,-24.2606,3001
04d89e15e651861ca58bbec52b719c49,4QB3,igb5_di1_salt0.15_st0.0072,-29.0076,3001
04d89e15e651861ca58bbec52b719c49,4QB3,igb5_di1_salt0_st0,-24.232,3001
04d89e15e651861ca58bbec52b719c49,4QB3,igb5_di1_salt0_st0.0072,-28.979,3001
04d89e15e651861ca58bbec52b719c49,4QB3,igb5_di2_salt0.15_st0,-32.4549,3001
04d89e15e651861ca58bbec52b719c49,4QB3,igb5_di2_salt0.15_st0.0072,-37.2021,3001
04d89e15e651861ca58bbec52b719c49,4QB3,igb5_di2_salt0_st0,-32.4265,3001
04d89e15e651861ca58bbec52b719c49,4QB3,igb5_di2_salt0_st0.0072,-37.1735,3001
04d89e15e651861ca58bbec52b719c49,4QB3,igb5_di4_salt0.15_st0,-36.5522,3001
04d89e15e651861ca58bbec52b719c49,4QB3,igb5_di4_salt0.15_st0.0072,-41.2993,3001
04d89e15e651861ca58bbec52b719c49,4QB3,igb5_di4_salt0_st0,-36.5236,3001
04d89e15e651861ca58bbec52b719c49,4QB3,igb5_di4_salt0_st0.0072,-41.2706,3001
04d89e15e651861ca58bbec52b719c49,4QB3,igb8_di1_salt0.15_st0,-23.7243,3001
04d89e15e651861ca58bbec52b719c49,4QB3,igb8_di1_salt0.15_st0.0072,-28.4713,3001
04d89e15e651861ca58bbec52b719c49,4QB3,igb8_di1_salt0_st0,-23.6986,3001
04d89e15e651861ca58bbec52b719c49,4QB3,igb8_di1_salt0_st0.0072,-28.4456,3001
04d89e15e651861ca58bbec52b719c49,4QB3,igb8_di2_salt0.15_st0,-32.1889,3001
04d89e15e651861ca58bbec52b719c49,4QB3,igb8_di2_salt0.15_st0.0072,-36.9359,3001
04d89e15e651861ca58bbec52b719c49,4QB3,igb8_di2_salt0_st0,-32.1632,3001
04d89e15e651861ca58bbec52b719c49,4QB3,igb8_di2_salt0_st0.0072,-36.9102,3001
04d89e15e651861ca58bbec52b719c49,4QB3,igb8_di4_salt0.15_st0,-36.4212,3001
04d89e15e651861ca58bbec52b719c49,4QB3,igb8_di4_salt0.15_st0.0072,-41.1682,3001
04d89e15e651861ca58bbec52b719c49,4QB3,igb8_di4_salt0_st0,-36.3954,3001
04d89e15e651861ca58bbec52b719c49,4QB3,igb8_di4_salt0_st0.0072,-41.1425,3001
04e69510b344ad3e65a21130b7429d06,8ELC,igb1_di1_salt0.15_st0,-34.8753,3001
04e69510b344ad3e65a21130b7429d06,8ELC,igb1_di1_salt0.15_st0.0072,-40.8617,3001
04e69510b344ad3e65a21130b7429d06,8ELC,igb1_di1_salt0_st0,-34.8943,3001
04e69510b344ad3e65a21130b7429d06,8ELC,igb1_di1_salt0_st0.0072,-40.8808,3001
04e69510b344ad3e65a21130b7429d06,8ELC,igb1_di2_salt0.15_st0,-38.9716,3001
04e69510b344ad3e65a21130b7429d06,8ELC,igb1_di2_salt0.15_st0.0072,-44.958,3001
04e69510b344ad3e65a21130b7429d06,8ELC,igb1_di2_salt0_st0,-38.9907,3001
04e69510b344ad3e65a21130b7429d06,8ELC,igb1_di2_salt0_st0.0072,-44.977,3001
04e69510b344ad3e65a21130b7429d06,8ELC,igb1_di4_salt0.15_st0,-41.0198,3001
04e69510b344ad3e65a21130b7429d06,8ELC,igb1_di4_salt0.15_st0.0072,-47.0061,3001
04e69510b344ad3e65a21130b7429d06,8ELC,igb1_di4_salt0_st0,-41.0388,3001
04e69510b344ad3e65a21130b7429d06,8ELC,igb1_di4_salt0_st0.0072,-47.0252,3001
04e69510b344ad3e65a21130b7429d06,8ELC,igb2_di1_salt0.15_st0,-28.5347,3001
04e69510b344ad3e65a21130b7429d06,8ELC,igb2_di1_salt0.15_st0.0072,-34.5209,3001
04e69510b344ad3e65a21130b7429d06,8ELC,igb2_di1_salt0_st0,-28.5518,3001
04e69510b344ad3e65a21130b7429d06,8ELC,igb2_di1_salt0_st0.0072,-34.5383,3001
04e69510b344ad3e65a21130b7429d06,8ELC,igb2_di2_salt0.15_st0,-35.8431,3001
04e69510b344ad3e65a21130b7429d06,8ELC,igb2_di2_salt0.15_st0.0072,-41.8295,3001
04e69510b344ad3e65a21130b7429d06,8ELC,igb2_di2_salt0_st0,-35.8604,3001
04e69510b344ad3e65a21130b7429d06,8ELC,igb2_di2_salt0_st0.0072,-41.8467,3001
04e69510b344ad3e65a21130b7429d06,8ELC,igb2_di4_salt0.15_st0,-39.4973,3001
04e69510b344ad3e65a21130b7429d06,8ELC,igb2_di4_salt0.15_st0.0072,-45.4836,3001
04e69510b344ad3e65a21130b7429d06,8ELC,igb2_di4_salt0_st0,-39.5146,3001
04e69510b344ad3e65a21130b7429d06,8ELC,igb2_di4_salt0_st0.0072,-45.5009,3001
04e69510b344ad3e65a21130b7429d06,8ELC,igb5_di1_salt0.15_st0,-32.2156,3001
04e69510b344ad3e65a21130b7429d06,8ELC,igb5_di1_salt0.15_st0.0072,-38.202,3001
04e69510b344ad3e65a21130b7429d06,8ELC,igb5_di1_salt0_st0,-32.2317,3001
04e69510b344ad3e65a21130b7429d06,8ELC,igb5_di1_salt0_st0.0072,-38.218,3001
04e69510b344ad3e65a21130b7429d06,8ELC,igb5_di2_salt0.15_st0,-37.6604,3001
04e69510b344ad3e65a21130b7429d06,8ELC,igb5_di2_salt0.15_st0.0072,-43.6468,3001
04e69510b344ad3e65a21130b7429d06,8ELC,igb5_di2_salt0_st0,-37.6765,3001
04e69510b344ad3e65a21130b7429d06,8ELC,igb5_di2_salt0_st0.0072,-43.6628,3001
04e69510b344ad3e65a21130b7429d06,8ELC,igb5_di4_salt0.15_st0,-40.3828,3001
04e69510b344ad3e65a21130b7429d06,8ELC,igb5_di4_salt0.15_st0.0072,-46.3692,3001
04e69510b344ad3e65a21130b7429d06,8ELC,igb5_di4_salt0_st0,-40.3989,3001
04e69510b344ad3e65a21130b7429d06,8ELC,igb5_di4_salt0_st0.0072,-46.3853,3001
04e69510b344ad3e65a21130b7429d06,8ELC,igb8_di1_salt0.15_st0,-20.8969,3001
04e69510b344ad3e65a21130b7429d06,8ELC,igb8_di1_salt0.15_st0.0072,-26.8834,3001
04e69510b344ad3e65a21130b7429d06,8ELC,igb8_di1_salt0_st0,-20.9169,3001
04e69510b344ad3e65a21130b7429d06,8ELC,igb8_di1_salt0_st0.0072,-26.9032,3001
04e69510b344ad3e65a21130b7429d06,8ELC,igb8_di2_salt0.15_st0,-32.0722,3001
04e69510b344ad3e65a21130b7429d06,8ELC,igb8_di2_salt0.15_st0.0072,-38.0585,3001
04e69510b344ad3e65a21130b7429d06,8ELC,igb8_di2_salt0_st0,-32.0921,3001
04e69510b344ad3e65a21130b7429d06,8ELC,igb8_di2_salt0_st0.0072,-38.0785,3001
04e69510b344ad3e65a21130b7429d06,8ELC,igb8_di4_salt0.15_st0,-37.6598,3001
04e69510b344ad3e65a21130b7429d06,8ELC,igb8_di4_salt0.15_st0.0072,-43.6462,3001
04e69510b344ad3e65a21130b7429d06,8ELC,igb8_di4_salt0_st0,-37.6797,3001
04e69510b344ad3e65a21130b7429d06,8ELC,igb8_di4_salt0_st0.0072,-43.666,3001
055e1e9c95b2378efd3fc90b82948709,4L7G,igb1_di1_salt0.15_st0,-25.9964,3001
055e1e9c95b2378efd3fc90b82948709,4L7G,igb1_di1_salt0.15_st0.0072,-31.0599,3001
055e1e9c95b2378efd3fc90b82948709,4L7G,igb1_di1_salt0_st0,-26.0355,3001
055e1e9c95b2378efd3fc90b82948709,4L7G,igb1_di1_salt0_st0.0072,-31.099,3001
055e1e9c95b2378efd3fc90b82948709,4L7G,igb1_di2_salt0.15_st0,-31.4725,3001
055e1e9c95b2378efd3fc90b82948709,4L7G,igb1_di2_salt0.15_st0.0072,-36.5361,3001
055e1e9c95b2378efd3fc90b82948709,4L7G,igb1_di2_salt0_st0,-31.5118,3001
055e1e9c95b2378efd3fc90b82948709,4L7G,igb1_di2_salt0_st0.0072,-36.5753,3001
055e1e9c95b2378efd3fc90b82948709,4L7G,igb1_di4_salt0.15_st0,-34.2107,3001
055e1e9c95b2378efd3fc90b82948709,4L7G,igb1_di4_salt0.15_st0.0072,-39.2743,3001
055e1e9c95b2378efd3fc90b82948709,4L7G,igb1_di4_salt0_st0,-34.25,3001
055e1e9c95b2378efd3fc90b82948709,4L7G,igb1_di4_salt0_st0.0072,-39.3135,3001
055e1e9c95b2378efd3fc90b82948709,4L7G,igb2_di1_salt0.15_st0,-18.2478,3001
055e1e9c95b2378efd3fc90b82948709,4L7G,igb2_di1_salt0.15_st0.0072,-23.3113,3001
055e1e9c95b2378efd3fc90b82948709,4L7G,igb2_di1_salt0_st0,-18.2883,3001
055e1e9c95b2378efd3fc90b82948709,4L7G,igb2_di1_salt0_st0.0072,-23.3519,3001
055e1e9c95b2378efd3fc90b82948709,4L7G,igb2_di2_salt0.15_st0,-27.6477,3001
055e1e9c95b2378efd3fc90b82948709,4L7G,igb2_di2_salt0.15_st0.0072,-32.7112,3001
055e1e9c95b2378efd3fc90b82948709,4L7G,igb2_di2_salt0_st0,-27.6882,3001
055e1e9c95b2378efd3fc90b82948709,4L7G,igb2_di2_salt0_st0.0072,-32.7517,3001
055e1e9c95b2378efd3fc90b82948709,4L7G,igb2_di4_salt0.15_st0,-32.3477,3001
055e1e9c95b2378efd3fc90b82948709,4L7G,igb2_di4_salt0.15_st0.0072,-37.4112,3001
055e1e9c95b2378efd3fc90b82948709,4L7G,igb2_di4_salt0_st0,-32.3882,3001
055e1e9c95b2378efd3fc90b82948709,4L7G,igb2_di4_salt0_st0.0072,-37.4517,3001
055e1e9c95b2378efd3fc90b82948709,4L7G,igb5_di1_salt0.15_st0,-19.3318,3001
055e1e9c95b2378efd3fc90b82948709,4L7G,igb5_di1_salt0.15_st0.0072,-24.3953,3001
055e1e9c95b2378efd3fc90b82948709,4L7G,igb5_di1_salt0_st0,-19.3748,3001
055e1e9c95b2378efd3fc90b82948709,4L7G,igb5_di1_salt0_st0.0072,-24.4382,3001
055e1e9c95b2378efd3fc90b82948709,4L7G,igb5_di2_salt0.15_st0,-28.1816,3001
055e1e9c95b2378efd3fc90b82948709,4L7G,igb5_di2_salt0.15_st0.0072,-33.2451,3001
055e1e9c95b2378efd3fc90b82948709,4L7G,igb5_di2_salt0_st0,-28.2244,3001
055e1e9c95b2378efd3fc90b82948709,4L7G,igb5_di2_salt0_st0.0072,-33.2879,3001
055e1e9c95b2378efd3fc90b82948709,4L7G,igb5_di4_salt0.15_st0,-32.6063,3001
055e1e9c95b2378efd3fc90b82948709,4L7G,igb5_di4_salt0.15_st0.0072,-37.6699,3001
055e1e9c95b2378efd3fc90b82948709,4L7G,igb5_di4_salt0_st0,-32.6493,3001
055e1e9c95b2378efd3fc90b82948709,4L7G,igb5_di4_salt0_st0.0072,-37.7127,3001
055e1e9c95b2378efd3fc90b82948709,4L7G,igb8_di1_salt0.15_st0,-14.0287,3001
055e1e9c95b2378efd3fc90b82948709,4L7G,igb8_di1_salt0.15_st0.0072,-19.0923,3001
055e1e9c95b2378efd3fc90b82948709,4L7G,igb8_di1_salt0_st0,-14.0718,3001
055e1e9c95b2378efd3fc90b82948709,4L7G,igb8_di1_salt0_st0.0072,-19.1355,3001
055e1e9c95b2378efd3fc90b82948709,4L7G,igb8_di2_salt0.15_st0,-25.5641,3001
055e1e9c95b2378efd3fc90b82948709,4L7G,igb8_di2_salt0.15_st0.0072,-30.6276,3001
055e1e9c95b2378efd3fc90b82948709,4L7G,igb8_di2_salt0_st0,-25.6071,3001
055e1e9c95b2378efd3fc90b82948709,4L7G,igb8_di2_salt0_st0.0072,-30.6707,3001
055e1e9c95b2378efd3fc90b82948709,4L7G,igb8_di4_salt0.15_st0,-31.3317,3001
055e1e9c95b2378efd3fc90b82948709,4L7G,igb8_di4_salt0.15_st0.0072,-36.3953,3001
055e1e9c95b2378efd3fc90b82948709,4L7G,igb8_di4_salt0_st0,-31.3748,3001
055e1e9c95b2378efd3fc90b82948709,4L7G,igb8_di4_salt0_st0.0072,-36.4384,3001
066409425aa3969efdeb577c7443fbbd,5HU9,igb1_di1_salt0.15_st0,-22.2985,3001
066409425aa3969efdeb577c7443fbbd,5HU9,igb1_di1_salt0.15_st0.0072,-26.7623,3001
066409425aa3969efdeb577c7443fbbd,5HU9,igb1_di1_salt0_st0,-22.2976,3001
066409425aa3969efdeb577c7443fbbd,5HU9,igb1_di1_salt0_st0.0072,-26.7615,3001
066409425aa3969efdeb577c7443fbbd,5HU9,igb1_di2_salt0.15_st0,-27.8458,3001
066409425aa3969efdeb577c7443fbbd,5HU9,igb1_di2_salt0.15_st0.0072,-32.3095,3001
066409425aa3969efdeb577c7443fbbd,5HU9,igb1_di2_salt0_st0,-27.8448,3001
066409425aa3969efdeb577c7443fbbd,5HU9,igb1_di2_salt0_st0.0072,-32.3087,3001
066409425aa3969efdeb577c7443fbbd,5HU9,igb1_di4_salt0.15_st0,-30.6194,3001
066409425aa3969efdeb577c7443fbbd,5HU9,igb1_di4_salt0.15_st0.0072,-35.0833,3001
066409425aa3969efdeb577c7443fbbd,5HU9,igb1_di4_salt0_st0,-30.6183,3001
066409425aa3969efdeb577c7443fbbd,5HU9,igb1_di4_salt0_st0.0072,-35.0822,3001
066409425aa3969efdeb577c7443fbbd,5HU9,igb2_di1_salt0.15_st0,-19.925,3001
066409425aa3969efdeb577c7443fbbd,5HU9,igb2_di1_salt0.15_st0.0072,-24.3888,3001
066409425aa3969efdeb577c7443fbbd,5HU9,igb2_di1_salt0_st0,-19.9229,3001
066409425aa3969efdeb577c7443fbbd,5HU9,igb2_di1_salt0_st0.0072,-24.3868,3001
066409425aa3969efdeb577c7443fbbd,5HU9,igb2_di2_salt0.15_st0,-26.6747,3001
066409425aa3969efdeb577c7443fbbd,5HU9,igb2_di2_salt0.15_st0.0072,-31.1386,3001
066409425aa3969efdeb577c7443fbbd,5HU9,igb2_di2_salt0_st0,-26.6728,3001
066409425aa3969efdeb577c7443fbbd,5HU9,igb2_di2_salt0_st0.0072,-31.1367,3001
066409425aa3969efdeb577c7443fbbd,5HU9,igb2_di4_salt0.15_st0,-30.0497,3001
066409425aa3969efdeb577c7443fbbd,5HU9,igb2_di4_salt0.15_st0.0072,-34.5135,3001
066409425aa3969efdeb577c7443fbbd,5HU9,igb2_di4_salt0_st0,-30.0476,3001
066409425aa3969efdeb577c7443fbbd,5HU9,igb2_di4_salt0_st0.0072,-34.5116,3001
066409425aa3969efdeb577c7443fbbd,5HU9,igb5_di1_salt0.15_st0,-20.7541,3001
066409425aa3969efdeb577c7443fbbd,5HU9,igb5_di1_salt0.15_st0.0072,-25.2179,3001
066409425aa3969efdeb577c7443fbbd,5HU9,igb5_di1_salt0_st0,-20.7517,3001
066409425aa3969efdeb577c7443fbbd,5HU9,igb5_di1_salt0_st0.0072,-25.2155,3001
066409425aa3969efdeb577c7443fbbd,5HU9,igb5_di2_salt0.15_st0,-27.0842,3001
066409425aa3969efdeb577c7443fbbd,5HU9,igb5_di2_salt0.15_st0.0072,-31.548,3001
066409425aa3969efdeb577c7443fbbd,5HU9,igb5_di2_salt0_st0,-27.0819,3001
066409425aa3969efdeb577c7443fbbd,5HU9,igb5_di2_salt0_st0.0072,-31.5457,3001
066409425aa3969efdeb577c7443fbbd,5HU9,igb5_di4_salt0.15_st0,-30.2492,3001
066409425aa3969efdeb577c7443fbbd,5HU9,igb5_di4_salt0.15_st0.0072,-34.7131,3001
066409425aa3969efdeb577c7443fbbd,5HU9,igb5_di4_salt0_st0,-30.2469,3001
066409425aa3969efdeb577c7443fbbd,5HU9,igb5_di4_salt0_st0.0072,-34.7107,3001
066409425aa3969efdeb577c7443fbbd,5HU9,igb8_di1_salt0.15_st0,-19.218,3001
066409425aa3969efdeb577c7443fbbd,5HU9,igb8_di1_salt0.15_st0.0072,-23.6818,3001
066409425aa3969efdeb577c7443fbbd,5HU9,igb8_di1_salt0_st0,-19.2217,3001
066409425aa3969efdeb577c7443fbbd,5HU9,igb8_di1_salt0_st0.0072,-23.6858,3001
066409425aa3969efdeb577c7443fbbd,5HU9,igb8_di2_salt0.15_st0,-26.323,3001
066409425aa3969efdeb577c7443fbbd,5HU9,igb8_di2_salt0.15_st0.0072,-30.7868,3001
066409425aa3969efdeb577c7443fbbd,5HU9,igb8_di2_salt0_st0,-26.3267,3001
066409425aa3969efdeb577c7443fbbd,5HU9,igb8_di2_salt0_st0.0072,-30.7907,3001
066409425aa3969efdeb577c7443fbbd,5HU9,igb8_di4_salt0.15_st0,-29.8754,3001
066409425aa3969efdeb577c7443fbbd,5HU9,igb8_di4_salt0.15_st0.0072,-34.3394,3001
066409425aa3969efdeb577c7443fbbd,5HU9,igb8_di4_salt0_st0,-29.8792,3001
066409425aa3969efdeb577c7443fbbd,5HU9,igb8_di4_salt0_st0.0072,-34.3431,3001
0677f513ac408d66c189e10e0ee4d76f,4L7G,igb1_di1_salt0.15_st0,-18.2021,3001
0677f513ac408d66c189e10e0ee4d76f,4L7G,igb1_di1_salt0.15_st0.0072,-22.2833,3001
0677f513ac408d66c189e10e0ee4d76f,4L7G,igb1_di1_salt0_st0,-18.1867,3001
0677f513ac408d66c189e10e0ee4d76f,4L7G,igb1_di1_salt0_st0.0072,-22.2679,3001
0677f513ac408d66c189e10e0ee4d76f,4L7G,igb1_di2_salt0.15_st0,-22.99,3001
0677f513ac408d66c189e10e0ee4d76f,4L7G,igb1_di2_salt0.15_st0.0072,-27.071,3001
0677f513ac408d66c189e10e0ee4d76f,4L7G,igb1_di2_salt0_st0,-22.9746,3001
0677f513ac408d66c189e10e0ee4d76f,4L7G,igb1_di2_salt0_st0.0072,-27.0556,3001
0677f513ac408d66c189e10e0ee4d76f,4L7G,igb1_di4_salt0.15_st0,-25.3839,3001
0677f513ac408d66c189e10e0ee4d76f,4L7G,igb1_di4_salt0.15_st0.0072,-29.4649,3001
0677f513ac408d66c189e10e0ee4d76f,4L7G,igb1_di4_salt0_st0,-25.3684,3001
0677f513ac408d66c189e10e0ee4d76f,4L7G,igb1_di4_salt0_st0.0072,-29.4495,3001
0677f513ac408d66c189e10e0ee4d76f,4L7G,igb2_di1_salt0.15_st0,-13.3471,3001
0677f513ac408d66c189e10e0ee4d76f,4L7G,igb2_di1_salt0.15_st0.0072,-17.4282,3001
0677f513ac408d66c189e10e0ee4d76f,4L7G,igb2_di1_salt0_st0,-13.3329,3001
0677f513ac408d66c189e10e0ee4d76f,4L7G,igb2_di1_salt0_st0.0072,-17.414,3001
0677f513ac408d66c189e10e0ee4d76f,4L7G,igb2_di2_salt0.15_st0,-20.5931,3001
0677f513ac408d66c189e10e0ee4d76f,4L7G,igb2_di2_salt0.15_st0.0072,-24.6742,3001
0677f513ac408d66c189e10e0ee4d76f,4L7G,igb2_di2_salt0_st0,-20.5789,3001
0677f513ac408d66c189e10e0ee4d76f,4L7G,igb2_di2_salt0_st0.0072,-24.6599,3001
0677f513ac408d66c189e10e0ee4d76f,4L7G,igb2_di4_salt0.15_st0,-24.2161,3001
0677f513ac408d66c189e10e0ee4d76f,4L7G,igb2_di4_salt0.15_st0.0072,-28.2971,3001
0677f513ac408d66c189e10e0ee4d76f,4L7G,igb2_di4_salt0_st0,-24.2019,3001
0677f513ac408d66c189e10e0ee4d76f,4L7G,igb2_di4_salt0_st0.0072,-28.2831,3001
0677f513ac408d66c189e10e0ee4d76f,4L7G,igb5_di1_salt0.15_st0,-13.4073,3001
0677f513ac408d66c189e10e0ee4d76f,4L7G,igb5_di1_salt0.15_st0.0072,-17.4883,3001
0677f513ac408d66c189e10e0ee4d76f,4L7G,igb5_di1_salt0_st0,-13.3956,3001
0677f513ac408d66c189e10e0ee4d76f,4L7G,igb5_di1_salt0_st0.0072,-17.4766,3001
0677f513ac408d66c189e10e0ee4d76f,4L7G,igb5_di2_salt0.15_st0,-20.6216,3001
0677f513ac408d66c189e10e0ee4d76f,4L7G,igb5_di2_salt0.15_st0.0072,-24.7027,3001
0677f513ac408d66c189e10e0ee4d76f,4L7G,igb5_di2_salt0_st0,-20.6099,3001
0677f513ac408d66c189e10e0ee4d76f,4L7G,igb5_di2_salt0_st0.0072,-24.6909,3001
0677f513ac408d66c189e10e0ee4d76f,4L7G,igb5_di4_salt0.15_st0,-24.2289,3001
0677f513ac408d66c189e10e0ee4d76f,4L7G,igb5_di4_salt0.15_st0.0072,-28.3099,3001
0677f513ac408d66c189e10e0ee4d76f,4L7G,igb5_di4_salt0_st0,-24.217,3001
0677f513ac408d66c189e10e0ee4d76f,4L7G,igb5_di4_salt0_st0.0072,-28.2979,3001
0677f513ac408d66c189e10e0ee4d76f,4L7G,igb8_di1_salt0.15_st0,-13.8888,3001
0677f513ac408d66c189e10e0ee4d76f,4L7G,igb8_di1_salt0.15_st0.0072,-17.9699,3001
0677f513ac408d66c189e10e0ee4d76f,4L7G,igb8_di1_salt0_st0,-13.8756,3001
0677f513ac408d66c189e10e0ee4d76f,4L7G,igb8_di1_salt0_st0.0072,-17.9565,3001
0677f513ac408d66c189e10e0ee4d76f,4L7G,igb8_di2_salt0.15_st0,-20.86,3001
0677f513ac408d66c189e10e0ee4d76f,4L7G,igb8_di2_salt0.15_st0.0072,-24.941,3001
0677f513ac408d66c189e10e0ee4d76f,4L7G,igb8_di2_salt0_st0,-20.8468,3001
0677f513ac408d66c189e10e0ee4d76f,4L7G,igb8_di2_salt0_st0.0072,-24.9278,3001
0677f513ac408d66c189e10e0ee4d76f,4L7G,igb8_di4_salt0.15_st0,-24.3455,3001
0677f513ac408d66c189e10e0ee4d76f,4L7G,igb8_di4_salt0.15_st0.0072,-28.4267,3001
0677f513ac408d66c189e10e0ee4d76f,4L7G,igb8_di4_salt0_st0,-24.3323,3001
0677f513ac408d66c189e10e0ee4d76f,4L7G,igb8_di4_salt0_st0.0072,-28.4135,3001
0708a8656ea2024a7a2f0e1407f518a7,3I06,igb1_di1_salt0.15_st0,-20.4653,3001
0708a8656ea2024a7a2f0e1407f518a7,3I06,igb1_di1_salt0.15_st0.0072,-24.75,3001
0708a8656ea2024a7a2f0e1407f518a7,3I06,igb1_di1_salt0_st0,-20.4571,3001
0708a8656ea2024a7a2f0e1407f518a7,3I06,igb1_di1_salt0_st0.0072,-24.7419,3001
0708a8656ea2024a7a2f0e1407f518a7,3I06,igb1_di2_salt0.15_st0,-25.7339,3001
0708a8656ea2024a7a2f0e1407f518a7,3I06,igb1_di2_salt0.15_st0.0072,-30.0189,3001
0708a8656ea2024a7a2f0e1407f518a7,3I06,igb1_di2_salt0_st0,-25.726,3001
0708a8656ea2024a7a2f0e1407f518a7,3I06,igb1_di2_salt0_st0.0072,-30.0108,3001
0708a8656ea2024a7a2f0e1407f518a7,3I06,igb1_di4_salt0.15_st0,-28.3684,3001
0708a8656ea2024a7a2f0e1407f518a7,3I06,igb1_di4_salt0.15_st0.0072,-32.6532,3001
0708a8656ea2024a7a2f0e1407f518a7,3I06,igb1_di4_salt0_st0,-28.3604,3001
0708a8656ea2024a7a2f0e1407f518a7,3I06,igb1_di4_salt0_st0.0072,-32.6452,3001
0708a8656ea2024a7a2f0e1407f518a7,3I06,igb2_di1_salt0.15_st0,-18.281,3001
0708a8656ea2024a7a2f0e1407f518a7,3I06,igb2_di1_salt0.15_st0.0072,-22.5657,3001
0708a8656ea2024a7a2f0e1407f518a7,3I06,igb2_di1_salt0_st0,-18.272,3001
0708a8656ea2024a7a2f0e1407f518a7,3I06,igb2_di1_salt0_st0.0072,-22.5568,3001
0708a8656ea2024a7a2f0e1407f518a7,3I06,igb2_di2_salt0.15_st0,-24.6565,3001
0708a8656ea2024a7a2f0e1407f518a7,3I06,igb2_di2_salt0.15_st0.0072,-28.9412,3001
0708a8656ea2024a7a2f0e1407f518a7,3I06,igb2_di2_salt0_st0,-24.6475,3001
0708a8656ea2024a7a2f0e1407f518a7,3I06,igb2_di2_salt0_st0.0072,-28.9323,3001
0708a8656ea2024a7a2f0e1407f518a7,3I06,igb2_di4_salt0.15_st0,-27.8442,3001
0708a8656ea2024a7a2f0e1407f518a7,3I06,igb2_di4_salt0.15_st0.0072,-32.129,3001
0708a8656ea2024a7a2f0e1407f518a7,3I06,igb2_di4_salt0_st0,-27.8353,3001
0708a8656ea2024a7a2f0e1407f518a7,3I06,igb2_di4_salt0_st0.0072,-32.1201,3001
0708a8656ea2024a7a2f0e1407f518a7,3I06,igb5_di1_salt0.15_st0,-19.6584,3001
0708a8656ea2024a7a2f0e1407f518a7,3I06,igb5_di1_salt0.15_st0.0072,-23.9432,3001
0708a8656ea2024a7a2f0e1407f518a7,3I06,igb5_di1_salt0_st0,-19.6494,3001
0708a8656ea2024a7a2f0e1407f518a7,3I06,igb5_di1_salt0_st0.0072,-23.9341,3001
0708a8656ea2024a7a2f0e1407f518a7,3I06,igb5_di2_salt0.15_st0,-25.3364,3001
0708a8656ea2024a7a2f0e1407f518a7,3I06,igb5_di2_salt0.15_st0.0072,-29.6212,3001
0708a8656ea2024a7a2f0e1407f518a7,3I06,igb5_di2_salt0_st0,-25.3272,3001
0708a8656ea2024a7a2f0e1407f518a7,3I06,igb5_di2_salt0_st0.0072,-29.6121,3001
0708a8656ea2024a7a2f0e1407f518a7,3I06,igb5_di4_salt0.15_st0,-28.1753,3001
0708a8656ea2024a7a2f0e1407f518a7,3I06,igb5_di4_salt0.15_st0.0072,-32.4601,3001
0708a8656ea2024a7a2f0e1407f518a7,3I06,igb5_di4_salt0_st0,-28.1664,3001
0708a8656ea2024a7a2f0e1407f518a7,3I06,igb5_di4_salt0_st0.0072,-32.4511,3001
0708a8656ea2024a7a2f0e1407f518a7,3I06,igb8_di1_salt0.15_st0,-16.3547,3001
0708a8656ea2024a7a2f0e1407f518a7,3I06,igb8_di1_salt0.15_st0.0072,-20.6396,3001
0708a8656ea2024a7a2f0e1407f518a7,3I06,igb8_di1_salt0_st0,-16.363,3001
0708a8656ea2024a7a2f0e1407f518a7,3I06,igb8_di1_salt0_st0.0072,-20.6478,3001
0708a8656ea2024a7a2f0e1407f518a7,3I06,igb8_di2_salt0.15_st0,-23.697,3001
0708a8656ea2024a7a2f0e1407f518a7,3I06,igb8_di2_salt0.15_st0.0072,-27.982,3001
0708a8656ea2024a7a2f0e1407f518a7,3I06,igb8_di2_salt0_st0,-23.7053,3001
0708a8656ea2024a7a2f0e1407f518a7,3I06,igb8_di2_salt0_st0.0072,-27.9902,3001
0708a8656ea2024a7a2f0e1407f518a7,3I06,igb8_di4_salt0.15_st0,-27.3682,3001
0708a8656ea2024a7a2f0e1407f518a7,3I06,igb8_di4_salt0.15_st0.0072,-31.653,3001
0708a8656ea2024a7a2f0e1407f518a7,3I06,igb8_di4_salt0_st0,-27.3765,3001
0708a8656ea2024a7a2f0e1407f518a7,3I06,igb8_di4_salt0_st0.0072,-31.6613,3001
078844c7f38624b3996505d0f98526ca,4L7G,igb1_di1_salt0.15_st0,-22.2919,3001
078844c7f38624b3996505d0f98526ca,4L7G,igb1_di1_salt0.15_st0.0072,-27.4111,3001
078844c7f38624b3996505d0f98526ca,4L7G,igb1_di1_salt0_st0,-22.3148,3001
078844c7f38624b3996505d0f98526ca,4L7G,igb1_di1_salt0_st0.0072,-27.4339,3001
078844c7f38624b3996505d0f98526ca,4L7G,igb1_di2_salt0.15_st0,-29.0761,3001
078844c7f38624b3996505d0f98526ca,4L7G,igb1_di2_salt0.15_st0.0072,-34.1953,3001
078844c7f38624b3996505d0f98526ca,4L7G,igb1_di2_salt0_st0,-29.0989,3001
078844c7f38624b3996505d0f98526ca,4L7G,igb1_di2_salt0_st0.0072,-34.2182,3001
078844c7f38624b3996505d0f98526ca,4L7G,igb1_di4_salt0.15_st0,-32.4682,3001
078844c7f38624b3996505d0f98526ca,4L7G,igb1_di4_salt0.15_st0.0072,-37.5875,3001
078844c7f38624b3996505d0f98526ca,4L7G,igb1_di4_salt0_st0,-32.4912,3001
078844c7f38624b3996505d0f98526ca,4L7G,igb1_di4_salt0_st0.0072,-37.6102,3001
078844c7f38624b3996505d0f98526ca,4L7G,igb2_di1_salt0.15_st0,-15.8257,3001
078844c7f38624b3996505d0f98526ca,4L7G,igb2_di1_salt0.15_st0.0072,-20.9449,3001
078844c7f38624b3996505d0f98526ca,4L7G,igb2_di1_salt0_st0,-15.8511,3001
078844c7f38624b3996505d0f98526ca,4L7G,igb2_di1_salt0_st0.0072,-20.9703,3001
078844c7f38624b3996505d0f98526ca,4L7G,igb2_di2_salt0.15_st0,-25.8835,3001
078844c7f38624b3996505d0f98526ca,4L7G,igb2_di2_salt0.15_st0.0072,-31.0028,3001
078844c7f38624b3996505d0f98526ca,4L7G,igb2_di2_salt0_st0,-25.9089,3001
078844c7f38624b3996505d0f98526ca,4L7G,igb2_di2_salt0_st0.0072,-31.028,3001
078844c7f38624b3996505d0f98526ca,4L7G,igb2_di4_salt0.15_st0,-30.9124,3001
078844c7f38624b3996505d0f98526ca,4L7G,igb2_di4_salt0.15_st0.0072,-36.0316,3001
078844c7f38624b3996505d0f98526ca,4L7G,igb2_di4_salt0_st0,-30.9378,3001
078844c7f38624b3996505d0f98526ca,4L7G,igb2_di4_salt0_st0.0072,-36.057,3001
078844c7f38624b3996505d0f98526ca,4L7G,igb5_di1_salt0.15_st0,-16.8736,3001
078844c7f38624b3996505d0f98526ca,4L7G,igb5_di1_salt0.15_st0.0072,-21.9929,3001
078844c7f38624b3996505d0f98526ca,4L7G,igb5_di1_salt0_st0,-16.9043,3001
078844c7f38624b3996505d0f98526ca,4L7G,igb5_di1_salt0_st0.0072,-22.0234,3001
078844c7f38624b3996505d0f98526ca,4L7G,igb5_di2_salt0.15_st0,-26.3981,3001
078844c7f38624b3996505d0f98526ca,4L7G,igb5_di2_salt0.15_st0.0072,-31.5173,3001
078844c7f38624b3996505d0f98526ca,4L7G,igb5_di2_salt0_st0,-26.4287,3001
078844c7f38624b3996505d0f98526ca,4L7G,igb5_di2_salt0_st0.0072,-31.5479,3001
078844c7f38624b3996505d0f98526ca,4L7G,igb5_di4_salt0.15_st0,-31.1604,3001
078844c7f38624b3996505d0f98526ca,4L7G,igb5_di4_salt0.15_st0.0072,-36.2795,3001
078844c7f38624b3996505d0f98526ca,4L7G,igb5_di4_salt0_st0,-31.1909,3001
078844c7f38624b3996505d0f98526ca,4L7G,igb5_di4_salt0_st0.0072,-36.31,3001
078844c7f38624b3996505d0f98526ca,4L7G,igb8_di1_salt0.15_st0,-13.5408,3001
078844c7f38624b3996505d0f98526ca,4L7G,igb8_di1_salt0.15_st0.0072,-18.6601,3001
078844c7f38624b3996505d0f98526ca,4L7G,igb8_di1_salt0_st0,-13.5692,3001
078844c7f38624b3996505d0f98526ca,4L7G,igb8_di1_salt0_st0.0072,-18.6884,3001
078844c7f38624b3996505d0f98526ca,4L7G,igb8_di2_salt0.15_st0,-24.7544,3001
078844c7f38624b3996505d0f98526ca,4L7G,igb8_di2_salt0.15_st0.0072,-29.8735,3001
078844c7f38624b3996505d0f98526ca,4L7G,igb8_di2_salt0_st0,-24.7827,3001
078844c7f38624b3996505d0f98526ca,4L7G,igb8_di2_salt0_st0.0072,-29.9019,3001
078844c7f38624b3996505d0f98526ca,4L7G,igb8_di4_salt0.15_st0,-30.361,3001
078844c7f38624b3996505d0f98526ca,4L7G,igb8_di4_salt0.15_st0.0072,-35.4802,3001
078844c7f38624b3996505d0f98526ca,4L7G,igb8_di4_salt0_st0,-30.3894,3001
078844c7f38624b3996505d0f98526ca,4L7G,igb8_di4_salt0_st0.0072,-35.5086,3001
0790157ee26dfb0fea3a1ce3db026f75,3I06,igb1_di1_salt0.15_st0,-20.1563,3001
0790157ee26dfb0fea3a1ce3db026f75,3I06,igb1_di1_salt0.15_st0.0072,-23.6178,3001
0790157ee26dfb0fea3a1ce3db026f75,3I06,igb1_di1_salt0_st0,-20.1559,3001
0790157ee26dfb0fea3a1ce3db026f75,3I06,igb1_di1_salt0_st0.0072,-23.6176,3001
0790157ee26dfb0fea3a1ce3db026f75,3I06,igb1_di2_salt0.15_st0,-24.1643,3001
0790157ee26dfb0fea3a1ce3db026f75,3I06,igb1_di2_salt0.15_st0.0072,-27.6259,3001
0790157ee26dfb0fea3a1ce3db026f75,3I06,igb1_di2_salt0_st0,-24.164,3001
0790157ee26dfb0fea3a1ce3db026f75,3I06,igb1_di2_salt0_st0.0072,-27.6257,3001
0790157ee26dfb0fea3a1ce3db026f75,3I06,igb1_di4_salt0.15_st0,-26.1683,3001
0790157ee26dfb0fea3a1ce3db026f75,3I06,igb1_di4_salt0.15_st0.0072,-29.63,3001
0790157ee26dfb0fea3a1ce3db026f75,3I06,igb1_di4_salt0_st0,-26.1681,3001
0790157ee26dfb0fea3a1ce3db026f75,3I06,igb1_di4_salt0_st0.0072,-29.6298,3001
0790157ee26dfb0fea3a1ce3db026f75,3I06,igb2_di1_salt0.15_st0,-17.2009,3001
0790157ee26dfb0fea3a1ce3db026f75,3I06,igb2_di1_salt0.15_st0.0072,-20.6625,3001
0790157ee26dfb0fea3a1ce3db026f75,3I06,igb2_di1_salt0_st0,-17.2004,3001
0790157ee26dfb0fea3a1ce3db026f75,3I06,igb2_di1_salt0_st0.0072,-20.6619,3001
0790157ee26dfb0fea3a1ce3db026f75,3I06,igb2_di2_salt0.15_st0,-22.7058,3001
0790157ee26dfb0fea3a1ce3db026f75,3I06,igb2_di2_salt0.15_st0.0072,-26.1674,3001
0790157ee26dfb0fea3a1ce3db026f75,3I06,igb2_di2_salt0_st0,-22.7053,3001
0790157ee26dfb0fea3a1ce3db026f75,3I06,igb2_di2_salt0_st0.0072,-26.167,3001
0790157ee26dfb0fea3a1ce3db026f75,3I06,igb2_di4_salt0.15_st0,-25.4582,3001
0790157ee26dfb0fea3a1ce3db026f75,3I06,igb2_di4_salt0.15_st0.0072,-28.9198,3001
0790157ee26dfb0fea3a1ce3db026f75,3I06,igb2_di4_salt0_st0,-25.4578,3001
0790157ee26dfb0fea3a1ce3db026f75,3I06,igb2_di4_salt0_st0.0072,-28.9194,3001
0790157ee26dfb0fea3a1ce3db026f75,3I06,igb5_di1_salt0.15_st0,-18.252,3001
0790157ee26dfb0fea3a1ce3db026f75,3I06,igb5_di1_salt0.15_st0.0072,-21.7136,3001
0790157ee26dfb0fea3a1ce3db026f75,3I06,igb5_di1_salt0_st0,-18.2523,3001
0790157ee26dfb0fea3a1ce3db026f75,3I06,igb5_di1_salt0_st0.0072,-21.7139,3001
0790157ee26dfb0fea3a1ce3db026f75,3I06,igb5_di2_salt0.15_st0,-23.2243,3001
0790157ee26dfb0fea3a1ce3db026f75,3I06,igb5_di2_salt0.15_st0.0072,-26.6859,3001
0790157ee26dfb0fea3a1ce3db026f75,3I06,igb5_di2_salt0_st0,-23.2245,3001
0790157ee26dfb0fea3a1ce3db026f75,3I06,igb5_di2_salt0_st0.0072,-26.6861,3001
0790157ee26dfb0fea3a1ce3db026f75,3I06,igb5_di4_salt0.15_st0,-25.7103,3001
0790157ee26dfb0fea3a1ce3db026f75,3I06,igb5_di4_salt0.15_st0.0072,-29.172,3001
0790157ee26dfb0fea3a1ce3db026f75,3I06,igb5_di4_salt0_st0,-25.7105,3001
0790157ee26dfb0fea3a1ce3db026f75,3I06,igb5_di4_salt0_st0.0072,-29.1721,3001
0790157ee26dfb0fea3a1ce3db026f75,3I06,igb8_di1_salt0.15_st0,-14.9645,3001
0790157ee26dfb0fea3a1ce3db026f75,3I06,igb8_di1_salt0.15_st0.0072,-18.4261,3001
0790157ee26dfb0fea3a1ce3db026f75,3I06,igb8_di1_salt0_st0,-14.9657,3001
0790157ee26dfb0fea3a1ce3db026f75,3I06,igb8_di1_salt0_st0.0072,-18.4273,3001
0790157ee26dfb0fea3a1ce3db026f75,3I06,igb8_di2_salt0.15_st0,-21.6012,3001
0790157ee26dfb0fea3a1ce3db026f75,3I06,igb8_di2_salt0.15_st0.0072,-25.0627,3001
0790157ee26dfb0fea3a1ce3db026f75,3I06,igb8_di2_salt0_st0,-21.6025,3001
0790157ee26dfb0fea3a1ce3db026f75,3I06,igb8_di2_salt0_st0.0072,-25.064,3001
0790157ee26dfb0fea3a1ce3db026f75,3I06,igb8_di4_salt0.15_st0,-24.9195,3001
0790157ee26dfb0fea3a1ce3db026f75,3I06,igb8_di4_salt0.15_st0.0072,-28.3811,3001
0790157ee26dfb0fea3a1ce3db026f75,3I06,igb8_di4_salt0_st0,-24.9208,3001
0790157ee26dfb0fea3a1ce3db026f75,3I06,igb8_di4_salt0_st0.0072,-28.3824,3001
0a826045d720c0a795bd1979a728e35c,4L7G,igb1_di1_salt0.15_st0,-13.8144,3001
0a826045d720c0a795bd1979a728e35c,4L7G,igb1_di1_salt0.15_st0.0072,-16.6416,3001
0a826045d720c0a795bd1979a728e35c,4L7G,igb1_di1_salt0_st0,-13.8407,3001
0a826045d720c0a795bd1979a728e35c,4L7G,igb1_di1_salt0_st0.0072,-16.668,3001
0a826045d720c0a795bd1979a728e35c,4L7G,igb1_di2_salt0.15_st0,-17.6917,3001
0a826045d720c0a795bd1979a728e35c,4L7G,igb1_di2_salt0.15_st0.0072,-20.519,3001
0a826045d720c0a795bd1979a728e35c,4L7G,igb1_di2_salt0_st0,-17.718,3001
0a826045d720c0a795bd1979a728e35c,4L7G,igb1_di2_salt0_st0.0072,-20.5453,3001
0a826045d720c0a795bd1979a728e35c,4L7G,igb1_di4_salt0.15_st0,-19.6304,3001
0a826045d720c0a795bd1979a728e35c,4L7G,igb1_di4_salt0.15_st0.0072,-22.4576,3001
0a826045d720c0a795bd1979a728e35c,4L7G,igb1_di4_salt0_st0,-19.6568,3001
0a826045d720c0a795bd1979a728e35c,4L7G,igb1_di4_salt0_st0.0072,-22.4839,3001
0a826045d720c0a795bd1979a728e35c,4L7G,igb2_di1_salt0.15_st0,-10.839,3001
0a826045d720c0a795bd1979a728e35c,4L7G,igb2_di1_salt0.15_st0.0072,-13.6663,3001
0a826045d720c0a795bd1979a728e35c,4L7G,igb2_di1_salt0_st0,-10.8662,3001
0a826045d720c0a795bd1979a728e35c,4L7G,igb2_di1_salt0_st0.0072,-13.6935,3001
0a826045d720c0a795bd1979a728e35c,4L7G,igb2_di2_salt0.15_st0,-16.2228,3001
0a826045d720c0a795bd1979a728e35c,4L7G,igb2_di2_salt0.15_st0.0072,-19.05,3001
0a826045d720c0a795bd1979a728e35c,4L7G,igb2_di2_salt0_st0,-16.2499,3001
0a826045d720c0a795bd1979a728e35c,4L7G,igb2_di2_salt0_st0.0072,-19.0772,3001
0a826045d720c0a795bd1979a728e35c,4L7G,igb2_di4_salt0.15_st0,-18.9146,3001
0a826045d720c0a795bd1979a728e35c,4L7G,igb2_di4_salt0.15_st0.0072,-21.7418,3001
0a826045d720c0a795bd1979a728e35c,4L7G,igb2_di4_salt0_st0,-18.9418,3001
0a826045d720c0a795bd1979a728e35c,4L7G,igb2_di4_salt0_st0.0072,-21.7691,3001
0a826045d720c0a795bd1979a728e35c,4L7G,igb5_di1_salt0.15_st0,-10.8213,3001
0a826045d720c0a795bd1979a728e35c,4L7G,igb5_di1_salt0.15_st0.0072,-13.6485,3001
0a826045d720c0a795bd1979a728e35c,4L7G,igb5_di1_salt0_st0,-10.8505,3001
0a826045d720c0a795bd1979a728e35c,4L7G,igb5_di1_salt0_st0.0072,-13.6778,3001
0a826045d720c0a795bd1979a728e35c,4L7G,igb5_di2_salt0.15_st0,-16.2129,3001
0a826045d720c0a795bd1979a728e35c,4L7G,igb5_di2_salt0.15_st0.0072,-19.0402,3001
0a826045d720c0a795bd1979a728e35c,4L7G,igb5_di2_salt0_st0,-16.2422,3001
0a826045d720c0a795bd1979a728e35c,4L7G,igb5_di2_salt0_st0.0072,-19.0694,3001
0a826045d720c0a795bd1979a728e35c,4L7G,igb5_di4_salt0.15_st0,-18.9088,3001
0a826045d720c0a795bd1979a728e35c,4L7G,igb5_di4_salt0.15_st0.0072,-21.736,3001
0a826045d720c0a795bd1979a728e35c,4L7G,igb5_di4_salt0_st0,-18.938,3001
0a826045d720c0a795bd1979a728e35c,4L7G,igb5_di4_salt0_st0.0072,-21.7653,3001
0a826045d720c0a795bd1979a728e35c,4L7G,igb8_di1_salt0.15_st0,-8.7955,3001
0a826045d720c0a795bd1979a728e35c,4L7G,igb8_di1_salt0.15_st0.0072,-11.6227,3001
0a826045d720c0a795bd1979a728e35c,4L7G,igb8_di1_salt0_st0,-8.8241,3001
0a826045d720c0a795bd1979a728e35c,4L7G,igb8_di1_salt0_st0.0072,-11.6513,3001
0a826045d720c0a795bd1979a728e35c,4L7G,igb8_di2_salt0.15_st0,-15.2135,3001
0a826045d720c0a795bd1979a728e35c,4L7G,igb8_di2_salt0.15_st0.0072,-18.0408,3001
0a826045d720c0a795bd1979a728e35c,4L7G,igb8_di2_salt0_st0,-15.2421,3001
0a826045d720c0a795bd1979a728e35c,4L7G,igb8_di2_salt0_st0.0072,-18.0693,3001
0a826045d720c0a795bd1979a728e35c,4L7G,igb8_di4_salt0.15_st0,-18.4225,3001
0a826045d720c0a795bd1979a728e35c,4L7G,igb8_di4_salt0.15_st0.0072,-21.2498,3001
0a826045d720c0a795bd1979a728e35c,4L7G,igb8_di4_salt0_st0,-18.451,3001
0a826045d720c0a795bd1979a728e35c,4L7G,igb8_di4_salt0_st0.0072,-21.2782,3001
0a8bd2b181a818ac245c132acb3ffd18,9D9I,igb1_di1_salt0.15_st0,-21.8384,3001
0a8bd2b181a818ac245c132acb3ffd18,9D9I,igb1_di1_salt0.15_st0.0072,-26.4639,3001
0a8bd2b181a818ac245c132acb3ffd18,9D9I,igb1_di1_salt0_st0,-21.8344,3001
0a8bd2b181a818ac245c132acb3ffd18,9D9I,igb1_di1_salt0_st0.0072,-26.4599,3001
0a8bd2b181a818ac245c132acb3ffd18,9D9I,igb1_di2_salt0.15_st0,-28.1648,3001
0a8bd2b181a818ac245c132acb3ffd18,9D9I,igb1_di2_salt0.15_st0.0072,-32.7904,3001
0a8bd2b181a818ac245c132acb3ffd18,9D9I,igb1_di2_salt0_st0,-28.1608,3001
0a8bd2b181a818ac245c132acb3ffd18,9D9I,igb1_di2_salt0_st0.0072,-32.7865,3001
0a8bd2b181a818ac245c132acb3ffd18,9D9I,igb1_di4_salt0.15_st0,-31.328,3001
0a8bd2b181a818ac245c132acb3ffd18,9D9I,igb1_di4_salt0.15_st0.0072,-35.9536,3001
0a8bd2b181a818ac245c132acb3ffd18,9D9I,igb1_di4_salt0_st0,-31.3242,3001
0a8bd2b181a818ac245c132acb3ffd18,9D9I,igb1_di4_salt0_st0.0072,-35.9496,3001
0a8bd2b181a818ac245c132acb3ffd18,9D9I,igb2_di1_salt0.15_st0,-17.9252,3001
0a8bd2b181a818ac245c132acb3ffd18,9D9I,igb2_di1_salt0.15_st0.0072,-22.5507,3001
0a8bd2b181a818ac245c132acb3ffd18,9D9I,igb2_di1_salt0_st0,-17.92,3001
0a8bd2b181a818ac245c132acb3ffd18,9D9I,igb2_di1_salt0_st0.0072,-22.5456,3001
0a8bd2b181a818ac245c132acb3ffd18,9D9I,igb2_di2_salt0.15_st0,-26.2341,3001
0a8bd2b181a818ac245c132acb3ffd18,9D9I,igb2_di2_salt0.15_st0.0072,-30.8597,3001
0a8bd2b181a818ac245c132acb3ffd18,9D9I,igb2_di2_salt0_st0,-26.229,3001
0a8bd2b181a818ac245c132acb3ffd18,9D9I,igb2_di2_salt0_st0.0072,-30.8544,3001
0a8bd2b181a818ac245c132acb3ffd18,9D9I,igb2_di4_salt0.15_st0,-30.3885,3001
0a8bd2b181a818ac245c132acb3ffd18,9D9I,igb2_di4_salt0.15_st0.0072,-35.014,3001
0a8bd2b181a818ac245c132acb3ffd18,9D9I,igb2_di4_salt0_st0,-30.3835,3001
0a8bd2b181a818ac245c132acb3ffd18,9D9I,igb2_di4_salt0_st0.0072,-35.0089,3001
0a8bd2b181a818ac245c132acb3ffd18,9D9I,igb5_di1_salt0.15_st0,-19.3025,3001
0a8bd2b181a818ac245c132acb3ffd18,9D9I,igb5_di1_salt0.15_st0.0072,-23.928,3001
0a8bd2b181a818ac245c132acb3ffd18,9D9I,igb5_di1_salt0_st0,-19.2977,3001
0a8bd2b181a818ac245c132acb3ffd18,9D9I,igb5_di1_salt0_st0.0072,-23.9233,3001
0a8bd2b181a818ac245c132acb3ffd18,9D9I,igb5_di2_salt0.15_st0,-26.9137,3001
0a8bd2b181a818ac245c132acb3ffd18,9D9I,igb5_di2_salt0.15_st0.0072,-31.5392,3001
0a8bd2b181a818ac245c132acb3ffd18,9D9I,igb5_di2_salt0_st0,-26.9089,3001
0a8bd2b181a818ac245c132acb3ffd18,9D9I,igb5_di2_salt0_st0.0072,-31.5343,3001
0a8bd2b181a818ac245c132acb3ffd18,9D9I,igb5_di4_salt0.15_st0,-30.7194,3001
0a8bd2b181a818ac245c132acb3ffd18,9D9I,igb5_di4_salt0.15_st0.0072,-35.3448,3001
0a8bd2b181a818ac245c132acb3ffd18,9D9I,igb5_di4_salt0_st0,-30.7145,3001
0a8bd2b181a818ac245c132acb3ffd18,9D9I,igb5_di4_salt0_st0.0072,-35.34,3001
0a8bd2b181a818ac245c132acb3ffd18,9D9I,igb8_di1_salt0.15_st0,-14.2032,3001
0a8bd2b181a818ac245c132acb3ffd18,9D9I,igb8_di1_salt0.15_st0.0072,-18.8286,3001
0a8bd2b181a818ac245c132acb3ffd18,9D9I,igb8_di1_salt0_st0,-14.201,3001
0a8bd2b181a818ac245c132acb3ffd18,9D9I,igb8_di1_salt0_st0.0072,-18.8266,3001
0a8bd2b181a818ac245c132acb3ffd18,9D9I,igb8_di2_salt0.15_st0,-24.3955,3001
0a8bd2b181a818ac245c132acb3ffd18,9D9I,igb8_di2_salt0.15_st0.0072,-29.0209,3001
0a8bd2b181a818ac245c132acb3ffd18,9D9I,igb8_di2_salt0_st0,-24.3934,3001
0a8bd2b181a818ac245c132acb3ffd18,9D9I,igb8_di2_salt0_st0.0072,-29.0188,3001
0a8bd2b181a818ac245c132acb3ffd18,9D9I,igb8_di4_salt0.15_st0,-29.4916,3001
0a8bd2b181a818ac245c132acb3ffd18,9D9I,igb8_di4_salt0.15_st0.0072,-34.1172,3001
0a8bd2b181a818ac245c132acb3ffd18,9D9I,igb8_di4_salt0_st0,-29.4895,3001
0a8bd2b181a818ac245c132acb3ffd18,9D9I,igb8_di4_salt0_st0.0072,-34.115,3001
0b4fbf7130a60ebdf348cd8d14c36b77,4QB3,igb1_di1_salt0.15_st0,-23.1131,3001
0b4fbf7130a60ebdf348cd8d14c36b77,4QB3,igb1_di1_salt0.15_st0.0072,-28.1662,3001
0b4fbf7130a60ebdf348cd8d14c36b77,4QB3,igb1_di1_salt0_st0,-23.1048,3001
0b4fbf7130a60ebdf348cd8d14c36b77,4QB3,igb1_di1_salt0_st0.0072,-28.1577,3001
0b4fbf7130a60ebdf348cd8d14c36b77,4QB3,igb1_di2_salt0.15_st0,-28.5793,3001
0b4fbf7130a60ebdf348cd8d14c36b77,4QB3,igb1_di2_salt0.15_st0.0072,-33.6323,3001
0b4fbf7130a60ebdf348cd8d14c36b77,4QB3,igb1_di2_salt0_st0,-28.5709,3001
0b4fbf7130a60ebdf348cd8d14c36b77,4QB3,igb1_di2_salt0_st0.0072,-33.6239,3001
0b4fbf7130a60ebdf348cd8d14c36b77,4QB3,igb1_di4_salt0.15_st0,-31.3124,3001
0b4fbf7130a60ebdf348cd8d14c36b77,4QB3,igb1_di4_salt0.15_st0.0072,-36.3654,3001
0b4fbf7130a60ebdf348cd8d14c36b77,4QB3,igb1_di4_salt0_st0,-31.304,3001
0b4fbf7130a60ebdf348cd8d14c36b77,4QB3,igb1_di4_salt0_st0.0072,-36.357,3001
0b4fbf7130a60ebdf348cd8d14c36b77,4QB3,igb2_di1_salt0.15_st0,-18.5219,3001
0b4fbf7130a60ebdf348cd8d14c36b77,4QB3,igb2_di1_salt0.15_st0.0072,-23.5749,3001
0b4fbf7130a60ebdf348cd8d14c36b77,4QB3,igb2_di1_salt0_st0,-18.513,3001
0b4fbf7130a60ebdf348cd8d14c36b77,4QB3,igb2_di1_salt0_st0.0072,-23.566,3001
0b4fbf7130a60ebdf348cd8d14c36b77,4QB3,igb2_di2_salt0.15_st0,-26.3136,3001
0b4fbf7130a60ebdf348cd8d14c36b77,4QB3,igb2_di2_salt0.15_st0.0072,-31.3666,3001
0b4fbf7130a60ebdf348cd8d14c36b77,4QB3,igb2_di2_salt0_st0,-26.3048,3001
0b4fbf7130a60ebdf348cd8d14c36b77,4QB3,igb2_di2_salt0_st0.0072,-31.3577,3001
0b4fbf7130a60ebdf348cd8d14c36b77,4QB3,igb2_di4_salt0.15_st0,-30.2093,3001
0b4fbf7130a60ebdf348cd8d14c36b77,4QB3,igb2_di4_salt0.15_st0.0072,-35.2624,3001
0b4fbf7130a60ebdf348cd8d14c36b77,4QB3,igb2_di4_salt0_st0,-30.2005,3001
0b4fbf7130a60ebdf348cd8d14c36b77,4QB3,igb2_di4_salt0_st0.0072,-35.2536,3001
0b4fbf7130a60ebdf348cd8d14c36b77,4QB3,igb5_di1_salt0.15_st0,-20.8347,3001
0b4fbf7130a60ebdf348cd8d14c36b77,4QB3,igb5_di1_salt0.15_st0.0072,-25.8878,3001
0b4fbf7130a60ebdf348cd8d14c36b77,4QB3,igb5_di1_salt0_st0,-20.8242,3001
0b4fbf7130a60ebdf348cd8d14c36b77,4QB3,igb5_di1_salt0_st0.0072,-25.8773,3001
0b4fbf7130a60ebdf348cd8d14c36b77,4QB3,igb5_di2_salt0.15_st0,-27.4559,3001
0b4fbf7130a60ebdf348cd8d14c36b77,4QB3,igb5_di2_salt0.15_st0.0072,-32.5089,3001
0b4fbf7130a60ebdf348cd8d14c36b77,4QB3,igb5_di2_salt0_st0,-27.4454,3001
0b4fbf7130a60ebdf348cd8d14c36b77,4QB3,igb5_di2_salt0_st0.0072,-32.4985,3001
0b4fbf7130a60ebdf348cd8d14c36b77,4QB3,igb5_di4_salt0.15_st0,-30.7664,3001
0b4fbf7130a60ebdf348cd8d14c36b77,4QB3,igb5_di4_salt0.15_st0.0072,-35.8194,3001
0b4fbf7130a60ebdf348cd8d14c36b77,4QB3,igb5_di4_salt0_st0,-30.7559,3001
0b4fbf7130a60ebdf348cd8d14c36b77,4QB3,igb5_di4_salt0_st0.0072,-35.809,3001
0b4fbf7130a60ebdf348cd8d14c36b77,4QB3,igb8_di1_salt0.15_st0,-16.5427,3001
0b4fbf7130a60ebdf348cd8d14c36b77,4QB3,igb8_di1_salt0.15_st0.0072,-21.5958,3001
0b4fbf7130a60ebdf348cd8d14c36b77,4QB3,igb8_di1_salt0_st0,-16.5332,3001
0b4fbf7130a60ebdf348cd8d14c36b77,4QB3,igb8_di1_salt0_st0.0072,-21.5862,3001
0b4fbf7130a60ebdf348cd8d14c36b77,4QB3,igb8_di2_salt0.15_st0,-25.337,3001
0b4fbf7130a60ebdf348cd8d14c36b77,4QB3,igb8_di2_salt0.15_st0.0072,-30.39,3001
0b4fbf7130a60ebdf348cd8d14c36b77,4QB3,igb8_di2_salt0_st0,-25.3276,3001
0b4fbf7130a60ebdf348cd8d14c36b77,4QB3,igb8_di2_salt0_st0.0072,-30.3806,3001
0b4fbf7130a60ebdf348cd8d14c36b77,4QB3,igb8_di4_salt0.15_st0,-29.7343,3001
0b4fbf7130a60ebdf348cd8d14c36b77,4QB3,igb8_di4_salt0.15_st0.0072,-34.7872,3001
0b4fbf7130a60ebdf348cd8d14c36b77,4QB3,igb8_di4_salt0_st0,-29.7247,3001
0b4fbf7130a60ebdf348cd8d14c36b77,4QB3,igb8_di4_salt0_st0.0072,-34.7778,3001
0b8c97a20e0da60b11a122b27f6c8b62,9SI4,igb1_di1_salt0.15_st0,-19.9638,3001
0b8c97a20e0da60b11a122b27f6c8b62,9SI4,igb1_di1_salt0.15_st0.0072,-23.2288,3001
0b8c97a20e0da60b11a122b27f6c8b62,9SI4,igb1_di1_salt0_st0,-19.9577,3001
0b8c97a20e0da60b11a122b27f6c8b62,9SI4,igb1_di1_salt0_st0.0072,-23.2227,3001
0b8c97a20e0da60b11a122b27f6c8b62,9SI4,igb1_di2_salt0.15_st0,-24.1264,3001
0b8c97a20e0da60b11a122b27f6c8b62,9SI4,igb1_di2_salt0.15_st0.0072,-27.3915,3001
0b8c97a20e0da60b11a122b27f6c8b62,9SI4,igb1_di2_salt0_st0,-24.1203,3001
0b8c97a20e0da60b11a122b27f6c8b62,9SI4,igb1_di2_salt0_st0.0072,-27.3855,3001
0b8c97a20e0da60b11a122b27f6c8b62,9SI4,igb1_di4_salt0.15_st0,-26.2077,3001
0b8c97a20e0da60b11a122b27f6c8b62,9SI4,igb1_di4_salt0.15_st0.0072,-29.4728,3001
0b8c97a20e0da60b11a122b27f6c8b62,9SI4,igb1_di4_salt0_st0,-26.2017,3001
0b8c97a20e0da60b11a122b27f6c8b62,9SI4,igb1_di4_salt0_st0.0072,-29.4667,3001
0b8c97a20e0da60b11a122b27f6c8b62,9SI4,igb2_di1_salt0.15_st0,-16.4707,3001
0b8c97a20e0da60b11a122b27f6c8b62,9SI4,igb2_di1_salt0.15_st0.0072,-19.7357,3001
0b8c97a20e0da60b11a122b27f6c8b62,9SI4,igb2_di1_salt0_st0,-16.4642,3001
0b8c97a20e0da60b11a122b27f6c8b62,9SI4,igb2_di1_salt0_st0.0072,-19.7292,3001
0b8c97a20e0da60b11a122b27f6c8b62,9SI4,igb2_di2_salt0.15_st0,-22.4026,3001
0b8c97a20e0da60b11a122b27f6c8b62,9SI4,igb2_di2_salt0.15_st0.0072,-25.6677,3001
0b8c97a20e0da60b11a122b27f6c8b62,9SI4,igb2_di2_salt0_st0,-22.3962,3001
0b8c97a20e0da60b11a122b27f6c8b62,9SI4,igb2_di2_salt0_st0.0072,-25.6612,3001
0b8c97a20e0da60b11a122b27f6c8b62,9SI4,igb2_di4_salt0.15_st0,-25.3686,3001
0b8c97a20e0da60b11a122b27f6c8b62,9SI4,igb2_di4_salt0.15_st0.0072,-28.6337,3001
0b8c97a20e0da60b11a122b27f6c8b62,9SI4,igb2_di4_salt0_st0,-25.3621,3001
0b8c97a20e0da60b11a122b27f6c8b62,9SI4,igb2_di4_salt0_st0.0072,-28.6272,3001
0b8c97a20e0da60b11a122b27f6c8b62,9SI4,igb5_di1_salt0.15_st0,-17.4901,3001
0b8c97a20e0da60b11a122b27f6c8b62,9SI4,igb5_di1_salt0.15_st0.0072,-20.7551,3001
0b8c97a20e0da60b11a122b27f6c8b62,9SI4,igb5_di1_salt0_st0,-17.483,3001
0b8c97a20e0da60b11a122b27f6c8b62,9SI4,igb5_di1_salt0_st0.0072,-20.748,3001
0b8c97a20e0da60b11a122b27f6c8b62,9SI4,igb5_di2_salt0.15_st0,-22.9061,3001
0b8c97a20e0da60b11a122b27f6c8b62,9SI4,igb5_di2_salt0.15_st0.0072,-26.1711,3001
0b8c97a20e0da60b11a122b27f6c8b62,9SI4,igb5_di2_salt0_st0,-22.899,3001
0b8c97a20e0da60b11a122b27f6c8b62,9SI4,igb5_di2_salt0_st0.0072,-26.164,3001
0b8c97a20e0da60b11a122b27f6c8b62,9SI4,igb5_di4_salt0.15_st0,-25.614,3001
0b8c97a20e0da60b11a122b27f6c8b62,9SI4,igb5_di4_salt0.15_st0.0072,-28.8791,3001
0b8c97a20e0da60b11a122b27f6c8b62,9SI4,igb5_di4_salt0_st0,-25.6069,3001
0b8c97a20e0da60b11a122b27f6c8b62,9SI4,igb5_di4_salt0_st0.0072,-28.872,3001
0b8c97a20e0da60b11a122b27f6c8b62,9SI4,igb8_di1_salt0.15_st0,-16.5536,3001
0b8c97a20e0da60b11a122b27f6c8b62,9SI4,igb8_di1_salt0.15_st0.0072,-19.8187,3001
0b8c97a20e0da60b11a122b27f6c8b62,9SI4,igb8_di1_salt0_st0,-16.5474,3001
0b8c97a20e0da60b11a122b27f6c8b62,9SI4,igb8_di1_salt0_st0.0072,-19.8125,3001
0b8c97a20e0da60b11a122b27f6c8b62,9SI4,igb8_di2_salt0.15_st0,-22.4433,3001
0b8c97a20e0da60b11a122b27f6c8b62,9SI4,igb8_di2_salt0.15_st0.0072,-25.7084,3001
0b8c97a20e0da60b11a122b27f6c8b62,9SI4,igb8_di2_salt0_st0,-22.4372,3001
0b8c97a20e0da60b11a122b27f6c8b62,9SI4,igb8_di2_salt0_st0.0072,-25.7024,3001
0b8c97a20e0da60b11a122b27f6c8b62,9SI4,igb8_di4_salt0.15_st0,-25.3882,3001
0b8c97a20e0da60b11a122b27f6c8b62,9SI4,igb8_di4_salt0.15_st0.0072,-28.6533,3001
0b8c97a20e0da60b11a122b27f6c8b62,9SI4,igb8_di4_salt0_st0,-25.3821,3001
0b8c97a20e0da60b11a122b27f6c8b62,9SI4,igb8_di4_salt0_st0.0072,-28.6471,3001
0ba0e185398f759ca91fbd5fa3f0803a,9D9I,igb1_di1_salt0.15_st0,-32.7797,3001
0ba0e185398f759ca91fbd5fa3f0803a,9D9I,igb1_di1_salt0.15_st0.0072,-38.9532,3001
0ba0e185398f759ca91fbd5fa3f0803a,9D9I,igb1_di1_salt0_st0,-32.7872,3001
0ba0e185398f759ca91fbd5fa3f0803a,9D9I,igb1_di1_salt0_st0.0072,-38.9606,3001
0ba0e185398f759ca91fbd5fa3f0803a,9D9I,igb1_di2_salt0.15_st0,-41.9165,3001
0ba0e185398f759ca91fbd5fa3f0803a,9D9I,igb1_di2_salt0.15_st0.0072,-48.09,3001
0ba0e185398f759ca91fbd5fa3f0803a,9D9I,igb1_di2_salt0_st0,-41.9239,3001
0ba0e185398f759ca91fbd5fa3f0803a,9D9I,igb1_di2_salt0_st0.0072,-48.0974,3001
0ba0e185398f759ca91fbd5fa3f0803a,9D9I,igb1_di4_salt0.15_st0,-46.4849,3001
0ba0e185398f759ca91fbd5fa3f0803a,9D9I,igb1_di4_salt0.15_st0.0072,-52.6584,3001
0ba0e185398f759ca91fbd5fa3f0803a,9D9I,igb1_di4_salt0_st0,-46.4922,3001
0ba0e185398f759ca91fbd5fa3f0803a,9D9I,igb1_di4_salt0_st0.0072,-52.6658,3001
0ba0e185398f759ca91fbd5fa3f0803a,9D9I,igb2_di1_salt0.15_st0,-27.3573,3001
0ba0e185398f759ca91fbd5fa3f0803a,9D9I,igb2_di1_salt0.15_st0.0072,-33.5308,3001
0ba0e185398f759ca91fbd5fa3f0803a,9D9I,igb2_di1_salt0_st0,-27.363,3001
0ba0e185398f759ca91fbd5fa3f0803a,9D9I,igb2_di1_salt0_st0.0072,-33.5365,3001
0ba0e185398f759ca91fbd5fa3f0803a,9D9I,igb2_di2_salt0.15_st0,-39.241,3001
0ba0e185398f759ca91fbd5fa3f0803a,9D9I,igb2_di2_salt0.15_st0.0072,-45.4146,3001
0ba0e185398f759ca91fbd5fa3f0803a,9D9I,igb2_di2_salt0_st0,-39.2468,3001
0ba0e185398f759ca91fbd5fa3f0803a,9D9I,igb2_di2_salt0_st0.0072,-45.4202,3001
0ba0e185398f759ca91fbd5fa3f0803a,9D9I,igb2_di4_salt0.15_st0,-45.183,3001
0ba0e185398f759ca91fbd5fa3f0803a,9D9I,igb2_di4_salt0.15_st0.0072,-51.3565,3001
0ba0e185398f759ca91fbd5fa3f0803a,9D9I,igb2_di4_salt0_st0,-45.1888,3001
0ba0e185398f759ca91fbd5fa3f0803a,9D9I,igb2_di4_salt0_st0.0072,-51.3622,3001
0ba0e185398f759ca91fbd5fa3f0803a,9D9I,igb5_di1_salt0.15_st0,-31.3205,3001
0ba0e185398f759ca91fbd5fa3f0803a,9D9I,igb5_di1_salt0.15_st0.0072,-37.494,3001
0ba0e185398f759ca91fbd5fa3f0803a,9D9I,igb5_di1_salt0_st0,-31.3218,3001
0ba0e185398f759ca91fbd5fa3f0803a,9D9I,igb5_di1_salt0_st0.0072,-37.4952,3001
0ba0e185398f759ca91fbd5fa3f0803a,9D9I,igb5_di2_salt0.15_st0,-41.1995,3001
0ba0e185398f759ca91fbd5fa3f0803a,9D9I,igb5_di2_salt0.15_st0.0072,-47.3731,3001
0ba0e185398f759ca91fbd5fa3f0803a,9D9I,igb5_di2_salt0_st0,-41.2006,3001
0ba0e185398f759ca91fbd5fa3f0803a,9D9I,igb5_di2_salt0_st0.0072,-47.3742,3001
0ba0e185398f759ca91fbd5fa3f0803a,9D9I,igb5_di4_salt0.15_st0,-46.139,3001
0ba0e185398f759ca91fbd5fa3f0803a,9D9I,igb5_di4_salt0.15_st0.0072,-52.3126,3001
0ba0e185398f759ca91fbd5fa3f0803a,9D9I,igb5_di4_salt0_st0,-46.1401,3001
0ba0e185398f759ca91fbd5fa3f0803a,9D9I,igb5_di4_salt0_st0.0072,-52.3136,3001
0ba0e185398f759ca91fbd5fa3f0803a,9D9I,igb8_di1_salt0.15_st0,-22.1734,3001
0ba0e185398f759ca91fbd5fa3f0803a,9D9I,igb8_di1_salt0.15_st0.0072,-28.3469,3001
0ba0e185398f759ca91fbd5fa3f0803a,9D9I,igb8_di1_salt0_st0,-22.1859,3001
0ba0e185398f759ca91fbd5fa3f0803a,9D9I,igb8_di1_salt0_st0.0072,-28.3596,3001
0ba0e185398f759ca91fbd5fa3f0803a,9D9I,igb8_di2_salt0.15_st0,-36.6791,3001
0ba0e185398f759ca91fbd5fa3f0803a,9D9I,igb8_di2_salt0.15_st0.0072,-42.8527,3001
0ba0e185398f759ca91fbd5fa3f0803a,9D9I,igb8_di2_salt0_st0,-36.6917,3001
0ba0e185398f759ca91fbd5fa3f0803a,9D9I,igb8_di2_salt0_st0.0072,-42.8652,3001
0ba0e185398f759ca91fbd5fa3f0803a,9D9I,igb8_di4_salt0.15_st0,-43.932,3001
0ba0e185398f759ca91fbd5fa3f0803a,9D9I,igb8_di4_salt0.15_st0.0072,-50.1056,3001
0ba0e185398f759ca91fbd5fa3f0803a,9D9I,igb8_di4_salt0_st0,-43.9446,3001
0ba0e185398f759ca91fbd5fa3f0803a,9D9I,igb8_di4_salt0_st0.0072,-50.1182,3001
0d441b18656df0b6da1659391eb123e7,5HU9,igb1_di1_salt0.15_st0,-15.1582,3001
0d441b18656df0b6da1659391eb123e7,5HU9,igb1_di1_salt0.15_st0.0072,-18.1649,3001
0d441b18656df0b6da1659391eb123e7,5HU9,igb1_di1_salt0_st0,-15.1747,3001
0d441b18656df0b6da1659391eb123e7,5HU9,igb1_di1_salt0_st0.0072,-18.1813,3001
0d441b18656df0b6da1659391eb123e7,5HU9,igb1_di2_salt0.15_st0,-19.0281,3001
0d441b18656df0b6da1659391eb123e7,5HU9,igb1_di2_salt0.15_st0.0072,-22.0346,3001
0d441b18656df0b6da1659391eb123e7,5HU9,igb1_di2_salt0_st0,-19.0446,3001
0d441b18656df0b6da1659391eb123e7,5HU9,igb1_di2_salt0_st0.0072,-22.0511,3001
0d441b18656df0b6da1659391eb123e7,5HU9,igb1_di4_salt0.15_st0,-20.963,3001
0d441b18656df0b6da1659391eb123e7,5HU9,igb1_di4_salt0.15_st0.0072,-23.9695,3001
0d441b18656df0b6da1659391eb123e7,5HU9,igb1_di4_salt0_st0,-20.9795,3001
0d441b18656df0b6da1659391eb123e7,5HU9,igb1_di4_salt0_st0.0072,-23.9859,3001
0d441b18656df0b6da1659391eb123e7,5HU9,igb2_di1_salt0.15_st0,-12.3681,3001
0d441b18656df0b6da1659391eb123e7,5HU9,igb2_di1_salt0.15_st0.0072,-15.3746,3001
0d441b18656df0b6da1659391eb123e7,5HU9,igb2_di1_salt0_st0,-12.3843,3001
0d441b18656df0b6da1659391eb123e7,5HU9,igb2_di1_salt0_st0.0072,-15.3909,3001
0d441b18656df0b6da1659391eb123e7,5HU9,igb2_di2_salt0.15_st0,-17.6509,3001
0d441b18656df0b6da1659391eb123e7,5HU9,igb2_di2_salt0.15_st0.0072,-20.6577,3001
0d441b18656df0b6da1659391eb123e7,5HU9,igb2_di2_salt0_st0,-17.6673,3001
0d441b18656df0b6da1659391eb123e7,5HU9,igb2_di2_salt0_st0.0072,-20.6739,3001
0d441b18656df0b6da1659391eb123e7,5HU9,igb2_di4_salt0.15_st0,-20.2926,3001
0d441b18656df0b6da1659391eb123e7,5HU9,igb2_di4_salt0.15_st0.0072,-23.2991,3001
0d441b18656df0b6da1659391eb123e7,5HU9,igb2_di4_salt0_st0,-20.3089,3001
0d441b18656df0b6da1659391eb123e7,5HU9,igb2_di4_salt0_st0.0072,-23.3155,3001
0d441b18656df0b6da1659391eb123e7,5HU9,igb5_di1_salt0.15_st0,-12.7629,3001
0d441b18656df0b6da1659391eb123e7,5HU9,igb5_di1_salt0.15_st0.0072,-15.7695,3001
0d441b18656df0b6da1659391eb123e7,5HU9,igb5_di1_salt0_st0,-12.7796,3001
0d441b18656df0b6da1659391eb123e7,5HU9,igb5_di1_salt0_st0.0072,-15.7861,3001
0d441b18656df0b6da1659391eb123e7,5HU9,igb5_di2_salt0.15_st0,-17.8457,3001
0d441b18656df0b6da1659391eb123e7,5HU9,igb5_di2_salt0.15_st0.0072,-20.8523,3001
0d441b18656df0b6da1659391eb123e7,5HU9,igb5_di2_salt0_st0,-17.8624,3001
0d441b18656df0b6da1659391eb123e7,5HU9,igb5_di2_salt0_st0.0072,-20.869,3001
0d441b18656df0b6da1659391eb123e7,5HU9,igb5_di4_salt0.15_st0,-20.3871,3001
0d441b18656df0b6da1659391eb123e7,5HU9,igb5_di4_salt0.15_st0.0072,-23.3936,3001
0d441b18656df0b6da1659391eb123e7,5HU9,igb5_di4_salt0_st0,-20.4038,3001
0d441b18656df0b6da1659391eb123e7,5HU9,igb5_di4_salt0_st0.0072,-23.4104,3001
0d441b18656df0b6da1659391eb123e7,5HU9,igb8_di1_salt0.15_st0,-11.3837,3001
0d441b18656df0b6da1659391eb123e7,5HU9,igb8_di1_salt0.15_st0.0072,-14.3901,3001
0d441b18656df0b6da1659391eb123e7,5HU9,igb8_di1_salt0_st0,-11.4035,3001
0d441b18656df0b6da1659391eb123e7,5HU9,igb8_di1_salt0_st0.0072,-14.4101,3001
0d441b18656df0b6da1659391eb123e7,5HU9,igb8_di2_salt0.15_st0,-17.1633,3001
0d441b18656df0b6da1659391eb123e7,5HU9,igb8_di2_salt0.15_st0.0072,-20.17,3001
0d441b18656df0b6da1659391eb123e7,5HU9,igb8_di2_salt0_st0,-17.1833,3001
0d441b18656df0b6da1659391eb123e7,5HU9,igb8_di2_salt0_st0.0072,-20.1898,3001
0d441b18656df0b6da1659391eb123e7,5HU9,igb8_di4_salt0.15_st0,-20.0533,3001
0d441b18656df0b6da1659391eb123e7,5HU9,igb8_di4_salt0.15_st0.0072,-23.0598,3001
0d441b18656df0b6da1659391eb123e7,5HU9,igb8_di4_salt0_st0,-20.073,3001
0d441b18656df0b6da1659391eb123e7,5HU9,igb8_di4_salt0_st0.0072,-23.0797,3001
0f35616c28aaaf8c39fd2467e3d2cebd,9D9I,igb1_di1_salt0.15_st0,-21.7152,3001
0f35616c28aaaf8c39fd2467e3d2cebd,9D9I,igb1_di1_salt0.15_st0.0072,-26.3998,3001
0f35616c28aaaf8c39fd2467e3d2cebd,9D9I,igb1_di1_salt0_st0,-21.7155,3001
0f35616c28aaaf8c39fd2467e3d2cebd,9D9I,igb1_di1_salt0_st0.0072,-26.4,3001
0f35616c28aaaf8c39fd2467e3d2cebd,9D9I,igb1_di2_salt0.15_st0,-27.8678,3001
0f35616c28aaaf8c39fd2467e3d2cebd,9D9I,igb1_di2_salt0.15_st0.0072,-32.5523,3001
0f35616c28aaaf8c39fd2467e3d2cebd,9D9I,igb1_di2_salt0_st0,-27.868,3001
0f35616c28aaaf8c39fd2467e3d2cebd,9D9I,igb1_di2_salt0_st0.0072,-32.5525,3001
0f35616c28aaaf8c39fd2467e3d2cebd,9D9I,igb1_di4_salt0.15_st0,-30.944,3001
0f35616c28aaaf8c39fd2467e3d2cebd,9D9I,igb1_di4_salt0.15_st0.0072,-35.6286,3001
0f35616c28aaaf8c39fd2467e3d2cebd,9D9I,igb1_di4_salt0_st0,-30.9442,3001
0f35616c28aaaf8c39fd2467e3d2cebd,9D9I,igb1_di4_salt0_st0.0072,-35.6287,3001
0f35616c28aaaf8c39fd2467e3d2cebd,9D9I,igb2_di1_salt0.15_st0,-17.5314,3001
0f35616c28aaaf8c39fd2467e3d2cebd,9D9I,igb2_di1_salt0.15_st0.0072,-22.2159,3001
0f35616c28aaaf8c39fd2467e3d2cebd,9D9I,igb2_di1_salt0_st0,-17.5309,3001
0f35616c28aaaf8c39fd2467e3d2cebd,9D9I,igb2_di1_salt0_st0.0072,-22.2154,3001
0f35616c28aaaf8c39fd2467e3d2cebd,9D9I,igb2_di2_salt0.15_st0,-25.8032,3001
0f35616c28aaaf8c39fd2467e3d2cebd,9D9I,igb2_di2_salt0.15_st0.0072,-30.4876,3001
0f35616c28aaaf8c39fd2467e3d2cebd,9D9I,igb2_di2_salt0_st0,-25.8027,3001
0f35616c28aaaf8c39fd2467e3d2cebd,9D9I,igb2_di2_salt0_st0.0072,-30.4871,3001
0f35616c28aaaf8c39fd2467e3d2cebd,9D9I,igb2_di4_salt0.15_st0,-29.9391,3001
0f35616c28aaaf8c39fd2467e3d2cebd,9D9I,igb2_di4_salt0.15_st0.0072,-34.6235,3001
0f35616c28aaaf8c39fd2467e3d2cebd,9D9I,igb2_di4_salt0_st0,-29.9386,3001
0f35616c28aaaf8c39fd2467e3d2cebd,9D9I,igb2_di4_salt0_st0.0072,-34.623,3001
0f35616c28aaaf8c39fd2467e3d2cebd,9D9I,igb5_di1_salt0.15_st0,-18.7226,3001
0f35616c28aaaf8c39fd2467e3d2cebd,9D9I,igb5_di1_salt0.15_st0.0072,-23.4071,3001
0f35616c28aaaf8c39fd2467e3d2cebd,9D9I,igb5_di1_salt0_st0,-18.7227,3001
0f35616c28aaaf8c39fd2467e3d2cebd,9D9I,igb5_di1_salt0_st0.0072,-23.4072,3001
0f35616c28aaaf8c39fd2467e3d2cebd,9D9I,igb5_di2_salt0.15_st0,-26.3908,3001
0f35616c28aaaf8c39fd2467e3d2cebd,9D9I,igb5_di2_salt0.15_st0.0072,-31.0754,3001
0f35616c28aaaf8c39fd2467e3d2cebd,9D9I,igb5_di2_salt0_st0,-26.3909,3001
0f35616c28aaaf8c39fd2467e3d2cebd,9D9I,igb5_di2_salt0_st0.0072,-31.0754,3001
0f35616c28aaaf8c39fd2467e3d2cebd,9D9I,igb5_di4_salt0.15_st0,-30.2248,3001
0f35616c28aaaf8c39fd2467e3d2cebd,9D9I,igb5_di4_salt0.15_st0.0072,-34.9093,3001
0f35616c28aaaf8c39fd2467e3d2cebd,9D9I,igb5_di4_salt0_st0,-30.225,3001
0f35616c28aaaf8c39fd2467e3d2cebd,9D9I,igb5_di4_salt0_st0.0072,-34.9094,3001
0f35616c28aaaf8c39fd2467e3d2cebd,9D9I,igb8_di1_salt0.15_st0,-14.5027,3001
0f35616c28aaaf8c39fd2467e3d2cebd,9D9I,igb8_di1_salt0.15_st0.0072,-19.1872,3001
0f35616c28aaaf8c39fd2467e3d2cebd,9D9I,igb8_di1_salt0_st0,-14.5042,3001
0f35616c28aaaf8c39fd2467e3d2cebd,9D9I,igb8_di1_salt0_st0.0072,-19.1888,3001
0f35616c28aaaf8c39fd2467e3d2cebd,9D9I,igb8_di2_salt0.15_st0,-24.3073,3001
0f35616c28aaaf8c39fd2467e3d2cebd,9D9I,igb8_di2_salt0.15_st0.0072,-28.9918,3001
0f35616c28aaaf8c39fd2467e3d2cebd,9D9I,igb8_di2_salt0_st0,-24.309,3001
0f35616c28aaaf8c39fd2467e3d2cebd,9D9I,igb8_di2_salt0_st0.0072,-28.9935,3001
0f35616c28aaaf8c39fd2467e3d2cebd,9D9I,igb8_di4_salt0.15_st0,-29.2096,3001
0f35616c28aaaf8c39fd2467e3d2cebd,9D9I,igb8_di4_salt0.15_st0.0072,-33.8941,3001
0f35616c28aaaf8c39fd2467e3d2cebd,9D9I,igb8_di4_salt0_st0,-29.2111,3001
0f35616c28aaaf8c39fd2467e3d2cebd,9D9I,igb8_di4_salt0_st0.0072,-33.8957,3001
11575d57d06531080c7c3f1703538086,5HU9,igb1_di1_salt0.15_st0,-16.9676,3001
11575d57d06531080c7c3f1703538086,5HU9,igb1_di1_salt0.15_st0.0072,-20.4454,3001
11575d57d06531080c7c3f1703538086,5HU9,igb1_di1_salt0_st0,-16.957,3001
11575d57d06531080c7c3f1703538086,5HU9,igb1_di1_salt0_st0.0072,-20.4349,3001
11575d57d06531080c7c3f1703538086,5HU9,igb1_di2_salt0.15_st0,-21.9951,3001
11575d57d06531080c7c3f1703538086,5HU9,igb1_di2_salt0.15_st0.0072,-25.4731,3001
11575d57d06531080c7c3f1703538086,5HU9,igb1_di2_salt0_st0,-21.9845,3001
11575d57d06531080c7c3f1703538086,5HU9,igb1_di2_salt0_st0.0072,-25.4623,3001
11575d57d06531080c7c3f1703538086,5HU9,igb1_di4_salt0.15_st0,-24.5089,3001
11575d57d06531080c7c3f1703538086,5HU9,igb1_di4_salt0.15_st0.0072,-27.9867,3001
11575d57d06531080c7c3f1703538086,5HU9,igb1_di4_salt0_st0,-24.4982,3001
11575d57d06531080c7c3f1703538086,5HU9,igb1_di4_salt0_st0.0072,-27.9761,3001
11575d57d06531080c7c3f1703538086,5HU9,igb2_di1_salt0.15_st0,-14.3345,3001
11575d57d06531080c7c3f1703538086,5HU9,igb2_di1_salt0.15_st0.0072,-17.8125,3001
11575d57d06531080c7c3f1703538086,5HU9,igb2_di1_salt0_st0,-14.3238,3001
11575d57d06531080c7c3f1703538086,5HU9,igb2_di1_salt0_st0.0072,-17.8018,3001
11575d57d06531080c7c3f1703538086,5HU9,igb2_di2_salt0.15_st0,-20.6956,3001
11575d57d06531080c7c3f1703538086,5HU9,igb2_di2_salt0.15_st0.0072,-24.1734,3001
11575d57d06531080c7c3f1703538086,5HU9,igb2_di2_salt0_st0,-20.6849,3001
11575d57d06531080c7c3f1703538086,5HU9,igb2_di2_salt0_st0.0072,-24.1628,3001
11575d57d06531080c7c3f1703538086,5HU9,igb2_di4_salt0.15_st0,-23.8761,3001
11575d57d06531080c7c3f1703538086,5HU9,igb2_di4_salt0.15_st0.0072,-27.3539,3001
11575d57d06531080c7c3f1703538086,5HU9,igb2_di4_salt0_st0,-23.8654,3001
11575d57d06531080c7c3f1703538086,5HU9,igb2_di4_salt0_st0.0072,-27.3433,3001
11575d57d06531080c7c3f1703538086,5HU9,igb5_di1_salt0.15_st0,-14.9084,3001
11575d57d06531080c7c3f1703538086,5HU9,igb5_di1_salt0.15_st0.0072,-18.3863,3001
11575d57d06531080c7c3f1703538086,5HU9,igb5_di1_salt0_st0,-14.8983,3001
11575d57d06531080c7c3f1703538086,5HU9,igb5_di1_salt0_st0.0072,-18.3762,3001
11575d57d06531080c7c3f1703538086,5HU9,igb5_di2_salt0.15_st0,-20.9785,3001
11575d57d06531080c7c3f1703538086,5HU9,igb5_di2_salt0.15_st0.0072,-24.4564,3001
11575d57d06531080c7c3f1703538086,5HU9,igb5_di2_salt0_st0,-20.9685,3001
11575d57d06531080c7c3f1703538086,5HU9,igb5_di2_salt0_st0.0072,-24.4463,3001
11575d57d06531080c7c3f1703538086,5HU9,igb5_di4_salt0.15_st0,-24.0135,3001
11575d57d06531080c7c3f1703538086,5HU9,igb5_di4_salt0.15_st0.0072,-27.4914,3001
11575d57d06531080c7c3f1703538086,5HU9,igb5_di4_salt0_st0,-24.0035,3001
11575d57d06531080c7c3f1703538086,5HU9,igb5_di4_salt0_st0.0072,-27.4814,3001
11575d57d06531080c7c3f1703538086,5HU9,igb8_di1_salt0.15_st0,-11.8277,3001
11575d57d06531080c7c3f1703538086,5HU9,igb8_di1_salt0.15_st0.0072,-15.3057,3001
11575d57d06531080c7c3f1703538086,5HU9,igb8_di1_salt0_st0,-11.8239,3001
11575d57d06531080c7c3f1703538086,5HU9,igb8_di1_salt0_st0.0072,-15.3018,3001
11575d57d06531080c7c3f1703538086,5HU9,igb8_di2_salt0.15_st0,-19.455,3001
11575d57d06531080c7c3f1703538086,5HU9,igb8_di2_salt0.15_st0.0072,-22.9329,3001
11575d57d06531080c7c3f1703538086,5HU9,igb8_di2_salt0_st0,-19.4511,3001
11575d57d06531080c7c3f1703538086,5HU9,igb8_di2_salt0_st0.0072,-22.929,3001
11575d57d06531080c7c3f1703538086,5HU9,igb8_di4_salt0.15_st0,-23.2686,3001
11575d57d06531080c7c3f1703538086,5HU9,igb8_di4_salt0.15_st0.0072,-26.7465,3001
11575d57d06531080c7c3f1703538086,5HU9,igb8_di4_salt0_st0,-23.2647,3001
11575d57d06531080c7c3f1703538086,5HU9,igb8_di4_salt0_st0.0072,-26.7425,3001
12004f3f2e7c95e0f8ddf8877cb7684c,5HU9,igb1_di1_salt0.15_st0,-23.304,3001
12004f3f2e7c95e0f8ddf8877cb7684c,5HU9,igb1_di1_salt0.15_st0.0072,-27.1123,3001
12004f3f2e7c95e0f8ddf8877cb7684c,5HU9,igb1_di1_salt0_st0,-23.3295,3001
12004f3f2e7c95e0f8ddf8877cb7684c,5HU9,igb1_di1_salt0_st0.0072,-27.1378,3001
12004f3f2e7c95e0f8ddf8877cb7684c,5HU9,igb1_di2_salt0.15_st0,-27.0646,3001
12004f3f2e7c95e0f8ddf8877cb7684c,5HU9,igb1_di2_salt0.15_st0.0072,-30.873,3001
12004f3f2e7c95e0f8ddf8877cb7684c,5HU9,igb1_di2_salt0_st0,-27.0901,3001
12004f3f2e7c95e0f8ddf8877cb7684c,5HU9,igb1_di2_salt0_st0.0072,-30.8984,3001
12004f3f2e7c95e0f8ddf8877cb7684c,5HU9,igb1_di4_salt0.15_st0,-28.9448,3001
12004f3f2e7c95e0f8ddf8877cb7684c,5HU9,igb1_di4_salt0.15_st0.0072,-32.7532,3001
12004f3f2e7c95e0f8ddf8877cb7684c,5HU9,igb1_di4_salt0_st0,-28.9703,3001
12004f3f2e7c95e0f8ddf8877cb7684c,5HU9,igb1_di4_salt0_st0.0072,-32.7787,3001
12004f3f2e7c95e0f8ddf8877cb7684c,5HU9,igb2_di1_salt0.15_st0,-19.914,3001
12004f3f2e7c95e0f8ddf8877cb7684c,5HU9,igb2_di1_salt0.15_st0.0072,-23.7222,3001
12004f3f2e7c95e0f8ddf8877cb7684c,5HU9,igb2_di1_salt0_st0,-19.9391,3001
12004f3f2e7c95e0f8ddf8877cb7684c,5HU9,igb2_di1_salt0_st0.0072,-23.7475,3001
12004f3f2e7c95e0f8ddf8877cb7684c,5HU9,igb2_di2_salt0.15_st0,-25.3915,3001
12004f3f2e7c95e0f8ddf8877cb7684c,5HU9,igb2_di2_salt0.15_st0.0072,-29.1998,3001
12004f3f2e7c95e0f8ddf8877cb7684c,5HU9,igb2_di2_salt0_st0,-25.4168,3001
12004f3f2e7c95e0f8ddf8877cb7684c,5HU9,igb2_di2_salt0_st0.0072,-29.225,3001
12004f3f2e7c95e0f8ddf8877cb7684c,5HU9,igb2_di4_salt0.15_st0,-28.1302,3001
12004f3f2e7c95e0f8ddf8877cb7684c,5HU9,igb2_di4_salt0.15_st0.0072,-31.9386,3001
12004f3f2e7c95e0f8ddf8877cb7684c,5HU9,igb2_di4_salt0_st0,-28.1556,3001
12004f3f2e7c95e0f8ddf8877cb7684c,5HU9,igb2_di4_salt0_st0.0072,-31.9639,3001
12004f3f2e7c95e0f8ddf8877cb7684c,5HU9,igb5_di1_salt0.15_st0,-20.3859,3001
12004f3f2e7c95e0f8ddf8877cb7684c,5HU9,igb5_di1_salt0.15_st0.0072,-24.1942,3001
12004f3f2e7c95e0f8ddf8877cb7684c,5HU9,igb5_di1_salt0_st0,-20.4116,3001
12004f3f2e7c95e0f8ddf8877cb7684c,5HU9,igb5_di1_salt0_st0.0072,-24.22,3001
12004f3f2e7c95e0f8ddf8877cb7684c,5HU9,igb5_di2_salt0.15_st0,-25.6242,3001
12004f3f2e7c95e0f8ddf8877cb7684c,5HU9,igb5_di2_salt0.15_st0.0072,-29.4326,3001
12004f3f2e7c95e0f8ddf8877cb7684c,5HU9,igb5_di2_salt0_st0,-25.6501,3001
12004f3f2e7c95e0f8ddf8877cb7684c,5HU9,igb5_di2_salt0_st0.0072,-29.4583,3001
12004f3f2e7c95e0f8ddf8877cb7684c,5HU9,igb5_di4_salt0.15_st0,-28.2434,3001
12004f3f2e7c95e0f8ddf8877cb7684c,5HU9,igb5_di4_salt0.15_st0.0072,-32.0516,3001
12004f3f2e7c95e0f8ddf8877cb7684c,5HU9,igb5_di4_salt0_st0,-28.2691,3001
12004f3f2e7c95e0f8ddf8877cb7684c,5HU9,igb5_di4_salt0_st0.0072,-32.0775,3001
12004f3f2e7c95e0f8ddf8877cb7684c,5HU9,igb8_di1_salt0.15_st0,-17.0234,3001
12004f3f2e7c95e0f8ddf8877cb7684c,5HU9,igb8_di1_salt0.15_st0.0072,-20.8316,3001
12004f3f2e7c95e0f8ddf8877cb7684c,5HU9,igb8_di1_salt0_st0,-17.0537,3001
12004f3f2e7c95e0f8ddf8877cb7684c,5HU9,igb8_di1_salt0_st0.0072,-20.862,3001
12004f3f2e7c95e0f8ddf8877cb7684c,5HU9,igb8_di2_salt0.15_st0,-23.9624,3001
12004f3f2e7c95e0f8ddf8877cb7684c,5HU9,igb8_di2_salt0.15_st0.0072,-27.7707,3001
12004f3f2e7c95e0f8ddf8877cb7684c,5HU9,igb8_di2_salt0_st0,-23.9926,3001
12004f3f2e7c95e0f8ddf8877cb7684c,5HU9,igb8_di2_salt0_st0.0072,-27.801,3001
12004f3f2e7c95e0f8ddf8877cb7684c,5HU9,igb8_di4_salt0.15_st0,-27.4317,3001
12004f3f2e7c95e0f8ddf8877cb7684c,5HU9,igb8_di4_salt0.15_st0.0072,-31.2401,3001
12004f3f2e7c95e0f8ddf8877cb7684c,5HU9,igb8_di4_salt0_st0,-27.4621,3001
12004f3f2e7c95e0f8ddf8877cb7684c,5HU9,igb8_di4_salt0_st0.0072,-31.2705,3001
13e1da8f0e67c08c5ef1cb0ebded75a5,2XU3,igb1_di1_salt0.15_st0,-7.9969,3001
13e1da8f0e67c08c5ef1cb0ebded75a5,2XU3,igb1_di1_salt0.15_st0.0072,-10.0395,3001
13e1da8f0e67c08c5ef1cb0ebded75a5,2XU3,igb1_di1_salt0_st0,-8.0174,3001
13e1da8f0e67c08c5ef1cb0ebded75a5,2XU3,igb1_di1_salt0_st0.0072,-10.0599,3001
13e1da8f0e67c08c5ef1cb0ebded75a5,2XU3,igb1_di2_salt0.15_st0,-11.2127,3001
13e1da8f0e67c08c5ef1cb0ebded75a5,2XU3,igb1_di2_salt0.15_st0.0072,-13.2553,3001
13e1da8f0e67c08c5ef1cb0ebded75a5,2XU3,igb1_di2_salt0_st0,-11.2331,3001
13e1da8f0e67c08c5ef1cb0ebded75a5,2XU3,igb1_di2_salt0_st0.0072,-13.2756,3001
13e1da8f0e67c08c5ef1cb0ebded75a5,2XU3,igb1_di4_salt0.15_st0,-12.8206,3001
13e1da8f0e67c08c5ef1cb0ebded75a5,2XU3,igb1_di4_salt0.15_st0.0072,-14.863,3001
13e1da8f0e67c08c5ef1cb0ebded75a5,2XU3,igb1_di4_salt0_st0,-12.8409,3001
13e1da8f0e67c08c5ef1cb0ebded75a5,2XU3,igb1_di4_salt0_st0.0072,-14.8836,3001
13e1da8f0e67c08c5ef1cb0ebded75a5,2XU3,igb2_di1_salt0.15_st0,-6.3398,3001
13e1da8f0e67c08c5ef1cb0ebded75a5,2XU3,igb2_di1_salt0.15_st0.0072,-8.3825,3001
13e1da8f0e67c08c5ef1cb0ebded75a5,2XU3,igb2_di1_salt0_st0,-6.36,3001
13e1da8f0e67c08c5ef1cb0ebded75a5,2XU3,igb2_di1_salt0_st0.0072,-8.4026,3001
13e1da8f0e67c08c5ef1cb0ebded75a5,2XU3,igb2_di2_salt0.15_st0,-10.395,3001
13e1da8f0e67c08c5ef1cb0ebded75a5,2XU3,igb2_di2_salt0.15_st0.0072,-12.4374,3001
13e1da8f0e67c08c5ef1cb0ebded75a5,2XU3,igb2_di2_salt0_st0,-10.4151,3001
13e1da8f0e67c08c5ef1cb0ebded75a5,2XU3,igb2_di2_salt0_st0.0072,-12.4577,3001
13e1da8f0e67c08c5ef1cb0ebded75a5,2XU3,igb2_di4_salt0.15_st0,-12.4224,3001
13e1da8f0e67c08c5ef1cb0ebded75a5,2XU3,igb2_di4_salt0.15_st0.0072,-14.4651,3001
13e1da8f0e67c08c5ef1cb0ebded75a5,2XU3,igb2_di4_salt0_st0,-12.4426,3001
13e1da8f0e67c08c5ef1cb0ebded75a5,2XU3,igb2_di4_salt0_st0.0072,-14.4852,3001
13e1da8f0e67c08c5ef1cb0ebded75a5,2XU3,igb5_di1_salt0.15_st0,-6.503,3001
13e1da8f0e67c08c5ef1cb0ebded75a5,2XU3,igb5_di1_salt0.15_st0.0072,-8.5455,3001
13e1da8f0e67c08c5ef1cb0ebded75a5,2XU3,igb5_di1_salt0_st0,-6.5231,3001
13e1da8f0e67c08c5ef1cb0ebded75a5,2XU3,igb5_di1_salt0_st0.0072,-8.5657,3001
13e1da8f0e67c08c5ef1cb0ebded75a5,2XU3,igb5_di2_salt0.15_st0,-10.4756,3001
13e1da8f0e67c08c5ef1cb0ebded75a5,2XU3,igb5_di2_salt0.15_st0.0072,-12.518,3001
13e1da8f0e67c08c5ef1cb0ebded75a5,2XU3,igb5_di2_salt0_st0,-10.4956,3001
13e1da8f0e67c08c5ef1cb0ebded75a5,2XU3,igb5_di2_salt0_st0.0072,-12.5381,3001
13e1da8f0e67c08c5ef1cb0ebded75a5,2XU3,igb5_di4_salt0.15_st0,-12.4618,3001
13e1da8f0e67c08c5ef1cb0ebded75a5,2XU3,igb5_di4_salt0.15_st0.0072,-14.5043,3001
13e1da8f0e67c08c5ef1cb0ebded75a5,2XU3,igb5_di4_salt0_st0,-12.4819,3001
13e1da8f0e67c08c5ef1cb0ebded75a5,2XU3,igb5_di4_salt0_st0.0072,-14.5244,3001
13e1da8f0e67c08c5ef1cb0ebded75a5,2XU3,igb8_di1_salt0.15_st0,-7.2763,3001
13e1da8f0e67c08c5ef1cb0ebded75a5,2XU3,igb8_di1_salt0.15_st0.0072,-9.3189,3001
13e1da8f0e67c08c5ef1cb0ebded75a5,2XU3,igb8_di1_salt0_st0,-7.2969,3001
13e1da8f0e67c08c5ef1cb0ebded75a5,2XU3,igb8_di1_salt0_st0.0072,-9.3395,3001
13e1da8f0e67c08c5ef1cb0ebded75a5,2XU3,igb8_di2_salt0.15_st0,-10.8569,3001
13e1da8f0e67c08c5ef1cb0ebded75a5,2XU3,igb8_di2_salt0.15_st0.0072,-12.8994,3001
13e1da8f0e67c08c5ef1cb0ebded75a5,2XU3,igb8_di2_salt0_st0,-10.8774,3001
13e1da8f0e67c08c5ef1cb0ebded75a5,2XU3,igb8_di2_salt0_st0.0072,-12.9201,3001
13e1da8f0e67c08c5ef1cb0ebded75a5,2XU3,igb8_di4_salt0.15_st0,-12.6472,3001
13e1da8f0e67c08c5ef1cb0ebded75a5,2XU3,igb8_di4_salt0.15_st0.0072,-14.6897,3001
13e1da8f0e67c08c5ef1cb0ebded75a5,2XU3,igb8_di4_salt0_st0,-12.6678,3001
13e1da8f0e67c08c5ef1cb0ebded75a5,2XU3,igb8_di4_salt0_st0.0072,-14.7104,3001
1468bf8fe44d2660d4245111ed256bb3,8ELC,igb1_di1_salt0.15_st0,-15.3889,3001
1468bf8fe44d2660d4245111ed256bb3,8ELC,igb1_di1_salt0.15_st0.0072,-18.2718,3001
1468bf8fe44d2660d4245111ed256bb3,8ELC,igb1_di1_salt0_st0,-15.3897,3001
1468bf8fe44d2660d4245111ed256bb3,8ELC,igb1_di1_salt0_st0.0072,-18.2728,3001
1468bf8fe44d2660d4245111ed256bb3,8ELC,igb1_di2_salt0.15_st0,-18.999,3001
1468bf8fe44d2660d4245111ed256bb3,8ELC,igb1_di2_salt0.15_st0.0072,-21.882,3001
1468bf8fe44d2660d4245111ed256bb3,8ELC,igb1_di2_salt0_st0,-19.0,3001
1468bf8fe44d2660d4245111ed256bb3,8ELC,igb1_di2_salt0_st0.0072,-21.883,3001
1468bf8fe44d2660d4245111ed256bb3,8ELC,igb1_di4_salt0.15_st0,-20.8041,3001
1468bf8fe44d2660d4245111ed256bb3,8ELC,igb1_di4_salt0.15_st0.0072,-23.6871,3001
1468bf8fe44d2660d4245111ed256bb3,8ELC,igb1_di4_salt0_st0,-20.8051,3001
1468bf8fe44d2660d4245111ed256bb3,8ELC,igb1_di4_salt0_st0.0072,-23.6881,3001
1468bf8fe44d2660d4245111ed256bb3,8ELC,igb2_di1_salt0.15_st0,-11.9539,3001
1468bf8fe44d2660d4245111ed256bb3,8ELC,igb2_di1_salt0.15_st0.0072,-14.837,3001
1468bf8fe44d2660d4245111ed256bb3,8ELC,igb2_di1_salt0_st0,-11.9549,3001
1468bf8fe44d2660d4245111ed256bb3,8ELC,igb2_di1_salt0_st0.0072,-14.838,3001
1468bf8fe44d2660d4245111ed256bb3,8ELC,igb2_di2_salt0.15_st0,-17.3037,3001
1468bf8fe44d2660d4245111ed256bb3,8ELC,igb2_di2_salt0.15_st0.0072,-20.1866,3001
1468bf8fe44d2660d4245111ed256bb3,8ELC,igb2_di2_salt0_st0,-17.3048,3001
1468bf8fe44d2660d4245111ed256bb3,8ELC,igb2_di2_salt0_st0.0072,-20.1878,3001
1468bf8fe44d2660d4245111ed256bb3,8ELC,igb2_di4_salt0.15_st0,-19.9786,3001
1468bf8fe44d2660d4245111ed256bb3,8ELC,igb2_di4_salt0.15_st0.0072,-22.8615,3001
1468bf8fe44d2660d4245111ed256bb3,8ELC,igb2_di4_salt0_st0,-19.9796,3001
1468bf8fe44d2660d4245111ed256bb3,8ELC,igb2_di4_salt0_st0.0072,-22.8625,3001
1468bf8fe44d2660d4245111ed256bb3,8ELC,igb5_di1_salt0.15_st0,-12.6323,3001
1468bf8fe44d2660d4245111ed256bb3,8ELC,igb5_di1_salt0.15_st0.0072,-15.5154,3001
1468bf8fe44d2660d4245111ed256bb3,8ELC,igb5_di1_salt0_st0,-12.635,3001
1468bf8fe44d2660d4245111ed256bb3,8ELC,igb5_di1_salt0_st0.0072,-15.5178,3001
1468bf8fe44d2660d4245111ed256bb3,8ELC,igb5_di2_salt0.15_st0,-17.6377,3001
1468bf8fe44d2660d4245111ed256bb3,8ELC,igb5_di2_salt0.15_st0.0072,-20.5207,3001
1468bf8fe44d2660d4245111ed256bb3,8ELC,igb5_di2_salt0_st0,-17.6404,3001
1468bf8fe44d2660d4245111ed256bb3,8ELC,igb5_di2_salt0_st0.0072,-20.5234,3001
1468bf8fe44d2660d4245111ed256bb3,8ELC,igb5_di4_salt0.15_st0,-20.1405,3001
1468bf8fe44d2660d4245111ed256bb3,8ELC,igb5_di4_salt0.15_st0.0072,-23.0235,3001
1468bf8fe44d2660d4245111ed256bb3,8ELC,igb5_di4_salt0_st0,-20.143,3001
1468bf8fe44d2660d4245111ed256bb3,8ELC,igb5_di4_salt0_st0.0072,-23.026,3001
1468bf8fe44d2660d4245111ed256bb3,8ELC,igb8_di1_salt0.15_st0,-9.4229,3001
1468bf8fe44d2660d4245111ed256bb3,8ELC,igb8_di1_salt0.15_st0.0072,-12.3059,3001
1468bf8fe44d2660d4245111ed256bb3,8ELC,igb8_di1_salt0_st0,-9.4249,3001
1468bf8fe44d2660d4245111ed256bb3,8ELC,igb8_di1_salt0_st0.0072,-12.3078,3001
1468bf8fe44d2660d4245111ed256bb3,8ELC,igb8_di2_salt0.15_st0,-16.0541,3001
1468bf8fe44d2660d4245111ed256bb3,8ELC,igb8_di2_salt0.15_st0.0072,-18.9369,3001
1468bf8fe44d2660d4245111ed256bb3,8ELC,igb8_di2_salt0_st0,-16.056,3001
1468bf8fe44d2660d4245111ed256bb3,8ELC,igb8_di2_salt0_st0.0072,-18.9389,3001
1468bf8fe44d2660d4245111ed256bb3,8ELC,igb8_di4_salt0.15_st0,-19.3696,3001
1468bf8fe44d2660d4245111ed256bb3,8ELC,igb8_di4_salt0.15_st0.0072,-22.2526,3001
1468bf8fe44d2660d4245111ed256bb3,8ELC,igb8_di4_salt0_st0,-19.3717,3001
1468bf8fe44d2660d4245111ed256bb3,8ELC,igb8_di4_salt0_st0.0072,-22.2545,3001
14e61945a20724d1818139fef8823538,8ELC,igb1_di1_salt0.15_st0,-21.9998,3001
14e61945a20724d1818139fef8823538,8ELC,igb1_di1_salt0.15_st0.0072,-26.12,3001
14e61945a20724d1818139fef8823538,8ELC,igb1_di1_salt0_st0,-21.9937,3001
14e61945a20724d1818139fef8823538,8ELC,igb1_di1_salt0_st0.0072,-26.1139,3001
14e61945a20724d1818139fef8823538,8ELC,igb1_di2_salt0.15_st0,-26.6655,3001
14e61945a20724d1818139fef8823538,8ELC,igb1_di2_salt0.15_st0.0072,-30.7857,3001
14e61945a20724d1818139fef8823538,8ELC,igb1_di2_salt0_st0,-26.6595,3001
14e61945a20724d1818139fef8823538,8ELC,igb1_di2_salt0_st0.0072,-30.7796,3001
14e61945a20724d1818139fef8823538,8ELC,igb1_di4_salt0.15_st0,-28.9984,3001
14e61945a20724d1818139fef8823538,8ELC,igb1_di4_salt0.15_st0.0072,-33.1187,3001
14e61945a20724d1818139fef8823538,8ELC,igb1_di4_salt0_st0,-28.9923,3001
14e61945a20724d1818139fef8823538,8ELC,igb1_di4_salt0_st0.0072,-33.1126,3001
14e61945a20724d1818139fef8823538,8ELC,igb2_di1_salt0.15_st0,-18.6535,3001
14e61945a20724d1818139fef8823538,8ELC,igb2_di1_salt0.15_st0.0072,-22.7739,3001
14e61945a20724d1818139fef8823538,8ELC,igb2_di1_salt0_st0,-18.6473,3001
14e61945a20724d1818139fef8823538,8ELC,igb2_di1_salt0_st0.0072,-22.7676,3001
14e61945a20724d1818139fef8823538,8ELC,igb2_di2_salt0.15_st0,-25.0142,3001
14e61945a20724d1818139fef8823538,8ELC,igb2_di2_salt0.15_st0.0072,-29.1343,3001
14e61945a20724d1818139fef8823538,8ELC,igb2_di2_salt0_st0,-25.008,3001
14e61945a20724d1818139fef8823538,8ELC,igb2_di2_salt0_st0.0072,-29.1281,3001
14e61945a20724d1818139fef8823538,8ELC,igb2_di4_salt0.15_st0,-28.1943,3001
14e61945a20724d1818139fef8823538,8ELC,igb2_di4_salt0.15_st0.0072,-32.3145,3001
14e61945a20724d1818139fef8823538,8ELC,igb2_di4_salt0_st0,-28.1882,3001
14e61945a20724d1818139fef8823538,8ELC,igb2_di4_salt0_st0.0072,-32.3083,3001
14e61945a20724d1818139fef8823538,8ELC,igb5_di1_salt0.15_st0,-19.6776,3001
14e61945a20724d1818139fef8823538,8ELC,igb5_di1_salt0.15_st0.0072,-23.7978,3001
14e61945a20724d1818139fef8823538,8ELC,igb5_di1_salt0_st0,-19.6724,3001
14e61945a20724d1818139fef8823538,8ELC,igb5_di1_salt0_st0.0072,-23.7926,3001
14e61945a20724d1818139fef8823538,8ELC,igb5_di2_salt0.15_st0,-25.5188,3001
14e61945a20724d1818139fef8823538,8ELC,igb5_di2_salt0.15_st0.0072,-29.6391,3001
14e61945a20724d1818139fef8823538,8ELC,igb5_di2_salt0_st0,-25.5139,3001
14e61945a20724d1818139fef8823538,8ELC,igb5_di2_salt0_st0.0072,-29.634,3001
14e61945a20724d1818139fef8823538,8ELC,igb5_di4_salt0.15_st0,-28.4396,3001
14e61945a20724d1818139fef8823538,8ELC,igb5_di4_salt0.15_st0.0072,-32.5598,3001
14e61945a20724d1818139fef8823538,8ELC,igb5_di4_salt0_st0,-28.4344,3001
14e61945a20724d1818139fef8823538,8ELC,igb5_di4_salt0_st0.0072,-32.5547,3001
14e61945a20724d1818139fef8823538,8ELC,igb8_di1_salt0.15_st0,-15.9526,3001
14e61945a20724d1818139fef8823538,8ELC,igb8_di1_salt0.15_st0.0072,-20.0728,3001
14e61945a20724d1818139fef8823538,8ELC,igb8_di1_salt0_st0,-15.9476,3001
14e61945a20724d1818139fef8823538,8ELC,igb8_di1_salt0_st0.0072,-20.0678,3001
14e61945a20724d1818139fef8823538,8ELC,igb8_di2_salt0.15_st0,-23.6803,3001
14e61945a20724d1818139fef8823538,8ELC,igb8_di2_salt0.15_st0.0072,-27.8005,3001
14e61945a20724d1818139fef8823538,8ELC,igb8_di2_salt0_st0,-23.6755,3001
14e61945a20724d1818139fef8823538,8ELC,igb8_di2_salt0_st0.0072,-27.7957,3001
14e61945a20724d1818139fef8823538,8ELC,igb8_di4_salt0.15_st0,-27.5443,3001
14e61945a20724d1818139fef8823538,8ELC,igb8_di4_salt0.15_st0.0072,-31.6644,3001
14e61945a20724d1818139fef8823538,8ELC,igb8_di4_salt0_st0,-27.5394,3001
14e61945a20724d1818139fef8823538,8ELC,igb8_di4_salt0_st0.0072,-31.6595,3001
15044c0c9f83bb877f5ea28fece53a3d,4QB3,igb1_di1_salt0.15_st0,-23.1079,3001
15044c0c9f83bb877f5ea28fece53a3d,4QB3,igb1_di1_salt0.15_st0.0072,-27.7495,3001
15044c0c9f83bb877f5ea28fece53a3d,4QB3,igb1_di1_salt0_st0,-23.0927,3001
15044c0c9f83bb877f5ea28fece53a3d,4QB3,igb1_di1_salt0_st0.0072,-27.7342,3001
15044c0c9f83bb877f5ea28fece53a3d,4QB3,igb1_di2_salt0.15_st0,-28.2595,3001
15044c0c9f83bb877f5ea28fece53a3d,4QB3,igb1_di2_salt0.15_st0.0072,-32.9012,3001
15044c0c9f83bb877f5ea28fece53a3d,4QB3,igb1_di2_salt0_st0,-28.2444,3001
15044c0c9f83bb877f5ea28fece53a3d,4QB3,igb1_di2_salt0_st0.0072,-32.886,3001
15044c0c9f83bb877f5ea28fece53a3d,4QB3,igb1_di4_salt0.15_st0,-30.8355,3001
15044c0c9f83bb877f5ea28fece53a3d,4QB3,igb1_di4_salt0.15_st0.0072,-35.477,3001
15044c0c9f83bb877f5ea28fece53a3d,4QB3,igb1_di4_salt0_st0,-30.8202,3001
15044c0c9f83bb877f5ea28fece53a3d,4QB3,igb1_di4_salt0_st0.0072,-35.4617,3001
15044c0c9f83bb877f5ea28fece53a3d,4QB3,igb2_di1_salt0.15_st0,-18.795,3001
15044c0c9f83bb877f5ea28fece53a3d,4QB3,igb2_di1_salt0.15_st0.0072,-23.4365,3001
15044c0c9f83bb877f5ea28fece53a3d,4QB3,igb2_di1_salt0_st0,-18.7799,3001
15044c0c9f83bb877f5ea28fece53a3d,4QB3,igb2_di1_salt0_st0.0072,-23.4214,3001
15044c0c9f83bb877f5ea28fece53a3d,4QB3,igb2_di2_salt0.15_st0,-26.1308,3001
15044c0c9f83bb877f5ea28fece53a3d,4QB3,igb2_di2_salt0.15_st0.0072,-30.7725,3001
15044c0c9f83bb877f5ea28fece53a3d,4QB3,igb2_di2_salt0_st0,-26.1158,3001
15044c0c9f83bb877f5ea28fece53a3d,4QB3,igb2_di2_salt0_st0.0072,-30.7573,3001
15044c0c9f83bb877f5ea28fece53a3d,4QB3,igb2_di4_salt0.15_st0,-29.7988,3001
15044c0c9f83bb877f5ea28fece53a3d,4QB3,igb2_di4_salt0.15_st0.0072,-34.4405,3001
15044c0c9f83bb877f5ea28fece53a3d,4QB3,igb2_di4_salt0_st0,-29.7837,3001
15044c0c9f83bb877f5ea28fece53a3d,4QB3,igb2_di4_salt0_st0.0072,-34.4252,3001
15044c0c9f83bb877f5ea28fece53a3d,4QB3,igb5_di1_salt0.15_st0,-22.0293,3001
15044c0c9f83bb877f5ea28fece53a3d,4QB3,igb5_di1_salt0.15_st0.0072,-26.6708,3001
15044c0c9f83bb877f5ea28fece53a3d,4QB3,igb5_di1_salt0_st0,-22.0118,3001
15044c0c9f83bb877f5ea28fece53a3d,4QB3,igb5_di1_salt0_st0.0072,-26.6533,3001
15044c0c9f83bb877f5ea28fece53a3d,4QB3,igb5_di2_salt0.15_st0,-27.7283,3001
15044c0c9f83bb877f5ea28fece53a3d,4QB3,igb5_di2_salt0.15_st0.0072,-32.3699,3001
15044c0c9f83bb877f5ea28fece53a3d,4QB3,igb5_di2_salt0_st0,-27.7108,3001
15044c0c9f83bb877f5ea28fece53a3d,4QB3,igb5_di2_salt0_st0.0072,-32.3526,3001
15044c0c9f83bb877f5ea28fece53a3d,4QB3,igb5_di4_salt0.15_st0,-30.5779,3001
15044c0c9f83bb877f5ea28fece53a3d,4QB3,igb5_di4_salt0.15_st0.0072,-35.2195,3001
15044c0c9f83bb877f5ea28fece53a3d,4QB3,igb5_di4_salt0_st0,-30.5605,3001
15044c0c9f83bb877f5ea28fece53a3d,4QB3,igb5_di4_salt0_st0.0072,-35.2019,3001
15044c0c9f83bb877f5ea28fece53a3d,4QB3,igb8_di1_salt0.15_st0,-17.2396,3001
15044c0c9f83bb877f5ea28fece53a3d,4QB3,igb8_di1_salt0.15_st0.0072,-21.8811,3001
15044c0c9f83bb877f5ea28fece53a3d,4QB3,igb8_di1_salt0_st0,-17.2218,3001
15044c0c9f83bb877f5ea28fece53a3d,4QB3,igb8_di1_salt0_st0.0072,-21.8634,3001
15044c0c9f83bb877f5ea28fece53a3d,4QB3,igb8_di2_salt0.15_st0,-25.3646,3001
15044c0c9f83bb877f5ea28fece53a3d,4QB3,igb8_di2_salt0.15_st0.0072,-30.0062,3001
15044c0c9f83bb877f5ea28fece53a3d,4QB3,igb8_di2_salt0_st0,-25.3468,3001
15044c0c9f83bb877f5ea28fece53a3d,4QB3,igb8_di2_salt0_st0.0072,-29.9884,3001
15044c0c9f83bb877f5ea28fece53a3d,4QB3,igb8_di4_salt0.15_st0,-29.427,3001
15044c0c9f83bb877f5ea28fece53a3d,4QB3,igb8_di4_salt0.15_st0.0072,-34.0686,3001
15044c0c9f83bb877f5ea28fece53a3d,4QB3,igb8_di4_salt0_st0,-29.4093,3001
15044c0c9f83bb877f5ea28fece53a3d,4QB3,igb8_di4_salt0_st0.0072,-34.0509,3001
166e854e6f7609934b769fb3b19101c0,4L7G,igb1_di1_salt0.15_st0,-19.8969,3001
166e854e6f7609934b769fb3b19101c0,4L7G,igb1_di1_salt0.15_st0.0072,-24.2343,3001
166e854e6f7609934b769fb3b19101c0,4L7G,igb1_di1_salt0_st0,-19.9169,3001
166e854e6f7609934b769fb3b19101c0,4L7G,igb1_di1_salt0_st0.0072,-24.2543,3001
166e854e6f7609934b769fb3b19101c0,4L7G,igb1_di2_salt0.15_st0,-25.4681,3001
166e854e6f7609934b769fb3b19101c0,4L7G,igb1_di2_salt0.15_st0.0072,-29.8055,3001
166e854e6f7609934b769fb3b19101c0,4L7G,igb1_di2_salt0_st0,-25.4882,3001
166e854e6f7609934b769fb3b19101c0,4L7G,igb1_di2_salt0_st0.0072,-29.8256,3001
166e854e6f7609934b769fb3b19101c0,4L7G,igb1_di4_salt0.15_st0,-28.2538,3001
166e854e6f7609934b769fb3b19101c0,4L7G,igb1_di4_salt0.15_st0.0072,-32.5911,3001
166e854e6f7609934b769fb3b19101c0,4L7G,igb1_di4_salt0_st0,-28.2737,3001
166e854e6f7609934b769fb3b19101c0,4L7G,igb1_di4_salt0_st0.0072,-32.6111,3001
166e854e6f7609934b769fb3b19101c0,4L7G,igb2_di1_salt0.15_st0,-13.1489,3001
166e854e6f7609934b769fb3b19101c0,4L7G,igb2_di1_salt0.15_st0.0072,-17.4864,3001
166e854e6f7609934b769fb3b19101c0,4L7G,igb2_di1_salt0_st0,-13.1701,3001
166e854e6f7609934b769fb3b19101c0,4L7G,igb2_di1_salt0_st0.0072,-17.5074,3001
166e854e6f7609934b769fb3b19101c0,4L7G,igb2_di2_salt0.15_st0,-22.1372,3001
166e854e6f7609934b769fb3b19101c0,4L7G,igb2_di2_salt0.15_st0.0072,-26.4745,3001
166e854e6f7609934b769fb3b19101c0,4L7G,igb2_di2_salt0_st0,-22.1582,3001
166e854e6f7609934b769fb3b19101c0,4L7G,igb2_di2_salt0_st0.0072,-26.4955,3001
166e854e6f7609934b769fb3b19101c0,4L7G,igb2_di4_salt0.15_st0,-26.6313,3001
166e854e6f7609934b769fb3b19101c0,4L7G,igb2_di4_salt0.15_st0.0072,-30.9687,3001
166e854e6f7609934b769fb3b19101c0,4L7G,igb2_di4_salt0_st0,-26.6523,3001
166e854e6f7609934b769fb3b19101c0,4L7G,igb2_di4_salt0_st0.0072,-30.9897,3001
166e854e6f7609934b769fb3b19101c0,4L7G,igb5_di1_salt0.15_st0,-13.8687,3001
166e854e6f7609934b769fb3b19101c0,4L7G,igb5_di1_salt0.15_st0.0072,-18.206,3001
166e854e6f7609934b769fb3b19101c0,4L7G,igb5_di1_salt0_st0,-13.8912,3001
166e854e6f7609934b769fb3b19101c0,4L7G,igb5_di1_salt0_st0.0072,-18.2286,3001
166e854e6f7609934b769fb3b19101c0,4L7G,igb5_di2_salt0.15_st0,-22.4914,3001
166e854e6f7609934b769fb3b19101c0,4L7G,igb5_di2_salt0.15_st0.0072,-26.829,3001
166e854e6f7609934b769fb3b19101c0,4L7G,igb5_di2_salt0_st0,-22.5142,3001
166e854e6f7609934b769fb3b19101c0,4L7G,igb5_di2_salt0_st0.0072,-26.8516,3001
166e854e6f7609934b769fb3b19101c0,4L7G,igb5_di4_salt0.15_st0,-26.803,3001
166e854e6f7609934b769fb3b19101c0,4L7G,igb5_di4_salt0.15_st0.0072,-31.1403,3001
166e854e6f7609934b769fb3b19101c0,4L7G,igb5_di4_salt0_st0,-26.8256,3001
166e854e6f7609934b769fb3b19101c0,4L7G,igb5_di4_salt0_st0.0072,-31.163,3001
166e854e6f7609934b769fb3b19101c0,4L7G,igb8_di1_salt0.15_st0,-12.2761,3001
166e854e6f7609934b769fb3b19101c0,4L7G,igb8_di1_salt0.15_st0.0072,-16.6134,3001
166e854e6f7609934b769fb3b19101c0,4L7G,igb8_di1_salt0_st0,-12.2987,3001
166e854e6f7609934b769fb3b19101c0,4L7G,igb8_di1_salt0_st0.0072,-16.6362,3001
166e854e6f7609934b769fb3b19101c0,4L7G,igb8_di2_salt0.15_st0,-21.7054,3001
166e854e6f7609934b769fb3b19101c0,4L7G,igb8_di2_salt0.15_st0.0072,-26.0428,3001
166e854e6f7609934b769fb3b19101c0,4L7G,igb8_di2_salt0_st0,-21.7282,3001
166e854e6f7609934b769fb3b19101c0,4L7G,igb8_di2_salt0_st0.0072,-26.0655,3001
166e854e6f7609934b769fb3b19101c0,4L7G,igb8_di4_salt0.15_st0,-26.4203,3001
166e854e6f7609934b769fb3b19101c0,4L7G,igb8_di4_salt0.15_st0.0072,-30.7576,3001
166e854e6f7609934b769fb3b19101c0,4L7G,igb8_di4_salt0_st0,-26.4429,3001
166e854e6f7609934b769fb3b19101c0,4L7G,igb8_di4_salt0_st0.0072,-30.7804,3001
187b2fb9351c5f10d65f710e85056c31,2XU3,igb1_di1_salt0.15_st0,-20.2847,3001
187b2fb9351c5f10d65f710e85056c31,2XU3,igb1_di1_salt0.15_st0.0072,-24.0341,3001
187b2fb9351c5f10d65f710e85056c31,2XU3,igb1_di1_salt0_st0,-20.3303,3001
187b2fb9351c5f10d65f710e85056c31,2XU3,igb1_di1_salt0_st0.0072,-24.0796,3001
187b2fb9351c5f10d65f710e85056c31,2XU3,igb1_di2_salt0.15_st0,-26.2925,3001
187b2fb9351c5f10d65f710e85056c31,2XU3,igb1_di2_salt0.15_st0.0072,-30.0419,3001
187b2fb9351c5f10d65f710e85056c31,2XU3,igb1_di2_salt0_st0,-26.3381,3001
187b2fb9351c5f10d65f710e85056c31,2XU3,igb1_di2_salt0_st0.0072,-30.0874,3001
187b2fb9351c5f10d65f710e85056c31,2XU3,igb1_di4_salt0.15_st0,-29.2963,3001
187b2fb9351c5f10d65f710e85056c31,2XU3,igb1_di4_salt0.15_st0.0072,-33.0458,3001
187b2fb9351c5f10d65f710e85056c31,2XU3,igb1_di4_salt0_st0,-29.3419,3001
187b2fb9351c5f10d65f710e85056c31,2XU3,igb1_di4_salt0_st0.0072,-33.0913,3001
187b2fb9351c5f10d65f710e85056c31,2XU3,igb2_di1_salt0.15_st0,-17.2636,3001
187b2fb9351c5f10d65f710e85056c31,2XU3,igb2_di1_salt0.15_st0.0072,-21.0131,3001
187b2fb9351c5f10d65f710e85056c31,2XU3,igb2_di1_salt0_st0,-17.3091,3001
187b2fb9351c5f10d65f710e85056c31,2XU3,igb2_di1_salt0_st0.0072,-21.0585,3001
187b2fb9351c5f10d65f710e85056c31,2XU3,igb2_di2_salt0.15_st0,-24.8016,3001
187b2fb9351c5f10d65f710e85056c31,2XU3,igb2_di2_salt0.15_st0.0072,-28.5509,3001
187b2fb9351c5f10d65f710e85056c31,2XU3,igb2_di2_salt0_st0,-24.8469,3001
187b2fb9351c5f10d65f710e85056c31,2XU3,igb2_di2_salt0_st0.0072,-28.5963,3001
187b2fb9351c5f10d65f710e85056c31,2XU3,igb2_di4_salt0.15_st0,-28.5705,3001
187b2fb9351c5f10d65f710e85056c31,2XU3,igb2_di4_salt0.15_st0.0072,-32.3198,3001
187b2fb9351c5f10d65f710e85056c31,2XU3,igb2_di4_salt0_st0,-28.6159,3001
187b2fb9351c5f10d65f710e85056c31,2XU3,igb2_di4_salt0_st0.0072,-32.3653,3001
187b2fb9351c5f10d65f710e85056c31,2XU3,igb5_di1_salt0.15_st0,-17.7569,3001
187b2fb9351c5f10d65f710e85056c31,2XU3,igb5_di1_salt0.15_st0.0072,-21.5062,3001
187b2fb9351c5f10d65f710e85056c31,2XU3,igb5_di1_salt0_st0,-17.8022,3001
187b2fb9351c5f10d65f710e85056c31,2XU3,igb5_di1_salt0_st0.0072,-21.5516,3001
187b2fb9351c5f10d65f710e85056c31,2XU3,igb5_di2_salt0.15_st0,-25.045,3001
187b2fb9351c5f10d65f710e85056c31,2XU3,igb5_di2_salt0.15_st0.0072,-28.7944,3001
187b2fb9351c5f10d65f710e85056c31,2XU3,igb5_di2_salt0_st0,-25.0903,3001
187b2fb9351c5f10d65f710e85056c31,2XU3,igb5_di2_salt0_st0.0072,-28.8398,3001
187b2fb9351c5f10d65f710e85056c31,2XU3,igb5_di4_salt0.15_st0,-28.6891,3001
187b2fb9351c5f10d65f710e85056c31,2XU3,igb5_di4_salt0.15_st0.0072,-32.4385,3001
187b2fb9351c5f10d65f710e85056c31,2XU3,igb5_di4_salt0_st0,-28.7344,3001
187b2fb9351c5f10d65f710e85056c31,2XU3,igb5_di4_salt0_st0.0072,-32.4838,3001
187b2fb9351c5f10d65f710e85056c31,2XU3,igb8_di1_salt0.15_st0,-16.1803,3001
187b2fb9351c5f10d65f710e85056c31,2XU3,igb8_di1_salt0.15_st0.0072,-19.9298,3001
187b2fb9351c5f10d65f710e85056c31,2XU3,igb8_di1_salt0_st0,-16.2264,3001
187b2fb9351c5f10d65f710e85056c31,2XU3,igb8_di1_salt0_st0.0072,-19.9758,3001
187b2fb9351c5f10d65f710e85056c31,2XU3,igb8_di2_salt0.15_st0,-24.2665,3001
187b2fb9351c5f10d65f710e85056c31,2XU3,igb8_di2_salt0.15_st0.0072,-28.016,3001
187b2fb9351c5f10d65f710e85056c31,2XU3,igb8_di2_salt0_st0,-24.3125,3001
187b2fb9351c5f10d65f710e85056c31,2XU3,igb8_di2_salt0_st0.0072,-28.0621,3001
187b2fb9351c5f10d65f710e85056c31,2XU3,igb8_di4_salt0.15_st0,-28.3097,3001
187b2fb9351c5f10d65f710e85056c31,2XU3,igb8_di4_salt0.15_st0.0072,-32.0591,3001
187b2fb9351c5f10d65f710e85056c31,2XU3,igb8_di4_salt0_st0,-28.3557,3001
187b2fb9351c5f10d65f710e85056c31,2XU3,igb8_di4_salt0_st0.0072,-32.1051,3001
196b38c7ef93d3d9da6c8ba5fbe7cc36,9SI4,igb1_di1_salt0.15_st0,-18.1757,3001
196b38c7ef93d3d9da6c8ba5fbe7cc36,9SI4,igb1_di1_salt0.15_st0.0072,-21.2711,3001
196b38c7ef93d3d9da6c8ba5fbe7cc36,9SI4,igb1_di1_salt0_st0,-18.1905,3001
196b38c7ef93d3d9da6c8ba5fbe7cc36,9SI4,igb1_di1_salt0_st0.0072,-21.2859,3001
196b38c7ef93d3d9da6c8ba5fbe7cc36,9SI4,igb1_di2_salt0.15_st0,-21.4238,3001
196b38c7ef93d3d9da6c8ba5fbe7cc36,9SI4,igb1_di2_salt0.15_st0.0072,-24.5191,3001
196b38c7ef93d3d9da6c8ba5fbe7cc36,9SI4,igb1_di2_salt0_st0,-21.4384,3001
196b38c7ef93d3d9da6c8ba5fbe7cc36,9SI4,igb1_di2_salt0_st0.0072,-24.5338,3001
196b38c7ef93d3d9da6c8ba5fbe7cc36,9SI4,igb1_di4_salt0.15_st0,-23.0477,3001
196b38c7ef93d3d9da6c8ba5fbe7cc36,9SI4,igb1_di4_salt0.15_st0.0072,-26.1431,3001
196b38c7ef93d3d9da6c8ba5fbe7cc36,9SI4,igb1_di4_salt0_st0,-23.0625,3001
196b38c7ef93d3d9da6c8ba5fbe7cc36,9SI4,igb1_di4_salt0_st0.0072,-26.1578,3001
196b38c7ef93d3d9da6c8ba5fbe7cc36,9SI4,igb2_di1_salt0.15_st0,-15.8254,3001
196b38c7ef93d3d9da6c8ba5fbe7cc36,9SI4,igb2_di1_salt0.15_st0.0072,-18.9207,3001
196b38c7ef93d3d9da6c8ba5fbe7cc36,9SI4,igb2_di1_salt0_st0,-15.8402,3001
196b38c7ef93d3d9da6c8ba5fbe7cc36,9SI4,igb2_di1_salt0_st0.0072,-18.9355,3001
196b38c7ef93d3d9da6c8ba5fbe7cc36,9SI4,igb2_di2_salt0.15_st0,-20.2636,3001
196b38c7ef93d3d9da6c8ba5fbe7cc36,9SI4,igb2_di2_salt0.15_st0.0072,-23.359,3001
196b38c7ef93d3d9da6c8ba5fbe7cc36,9SI4,igb2_di2_salt0_st0,-20.2786,3001
196b38c7ef93d3d9da6c8ba5fbe7cc36,9SI4,igb2_di2_salt0_st0.0072,-23.3739,3001
196b38c7ef93d3d9da6c8ba5fbe7cc36,9SI4,igb2_di4_salt0.15_st0,-22.4827,3001
196b38c7ef93d3d9da6c8ba5fbe7cc36,9SI4,igb2_di4_salt0.15_st0.0072,-25.5781,3001
196b38c7ef93d3d9da6c8ba5fbe7cc36,9SI4,igb2_di4_salt0_st0,-22.4977,3001
196b38c7ef93d3d9da6c8ba5fbe7cc36,9SI4,igb2_di4_salt0_st0.0072,-25.593,3001
196b38c7ef93d3d9da6c8ba5fbe7cc36,9SI4,igb5_di1_salt0.15_st0,-16.8752,3001
196b38c7ef93d3d9da6c8ba5fbe7cc36,9SI4,igb5_di1_salt0.15_st0.0072,-19.9705,3001
196b38c7ef93d3d9da6c8ba5fbe7cc36,9SI4,igb5_di1_salt0_st0,-16.89,3001
196b38c7ef93d3d9da6c8ba5fbe7cc36,9SI4,igb5_di1_salt0_st0.0072,-19.9853,3001
196b38c7ef93d3d9da6c8ba5fbe7cc36,9SI4,igb5_di2_salt0.15_st0,-20.7818,3001
196b38c7ef93d3d9da6c8ba5fbe7cc36,9SI4,igb5_di2_salt0.15_st0.0072,-23.877,3001
196b38c7ef93d3d9da6c8ba5fbe7cc36,9SI4,igb5_di2_salt0_st0,-20.7966,3001
196b38c7ef93d3d9da6c8ba5fbe7cc36,9SI4,igb5_di2_salt0_st0.0072,-23.8919,3001
196b38c7ef93d3d9da6c8ba5fbe7cc36,9SI4,igb5_di4_salt0.15_st0,-22.7349,3001
196b38c7ef93d3d9da6c8ba5fbe7cc36,9SI4,igb5_di4_salt0.15_st0.0072,-25.8304,3001
196b38c7ef93d3d9da6c8ba5fbe7cc36,9SI4,igb5_di4_salt0_st0,-22.75,3001
196b38c7ef93d3d9da6c8ba5fbe7cc36,9SI4,igb5_di4_salt0_st0.0072,-25.8453,3001
196b38c7ef93d3d9da6c8ba5fbe7cc36,9SI4,igb8_di1_salt0.15_st0,-13.607,3001
196b38c7ef93d3d9da6c8ba5fbe7cc36,9SI4,igb8_di1_salt0.15_st0.0072,-16.7023,3001
196b38c7ef93d3d9da6c8ba5fbe7cc36,9SI4,igb8_di1_salt0_st0,-13.6226,3001
196b38c7ef93d3d9da6c8ba5fbe7cc36,9SI4,igb8_di1_salt0_st0.0072,-16.7179,3001
196b38c7ef93d3d9da6c8ba5fbe7cc36,9SI4,igb8_di2_salt0.15_st0,-19.1684,3001
196b38c7ef93d3d9da6c8ba5fbe7cc36,9SI4,igb8_di2_salt0.15_st0.0072,-22.2638,3001
196b38c7ef93d3d9da6c8ba5fbe7cc36,9SI4,igb8_di2_salt0_st0,-19.1839,3001
196b38c7ef93d3d9da6c8ba5fbe7cc36,9SI4,igb8_di2_salt0_st0.0072,-22.2793,3001
196b38c7ef93d3d9da6c8ba5fbe7cc36,9SI4,igb8_di4_salt0.15_st0,-21.9491,3001
196b38c7ef93d3d9da6c8ba5fbe7cc36,9SI4,igb8_di4_salt0.15_st0.0072,-25.0445,3001
196b38c7ef93d3d9da6c8ba5fbe7cc36,9SI4,igb8_di4_salt0_st0,-21.9646,3001
196b38c7ef93d3d9da6c8ba5fbe7cc36,9SI4,igb8_di4_salt0_st0.0072,-25.0601,3001
1a263985d22c81f9d3e9eb46e23d21ab,9D9I,igb1_di1_salt0.15_st0,-24.4693,3001
1a263985d22c81f9d3e9eb46e23d21ab,9D9I,igb1_di1_salt0.15_st0.0072,-29.7791,3001
1a263985d22c81f9d3e9eb46e23d21ab,9D9I,igb1_di1_salt0_st0,-24.4665,3001
1a263985d22c81f9d3e9eb46e23d21ab,9D9I,igb1_di1_salt0_st0.0072,-29.7765,3001
1a263985d22c81f9d3e9eb46e23d21ab,9D9I,igb1_di2_salt0.15_st0,-31.6707,3001
1a263985d22c81f9d3e9eb46e23d21ab,9D9I,igb1_di2_salt0.15_st0.0072,-36.9806,3001
1a263985d22c81f9d3e9eb46e23d21ab,9D9I,igb1_di2_salt0_st0,-31.6681,3001
1a263985d22c81f9d3e9eb46e23d21ab,9D9I,igb1_di2_salt0_st0.0072,-36.978,3001
1a263985d22c81f9d3e9eb46e23d21ab,9D9I,igb1_di4_salt0.15_st0,-35.2715,3001
1a263985d22c81f9d3e9eb46e23d21ab,9D9I,igb1_di4_salt0.15_st0.0072,-40.5814,3001
1a263985d22c81f9d3e9eb46e23d21ab,9D9I,igb1_di4_salt0_st0,-35.2689,3001
1a263985d22c81f9d3e9eb46e23d21ab,9D9I,igb1_di4_salt0_st0.0072,-40.5787,3001
1a263985d22c81f9d3e9eb46e23d21ab,9D9I,igb2_di1_salt0.15_st0,-19.421,3001
1a263985d22c81f9d3e9eb46e23d21ab,9D9I,igb2_di1_salt0.15_st0.0072,-24.7308,3001
1a263985d22c81f9d3e9eb46e23d21ab,9D9I,igb2_di1_salt0_st0,-19.4175,3001
1a263985d22c81f9d3e9eb46e23d21ab,9D9I,igb2_di1_salt0_st0.0072,-24.7274,3001
1a263985d22c81f9d3e9eb46e23d21ab,9D9I,igb2_di2_salt0.15_st0,-29.1796,3001
1a263985d22c81f9d3e9eb46e23d21ab,9D9I,igb2_di2_salt0.15_st0.0072,-34.4894,3001
1a263985d22c81f9d3e9eb46e23d21ab,9D9I,igb2_di2_salt0_st0,-29.1763,3001
1a263985d22c81f9d3e9eb46e23d21ab,9D9I,igb2_di2_salt0_st0.0072,-34.486,3001
1a263985d22c81f9d3e9eb46e23d21ab,9D9I,igb2_di4_salt0.15_st0,-34.0589,3001
1a263985d22c81f9d3e9eb46e23d21ab,9D9I,igb2_di4_salt0.15_st0.0072,-39.3687,3001
1a263985d22c81f9d3e9eb46e23d21ab,9D9I,igb2_di4_salt0_st0,-34.0555,3001
1a263985d22c81f9d3e9eb46e23d21ab,9D9I,igb2_di4_salt0_st0.0072,-39.3653,3001
1a263985d22c81f9d3e9eb46e23d21ab,9D9I,igb5_di1_salt0.15_st0,-21.0944,3001
1a263985d22c81f9d3e9eb46e23d21ab,9D9I,igb5_di1_salt0.15_st0.0072,-26.4043,3001
1a263985d22c81f9d3e9eb46e23d21ab,9D9I,igb5_di1_salt0_st0,-21.0911,3001
1a263985d22c81f9d3e9eb46e23d21ab,9D9I,igb5_di1_salt0_st0.0072,-26.4009,3001
1a263985d22c81f9d3e9eb46e23d21ab,9D9I,igb5_di2_salt0.15_st0,-30.0054,3001
1a263985d22c81f9d3e9eb46e23d21ab,9D9I,igb5_di2_salt0.15_st0.0072,-35.3153,3001
1a263985d22c81f9d3e9eb46e23d21ab,9D9I,igb5_di2_salt0_st0,-30.0022,3001
1a263985d22c81f9d3e9eb46e23d21ab,9D9I,igb5_di2_salt0_st0.0072,-35.312,3001
1a263985d22c81f9d3e9eb46e23d21ab,9D9I,igb5_di4_salt0.15_st0,-34.461,3001
1a263985d22c81f9d3e9eb46e23d21ab,9D9I,igb5_di4_salt0.15_st0.0072,-39.7707,3001
1a263985d22c81f9d3e9eb46e23d21ab,9D9I,igb5_di4_salt0_st0,-34.4577,3001
1a263985d22c81f9d3e9eb46e23d21ab,9D9I,igb5_di4_salt0_st0.0072,-39.7675,3001
1a263985d22c81f9d3e9eb46e23d21ab,9D9I,igb8_di1_salt0.15_st0,-16.4097,3001
1a263985d22c81f9d3e9eb46e23d21ab,9D9I,igb8_di1_salt0.15_st0.0072,-21.7194,3001
1a263985d22c81f9d3e9eb46e23d21ab,9D9I,igb8_di1_salt0_st0,-16.4094,3001
1a263985d22c81f9d3e9eb46e23d21ab,9D9I,igb8_di1_salt0_st0.0072,-21.7192,3001
1a263985d22c81f9d3e9eb46e23d21ab,9D9I,igb8_di2_salt0.15_st0,-27.6918,3001
1a263985d22c81f9d3e9eb46e23d21ab,9D9I,igb8_di2_salt0.15_st0.0072,-33.0016,3001
1a263985d22c81f9d3e9eb46e23d21ab,9D9I,igb8_di2_salt0_st0,-27.6915,3001
1a263985d22c81f9d3e9eb46e23d21ab,9D9I,igb8_di2_salt0_st0.0072,-33.0014,3001
1a263985d22c81f9d3e9eb46e23d21ab,9D9I,igb8_di4_salt0.15_st0,-33.3328,3001
1a263985d22c81f9d3e9eb46e23d21ab,9D9I,igb8_di4_salt0.15_st0.0072,-38.6427,3001
1a263985d22c81f9d3e9eb46e23d21ab,9D9I,igb8_di4_salt0_st0,-33.3326,3001
1a263985d22c81f9d3e9eb46e23d21ab,9D9I,igb8_di4_salt0_st0.0072,-38.6424,3001
1bf5ed1e98a047c67826a7fd54dcf64f,9D9I,igb1_di1_salt0.15_st0,-24.6842,3001
1bf5ed1e98a047c67826a7fd54dcf64f,9D9I,igb1_di1_salt0.15_st0.0072,-30.1924,3001
1bf5ed1e98a047c67826a7fd54dcf64f,9D9I,igb1_di1_salt0_st0,-24.6715,3001
1bf5ed1e98a047c67826a7fd54dcf64f,9D9I,igb1_di1_salt0_st0.0072,-30.1797,3001
1bf5ed1e98a047c67826a7fd54dcf64f,9D9I,igb1_di2_salt0.15_st0,-32.2869,3001
1bf5ed1e98a047c67826a7fd54dcf64f,9D9I,igb1_di2_salt0.15_st0.0072,-37.7952,3001
1bf5ed1e98a047c67826a7fd54dcf64f,9D9I,igb1_di2_salt0_st0,-32.2743,3001
1bf5ed1e98a047c67826a7fd54dcf64f,9D9I,igb1_di2_salt0_st0.0072,-37.7824,3001
1bf5ed1e98a047c67826a7fd54dcf64f,9D9I,igb1_di4_salt0.15_st0,-36.0883,3001
1bf5ed1e98a047c67826a7fd54dcf64f,9D9I,igb1_di4_salt0.15_st0.0072,-41.5966,3001
1bf5ed1e98a047c67826a7fd54dcf64f,9D9I,igb1_di4_salt0_st0,-36.0757,3001
1bf5ed1e98a047c67826a7fd54dcf64f,9D9I,igb1_di4_salt0_st0.0072,-41.5839,3001
1bf5ed1e98a047c67826a7fd54dcf64f,9D9I,igb2_di1_salt0.15_st0,-18.8129,3001
1bf5ed1e98a047c67826a7fd54dcf64f,9D9I,igb2_di1_salt0.15_st0.0072,-24.3212,3001
1bf5ed1e98a047c67826a7fd54dcf64f,9D9I,igb2_di1_salt0_st0,-18.7996,3001
1bf5ed1e98a047c67826a7fd54dcf64f,9D9I,igb2_di1_salt0_st0.0072,-24.3079,3001
1bf5ed1e98a047c67826a7fd54dcf64f,9D9I,igb2_di2_salt0.15_st0,-29.3895,3001
1bf5ed1e98a047c67826a7fd54dcf64f,9D9I,igb2_di2_salt0.15_st0.0072,-34.8977,3001
1bf5ed1e98a047c67826a7fd54dcf64f,9D9I,igb2_di2_salt0_st0,-29.3762,3001
1bf5ed1e98a047c67826a7fd54dcf64f,9D9I,igb2_di2_salt0_st0.0072,-34.8845,3001
1bf5ed1e98a047c67826a7fd54dcf64f,9D9I,igb2_di4_salt0.15_st0,-34.6778,3001
1bf5ed1e98a047c67826a7fd54dcf64f,9D9I,igb2_di4_salt0.15_st0.0072,-40.186,3001
1bf5ed1e98a047c67826a7fd54dcf64f,9D9I,igb2_di4_salt0_st0,-34.6646,3001
1bf5ed1e98a047c67826a7fd54dcf64f,9D9I,igb2_di4_salt0_st0.0072,-40.1728,3001
1bf5ed1e98a047c67826a7fd54dcf64f,9D9I,igb5_di1_salt0.15_st0,-20.7161,3001
1bf5ed1e98a047c67826a7fd54dcf64f,9D9I,igb5_di1_salt0.15_st0.0072,-26.2244,3001
1bf5ed1e98a047c67826a7fd54dcf64f,9D9I,igb5_di1_salt0_st0,-20.7026,3001
1bf5ed1e98a047c67826a7fd54dcf64f,9D9I,igb5_di1_salt0_st0.0072,-26.2109,3001
1bf5ed1e98a047c67826a7fd54dcf64f,9D9I,igb5_di2_salt0.15_st0,-30.3289,3001
1bf5ed1e98a047c67826a7fd54dcf64f,9D9I,igb5_di2_salt0.15_st0.0072,-35.8372,3001
1bf5ed1e98a047c67826a7fd54dcf64f,9D9I,igb5_di2_salt0_st0,-30.3154,3001
1bf5ed1e98a047c67826a7fd54dcf64f,9D9I,igb5_di2_salt0_st0.0072,-35.8237,3001
1bf5ed1e98a047c67826a7fd54dcf64f,9D9I,igb5_di4_salt0.15_st0,-35.1353,3001
1bf5ed1e98a047c67826a7fd54dcf64f,9D9I,igb5_di4_salt0.15_st0.0072,-40.6437,3001
1bf5ed1e98a047c67826a7fd54dcf64f,9D9I,igb5_di4_salt0_st0,-35.1219,3001
1bf5ed1e98a047c67826a7fd54dcf64f,9D9I,igb5_di4_salt0_st0.0072,-40.6302,3001
1bf5ed1e98a047c67826a7fd54dcf64f,9D9I,igb8_di1_salt0.15_st0,-13.2662,3001
1bf5ed1e98a047c67826a7fd54dcf64f,9D9I,igb8_di1_salt0.15_st0.0072,-18.7743,3001
1bf5ed1e98a047c67826a7fd54dcf64f,9D9I,igb8_di1_salt0_st0,-13.2564,3001
1bf5ed1e98a047c67826a7fd54dcf64f,9D9I,igb8_di1_salt0_st0.0072,-18.7646,3001
1bf5ed1e98a047c67826a7fd54dcf64f,9D9I,igb8_di2_salt0.15_st0,-26.6501,3001
1bf5ed1e98a047c67826a7fd54dcf64f,9D9I,igb8_di2_salt0.15_st0.0072,-32.1584,3001
1bf5ed1e98a047c67826a7fd54dcf64f,9D9I,igb8_di2_salt0_st0,-26.6403,3001
1bf5ed1e98a047c67826a7fd54dcf64f,9D9I,igb8_di2_salt0_st0.0072,-32.1486,3001
1bf5ed1e98a047c67826a7fd54dcf64f,9D9I,igb8_di4_salt0.15_st0,-33.3421,3001
1bf5ed1e98a047c67826a7fd54dcf64f,9D9I,igb8_di4_salt0.15_st0.0072,-38.8505,3001
1bf5ed1e98a047c67826a7fd54dcf64f,9D9I,igb8_di4_salt0_st0,-33.3324,3001
1bf5ed1e98a047c67826a7fd54dcf64f,9D9I,igb8_di4_salt0_st0.0072,-38.8406,3001
1c58151c5cca3757a0dafb204cf925ad,8ELC,igb1_di1_salt0.15_st0,-36.3045,3001
1c58151c5cca3757a0dafb204cf925ad,8ELC,igb1_di1_salt0.15_st0.0072,-43.0334,3001
1c58151c5cca3757a0dafb204cf925ad,8ELC,igb1_di1_salt0_st0,-36.3301,3001
1c58151c5cca3757a0dafb204cf925ad,8ELC,igb1_di1_salt0_st0.0072,-43.0591,3001
1c58151c5cca3757a0dafb204cf925ad,8ELC,igb1_di2_salt0.15_st0,-44.246,3001
1c58151c5cca3757a0dafb204cf925ad,8ELC,igb1_di2_salt0.15_st0.0072,-50.9749,3001
1c58151c5cca3757a0dafb204cf925ad,8ELC,igb1_di2_salt0_st0,-44.2716,3001
1c58151c5cca3757a0dafb204cf925ad,8ELC,igb1_di2_salt0_st0.0072,-51.0006,3001
1c58151c5cca3757a0dafb204cf925ad,8ELC,igb1_di4_salt0.15_st0,-48.2168,3001
1c58151c5cca3757a0dafb204cf925ad,8ELC,igb1_di4_salt0.15_st0.0072,-54.9457,3001
1c58151c5cca3757a0dafb204cf925ad,8ELC,igb1_di4_salt0_st0,-48.2424,3001
1c58151c5cca3757a0dafb204cf925ad,8ELC,igb1_di4_salt0_st0.0072,-54.9714,3001
1c58151c5cca3757a0dafb204cf925ad,8ELC,igb2_di1_salt0.15_st0,-31.1958,3001
1c58151c5cca3757a0dafb204cf925ad,8ELC,igb2_di1_salt0.15_st0.0072,-37.9247,3001
1c58151c5cca3757a0dafb204cf925ad,8ELC,igb2_di1_salt0_st0,-31.2195,3001
1c58151c5cca3757a0dafb204cf925ad,8ELC,igb2_di1_salt0_st0.0072,-37.9485,3001
1c58151c5cca3757a0dafb204cf925ad,8ELC,igb2_di2_salt0.15_st0,-41.7256,3001
1c58151c5cca3757a0dafb204cf925ad,8ELC,igb2_di2_salt0.15_st0.0072,-48.4546,3001
1c58151c5cca3757a0dafb204cf925ad,8ELC,igb2_di2_salt0_st0,-41.7493,3001
1c58151c5cca3757a0dafb204cf925ad,8ELC,igb2_di2_salt0_st0.0072,-48.4783,3001
1c58151c5cca3757a0dafb204cf925ad,8ELC,igb2_di4_salt0.15_st0,-46.9905,3001
1c58151c5cca3757a0dafb204cf925ad,8ELC,igb2_di4_salt0.15_st0.0072,-53.7194,3001
1c58151c5cca3757a0dafb204cf925ad,8ELC,igb2_di4_salt0_st0,-47.0144,3001
1c58151c5cca3757a0dafb204cf925ad,8ELC,igb2_di4_salt0_st0.0072,-53.7432,3001
1c58151c5cca3757a0dafb204cf925ad,8ELC,igb5_di1_salt0.15_st0,-34.1382,3001
1c58151c5cca3757a0dafb204cf925ad,8ELC,igb5_di1_salt0.15_st0.0072,-40.8672,3001
1c58151c5cca3757a0dafb204cf925ad,8ELC,igb5_di1_salt0_st0,-34.1595,3001
1c58151c5cca3757a0dafb204cf925ad,8ELC,igb5_di1_salt0_st0.0072,-40.8885,3001
1c58151c5cca3757a0dafb204cf925ad,8ELC,igb5_di2_salt0.15_st0,-43.1791,3001
1c58151c5cca3757a0dafb204cf925ad,8ELC,igb5_di2_salt0.15_st0.0072,-49.9081,3001
1c58151c5cca3757a0dafb204cf925ad,8ELC,igb5_di2_salt0_st0,-43.2003,3001
1c58151c5cca3757a0dafb204cf925ad,8ELC,igb5_di2_salt0_st0.0072,-49.9293,3001
1c58151c5cca3757a0dafb204cf925ad,8ELC,igb5_di4_salt0.15_st0,-47.6996,3001
1c58151c5cca3757a0dafb204cf925ad,8ELC,igb5_di4_salt0.15_st0.0072,-54.4284,3001
1c58151c5cca3757a0dafb204cf925ad,8ELC,igb5_di4_salt0_st0,-47.7208,3001
1c58151c5cca3757a0dafb204cf925ad,8ELC,igb5_di4_salt0_st0.0072,-54.4497,3001
1c58151c5cca3757a0dafb204cf925ad,8ELC,igb8_di1_salt0.15_st0,-26.0962,3001
1c58151c5cca3757a0dafb204cf925ad,8ELC,igb8_di1_salt0.15_st0.0072,-32.8251,3001
1c58151c5cca3757a0dafb204cf925ad,8ELC,igb8_di1_salt0_st0,-26.1238,3001
1c58151c5cca3757a0dafb204cf925ad,8ELC,igb8_di1_salt0_st0.0072,-32.8528,3001
1c58151c5cca3757a0dafb204cf925ad,8ELC,igb8_di2_salt0.15_st0,-39.2067,3001
1c58151c5cca3757a0dafb204cf925ad,8ELC,igb8_di2_salt0.15_st0.0072,-45.9356,3001
1c58151c5cca3757a0dafb204cf925ad,8ELC,igb8_di2_salt0_st0,-39.2344,3001
1c58151c5cca3757a0dafb204cf925ad,8ELC,igb8_di2_salt0_st0.0072,-45.9633,3001
1c58151c5cca3757a0dafb204cf925ad,8ELC,igb8_di4_salt0.15_st0,-45.7619,3001
1c58151c5cca3757a0dafb204cf925ad,8ELC,igb8_di4_salt0.15_st0.0072,-52.4909,3001
1c58151c5cca3757a0dafb204cf925ad,8ELC,igb8_di4_salt0_st0,-45.7897,3001
1c58151c5cca3757a0dafb204cf925ad,8ELC,igb8_di4_salt0_st0.0072,-52.5185,3001
1dd183338ac9d0d5904e89f4aca06e34,5HU9,igb1_di1_salt0.15_st0,-19.4348,3001
1dd183338ac9d0d5904e89f4aca06e34,5HU9,igb1_di1_salt0.15_st0.0072,-22.7806,3001
1dd183338ac9d0d5904e89f4aca06e34,5HU9,igb1_di1_salt0_st0,-19.4457,3001
1dd183338ac9d0d5904e89f4aca06e34,5HU9,igb1_di1_salt0_st0.0072,-22.7915,3001
1dd183338ac9d0d5904e89f4aca06e34,5HU9,igb1_di2_salt0.15_st0,-23.9686,3001
1dd183338ac9d0d5904e89f4aca06e34,5HU9,igb1_di2_salt0.15_st0.0072,-27.3143,3001
1dd183338ac9d0d5904e89f4aca06e34,5HU9,igb1_di2_salt0_st0,-23.9795,3001
1dd183338ac9d0d5904e89f4aca06e34,5HU9,igb1_di2_salt0_st0.0072,-27.3252,3001
1dd183338ac9d0d5904e89f4aca06e34,5HU9,igb1_di4_salt0.15_st0,-26.2354,3001
1dd183338ac9d0d5904e89f4aca06e34,5HU9,igb1_di4_salt0.15_st0.0072,-29.5812,3001
1dd183338ac9d0d5904e89f4aca06e34,5HU9,igb1_di4_salt0_st0,-26.2463,3001
1dd183338ac9d0d5904e89f4aca06e34,5HU9,igb1_di4_salt0_st0.0072,-29.592,3001
1dd183338ac9d0d5904e89f4aca06e34,5HU9,igb2_di1_salt0.15_st0,-16.8375,3001
1dd183338ac9d0d5904e89f4aca06e34,5HU9,igb2_di1_salt0.15_st0.0072,-20.1833,3001
1dd183338ac9d0d5904e89f4aca06e34,5HU9,igb2_di1_salt0_st0,-16.8481,3001
1dd183338ac9d0d5904e89f4aca06e34,5HU9,igb2_di1_salt0_st0.0072,-20.1938,3001
1dd183338ac9d0d5904e89f4aca06e34,5HU9,igb2_di2_salt0.15_st0,-22.6868,3001
1dd183338ac9d0d5904e89f4aca06e34,5HU9,igb2_di2_salt0.15_st0.0072,-26.0327,3001
1dd183338ac9d0d5904e89f4aca06e34,5HU9,igb2_di2_salt0_st0,-22.6974,3001
1dd183338ac9d0d5904e89f4aca06e34,5HU9,igb2_di2_salt0_st0.0072,-26.043,3001
1dd183338ac9d0d5904e89f4aca06e34,5HU9,igb2_di4_salt0.15_st0,-25.6116,3001
1dd183338ac9d0d5904e89f4aca06e34,5HU9,igb2_di4_salt0.15_st0.0072,-28.9573,3001
1dd183338ac9d0d5904e89f4aca06e34,5HU9,igb2_di4_salt0_st0,-25.622,3001
1dd183338ac9d0d5904e89f4aca06e34,5HU9,igb2_di4_salt0_st0.0072,-28.9679,3001
1dd183338ac9d0d5904e89f4aca06e34,5HU9,igb5_di1_salt0.15_st0,-17.2524,3001
1dd183338ac9d0d5904e89f4aca06e34,5HU9,igb5_di1_salt0.15_st0.0072,-20.5981,3001
1dd183338ac9d0d5904e89f4aca06e34,5HU9,igb5_di1_salt0_st0,-17.2627,3001
1dd183338ac9d0d5904e89f4aca06e34,5HU9,igb5_di1_salt0_st0.0072,-20.6083,3001
1dd183338ac9d0d5904e89f4aca06e34,5HU9,igb5_di2_salt0.15_st0,-22.8917,3001
1dd183338ac9d0d5904e89f4aca06e34,5HU9,igb5_di2_salt0.15_st0.0072,-26.2374,3001
1dd183338ac9d0d5904e89f4aca06e34,5HU9,igb5_di2_salt0_st0,-22.902,3001
1dd183338ac9d0d5904e89f4aca06e34,5HU9,igb5_di2_salt0_st0.0072,-26.2477,3001
1dd183338ac9d0d5904e89f4aca06e34,5HU9,igb5_di4_salt0.15_st0,-25.7114,3001
1dd183338ac9d0d5904e89f4aca06e34,5HU9,igb5_di4_salt0.15_st0.0072,-29.0571,3001
1dd183338ac9d0d5904e89f4aca06e34,5HU9,igb5_di4_salt0_st0,-25.7218,3001
1dd183338ac9d0d5904e89f4aca06e34,5HU9,igb5_di4_salt0_st0.0072,-29.0674,3001
1dd183338ac9d0d5904e89f4aca06e34,5HU9,igb8_di1_salt0.15_st0,-13.2901,3001
1dd183338ac9d0d5904e89f4aca06e34,5HU9,igb8_di1_salt0.15_st0.0072,-16.6359,3001
1dd183338ac9d0d5904e89f4aca06e34,5HU9,igb8_di1_salt0_st0,-13.3051,3001
1dd183338ac9d0d5904e89f4aca06e34,5HU9,igb8_di1_salt0_st0.0072,-16.6508,3001
1dd183338ac9d0d5904e89f4aca06e34,5HU9,igb8_di2_salt0.15_st0,-20.9337,3001
1dd183338ac9d0d5904e89f4aca06e34,5HU9,igb8_di2_salt0.15_st0.0072,-24.2795,3001
1dd183338ac9d0d5904e89f4aca06e34,5HU9,igb8_di2_salt0_st0,-20.9487,3001
1dd183338ac9d0d5904e89f4aca06e34,5HU9,igb8_di2_salt0_st0.0072,-24.2944,3001
1dd183338ac9d0d5904e89f4aca06e34,5HU9,igb8_di4_salt0.15_st0,-24.7556,3001
1dd183338ac9d0d5904e89f4aca06e34,5HU9,igb8_di4_salt0.15_st0.0072,-28.1014,3001
1dd183338ac9d0d5904e89f4aca06e34,5HU9,igb8_di4_salt0_st0,-24.7706,3001
1dd183338ac9d0d5904e89f4aca06e34,5HU9,igb8_di4_salt0_st0.0072,-28.1163,3001
1f270ea65cd761a78a0ed8ab4ee8fec0,9D9I,igb1_di1_salt0.15_st0,-25.293,3001
1f270ea65cd761a78a0ed8ab4ee8fec0,9D9I,igb1_di1_salt0.15_st0.0072,-30.3245,3001
1f270ea65cd761a78a0ed8ab4ee8fec0,9D9I,igb1_di1_salt0_st0,-25.2891,3001
1f270ea65cd761a78a0ed8ab4ee8fec0,9D9I,igb1_di1_salt0_st0.0072,-30.3206,3001
1f270ea65cd761a78a0ed8ab4ee8fec0,9D9I,igb1_di2_salt0.15_st0,-32.0907,3001
1f270ea65cd761a78a0ed8ab4ee8fec0,9D9I,igb1_di2_salt0.15_st0.0072,-37.1222,3001
1f270ea65cd761a78a0ed8ab4ee8fec0,9D9I,igb1_di2_salt0_st0,-32.0869,3001
1f270ea65cd761a78a0ed8ab4ee8fec0,9D9I,igb1_di2_salt0_st0.0072,-37.1185,3001
1f270ea65cd761a78a0ed8ab4ee8fec0,9D9I,igb1_di4_salt0.15_st0,-35.4897,3001
1f270ea65cd761a78a0ed8ab4ee8fec0,9D9I,igb1_di4_salt0.15_st0.0072,-40.5211,3001
1f270ea65cd761a78a0ed8ab4ee8fec0,9D9I,igb1_di4_salt0_st0,-35.4858,3001
1f270ea65cd761a78a0ed8ab4ee8fec0,9D9I,igb1_di4_salt0_st0.0072,-40.5173,3001
1f270ea65cd761a78a0ed8ab4ee8fec0,9D9I,igb2_di1_salt0.15_st0,-21.5572,3001
1f270ea65cd761a78a0ed8ab4ee8fec0,9D9I,igb2_di1_salt0.15_st0.0072,-26.5888,3001
1f270ea65cd761a78a0ed8ab4ee8fec0,9D9I,igb2_di1_salt0_st0,-21.5524,3001
1f270ea65cd761a78a0ed8ab4ee8fec0,9D9I,igb2_di1_salt0_st0.0072,-26.5839,3001
1f270ea65cd761a78a0ed8ab4ee8fec0,9D9I,igb2_di2_salt0.15_st0,-30.2474,3001
1f270ea65cd761a78a0ed8ab4ee8fec0,9D9I,igb2_di2_salt0.15_st0.0072,-35.2791,3001
1f270ea65cd761a78a0ed8ab4ee8fec0,9D9I,igb2_di2_salt0_st0,-30.2427,3001
1f270ea65cd761a78a0ed8ab4ee8fec0,9D9I,igb2_di2_salt0_st0.0072,-35.2742,3001
1f270ea65cd761a78a0ed8ab4ee8fec0,9D9I,igb2_di4_salt0.15_st0,-34.5926,3001
1f270ea65cd761a78a0ed8ab4ee8fec0,9D9I,igb2_di4_salt0.15_st0.0072,-39.6241,3001
1f270ea65cd761a78a0ed8ab4ee8fec0,9D9I,igb2_di4_salt0_st0,-34.5878,3001
1f270ea65cd761a78a0ed8ab4ee8fec0,9D9I,igb2_di4_salt0_st0.0072,-39.6193,3001
1f270ea65cd761a78a0ed8ab4ee8fec0,9D9I,igb5_di1_salt0.15_st0,-22.9443,3001
1f270ea65cd761a78a0ed8ab4ee8fec0,9D9I,igb5_di1_salt0.15_st0.0072,-27.9758,3001
1f270ea65cd761a78a0ed8ab4ee8fec0,9D9I,igb5_di1_salt0_st0,-22.9397,3001
1f270ea65cd761a78a0ed8ab4ee8fec0,9D9I,igb5_di1_salt0_st0.0072,-27.9713,3001
1f270ea65cd761a78a0ed8ab4ee8fec0,9D9I,igb5_di2_salt0.15_st0,-30.9318,3001
1f270ea65cd761a78a0ed8ab4ee8fec0,9D9I,igb5_di2_salt0.15_st0.0072,-35.9635,3001
1f270ea65cd761a78a0ed8ab4ee8fec0,9D9I,igb5_di2_salt0_st0,-30.9273,3001
1f270ea65cd761a78a0ed8ab4ee8fec0,9D9I,igb5_di2_salt0_st0.0072,-35.9589,3001
1f270ea65cd761a78a0ed8ab4ee8fec0,9D9I,igb5_di4_salt0.15_st0,-34.9257,3001
1f270ea65cd761a78a0ed8ab4ee8fec0,9D9I,igb5_di4_salt0.15_st0.0072,-39.9573,3001
1f270ea65cd761a78a0ed8ab4ee8fec0,9D9I,igb5_di4_salt0_st0,-34.9211,3001
1f270ea65cd761a78a0ed8ab4ee8fec0,9D9I,igb5_di4_salt0_st0.0072,-39.9527,3001
1f270ea65cd761a78a0ed8ab4ee8fec0,9D9I,igb8_di1_salt0.15_st0,-18.5248,3001
1f270ea65cd761a78a0ed8ab4ee8fec0,9D9I,igb8_di1_salt0.15_st0.0072,-23.5563,3001
1f270ea65cd761a78a0ed8ab4ee8fec0,9D9I,igb8_di1_salt0_st0,-18.5223,3001
1f270ea65cd761a78a0ed8ab4ee8fec0,9D9I,igb8_di1_salt0_st0.0072,-23.5538,3001
1f270ea65cd761a78a0ed8ab4ee8fec0,9D9I,igb8_di2_salt0.15_st0,-28.7496,3001
1f270ea65cd761a78a0ed8ab4ee8fec0,9D9I,igb8_di2_salt0.15_st0.0072,-33.7811,3001
1f270ea65cd761a78a0ed8ab4ee8fec0,9D9I,igb8_di2_salt0_st0,-28.7471,3001
1f270ea65cd761a78a0ed8ab4ee8fec0,9D9I,igb8_di2_salt0_st0.0072,-33.7787,3001
1f270ea65cd761a78a0ed8ab4ee8fec0,9D9I,igb8_di4_salt0.15_st0,-33.8621,3001
1f270ea65cd761a78a0ed8ab4ee8fec0,9D9I,igb8_di4_salt0.15_st0.0072,-38.8936,3001
1f270ea65cd761a78a0ed8ab4ee8fec0,9D9I,igb8_di4_salt0_st0,-33.8595,3001
1f270ea65cd761a78a0ed8ab4ee8fec0,9D9I,igb8_di4_salt0_st0.0072,-38.8911,3001
20ffceabec2b95cc0b401b1d1e504f6b,2XU3,igb1_di1_salt0.15_st0,-27.319,3001
20ffceabec2b95cc0b401b1d1e504f6b,2XU3,igb1_di1_salt0.15_st0.0072,-31.7173,3001
20ffceabec2b95cc0b401b1d1e504f6b,2XU3,igb1_di1_salt0_st0,-27.3034,3001
20ffceabec2b95cc0b401b1d1e504f6b,2XU3,igb1_di1_salt0_st0.0072,-31.7015,3001
20ffceabec2b95cc0b401b1d1e504f6b,2XU3,igb1_di2_salt0.15_st0,-30.8683,3001
20ffceabec2b95cc0b401b1d1e504f6b,2XU3,igb1_di2_salt0.15_st0.0072,-35.2667,3001
20ffceabec2b95cc0b401b1d1e504f6b,2XU3,igb1_di2_salt0_st0,-30.8526,3001
20ffceabec2b95cc0b401b1d1e504f6b,2XU3,igb1_di2_salt0_st0.0072,-35.2508,3001
20ffceabec2b95cc0b401b1d1e504f6b,2XU3,igb1_di4_salt0.15_st0,-32.6429,3001
20ffceabec2b95cc0b401b1d1e504f6b,2XU3,igb1_di4_salt0.15_st0.0072,-37.0412,3001
20ffceabec2b95cc0b401b1d1e504f6b,2XU3,igb1_di4_salt0_st0,-32.6272,3001
20ffceabec2b95cc0b401b1d1e504f6b,2XU3,igb1_di4_salt0_st0.0072,-37.0255,3001
20ffceabec2b95cc0b401b1d1e504f6b,2XU3,igb2_di1_salt0.15_st0,-24.3097,3001
20ffceabec2b95cc0b401b1d1e504f6b,2XU3,igb2_di1_salt0.15_st0.0072,-28.708,3001
20ffceabec2b95cc0b401b1d1e504f6b,2XU3,igb2_di1_salt0_st0,-24.2933,3001
20ffceabec2b95cc0b401b1d1e504f6b,2XU3,igb2_di1_salt0_st0.0072,-28.6916,3001
20ffceabec2b95cc0b401b1d1e504f6b,2XU3,igb2_di2_salt0.15_st0,-29.3834,3001
20ffceabec2b95cc0b401b1d1e504f6b,2XU3,igb2_di2_salt0.15_st0.0072,-33.7815,3001
20ffceabec2b95cc0b401b1d1e504f6b,2XU3,igb2_di2_salt0_st0,-29.3671,3001
20ffceabec2b95cc0b401b1d1e504f6b,2XU3,igb2_di2_salt0_st0.0072,-33.7655,3001
20ffceabec2b95cc0b401b1d1e504f6b,2XU3,igb2_di4_salt0.15_st0,-31.9201,3001
20ffceabec2b95cc0b401b1d1e504f6b,2XU3,igb2_di4_salt0.15_st0.0072,-36.3185,3001
20ffceabec2b95cc0b401b1d1e504f6b,2XU3,igb2_di4_salt0_st0,-31.9039,3001
20ffceabec2b95cc0b401b1d1e504f6b,2XU3,igb2_di4_salt0_st0.0072,-36.3021,3001
20ffceabec2b95cc0b401b1d1e504f6b,2XU3,igb5_di1_salt0.15_st0,-25.4456,3001
20ffceabec2b95cc0b401b1d1e504f6b,2XU3,igb5_di1_salt0.15_st0.0072,-29.8439,3001
20ffceabec2b95cc0b401b1d1e504f6b,2XU3,igb5_di1_salt0_st0,-25.4301,3001
20ffceabec2b95cc0b401b1d1e504f6b,2XU3,igb5_di1_salt0_st0.0072,-29.8285,3001
20ffceabec2b95cc0b401b1d1e504f6b,2XU3,igb5_di2_salt0.15_st0,-29.9436,3001
20ffceabec2b95cc0b401b1d1e504f6b,2XU3,igb5_di2_salt0.15_st0.0072,-34.3418,3001
20ffceabec2b95cc0b401b1d1e504f6b,2XU3,igb5_di2_salt0_st0,-29.928,3001
20ffceabec2b95cc0b401b1d1e504f6b,2XU3,igb5_di2_salt0_st0.0072,-34.3263,3001
20ffceabec2b95cc0b401b1d1e504f6b,2XU3,igb5_di4_salt0.15_st0,-32.1925,3001
20ffceabec2b95cc0b401b1d1e504f6b,2XU3,igb5_di4_salt0.15_st0.0072,-36.5907,3001
20ffceabec2b95cc0b401b1d1e504f6b,2XU3,igb5_di4_salt0_st0,-32.1771,3001
20ffceabec2b95cc0b401b1d1e504f6b,2XU3,igb5_di4_salt0_st0.0072,-36.5753,3001
20ffceabec2b95cc0b401b1d1e504f6b,2XU3,igb8_di1_salt0.15_st0,-23.4923,3001
20ffceabec2b95cc0b401b1d1e504f6b,2XU3,igb8_di1_salt0.15_st0.0072,-27.8907,3001
20ffceabec2b95cc0b401b1d1e504f6b,2XU3,igb8_di1_salt0_st0,-23.4786,3001
20ffceabec2b95cc0b401b1d1e504f6b,2XU3,igb8_di1_salt0_st0.0072,-27.8769,3001
20ffceabec2b95cc0b401b1d1e504f6b,2XU3,igb8_di2_salt0.15_st0,-28.9786,3001
20ffceabec2b95cc0b401b1d1e504f6b,2XU3,igb8_di2_salt0.15_st0.0072,-33.3769,3001
20ffceabec2b95cc0b401b1d1e504f6b,2XU3,igb8_di2_salt0_st0,-28.9649,3001
20ffceabec2b95cc0b401b1d1e504f6b,2XU3,igb8_di2_salt0_st0.0072,-33.3632,3001
20ffceabec2b95cc0b401b1d1e504f6b,2XU3,igb8_di4_salt0.15_st0,-31.7218,3001
20ffceabec2b95cc0b401b1d1e504f6b,2XU3,igb8_di4_salt0.15_st0.0072,-36.1201,3001
20ffceabec2b95cc0b401b1d1e504f6b,2XU3,igb8_di4_salt0_st0,-31.7081,3001
20ffceabec2b95cc0b401b1d1e504f6b,2XU3,igb8_di4_salt0_st0.0072,-36.1064,3001
22449a0ea60f206a1700d752b8923709,8ELC,igb1_di1_salt0.15_st0,-38.1393,3001
22449a0ea60f206a1700d752b8923709,8ELC,igb1_di1_salt0.15_st0.0072,-44.9747,3001
22449a0ea60f206a1700d752b8923709,8ELC,igb1_di1_salt0_st0,-38.1337,3001
22449a0ea60f206a1700d752b8923709,8ELC,igb1_di1_salt0_st0.0072,-44.9689,3001
22449a0ea60f206a1700d752b8923709,8ELC,igb1_di2_salt0.15_st0,-45.0665,3001
22449a0ea60f206a1700d752b8923709,8ELC,igb1_di2_salt0.15_st0.0072,-51.9017,3001
22449a0ea60f206a1700d752b8923709,8ELC,igb1_di2_salt0_st0,-45.0608,3001
22449a0ea60f206a1700d752b8923709,8ELC,igb1_di2_salt0_st0.0072,-51.8961,3001
22449a0ea60f206a1700d752b8923709,8ELC,igb1_di4_salt0.15_st0,-48.5299,3001
22449a0ea60f206a1700d752b8923709,8ELC,igb1_di4_salt0.15_st0.0072,-55.3653,3001
22449a0ea60f206a1700d752b8923709,8ELC,igb1_di4_salt0_st0,-48.5244,3001
22449a0ea60f206a1700d752b8923709,8ELC,igb1_di4_salt0_st0.0072,-55.3597,3001
22449a0ea60f206a1700d752b8923709,8ELC,igb2_di1_salt0.15_st0,-31.254,3001
22449a0ea60f206a1700d752b8923709,8ELC,igb2_di1_salt0.15_st0.0072,-38.0893,3001
22449a0ea60f206a1700d752b8923709,8ELC,igb2_di1_salt0_st0,-31.248,3001
22449a0ea60f206a1700d752b8923709,8ELC,igb2_di1_salt0_st0.0072,-38.0833,3001
22449a0ea60f206a1700d752b8923709,8ELC,igb2_di2_salt0.15_st0,-41.6685,3001
22449a0ea60f206a1700d752b8923709,8ELC,igb2_di2_salt0.15_st0.0072,-48.5037,3001
22449a0ea60f206a1700d752b8923709,8ELC,igb2_di2_salt0_st0,-41.6625,3001
22449a0ea60f206a1700d752b8923709,8ELC,igb2_di2_salt0_st0.0072,-48.4976,3001
22449a0ea60f206a1700d752b8923709,8ELC,igb2_di4_salt0.15_st0,-46.8757,3001
22449a0ea60f206a1700d752b8923709,8ELC,igb2_di4_salt0.15_st0.0072,-53.711,3001
22449a0ea60f206a1700d752b8923709,8ELC,igb2_di4_salt0_st0,-46.8696,3001
22449a0ea60f206a1700d752b8923709,8ELC,igb2_di4_salt0_st0.0072,-53.705,3001
22449a0ea60f206a1700d752b8923709,8ELC,igb5_di1_salt0.15_st0,-33.0415,3001
22449a0ea60f206a1700d752b8923709,8ELC,igb5_di1_salt0.15_st0.0072,-39.8768,3001
22449a0ea60f206a1700d752b8923709,8ELC,igb5_di1_salt0_st0,-33.0383,3001
22449a0ea60f206a1700d752b8923709,8ELC,igb5_di1_salt0_st0.0072,-39.8735,3001
22449a0ea60f206a1700d752b8923709,8ELC,igb5_di2_salt0.15_st0,-42.5492,3001
22449a0ea60f206a1700d752b8923709,8ELC,igb5_di2_salt0.15_st0.0072,-49.3845,3001
22449a0ea60f206a1700d752b8923709,8ELC,igb5_di2_salt0_st0,-42.5461,3001
22449a0ea60f206a1700d752b8923709,8ELC,igb5_di2_salt0_st0.0072,-49.3813,3001
22449a0ea60f206a1700d752b8923709,8ELC,igb5_di4_salt0.15_st0,-47.303,3001
22449a0ea60f206a1700d752b8923709,8ELC,igb5_di4_salt0.15_st0.0072,-54.1383,3001
22449a0ea60f206a1700d752b8923709,8ELC,igb5_di4_salt0_st0,-47.2999,3001
22449a0ea60f206a1700d752b8923709,8ELC,igb5_di4_salt0_st0.0072,-54.1352,3001
22449a0ea60f206a1700d752b8923709,8ELC,igb8_di1_salt0.15_st0,-21.646,3001
22449a0ea60f206a1700d752b8923709,8ELC,igb8_di1_salt0.15_st0.0072,-28.4812,3001
22449a0ea60f206a1700d752b8923709,8ELC,igb8_di1_salt0_st0,-21.6423,3001
22449a0ea60f206a1700d752b8923709,8ELC,igb8_di1_salt0_st0.0072,-28.4776,3001
22449a0ea60f206a1700d752b8923709,8ELC,igb8_di2_salt0.15_st0,-36.9252,3001
22449a0ea60f206a1700d752b8923709,8ELC,igb8_di2_salt0.15_st0.0072,-43.7605,3001
22449a0ea60f206a1700d752b8923709,8ELC,igb8_di2_salt0_st0,-36.9216,3001
22449a0ea60f206a1700d752b8923709,8ELC,igb8_di2_salt0_st0.0072,-43.7568,3001
22449a0ea60f206a1700d752b8923709,8ELC,igb8_di4_salt0.15_st0,-44.5647,3001
22449a0ea60f206a1700d752b8923709,8ELC,igb8_di4_salt0.15_st0.0072,-51.4,3001
22449a0ea60f206a1700d752b8923709,8ELC,igb8_di4_salt0_st0,-44.5613,3001
22449a0ea60f206a1700d752b8923709,8ELC,igb8_di4_salt0_st0.0072,-51.3965,3001
238dd65aac42b2b34162c0b51a84d1db,9SI4,igb1_di1_salt0.15_st0,-10.2682,3001
238dd65aac42b2b34162c0b51a84d1db,9SI4,igb1_di1_salt0.15_st0.0072,-12.3243,3001
238dd65aac42b2b34162c0b51a84d1db,9SI4,igb1_di1_salt0_st0,-10.2727,3001
238dd65aac42b2b34162c0b51a84d1db,9SI4,igb1_di1_salt0_st0.0072,-12.3287,3001
238dd65aac42b2b34162c0b51a84d1db,9SI4,igb1_di2_salt0.15_st0,-12.6827,3001
238dd65aac42b2b34162c0b51a84d1db,9SI4,igb1_di2_salt0.15_st0.0072,-14.7388,3001
238dd65aac42b2b34162c0b51a84d1db,9SI4,igb1_di2_salt0_st0,-12.6871,3001
238dd65aac42b2b34162c0b51a84d1db,9SI4,igb1_di2_salt0_st0.0072,-14.7432,3001
238dd65aac42b2b34162c0b51a84d1db,9SI4,igb1_di4_salt0.15_st0,-13.8899,3001
238dd65aac42b2b34162c0b51a84d1db,9SI4,igb1_di4_salt0.15_st0.0072,-15.9459,3001
238dd65aac42b2b34162c0b51a84d1db,9SI4,igb1_di4_salt0_st0,-13.8943,3001
238dd65aac42b2b34162c0b51a84d1db,9SI4,igb1_di4_salt0_st0.0072,-15.9503,3001
238dd65aac42b2b34162c0b51a84d1db,9SI4,igb2_di1_salt0.15_st0,-8.3636,3001
238dd65aac42b2b34162c0b51a84d1db,9SI4,igb2_di1_salt0.15_st0.0072,-10.4197,3001
238dd65aac42b2b34162c0b51a84d1db,9SI4,igb2_di1_salt0_st0,-8.3681,3001
238dd65aac42b2b34162c0b51a84d1db,9SI4,igb2_di1_salt0_st0.0072,-10.4243,3001
238dd65aac42b2b34162c0b51a84d1db,9SI4,igb2_di2_salt0.15_st0,-11.7425,3001
238dd65aac42b2b34162c0b51a84d1db,9SI4,igb2_di2_salt0.15_st0.0072,-13.7985,3001
238dd65aac42b2b34162c0b51a84d1db,9SI4,igb2_di2_salt0_st0,-11.7472,3001
238dd65aac42b2b34162c0b51a84d1db,9SI4,igb2_di2_salt0_st0.0072,-13.8032,3001
238dd65aac42b2b34162c0b51a84d1db,9SI4,igb2_di4_salt0.15_st0,-13.432,3001
238dd65aac42b2b34162c0b51a84d1db,9SI4,igb2_di4_salt0.15_st0.0072,-15.4881,3001
238dd65aac42b2b34162c0b51a84d1db,9SI4,igb2_di4_salt0_st0,-13.4366,3001
238dd65aac42b2b34162c0b51a84d1db,9SI4,igb2_di4_salt0_st0.0072,-15.4926,3001
238dd65aac42b2b34162c0b51a84d1db,9SI4,igb5_di1_salt0.15_st0,-8.5875,3001
238dd65aac42b2b34162c0b51a84d1db,9SI4,igb5_di1_salt0.15_st0.0072,-10.6435,3001
238dd65aac42b2b34162c0b51a84d1db,9SI4,igb5_di1_salt0_st0,-8.5928,3001
238dd65aac42b2b34162c0b51a84d1db,9SI4,igb5_di1_salt0_st0.0072,-10.6488,3001
238dd65aac42b2b34162c0b51a84d1db,9SI4,igb5_di2_salt0.15_st0,-11.8526,3001
238dd65aac42b2b34162c0b51a84d1db,9SI4,igb5_di2_salt0.15_st0.0072,-13.9087,3001
238dd65aac42b2b34162c0b51a84d1db,9SI4,igb5_di2_salt0_st0,-11.858,3001
238dd65aac42b2b34162c0b51a84d1db,9SI4,igb5_di2_salt0_st0.0072,-13.9141,3001
238dd65aac42b2b34162c0b51a84d1db,9SI4,igb5_di4_salt0.15_st0,-13.4853,3001
238dd65aac42b2b34162c0b51a84d1db,9SI4,igb5_di4_salt0.15_st0.0072,-15.5412,3001
238dd65aac42b2b34162c0b51a84d1db,9SI4,igb5_di4_salt0_st0,-13.4905,3001
238dd65aac42b2b34162c0b51a84d1db,9SI4,igb5_di4_salt0_st0.0072,-15.5466,3001
238dd65aac42b2b34162c0b51a84d1db,9SI4,igb8_di1_salt0.15_st0,-7.75,3001
238dd65aac42b2b34162c0b51a84d1db,9SI4,igb8_di1_salt0.15_st0.0072,-9.806,3001
238dd65aac42b2b34162c0b51a84d1db,9SI4,igb8_di1_salt0_st0,-7.7548,3001
238dd65aac42b2b34162c0b51a84d1db,9SI4,igb8_di1_salt0_st0.0072,-9.8108,3001
238dd65aac42b2b34162c0b51a84d1db,9SI4,igb8_di2_salt0.15_st0,-11.4396,3001
238dd65aac42b2b34162c0b51a84d1db,9SI4,igb8_di2_salt0.15_st0.0072,-13.4956,3001
238dd65aac42b2b34162c0b51a84d1db,9SI4,igb8_di2_salt0_st0,-11.4444,3001
238dd65aac42b2b34162c0b51a84d1db,9SI4,igb8_di2_salt0_st0.0072,-13.5004,3001
238dd65aac42b2b34162c0b51a84d1db,9SI4,igb8_di4_salt0.15_st0,-13.2844,3001
238dd65aac42b2b34162c0b51a84d1db,9SI4,igb8_di4_salt0.15_st0.0072,-15.3405,3001
238dd65aac42b2b34162c0b51a84d1db,9SI4,igb8_di4_salt0_st0,-13.2892,3001
238dd65aac42b2b34162c0b51a84d1db,9SI4,igb8_di4_salt0_st0.0072,-15.3452,3001
253860e6145c4fd6dd9cbc288515e367,9SI4,igb1_di1_salt0.15_st0,-7.0008,3001
253860e6145c4fd6dd9cbc288515e367,9SI4,igb1_di1_salt0.15_st0.0072,-8.5375,3001
253860e6145c4fd6dd9cbc288515e367,9SI4,igb1_di1_salt0_st0,-7.0095,3001
253860e6145c4fd6dd9cbc288515e367,9SI4,igb1_di1_salt0_st0.0072,-8.5463,3001
253860e6145c4fd6dd9cbc288515e367,9SI4,igb1_di2_salt0.15_st0,-8.9707,3001
253860e6145c4fd6dd9cbc288515e367,9SI4,igb1_di2_salt0.15_st0.0072,-10.5077,3001
253860e6145c4fd6dd9cbc288515e367,9SI4,igb1_di2_salt0_st0,-8.9794,3001
253860e6145c4fd6dd9cbc288515e367,9SI4,igb1_di2_salt0_st0.0072,-10.5164,3001
253860e6145c4fd6dd9cbc288515e367,9SI4,igb1_di4_salt0.15_st0,-9.9558,3001
253860e6145c4fd6dd9cbc288515e367,9SI4,igb1_di4_salt0.15_st0.0072,-11.4926,3001
253860e6145c4fd6dd9cbc288515e367,9SI4,igb1_di4_salt0_st0,-9.9645,3001
253860e6145c4fd6dd9cbc288515e367,9SI4,igb1_di4_salt0_st0.0072,-11.5014,3001
253860e6145c4fd6dd9cbc288515e367,9SI4,igb2_di1_salt0.15_st0,-5.3725,3001
253860e6145c4fd6dd9cbc288515e367,9SI4,igb2_di1_salt0.15_st0.0072,-6.9093,3001
253860e6145c4fd6dd9cbc288515e367,9SI4,igb2_di1_salt0_st0,-5.3815,3001
253860e6145c4fd6dd9cbc288515e367,9SI4,igb2_di1_salt0_st0.0072,-6.9182,3001
253860e6145c4fd6dd9cbc288515e367,9SI4,igb2_di2_salt0.15_st0,-8.167,3001
253860e6145c4fd6dd9cbc288515e367,9SI4,igb2_di2_salt0.15_st0.0072,-9.7039,3001
253860e6145c4fd6dd9cbc288515e367,9SI4,igb2_di2_salt0_st0,-8.1761,3001
253860e6145c4fd6dd9cbc288515e367,9SI4,igb2_di2_salt0_st0.0072,-9.7128,3001
253860e6145c4fd6dd9cbc288515e367,9SI4,igb2_di4_salt0.15_st0,-9.5643,3001
253860e6145c4fd6dd9cbc288515e367,9SI4,igb2_di4_salt0.15_st0.0072,-11.1011,3001
253860e6145c4fd6dd9cbc288515e367,9SI4,igb2_di4_salt0_st0,-9.5733,3001
253860e6145c4fd6dd9cbc288515e367,9SI4,igb2_di4_salt0_st0.0072,-11.11,3001
253860e6145c4fd6dd9cbc288515e367,9SI4,igb5_di1_salt0.15_st0,-5.3725,3001
253860e6145c4fd6dd9cbc288515e367,9SI4,igb5_di1_salt0.15_st0.0072,-6.9094,3001
253860e6145c4fd6dd9cbc288515e367,9SI4,igb5_di1_salt0_st0,-5.382,3001
253860e6145c4fd6dd9cbc288515e367,9SI4,igb5_di1_salt0_st0.0072,-6.9189,3001
253860e6145c4fd6dd9cbc288515e367,9SI4,igb5_di2_salt0.15_st0,-8.1669,3001
253860e6145c4fd6dd9cbc288515e367,9SI4,igb5_di2_salt0.15_st0.0072,-9.7036,3001
253860e6145c4fd6dd9cbc288515e367,9SI4,igb5_di2_salt0_st0,-8.1763,3001
253860e6145c4fd6dd9cbc288515e367,9SI4,igb5_di2_salt0_st0.0072,-9.713,3001
253860e6145c4fd6dd9cbc288515e367,9SI4,igb5_di4_salt0.15_st0,-9.564,3001
253860e6145c4fd6dd9cbc288515e367,9SI4,igb5_di4_salt0.15_st0.0072,-11.1008,3001
253860e6145c4fd6dd9cbc288515e367,9SI4,igb5_di4_salt0_st0,-9.5734,3001
253860e6145c4fd6dd9cbc288515e367,9SI4,igb5_di4_salt0_st0.0072,-11.1103,3001
253860e6145c4fd6dd9cbc288515e367,9SI4,igb8_di1_salt0.15_st0,-4.9361,3001
253860e6145c4fd6dd9cbc288515e367,9SI4,igb8_di1_salt0.15_st0.0072,-6.473,3001
253860e6145c4fd6dd9cbc288515e367,9SI4,igb8_di1_salt0_st0,-4.9452,3001
253860e6145c4fd6dd9cbc288515e367,9SI4,igb8_di1_salt0_st0.0072,-6.482,3001
253860e6145c4fd6dd9cbc288515e367,9SI4,igb8_di2_salt0.15_st0,-7.9518,3001
253860e6145c4fd6dd9cbc288515e367,9SI4,igb8_di2_salt0.15_st0.0072,-9.4885,3001
253860e6145c4fd6dd9cbc288515e367,9SI4,igb8_di2_salt0_st0,-7.9606,3001
253860e6145c4fd6dd9cbc288515e367,9SI4,igb8_di2_salt0_st0.0072,-9.4974,3001
253860e6145c4fd6dd9cbc288515e367,9SI4,igb8_di4_salt0.15_st0,-9.4594,3001
253860e6145c4fd6dd9cbc288515e367,9SI4,igb8_di4_salt0.15_st0.0072,-10.9963,3001
253860e6145c4fd6dd9cbc288515e367,9SI4,igb8_di4_salt0_st0,-9.4684,3001
253860e6145c4fd6dd9cbc288515e367,9SI4,igb8_di4_salt0_st0.0072,-11.0053,3001
266bbb49e60781aca4002ea95c99c033,9D9I,igb1_di1_salt0.15_st0,-21.6796,3001
266bbb49e60781aca4002ea95c99c033,9D9I,igb1_di1_salt0.15_st0.0072,-26.0371,3001
266bbb49e60781aca4002ea95c99c033,9D9I,igb1_di1_salt0_st0,-21.6737,3001
266bbb49e60781aca4002ea95c99c033,9D9I,igb1_di1_salt0_st0.0072,-26.0312,3001
266bbb49e60781aca4002ea95c99c033,9D9I,igb1_di2_salt0.15_st0,-27.4475,3001
266bbb49e60781aca4002ea95c99c033,9D9I,igb1_di2_salt0.15_st0.0072,-31.805,3001
266bbb49e60781aca4002ea95c99c033,9D9I,igb1_di2_salt0_st0,-27.4416,3001
266bbb49e60781aca4002ea95c99c033,9D9I,igb1_di2_salt0_st0.0072,-31.7991,3001
266bbb49e60781aca4002ea95c99c033,9D9I,igb1_di4_salt0.15_st0,-30.3314,3001
266bbb49e60781aca4002ea95c99c033,9D9I,igb1_di4_salt0.15_st0.0072,-34.6889,3001
266bbb49e60781aca4002ea95c99c033,9D9I,igb1_di4_salt0_st0,-30.3255,3001
266bbb49e60781aca4002ea95c99c033,9D9I,igb1_di4_salt0_st0.0072,-34.6831,3001
266bbb49e60781aca4002ea95c99c033,9D9I,igb2_di1_salt0.15_st0,-18.1265,3001
266bbb49e60781aca4002ea95c99c033,9D9I,igb2_di1_salt0.15_st0.0072,-22.4842,3001
266bbb49e60781aca4002ea95c99c033,9D9I,igb2_di1_salt0_st0,-18.1197,3001
266bbb49e60781aca4002ea95c99c033,9D9I,igb2_di1_salt0_st0.0072,-22.4773,3001
266bbb49e60781aca4002ea95c99c033,9D9I,igb2_di2_salt0.15_st0,-25.6944,3001
266bbb49e60781aca4002ea95c99c033,9D9I,igb2_di2_salt0.15_st0.0072,-30.0521,3001
266bbb49e60781aca4002ea95c99c033,9D9I,igb2_di2_salt0_st0,-25.6875,3001
266bbb49e60781aca4002ea95c99c033,9D9I,igb2_di2_salt0_st0.0072,-30.045,3001
266bbb49e60781aca4002ea95c99c033,9D9I,igb2_di4_salt0.15_st0,-29.4784,3001
266bbb49e60781aca4002ea95c99c033,9D9I,igb2_di4_salt0.15_st0.0072,-33.8359,3001
266bbb49e60781aca4002ea95c99c033,9D9I,igb2_di4_salt0_st0,-29.4716,3001
266bbb49e60781aca4002ea95c99c033,9D9I,igb2_di4_salt0_st0.0072,-33.829,3001
266bbb49e60781aca4002ea95c99c033,9D9I,igb5_di1_salt0.15_st0,-19.5915,3001
266bbb49e60781aca4002ea95c99c033,9D9I,igb5_di1_salt0.15_st0.0072,-23.9491,3001
266bbb49e60781aca4002ea95c99c033,9D9I,igb5_di1_salt0_st0,-19.5855,3001
266bbb49e60781aca4002ea95c99c033,9D9I,igb5_di1_salt0_st0.0072,-23.943,3001
266bbb49e60781aca4002ea95c99c033,9D9I,igb5_di2_salt0.15_st0,-26.417,3001
266bbb49e60781aca4002ea95c99c033,9D9I,igb5_di2_salt0.15_st0.0072,-30.7747,3001
266bbb49e60781aca4002ea95c99c033,9D9I,igb5_di2_salt0_st0,-26.411,3001
266bbb49e60781aca4002ea95c99c033,9D9I,igb5_di2_salt0_st0.0072,-30.7685,3001
266bbb49e60781aca4002ea95c99c033,9D9I,igb5_di4_salt0.15_st0,-29.8298,3001
266bbb49e60781aca4002ea95c99c033,9D9I,igb5_di4_salt0.15_st0.0072,-34.1874,3001
266bbb49e60781aca4002ea95c99c033,9D9I,igb5_di4_salt0_st0,-29.8237,3001
266bbb49e60781aca4002ea95c99c033,9D9I,igb5_di4_salt0_st0.0072,-34.1813,3001
266bbb49e60781aca4002ea95c99c033,9D9I,igb8_di1_salt0.15_st0,-14.5252,3001
266bbb49e60781aca4002ea95c99c033,9D9I,igb8_di1_salt0.15_st0.0072,-18.8828,3001
266bbb49e60781aca4002ea95c99c033,9D9I,igb8_di1_salt0_st0,-14.5215,3001
266bbb49e60781aca4002ea95c99c033,9D9I,igb8_di1_salt0_st0.0072,-18.8792,3001
266bbb49e60781aca4002ea95c99c033,9D9I,igb8_di2_salt0.15_st0,-23.9153,3001
266bbb49e60781aca4002ea95c99c033,9D9I,igb8_di2_salt0.15_st0.0072,-28.2729,3001
266bbb49e60781aca4002ea95c99c033,9D9I,igb8_di2_salt0_st0,-23.9116,3001
266bbb49e60781aca4002ea95c99c033,9D9I,igb8_di2_salt0_st0.0072,-28.2691,3001
266bbb49e60781aca4002ea95c99c033,9D9I,igb8_di4_salt0.15_st0,-28.6105,3001
266bbb49e60781aca4002ea95c99c033,9D9I,igb8_di4_salt0.15_st0.0072,-32.968,3001
266bbb49e60781aca4002ea95c99c033,9D9I,igb8_di4_salt0_st0,-28.6068,3001
266bbb49e60781aca4002ea95c99c033,9D9I,igb8_di4_salt0_st0.0072,-32.9643,3001
282b4e352d38ef07443209435439bcea,9D9I,igb1_di1_salt0.15_st0,-29.0219,3001
282b4e352d38ef07443209435439bcea,9D9I,igb1_di1_salt0.15_st0.0072,-34.4545,3001
282b4e352d38ef07443209435439bcea,9D9I,igb1_di1_salt0_st0,-29.0207,3001
282b4e352d38ef07443209435439bcea,9D9I,igb1_di1_salt0_st0.0072,-34.4532,3001
282b4e352d38ef07443209435439bcea,9D9I,igb1_di2_salt0.15_st0,-36.2303,3001
282b4e352d38ef07443209435439bcea,9D9I,igb1_di2_salt0.15_st0.0072,-41.6629,3001
282b4e352d38ef07443209435439bcea,9D9I,igb1_di2_salt0_st0,-36.229,3001
282b4e352d38ef07443209435439bcea,9D9I,igb1_di2_salt0_st0.0072,-41.6616,3001
282b4e352d38ef07443209435439bcea,9D9I,igb1_di4_salt0.15_st0,-39.8345,3001
282b4e352d38ef07443209435439bcea,9D9I,igb1_di4_salt0.15_st0.0072,-45.2671,3001
282b4e352d38ef07443209435439bcea,9D9I,igb1_di4_salt0_st0,-39.8332,3001
282b4e352d38ef07443209435439bcea,9D9I,igb1_di4_salt0_st0.0072,-45.2659,3001
282b4e352d38ef07443209435439bcea,9D9I,igb2_di1_salt0.15_st0,-24.0622,3001
282b4e352d38ef07443209435439bcea,9D9I,igb2_di1_salt0.15_st0.0072,-29.4949,3001
282b4e352d38ef07443209435439bcea,9D9I,igb2_di1_salt0_st0,-24.06,3001
282b4e352d38ef07443209435439bcea,9D9I,igb2_di1_salt0_st0.0072,-29.4925,3001
282b4e352d38ef07443209435439bcea,9D9I,igb2_di2_salt0.15_st0,-33.783,3001
282b4e352d38ef07443209435439bcea,9D9I,igb2_di2_salt0.15_st0.0072,-39.2156,3001
282b4e352d38ef07443209435439bcea,9D9I,igb2_di2_salt0_st0,-33.7807,3001
282b4e352d38ef07443209435439bcea,9D9I,igb2_di2_salt0_st0.0072,-39.2133,3001
282b4e352d38ef07443209435439bcea,9D9I,igb2_di4_salt0.15_st0,-38.6432,3001
282b4e352d38ef07443209435439bcea,9D9I,igb2_di4_salt0.15_st0.0072,-44.0759,3001
282b4e352d38ef07443209435439bcea,9D9I,igb2_di4_salt0_st0,-38.6411,3001
282b4e352d38ef07443209435439bcea,9D9I,igb2_di4_salt0_st0.0072,-44.0736,3001
282b4e352d38ef07443209435439bcea,9D9I,igb5_di1_salt0.15_st0,-25.9792,3001
282b4e352d38ef07443209435439bcea,9D9I,igb5_di1_salt0.15_st0.0072,-31.4116,3001
282b4e352d38ef07443209435439bcea,9D9I,igb5_di1_salt0_st0,-25.9768,3001
282b4e352d38ef07443209435439bcea,9D9I,igb5_di1_salt0_st0.0072,-31.4095,3001
282b4e352d38ef07443209435439bcea,9D9I,igb5_di2_salt0.15_st0,-34.7289,3001
282b4e352d38ef07443209435439bcea,9D9I,igb5_di2_salt0.15_st0.0072,-40.1616,3001
282b4e352d38ef07443209435439bcea,9D9I,igb5_di2_salt0_st0,-34.7268,3001
282b4e352d38ef07443209435439bcea,9D9I,igb5_di2_salt0_st0.0072,-40.1593,3001
282b4e352d38ef07443209435439bcea,9D9I,igb5_di4_salt0.15_st0,-39.1041,3001
282b4e352d38ef07443209435439bcea,9D9I,igb5_di4_salt0.15_st0.0072,-44.5365,3001
282b4e352d38ef07443209435439bcea,9D9I,igb5_di4_salt0_st0,-39.1017,3001
282b4e352d38ef07443209435439bcea,9D9I,igb5_di4_salt0_st0.0072,-44.5343,3001
282b4e352d38ef07443209435439bcea,9D9I,igb8_di1_salt0.15_st0,-21.3866,3001
282b4e352d38ef07443209435439bcea,9D9I,igb8_di1_salt0.15_st0.0072,-26.8191,3001
282b4e352d38ef07443209435439bcea,9D9I,igb8_di1_salt0_st0,-21.3875,3001
282b4e352d38ef07443209435439bcea,9D9I,igb8_di1_salt0_st0.0072,-26.8201,3001
282b4e352d38ef07443209435439bcea,9D9I,igb8_di2_salt0.15_st0,-32.4608,3001
282b4e352d38ef07443209435439bcea,9D9I,igb8_di2_salt0.15_st0.0072,-37.8934,3001
282b4e352d38ef07443209435439bcea,9D9I,igb8_di2_salt0_st0,-32.4616,3001
282b4e352d38ef07443209435439bcea,9D9I,igb8_di2_salt0_st0.0072,-37.8943,3001
282b4e352d38ef07443209435439bcea,9D9I,igb8_di4_salt0.15_st0,-37.9978,3001
282b4e352d38ef07443209435439bcea,9D9I,igb8_di4_salt0.15_st0.0072,-43.4305,3001
282b4e352d38ef07443209435439bcea,9D9I,igb8_di4_salt0_st0,-37.9988,3001
282b4e352d38ef07443209435439bcea,9D9I,igb8_di4_salt0_st0.0072,-43.4315,3001
295199ed8a4621a340b6b79b4024bec4,9D9I,igb1_di1_salt0.15_st0,-20.8319,3001
295199ed8a4621a340b6b79b4024bec4,9D9I,igb1_di1_salt0.15_st0.0072,-24.6729,3001
295199ed8a4621a340b6b79b4024bec4,9D9I,igb1_di1_salt0_st0,-20.8287,3001
295199ed8a4621a340b6b79b4024bec4,9D9I,igb1_di1_salt0_st0.0072,-24.6698,3001
295199ed8a4621a340b6b79b4024bec4,9D9I,igb1_di2_salt0.15_st0,-25.4567,3001
295199ed8a4621a340b6b79b4024bec4,9D9I,igb1_di2_salt0.15_st0.0072,-29.2979,3001
295199ed8a4621a340b6b79b4024bec4,9D9I,igb1_di2_salt0_st0,-25.4537,3001
295199ed8a4621a340b6b79b4024bec4,9D9I,igb1_di2_salt0_st0.0072,-29.2946,3001
295199ed8a4621a340b6b79b4024bec4,9D9I,igb1_di4_salt0.15_st0,-27.7693,3001
295199ed8a4621a340b6b79b4024bec4,9D9I,igb1_di4_salt0.15_st0.0072,-31.6103,3001
295199ed8a4621a340b6b79b4024bec4,9D9I,igb1_di4_salt0_st0,-27.7661,3001
295199ed8a4621a340b6b79b4024bec4,9D9I,igb1_di4_salt0_st0.0072,-31.6071,3001
295199ed8a4621a340b6b79b4024bec4,9D9I,igb2_di1_salt0.15_st0,-17.9392,3001
295199ed8a4621a340b6b79b4024bec4,9D9I,igb2_di1_salt0.15_st0.0072,-21.7804,3001
295199ed8a4621a340b6b79b4024bec4,9D9I,igb2_di1_salt0_st0,-17.9361,3001
295199ed8a4621a340b6b79b4024bec4,9D9I,igb2_di1_salt0_st0.0072,-21.7771,3001
295199ed8a4621a340b6b79b4024bec4,9D9I,igb2_di2_salt0.15_st0,-24.0292,3001
295199ed8a4621a340b6b79b4024bec4,9D9I,igb2_di2_salt0.15_st0.0072,-27.8703,3001
295199ed8a4621a340b6b79b4024bec4,9D9I,igb2_di2_salt0_st0,-24.026,3001
295199ed8a4621a340b6b79b4024bec4,9D9I,igb2_di2_salt0_st0.0072,-27.8671,3001
295199ed8a4621a340b6b79b4024bec4,9D9I,igb2_di4_salt0.15_st0,-27.0741,3001
295199ed8a4621a340b6b79b4024bec4,9D9I,igb2_di4_salt0.15_st0.0072,-30.9151,3001
295199ed8a4621a340b6b79b4024bec4,9D9I,igb2_di4_salt0_st0,-27.0709,3001
295199ed8a4621a340b6b79b4024bec4,9D9I,igb2_di4_salt0_st0.0072,-30.9119,3001
295199ed8a4621a340b6b79b4024bec4,9D9I,igb5_di1_salt0.15_st0,-18.597,3001
295199ed8a4621a340b6b79b4024bec4,9D9I,igb5_di1_salt0.15_st0.0072,-22.438,3001
295199ed8a4621a340b6b79b4024bec4,9D9I,igb5_di1_salt0_st0,-18.5954,3001
295199ed8a4621a340b6b79b4024bec4,9D9I,igb5_di1_salt0_st0.0072,-22.4363,3001
295199ed8a4621a340b6b79b4024bec4,9D9I,igb5_di2_salt0.15_st0,-24.3529,3001
295199ed8a4621a340b6b79b4024bec4,9D9I,igb5_di2_salt0.15_st0.0072,-28.1941,3001
295199ed8a4621a340b6b79b4024bec4,9D9I,igb5_di2_salt0_st0,-24.3513,3001
295199ed8a4621a340b6b79b4024bec4,9D9I,igb5_di2_salt0_st0.0072,-28.1923,3001
295199ed8a4621a340b6b79b4024bec4,9D9I,igb5_di4_salt0.15_st0,-27.2311,3001
295199ed8a4621a340b6b79b4024bec4,9D9I,igb5_di4_salt0.15_st0.0072,-31.0722,3001
295199ed8a4621a340b6b79b4024bec4,9D9I,igb5_di4_salt0_st0,-27.2294,3001
295199ed8a4621a340b6b79b4024bec4,9D9I,igb5_di4_salt0_st0.0072,-31.0704,3001
295199ed8a4621a340b6b79b4024bec4,9D9I,igb8_di1_salt0.15_st0,-15.4488,3001
295199ed8a4621a340b6b79b4024bec4,9D9I,igb8_di1_salt0.15_st0.0072,-19.29,3001
295199ed8a4621a340b6b79b4024bec4,9D9I,igb8_di1_salt0_st0,-15.4467,3001
295199ed8a4621a340b6b79b4024bec4,9D9I,igb8_di1_salt0_st0.0072,-19.2878,3001
295199ed8a4621a340b6b79b4024bec4,9D9I,igb8_di2_salt0.15_st0,-22.7995,3001
295199ed8a4621a340b6b79b4024bec4,9D9I,igb8_di2_salt0.15_st0.0072,-26.6406,3001
295199ed8a4621a340b6b79b4024bec4,9D9I,igb8_di2_salt0_st0,-22.7973,3001
295199ed8a4621a340b6b79b4024bec4,9D9I,igb8_di2_salt0_st0.0072,-26.6384,3001
295199ed8a4621a340b6b79b4024bec4,9D9I,igb8_di4_salt0.15_st0,-26.4748,3001
295199ed8a4621a340b6b79b4024bec4,9D9I,igb8_di4_salt0.15_st0.0072,-30.3159,3001
295199ed8a4621a340b6b79b4024bec4,9D9I,igb8_di4_salt0_st0,-26.4726,3001
295199ed8a4621a340b6b79b4024bec4,9D9I,igb8_di4_salt0_st0.0072,-30.3137,3001
2b0132dda46dfc13890fc97f3e161079,4QB3,igb1_di1_salt0.15_st0,-14.8761,3001
2b0132dda46dfc13890fc97f3e161079,4QB3,igb1_di1_salt0.15_st0.0072,-18.2503,3001
2b0132dda46dfc13890fc97f3e161079,4QB3,igb1_di1_salt0_st0,-14.8699,3001
2b0132dda46dfc13890fc97f3e161079,4QB3,igb1_di1_salt0_st0.0072,-18.2442,3001
2b0132dda46dfc13890fc97f3e161079,4QB3,igb1_di2_salt0.15_st0,-19.6544,3001
2b0132dda46dfc13890fc97f3e161079,4QB3,igb1_di2_salt0.15_st0.0072,-23.0286,3001
2b0132dda46dfc13890fc97f3e161079,4QB3,igb1_di2_salt0_st0,-19.6482,3001
2b0132dda46dfc13890fc97f3e161079,4QB3,igb1_di2_salt0_st0.0072,-23.0224,3001
2b0132dda46dfc13890fc97f3e161079,4QB3,igb1_di4_salt0.15_st0,-22.0436,3001
2b0132dda46dfc13890fc97f3e161079,4QB3,igb1_di4_salt0.15_st0.0072,-25.4178,3001
2b0132dda46dfc13890fc97f3e161079,4QB3,igb1_di4_salt0_st0,-22.0375,3001
2b0132dda46dfc13890fc97f3e161079,4QB3,igb1_di4_salt0_st0.0072,-25.4117,3001
2b0132dda46dfc13890fc97f3e161079,4QB3,igb2_di1_salt0.15_st0,-12.4676,3001
2b0132dda46dfc13890fc97f3e161079,4QB3,igb2_di1_salt0.15_st0.0072,-15.8418,3001
2b0132dda46dfc13890fc97f3e161079,4QB3,igb2_di1_salt0_st0,-12.461,3001
2b0132dda46dfc13890fc97f3e161079,4QB3,igb2_di1_salt0_st0.0072,-15.8352,3001
2b0132dda46dfc13890fc97f3e161079,4QB3,igb2_di2_salt0.15_st0,-18.4659,3001
2b0132dda46dfc13890fc97f3e161079,4QB3,igb2_di2_salt0.15_st0.0072,-21.8402,3001
2b0132dda46dfc13890fc97f3e161079,4QB3,igb2_di2_salt0_st0,-18.4593,3001
2b0132dda46dfc13890fc97f3e161079,4QB3,igb2_di2_salt0_st0.0072,-21.8336,3001
2b0132dda46dfc13890fc97f3e161079,4QB3,igb2_di4_salt0.15_st0,-21.4652,3001
2b0132dda46dfc13890fc97f3e161079,4QB3,igb2_di4_salt0.15_st0.0072,-24.8394,3001
2b0132dda46dfc13890fc97f3e161079,4QB3,igb2_di4_salt0_st0,-21.4585,3001
2b0132dda46dfc13890fc97f3e161079,4QB3,igb2_di4_salt0_st0.0072,-24.8327,3001
2b0132dda46dfc13890fc97f3e161079,4QB3,igb5_di1_salt0.15_st0,-13.0807,3001
2b0132dda46dfc13890fc97f3e161079,4QB3,igb5_di1_salt0.15_st0.0072,-16.455,3001
2b0132dda46dfc13890fc97f3e161079,4QB3,igb5_di1_salt0_st0,-13.073,3001
2b0132dda46dfc13890fc97f3e161079,4QB3,igb5_di1_salt0_st0.0072,-16.447,3001
2b0132dda46dfc13890fc97f3e161079,4QB3,igb5_di2_salt0.15_st0,-18.769,3001
2b0132dda46dfc13890fc97f3e161079,4QB3,igb5_di2_salt0.15_st0.0072,-22.1432,3001
2b0132dda46dfc13890fc97f3e161079,4QB3,igb5_di2_salt0_st0,-18.7612,3001
2b0132dda46dfc13890fc97f3e161079,4QB3,igb5_di2_salt0_st0.0072,-22.1355,3001
2b0132dda46dfc13890fc97f3e161079,4QB3,igb5_di4_salt0.15_st0,-21.6132,3001
2b0132dda46dfc13890fc97f3e161079,4QB3,igb5_di4_salt0.15_st0.0072,-24.9875,3001
2b0132dda46dfc13890fc97f3e161079,4QB3,igb5_di4_salt0_st0,-21.6054,3001
2b0132dda46dfc13890fc97f3e161079,4QB3,igb5_di4_salt0_st0.0072,-24.9797,3001
2b0132dda46dfc13890fc97f3e161079,4QB3,igb8_di1_salt0.15_st0,-14.7483,3001
2b0132dda46dfc13890fc97f3e161079,4QB3,igb8_di1_salt0.15_st0.0072,-18.1226,3001
2b0132dda46dfc13890fc97f3e161079,4QB3,igb8_di1_salt0_st0,-14.7411,3001
2b0132dda46dfc13890fc97f3e161079,4QB3,igb8_di1_salt0_st0.0072,-18.1154,3001
2b0132dda46dfc13890fc97f3e161079,4QB3,igb8_di2_salt0.15_st0,-19.5918,3001
2b0132dda46dfc13890fc97f3e161079,4QB3,igb8_di2_salt0.15_st0.0072,-22.9661,3001
2b0132dda46dfc13890fc97f3e161079,4QB3,igb8_di2_salt0_st0,-19.5846,3001
2b0132dda46dfc13890fc97f3e161079,4QB3,igb8_di2_salt0_st0.0072,-22.9587,3001
2b0132dda46dfc13890fc97f3e161079,4QB3,igb8_di4_salt0.15_st0,-22.0136,3001
2b0132dda46dfc13890fc97f3e161079,4QB3,igb8_di4_salt0.15_st0.0072,-25.3879,3001
2b0132dda46dfc13890fc97f3e161079,4QB3,igb8_di4_salt0_st0,-22.0064,3001
2b0132dda46dfc13890fc97f3e161079,4QB3,igb8_di4_salt0_st0.0072,-25.3807,3001
2b0f0d7f8914675eaf8e2f5aee81598d,9D9I,igb1_di1_salt0.15_st0,-22.2008,3001
2b0f0d7f8914675eaf8e2f5aee81598d,9D9I,igb1_di1_salt0.15_st0.0072,-26.9632,3001
2b0f0d7f8914675eaf8e2f5aee81598d,9D9I,igb1_di1_salt0_st0,-22.1968,3001
2b0f0d7f8914675eaf8e2f5aee81598d,9D9I,igb1_di1_salt0_st0.0072,-26.9595,3001
2b0f0d7f8914675eaf8e2f5aee81598d,9D9I,igb1_di2_salt0.15_st0,-29.1184,3001
2b0f0d7f8914675eaf8e2f5aee81598d,9D9I,igb1_di2_salt0.15_st0.0072,-33.8811,3001
2b0f0d7f8914675eaf8e2f5aee81598d,9D9I,igb1_di2_salt0_st0,-29.1146,3001
2b0f0d7f8914675eaf8e2f5aee81598d,9D9I,igb1_di2_salt0_st0.0072,-33.8772,3001
2b0f0d7f8914675eaf8e2f5aee81598d,9D9I,igb1_di4_salt0.15_st0,-32.5774,3001
2b0f0d7f8914675eaf8e2f5aee81598d,9D9I,igb1_di4_salt0.15_st0.0072,-37.34,3001
2b0f0d7f8914675eaf8e2f5aee81598d,9D9I,igb1_di4_salt0_st0,-32.5735,3001
2b0f0d7f8914675eaf8e2f5aee81598d,9D9I,igb1_di4_salt0_st0.0072,-37.336,3001
2b0f0d7f8914675eaf8e2f5aee81598d,9D9I,igb2_di1_salt0.15_st0,-18.0009,3001
2b0f0d7f8914675eaf8e2f5aee81598d,9D9I,igb2_di1_salt0.15_st0.0072,-22.7634,3001
2b0f0d7f8914675eaf8e2f5aee81598d,9D9I,igb2_di1_salt0_st0,-17.9965,3001
2b0f0d7f8914675eaf8e2f5aee81598d,9D9I,igb2_di1_salt0_st0.0072,-22.7592,3001
2b0f0d7f8914675eaf8e2f5aee81598d,9D9I,igb2_di2_salt0.15_st0,-27.0459,3001
2b0f0d7f8914675eaf8e2f5aee81598d,9D9I,igb2_di2_salt0.15_st0.0072,-31.8083,3001
2b0f0d7f8914675eaf8e2f5aee81598d,9D9I,igb2_di2_salt0_st0,-27.0416,3001
2b0f0d7f8914675eaf8e2f5aee81598d,9D9I,igb2_di2_salt0_st0.0072,-31.8041,3001
2b0f0d7f8914675eaf8e2f5aee81598d,9D9I,igb2_di4_salt0.15_st0,-31.5682,3001
2b0f0d7f8914675eaf8e2f5aee81598d,9D9I,igb2_di4_salt0.15_st0.0072,-36.3309,3001
2b0f0d7f8914675eaf8e2f5aee81598d,9D9I,igb2_di4_salt0_st0,-31.564,3001
2b0f0d7f8914675eaf8e2f5aee81598d,9D9I,igb2_di4_salt0_st0.0072,-36.3267,3001
2b0f0d7f8914675eaf8e2f5aee81598d,9D9I,igb5_di1_salt0.15_st0,-19.0839,3001
2b0f0d7f8914675eaf8e2f5aee81598d,9D9I,igb5_di1_salt0.15_st0.0072,-23.8464,3001
2b0f0d7f8914675eaf8e2f5aee81598d,9D9I,igb5_di1_salt0_st0,-19.0807,3001
2b0f0d7f8914675eaf8e2f5aee81598d,9D9I,igb5_di1_salt0_st0.0072,-23.8433,3001
2b0f0d7f8914675eaf8e2f5aee81598d,9D9I,igb5_di2_salt0.15_st0,-27.5798,3001
2b0f0d7f8914675eaf8e2f5aee81598d,9D9I,igb5_di2_salt0.15_st0.0072,-32.3424,3001
2b0f0d7f8914675eaf8e2f5aee81598d,9D9I,igb5_di2_salt0_st0,-27.5767,3001
2b0f0d7f8914675eaf8e2f5aee81598d,9D9I,igb5_di2_salt0_st0.0072,-32.3392,3001
2b0f0d7f8914675eaf8e2f5aee81598d,9D9I,igb5_di4_salt0.15_st0,-31.8278,3001
2b0f0d7f8914675eaf8e2f5aee81598d,9D9I,igb5_di4_salt0.15_st0.0072,-36.5902,3001
2b0f0d7f8914675eaf8e2f5aee81598d,9D9I,igb5_di4_salt0_st0,-31.8246,3001
2b0f0d7f8914675eaf8e2f5aee81598d,9D9I,igb5_di4_salt0_st0.0072,-36.5871,3001
2b0f0d7f8914675eaf8e2f5aee81598d,9D9I,igb8_di1_salt0.15_st0,-15.1947,3001
2b0f0d7f8914675eaf8e2f5aee81598d,9D9I,igb8_di1_salt0.15_st0.0072,-19.9573,3001
2b0f0d7f8914675eaf8e2f5aee81598d,9D9I,igb8_di1_salt0_st0,-15.1925,3001
2b0f0d7f8914675eaf8e2f5aee81598d,9D9I,igb8_di1_salt0_st0.0072,-19.9551,3001
2b0f0d7f8914675eaf8e2f5aee81598d,9D9I,igb8_di2_salt0.15_st0,-25.6599,3001
2b0f0d7f8914675eaf8e2f5aee81598d,9D9I,igb8_di2_salt0.15_st0.0072,-30.4223,3001
2b0f0d7f8914675eaf8e2f5aee81598d,9D9I,igb8_di2_salt0_st0,-25.6576,3001
2b0f0d7f8914675eaf8e2f5aee81598d,9D9I,igb8_di2_salt0_st0.0072,-30.4202,3001
2b0f0d7f8914675eaf8e2f5aee81598d,9D9I,igb8_di4_salt0.15_st0,-30.8923,3001
2b0f0d7f8914675eaf8e2f5aee81598d,9D9I,igb8_di4_salt0.15_st0.0072,-35.6549,3001
2b0f0d7f8914675eaf8e2f5aee81598d,9D9I,igb8_di4_salt0_st0,-30.8902,3001
2b0f0d7f8914675eaf8e2f5aee81598d,9D9I,igb8_di4_salt0_st0.0072,-35.6528,3001
2be277119d6eae84726b1921013ba77e,5HU9,igb1_di1_salt0.15_st0,-17.1092,3001
2be277119d6eae84726b1921013ba77e,5HU9,igb1_di1_salt0.15_st0.0072,-20.037,3001
2be277119d6eae84726b1921013ba77e,5HU9,igb1_di1_salt0_st0,-17.122,3001
2be277119d6eae84726b1921013ba77e,5HU9,igb1_di1_salt0_st0.0072,-20.0499,3001
2be277119d6eae84726b1921013ba77e,5HU9,igb1_di2_salt0.15_st0,-21.147,3001
2be277119d6eae84726b1921013ba77e,5HU9,igb1_di2_salt0.15_st0.0072,-24.0751,3001
2be277119d6eae84726b1921013ba77e,5HU9,igb1_di2_salt0_st0,-21.1598,3001
2be277119d6eae84726b1921013ba77e,5HU9,igb1_di2_salt0_st0.0072,-24.0877,3001
2be277119d6eae84726b1921013ba77e,5HU9,igb1_di4_salt0.15_st0,-23.166,3001
2be277119d6eae84726b1921013ba77e,5HU9,igb1_di4_salt0.15_st0.0072,-26.0939,3001
2be277119d6eae84726b1921013ba77e,5HU9,igb1_di4_salt0_st0,-23.1788,3001
2be277119d6eae84726b1921013ba77e,5HU9,igb1_di4_salt0_st0.0072,-26.1067,3001
2be277119d6eae84726b1921013ba77e,5HU9,igb2_di1_salt0.15_st0,-14.3335,3001
2be277119d6eae84726b1921013ba77e,5HU9,igb2_di1_salt0.15_st0.0072,-17.2615,3001
2be277119d6eae84726b1921013ba77e,5HU9,igb2_di1_salt0_st0,-14.3463,3001
2be277119d6eae84726b1921013ba77e,5HU9,igb2_di1_salt0_st0.0072,-17.2743,3001
2be277119d6eae84726b1921013ba77e,5HU9,igb2_di2_salt0.15_st0,-19.7771,3001
2be277119d6eae84726b1921013ba77e,5HU9,igb2_di2_salt0.15_st0.0072,-22.705,3001
2be277119d6eae84726b1921013ba77e,5HU9,igb2_di2_salt0_st0,-19.7899,3001
2be277119d6eae84726b1921013ba77e,5HU9,igb2_di2_salt0_st0.0072,-22.7179,3001
2be277119d6eae84726b1921013ba77e,5HU9,igb2_di4_salt0.15_st0,-22.4989,3001
2be277119d6eae84726b1921013ba77e,5HU9,igb2_di4_salt0.15_st0.0072,-25.427,3001
2be277119d6eae84726b1921013ba77e,5HU9,igb2_di4_salt0_st0,-22.5117,3001
2be277119d6eae84726b1921013ba77e,5HU9,igb2_di4_salt0_st0.0072,-25.4397,3001
2be277119d6eae84726b1921013ba77e,5HU9,igb5_di1_salt0.15_st0,-14.9039,3001
2be277119d6eae84726b1921013ba77e,5HU9,igb5_di1_salt0.15_st0.0072,-17.8318,3001
2be277119d6eae84726b1921013ba77e,5HU9,igb5_di1_salt0_st0,-14.9173,3001
2be277119d6eae84726b1921013ba77e,5HU9,igb5_di1_salt0_st0.0072,-17.8453,3001
2be277119d6eae84726b1921013ba77e,5HU9,igb5_di2_salt0.15_st0,-20.0583,3001
2be277119d6eae84726b1921013ba77e,5HU9,igb5_di2_salt0.15_st0.0072,-22.9863,3001
2be277119d6eae84726b1921013ba77e,5HU9,igb5_di2_salt0_st0,-20.0717,3001
2be277119d6eae84726b1921013ba77e,5HU9,igb5_di2_salt0_st0.0072,-22.9998,3001
2be277119d6eae84726b1921013ba77e,5HU9,igb5_di4_salt0.15_st0,-22.6355,3001
2be277119d6eae84726b1921013ba77e,5HU9,igb5_di4_salt0.15_st0.0072,-25.5635,3001
2be277119d6eae84726b1921013ba77e,5HU9,igb5_di4_salt0_st0,-22.649,3001
2be277119d6eae84726b1921013ba77e,5HU9,igb5_di4_salt0_st0.0072,-25.577,3001
2be277119d6eae84726b1921013ba77e,5HU9,igb8_di1_salt0.15_st0,-12.4727,3001
2be277119d6eae84726b1921013ba77e,5HU9,igb8_di1_salt0.15_st0.0072,-15.4008,3001
2be277119d6eae84726b1921013ba77e,5HU9,igb8_di1_salt0_st0,-12.4921,3001
2be277119d6eae84726b1921013ba77e,5HU9,igb8_di1_salt0_st0.0072,-15.42,3001
2be277119d6eae84726b1921013ba77e,5HU9,igb8_di2_salt0.15_st0,-18.8555,3001
2be277119d6eae84726b1921013ba77e,5HU9,igb8_di2_salt0.15_st0.0072,-21.7834,3001
2be277119d6eae84726b1921013ba77e,5HU9,igb8_di2_salt0_st0,-18.8747,3001
2be277119d6eae84726b1921013ba77e,5HU9,igb8_di2_salt0_st0.0072,-21.8027,3001
2be277119d6eae84726b1921013ba77e,5HU9,igb8_di4_salt0.15_st0,-22.0467,3001
2be277119d6eae84726b1921013ba77e,5HU9,igb8_di4_salt0.15_st0.0072,-24.9747,3001
2be277119d6eae84726b1921013ba77e,5HU9,igb8_di4_salt0_st0,-22.066,3001
2be277119d6eae84726b1921013ba77e,5HU9,igb8_di4_salt0_st0.0072,-24.994,3001
2cb6e34fab1ee523b2a48790b68ad465,2XU3,igb1_di1_salt0.15_st0,-30.3182,3001
2cb6e34fab1ee523b2a48790b68ad465,2XU3,igb1_di1_salt0.15_st0.0072,-35.0924,3001
2cb6e34fab1ee523b2a48790b68ad465,2XU3,igb1_di1_salt0_st0,-30.3107,3001
2cb6e34fab1ee523b2a48790b68ad465,2XU3,igb1_di1_salt0_st0.0072,-35.085,3001
2cb6e34fab1ee523b2a48790b68ad465,2XU3,igb1_di2_salt0.15_st0,-32.6888,3001
2cb6e34fab1ee523b2a48790b68ad465,2XU3,igb1_di2_salt0.15_st0.0072,-37.463,3001
2cb6e34fab1ee523b2a48790b68ad465,2XU3,igb1_di2_salt0_st0,-32.6813,3001
2cb6e34fab1ee523b2a48790b68ad465,2XU3,igb1_di2_salt0_st0.0072,-37.4555,3001
2cb6e34fab1ee523b2a48790b68ad465,2XU3,igb1_di4_salt0.15_st0,-33.874,3001
2cb6e34fab1ee523b2a48790b68ad465,2XU3,igb1_di4_salt0.15_st0.0072,-38.6483,3001
2cb6e34fab1ee523b2a48790b68ad465,2XU3,igb1_di4_salt0_st0,-33.8665,3001
2cb6e34fab1ee523b2a48790b68ad465,2XU3,igb1_di4_salt0_st0.0072,-38.6408,3001
2cb6e34fab1ee523b2a48790b68ad465,2XU3,igb2_di1_salt0.15_st0,-26.521,3001
2cb6e34fab1ee523b2a48790b68ad465,2XU3,igb2_di1_salt0.15_st0.0072,-31.2953,3001
2cb6e34fab1ee523b2a48790b68ad465,2XU3,igb2_di1_salt0_st0,-26.513,3001
2cb6e34fab1ee523b2a48790b68ad465,2XU3,igb2_di1_salt0_st0.0072,-31.2874,3001
2cb6e34fab1ee523b2a48790b68ad465,2XU3,igb2_di2_salt0.15_st0,-30.815,3001
2cb6e34fab1ee523b2a48790b68ad465,2XU3,igb2_di2_salt0.15_st0.0072,-35.5892,3001
2cb6e34fab1ee523b2a48790b68ad465,2XU3,igb2_di2_salt0_st0,-30.807,3001
2cb6e34fab1ee523b2a48790b68ad465,2XU3,igb2_di2_salt0_st0.0072,-35.5812,3001
2cb6e34fab1ee523b2a48790b68ad465,2XU3,igb2_di4_salt0.15_st0,-32.9618,3001
2cb6e34fab1ee523b2a48790b68ad465,2XU3,igb2_di4_salt0.15_st0.0072,-37.7362,3001
2cb6e34fab1ee523b2a48790b68ad465,2XU3,igb2_di4_salt0_st0,-32.9539,3001
2cb6e34fab1ee523b2a48790b68ad465,2XU3,igb2_di4_salt0_st0.0072,-37.7282,3001
2cb6e34fab1ee523b2a48790b68ad465,2XU3,igb5_di1_salt0.15_st0,-28.1469,3001
2cb6e34fab1ee523b2a48790b68ad465,2XU3,igb5_di1_salt0.15_st0.0072,-32.9211,3001
2cb6e34fab1ee523b2a48790b68ad465,2XU3,igb5_di1_salt0_st0,-28.1392,3001
2cb6e34fab1ee523b2a48790b68ad465,2XU3,igb5_di1_salt0_st0.0072,-32.9135,3001
2cb6e34fab1ee523b2a48790b68ad465,2XU3,igb5_di2_salt0.15_st0,-31.6171,3001
2cb6e34fab1ee523b2a48790b68ad465,2XU3,igb5_di2_salt0.15_st0.0072,-36.3915,3001
2cb6e34fab1ee523b2a48790b68ad465,2XU3,igb5_di2_salt0_st0,-31.6095,3001
2cb6e34fab1ee523b2a48790b68ad465,2XU3,igb5_di2_salt0_st0.0072,-36.3838,3001
2cb6e34fab1ee523b2a48790b68ad465,2XU3,igb5_di4_salt0.15_st0,-33.3523,3001
2cb6e34fab1ee523b2a48790b68ad465,2XU3,igb5_di4_salt0.15_st0.0072,-38.1266,3001
2cb6e34fab1ee523b2a48790b68ad465,2XU3,igb5_di4_salt0_st0,-33.3447,3001
2cb6e34fab1ee523b2a48790b68ad465,2XU3,igb5_di4_salt0_st0.0072,-38.1189,3001
2cb6e34fab1ee523b2a48790b68ad465,2XU3,igb8_di1_salt0.15_st0,-24.6597,3001
2cb6e34fab1ee523b2a48790b68ad465,2XU3,igb8_di1_salt0.15_st0.0072,-29.4341,3001
2cb6e34fab1ee523b2a48790b68ad465,2XU3,igb8_di1_salt0_st0,-24.661,3001
2cb6e34fab1ee523b2a48790b68ad465,2XU3,igb8_di1_salt0_st0.0072,-29.4353,3001
2cb6e34fab1ee523b2a48790b68ad465,2XU3,igb8_di2_salt0.15_st0,-29.8916,3001
2cb6e34fab1ee523b2a48790b68ad465,2XU3,igb8_di2_salt0.15_st0.0072,-34.6659,3001
2cb6e34fab1ee523b2a48790b68ad465,2XU3,igb8_di2_salt0_st0,-29.8929,3001
2cb6e34fab1ee523b2a48790b68ad465,2XU3,igb8_di2_salt0_st0.0072,-34.6672,3001
2cb6e34fab1ee523b2a48790b68ad465,2XU3,igb8_di4_salt0.15_st0,-32.5075,3001
2cb6e34fab1ee523b2a48790b68ad465,2XU3,igb8_di4_salt0.15_st0.0072,-37.2817,3001
2cb6e34fab1ee523b2a48790b68ad465,2XU3,igb8_di4_salt0_st0,-32.5088,3001
2cb6e34fab1ee523b2a48790b68ad465,2XU3,igb8_di4_salt0_st0.0072,-37.283,3001
302044e4781ac510fc30f16377e71d45,5HU9,igb1_di1_salt0.15_st0,-15.9172,3001
302044e4781ac510fc30f16377e71d45,5HU9,igb1_di1_salt0.15_st0.0072,-18.8945,3001
302044e4781ac510fc30f16377e71d45,5HU9,igb1_di1_salt0_st0,-15.9122,3001
302044e4781ac510fc30f16377e71d45,5HU9,igb1_di1_salt0_st0.0072,-18.8896,3001
302044e4781ac510fc30f16377e71d45,5HU9,igb1_di2_salt0.15_st0,-19.8864,3001
302044e4781ac510fc30f16377e71d45,5HU9,igb1_di2_salt0.15_st0.0072,-22.8639,3001
302044e4781ac510fc30f16377e71d45,5HU9,igb1_di2_salt0_st0,-19.8816,3001
302044e4781ac510fc30f16377e71d45,5HU9,igb1_di2_salt0_st0.0072,-22.8589,3001
302044e4781ac510fc30f16377e71d45,5HU9,igb1_di4_salt0.15_st0,-21.8711,3001
302044e4781ac510fc30f16377e71d45,5HU9,igb1_di4_salt0.15_st0.0072,-24.8486,3001
302044e4781ac510fc30f16377e71d45,5HU9,igb1_di4_salt0_st0,-21.8662,3001
302044e4781ac510fc30f16377e71d45,5HU9,igb1_di4_salt0_st0.0072,-24.8435,3001
302044e4781ac510fc30f16377e71d45,5HU9,igb2_di1_salt0.15_st0,-13.3118,3001
302044e4781ac510fc30f16377e71d45,5HU9,igb2_di1_salt0.15_st0.0072,-16.2893,3001
302044e4781ac510fc30f16377e71d45,5HU9,igb2_di1_salt0_st0,-13.3072,3001
302044e4781ac510fc30f16377e71d45,5HU9,igb2_di1_salt0_st0.0072,-16.2848,3001
302044e4781ac510fc30f16377e71d45,5HU9,igb2_di2_salt0.15_st0,-18.6005,3001
302044e4781ac510fc30f16377e71d45,5HU9,igb2_di2_salt0.15_st0.0072,-21.578,3001
302044e4781ac510fc30f16377e71d45,5HU9,igb2_di2_salt0_st0,-18.5958,3001
302044e4781ac510fc30f16377e71d45,5HU9,igb2_di2_salt0_st0.0072,-21.5732,3001
302044e4781ac510fc30f16377e71d45,5HU9,igb2_di4_salt0.15_st0,-21.2448,3001
302044e4781ac510fc30f16377e71d45,5HU9,igb2_di4_salt0.15_st0.0072,-24.2222,3001
302044e4781ac510fc30f16377e71d45,5HU9,igb2_di4_salt0_st0,-21.2401,3001
302044e4781ac510fc30f16377e71d45,5HU9,igb2_di4_salt0_st0.0072,-24.2175,3001
302044e4781ac510fc30f16377e71d45,5HU9,igb5_di1_salt0.15_st0,-13.3844,3001
302044e4781ac510fc30f16377e71d45,5HU9,igb5_di1_salt0.15_st0.0072,-16.3619,3001
302044e4781ac510fc30f16377e71d45,5HU9,igb5_di1_salt0_st0,-13.3808,3001
302044e4781ac510fc30f16377e71d45,5HU9,igb5_di1_salt0_st0.0072,-16.3583,3001
302044e4781ac510fc30f16377e71d45,5HU9,igb5_di2_salt0.15_st0,-18.6359,3001
302044e4781ac510fc30f16377e71d45,5HU9,igb5_di2_salt0.15_st0.0072,-21.6133,3001
302044e4781ac510fc30f16377e71d45,5HU9,igb5_di2_salt0_st0,-18.6321,3001
302044e4781ac510fc30f16377e71d45,5HU9,igb5_di2_salt0_st0.0072,-21.6097,3001
302044e4781ac510fc30f16377e71d45,5HU9,igb5_di4_salt0.15_st0,-21.2616,3001
302044e4781ac510fc30f16377e71d45,5HU9,igb5_di4_salt0.15_st0.0072,-24.239,3001
302044e4781ac510fc30f16377e71d45,5HU9,igb5_di4_salt0_st0,-21.2578,3001
302044e4781ac510fc30f16377e71d45,5HU9,igb5_di4_salt0_st0.0072,-24.2353,3001
302044e4781ac510fc30f16377e71d45,5HU9,igb8_di1_salt0.15_st0,-12.4027,3001
302044e4781ac510fc30f16377e71d45,5HU9,igb8_di1_salt0.15_st0.0072,-15.3802,3001
302044e4781ac510fc30f16377e71d45,5HU9,igb8_di1_salt0_st0,-12.4051,3001
302044e4781ac510fc30f16377e71d45,5HU9,igb8_di1_salt0_st0.0072,-15.3825,3001
302044e4781ac510fc30f16377e71d45,5HU9,igb8_di2_salt0.15_st0,-18.1482,3001
302044e4781ac510fc30f16377e71d45,5HU9,igb8_di2_salt0.15_st0.0072,-21.1256,3001
302044e4781ac510fc30f16377e71d45,5HU9,igb8_di2_salt0_st0,-18.1506,3001
302044e4781ac510fc30f16377e71d45,5HU9,igb8_di2_salt0_st0.0072,-21.128,3001
302044e4781ac510fc30f16377e71d45,5HU9,igb8_di4_salt0.15_st0,-21.0211,3001
302044e4781ac510fc30f16377e71d45,5HU9,igb8_di4_salt0.15_st0.0072,-23.9986,3001
302044e4781ac510fc30f16377e71d45,5HU9,igb8_di4_salt0_st0,-21.0234,3001
302044e4781ac510fc30f16377e71d45,5HU9,igb8_di4_salt0_st0.0072,-24.0008,3001
3116f4c5342bf41e08cd23593057d9ac,4L7G,igb1_di1_salt0.15_st0,-25.2629,3001
3116f4c5342bf41e08cd23593057d9ac,4L7G,igb1_di1_salt0.15_st0.0072,-30.6435,3001
3116f4c5342bf41e08cd23593057d9ac,4L7G,igb1_di1_salt0_st0,-25.3286,3001
3116f4c5342bf41e08cd23593057d9ac,4L7G,igb1_di1_salt0_st0.0072,-30.7091,3001
3116f4c5342bf41e08cd23593057d9ac,4L7G,igb1_di2_salt0.15_st0,-32.4059,3001
3116f4c5342bf41e08cd23593057d9ac,4L7G,igb1_di2_salt0.15_st0.0072,-37.7865,3001
3116f4c5342bf41e08cd23593057d9ac,4L7G,igb1_di2_salt0_st0,-32.4715,3001
3116f4c5342bf41e08cd23593057d9ac,4L7G,igb1_di2_salt0_st0.0072,-37.852,3001
3116f4c5342bf41e08cd23593057d9ac,4L7G,igb1_di4_salt0.15_st0,-35.9772,3001
3116f4c5342bf41e08cd23593057d9ac,4L7G,igb1_di4_salt0.15_st0.0072,-41.3579,3001
3116f4c5342bf41e08cd23593057d9ac,4L7G,igb1_di4_salt0_st0,-36.0429,3001
3116f4c5342bf41e08cd23593057d9ac,4L7G,igb1_di4_salt0_st0.0072,-41.4234,3001
3116f4c5342bf41e08cd23593057d9ac,4L7G,igb2_di1_salt0.15_st0,-16.9574,3001
3116f4c5342bf41e08cd23593057d9ac,4L7G,igb2_di1_salt0.15_st0.0072,-22.3379,3001
3116f4c5342bf41e08cd23593057d9ac,4L7G,igb2_di1_salt0_st0,-17.0255,3001
3116f4c5342bf41e08cd23593057d9ac,4L7G,igb2_di1_salt0_st0.0072,-22.4061,3001
3116f4c5342bf41e08cd23593057d9ac,4L7G,igb2_di2_salt0.15_st0,-28.3055,3001
3116f4c5342bf41e08cd23593057d9ac,4L7G,igb2_di2_salt0.15_st0.0072,-33.6859,3001
3116f4c5342bf41e08cd23593057d9ac,4L7G,igb2_di2_salt0_st0,-28.3734,3001
3116f4c5342bf41e08cd23593057d9ac,4L7G,igb2_di2_salt0_st0.0072,-33.754,3001
3116f4c5342bf41e08cd23593057d9ac,4L7G,igb2_di4_salt0.15_st0,-33.9794,3001
3116f4c5342bf41e08cd23593057d9ac,4L7G,igb2_di4_salt0.15_st0.0072,-39.36,3001
3116f4c5342bf41e08cd23593057d9ac,4L7G,igb2_di4_salt0_st0,-34.0474,3001
3116f4c5342bf41e08cd23593057d9ac,4L7G,igb2_di4_salt0_st0.0072,-39.428,3001
3116f4c5342bf41e08cd23593057d9ac,4L7G,igb5_di1_salt0.15_st0,-16.9971,3001
3116f4c5342bf41e08cd23593057d9ac,4L7G,igb5_di1_salt0.15_st0.0072,-22.3777,3001
3116f4c5342bf41e08cd23593057d9ac,4L7G,igb5_di1_salt0_st0,-17.0693,3001
3116f4c5342bf41e08cd23593057d9ac,4L7G,igb5_di1_salt0_st0.0072,-22.4498,3001
3116f4c5342bf41e08cd23593057d9ac,4L7G,igb5_di2_salt0.15_st0,-28.323,3001
3116f4c5342bf41e08cd23593057d9ac,4L7G,igb5_di2_salt0.15_st0.0072,-33.7034,3001
3116f4c5342bf41e08cd23593057d9ac,4L7G,igb5_di2_salt0_st0,-28.3951,3001
3116f4c5342bf41e08cd23593057d9ac,4L7G,igb5_di2_salt0_st0.0072,-33.7755,3001
3116f4c5342bf41e08cd23593057d9ac,4L7G,igb5_di4_salt0.15_st0,-33.9859,3001
3116f4c5342bf41e08cd23593057d9ac,4L7G,igb5_di4_salt0.15_st0.0072,-39.3663,3001
3116f4c5342bf41e08cd23593057d9ac,4L7G,igb5_di4_salt0_st0,-34.0581,3001
3116f4c5342bf41e08cd23593057d9ac,4L7G,igb5_di4_salt0_st0.0072,-39.4385,3001
3116f4c5342bf41e08cd23593057d9ac,4L7G,igb8_di1_salt0.15_st0,-18.9565,3001
3116f4c5342bf41e08cd23593057d9ac,4L7G,igb8_di1_salt0.15_st0.0072,-24.3369,3001
3116f4c5342bf41e08cd23593057d9ac,4L7G,igb8_di1_salt0_st0,-19.0234,3001
3116f4c5342bf41e08cd23593057d9ac,4L7G,igb8_di1_salt0_st0.0072,-24.4039,3001
3116f4c5342bf41e08cd23593057d9ac,4L7G,igb8_di2_salt0.15_st0,-29.2926,3001
3116f4c5342bf41e08cd23593057d9ac,4L7G,igb8_di2_salt0.15_st0.0072,-34.673,3001
3116f4c5342bf41e08cd23593057d9ac,4L7G,igb8_di2_salt0_st0,-29.3596,3001
3116f4c5342bf41e08cd23593057d9ac,4L7G,igb8_di2_salt0_st0.0072,-34.7399,3001
3116f4c5342bf41e08cd23593057d9ac,4L7G,igb8_di4_salt0.15_st0,-34.4606,3001
3116f4c5342bf41e08cd23593057d9ac,4L7G,igb8_di4_salt0.15_st0.0072,-39.841,3001
3116f4c5342bf41e08cd23593057d9ac,4L7G,igb8_di4_salt0_st0,-34.5276,3001
3116f4c5342bf41e08cd23593057d9ac,4L7G,igb8_di4_salt0_st0.0072,-39.9082,3001
335dd6fbc3377cdcf2401cfc6056bc9c,2XU3,igb1_di1_salt0.15_st0,-9.433,3001
335dd6fbc3377cdcf2401cfc6056bc9c,2XU3,igb1_di1_salt0.15_st0.0072,-11.7825,3001
335dd6fbc3377cdcf2401cfc6056bc9c,2XU3,igb1_di1_salt0_st0,-9.45,3001
335dd6fbc3377cdcf2401cfc6056bc9c,2XU3,igb1_di1_salt0_st0.0072,-11.7995,3001
335dd6fbc3377cdcf2401cfc6056bc9c,2XU3,igb1_di2_salt0.15_st0,-12.8465,3001
335dd6fbc3377cdcf2401cfc6056bc9c,2XU3,igb1_di2_salt0.15_st0.0072,-15.1961,3001
335dd6fbc3377cdcf2401cfc6056bc9c,2XU3,igb1_di2_salt0_st0,-12.8636,3001
335dd6fbc3377cdcf2401cfc6056bc9c,2XU3,igb1_di2_salt0_st0.0072,-15.2131,3001
335dd6fbc3377cdcf2401cfc6056bc9c,2XU3,igb1_di4_salt0.15_st0,-14.5533,3001
335dd6fbc3377cdcf2401cfc6056bc9c,2XU3,igb1_di4_salt0.15_st0.0072,-16.9029,3001
335dd6fbc3377cdcf2401cfc6056bc9c,2XU3,igb1_di4_salt0_st0,-14.5702,3001
335dd6fbc3377cdcf2401cfc6056bc9c,2XU3,igb1_di4_salt0_st0.0072,-16.9198,3001
335dd6fbc3377cdcf2401cfc6056bc9c,2XU3,igb2_di1_salt0.15_st0,-8.0866,3001
335dd6fbc3377cdcf2401cfc6056bc9c,2XU3,igb2_di1_salt0.15_st0.0072,-10.4361,3001
335dd6fbc3377cdcf2401cfc6056bc9c,2XU3,igb2_di1_salt0_st0,-8.1036,3001
335dd6fbc3377cdcf2401cfc6056bc9c,2XU3,igb2_di1_salt0_st0.0072,-10.4531,3001
335dd6fbc3377cdcf2401cfc6056bc9c,2XU3,igb2_di2_salt0.15_st0,-12.1822,3001
335dd6fbc3377cdcf2401cfc6056bc9c,2XU3,igb2_di2_salt0.15_st0.0072,-14.5316,3001
335dd6fbc3377cdcf2401cfc6056bc9c,2XU3,igb2_di2_salt0_st0,-12.199,3001
335dd6fbc3377cdcf2401cfc6056bc9c,2XU3,igb2_di2_salt0_st0.0072,-14.5486,3001
335dd6fbc3377cdcf2401cfc6056bc9c,2XU3,igb2_di4_salt0.15_st0,-14.2298,3001
335dd6fbc3377cdcf2401cfc6056bc9c,2XU3,igb2_di4_salt0.15_st0.0072,-16.5794,3001
335dd6fbc3377cdcf2401cfc6056bc9c,2XU3,igb2_di4_salt0_st0,-14.2467,3001
335dd6fbc3377cdcf2401cfc6056bc9c,2XU3,igb2_di4_salt0_st0.0072,-16.5962,3001
335dd6fbc3377cdcf2401cfc6056bc9c,2XU3,igb5_di1_salt0.15_st0,-8.2674,3001
335dd6fbc3377cdcf2401cfc6056bc9c,2XU3,igb5_di1_salt0.15_st0.0072,-10.617,3001
335dd6fbc3377cdcf2401cfc6056bc9c,2XU3,igb5_di1_salt0_st0,-8.2848,3001
335dd6fbc3377cdcf2401cfc6056bc9c,2XU3,igb5_di1_salt0_st0.0072,-10.6344,3001
335dd6fbc3377cdcf2401cfc6056bc9c,2XU3,igb5_di2_salt0.15_st0,-12.2712,3001
335dd6fbc3377cdcf2401cfc6056bc9c,2XU3,igb5_di2_salt0.15_st0.0072,-14.6206,3001
335dd6fbc3377cdcf2401cfc6056bc9c,2XU3,igb5_di2_salt0_st0,-12.2885,3001
335dd6fbc3377cdcf2401cfc6056bc9c,2XU3,igb5_di2_salt0_st0.0072,-14.6381,3001
335dd6fbc3377cdcf2401cfc6056bc9c,2XU3,igb5_di4_salt0.15_st0,-14.2728,3001
335dd6fbc3377cdcf2401cfc6056bc9c,2XU3,igb5_di4_salt0.15_st0.0072,-16.6225,3001
335dd6fbc3377cdcf2401cfc6056bc9c,2XU3,igb5_di4_salt0_st0,-14.2904,3001
335dd6fbc3377cdcf2401cfc6056bc9c,2XU3,igb5_di4_salt0_st0.0072,-16.64,3001
335dd6fbc3377cdcf2401cfc6056bc9c,2XU3,igb8_di1_salt0.15_st0,-8.7064,3001
335dd6fbc3377cdcf2401cfc6056bc9c,2XU3,igb8_di1_salt0.15_st0.0072,-11.056,3001
335dd6fbc3377cdcf2401cfc6056bc9c,2XU3,igb8_di1_salt0_st0,-8.7239,3001
335dd6fbc3377cdcf2401cfc6056bc9c,2XU3,igb8_di1_salt0_st0.0072,-11.0735,3001
335dd6fbc3377cdcf2401cfc6056bc9c,2XU3,igb8_di2_salt0.15_st0,-12.4878,3001
335dd6fbc3377cdcf2401cfc6056bc9c,2XU3,igb8_di2_salt0.15_st0.0072,-14.8374,3001
335dd6fbc3377cdcf2401cfc6056bc9c,2XU3,igb8_di2_salt0_st0,-12.5052,3001
335dd6fbc3377cdcf2401cfc6056bc9c,2XU3,igb8_di2_salt0_st0.0072,-14.8547,3001
335dd6fbc3377cdcf2401cfc6056bc9c,2XU3,igb8_di4_salt0.15_st0,-14.3784,3001
335dd6fbc3377cdcf2401cfc6056bc9c,2XU3,igb8_di4_salt0.15_st0.0072,-16.7279,3001
335dd6fbc3377cdcf2401cfc6056bc9c,2XU3,igb8_di4_salt0_st0,-14.3959,3001
335dd6fbc3377cdcf2401cfc6056bc9c,2XU3,igb8_di4_salt0_st0.0072,-16.7453,3001
353af6c9cfe7ecb0019d13eaa7b46eaf,5HU9,igb1_di1_salt0.15_st0,-20.6021,3001
353af6c9cfe7ecb0019d13eaa7b46eaf,5HU9,igb1_di1_salt0.15_st0.0072,-24.5058,3001
353af6c9cfe7ecb0019d13eaa7b46eaf,5HU9,igb1_di1_salt0_st0,-20.597,3001
353af6c9cfe7ecb0019d13eaa7b46eaf,5HU9,igb1_di1_salt0_st0.0072,-24.5008,3001
353af6c9cfe7ecb0019d13eaa7b46eaf,5HU9,igb1_di2_salt0.15_st0,-25.5109,3001
353af6c9cfe7ecb0019d13eaa7b46eaf,5HU9,igb1_di2_salt0.15_st0.0072,-29.4146,3001
353af6c9cfe7ecb0019d13eaa7b46eaf,5HU9,igb1_di2_salt0_st0,-25.506,3001
353af6c9cfe7ecb0019d13eaa7b46eaf,5HU9,igb1_di2_salt0_st0.0072,-29.4097,3001
353af6c9cfe7ecb0019d13eaa7b46eaf,5HU9,igb1_di4_salt0.15_st0,-27.9653,3001
353af6c9cfe7ecb0019d13eaa7b46eaf,5HU9,igb1_di4_salt0.15_st0.0072,-31.8691,3001
353af6c9cfe7ecb0019d13eaa7b46eaf,5HU9,igb1_di4_salt0_st0,-27.9603,3001
353af6c9cfe7ecb0019d13eaa7b46eaf,5HU9,igb1_di4_salt0_st0.0072,-31.8641,3001
353af6c9cfe7ecb0019d13eaa7b46eaf,5HU9,igb2_di1_salt0.15_st0,-18.3899,3001
353af6c9cfe7ecb0019d13eaa7b46eaf,5HU9,igb2_di1_salt0.15_st0.0072,-22.2937,3001
353af6c9cfe7ecb0019d13eaa7b46eaf,5HU9,igb2_di1_salt0_st0,-18.3843,3001
353af6c9cfe7ecb0019d13eaa7b46eaf,5HU9,igb2_di1_salt0_st0.0072,-22.2882,3001
353af6c9cfe7ecb0019d13eaa7b46eaf,5HU9,igb2_di2_salt0.15_st0,-24.4193,3001
353af6c9cfe7ecb0019d13eaa7b46eaf,5HU9,igb2_di2_salt0.15_st0.0072,-28.3234,3001
353af6c9cfe7ecb0019d13eaa7b46eaf,5HU9,igb2_di2_salt0_st0,-24.414,3001
353af6c9cfe7ecb0019d13eaa7b46eaf,5HU9,igb2_di2_salt0_st0.0072,-28.3177,3001
353af6c9cfe7ecb0019d13eaa7b46eaf,5HU9,igb2_di4_salt0.15_st0,-27.4342,3001
353af6c9cfe7ecb0019d13eaa7b46eaf,5HU9,igb2_di4_salt0.15_st0.0072,-31.338,3001
353af6c9cfe7ecb0019d13eaa7b46eaf,5HU9,igb2_di4_salt0_st0,-27.4286,3001
353af6c9cfe7ecb0019d13eaa7b46eaf,5HU9,igb2_di4_salt0_st0.0072,-31.3324,3001
353af6c9cfe7ecb0019d13eaa7b46eaf,5HU9,igb5_di1_salt0.15_st0,-18.8937,3001
353af6c9cfe7ecb0019d13eaa7b46eaf,5HU9,igb5_di1_salt0.15_st0.0072,-22.7976,3001
353af6c9cfe7ecb0019d13eaa7b46eaf,5HU9,igb5_di1_salt0_st0,-18.8882,3001
353af6c9cfe7ecb0019d13eaa7b46eaf,5HU9,igb5_di1_salt0_st0.0072,-22.792,3001
353af6c9cfe7ecb0019d13eaa7b46eaf,5HU9,igb5_di2_salt0.15_st0,-24.6681,3001
353af6c9cfe7ecb0019d13eaa7b46eaf,5HU9,igb5_di2_salt0.15_st0.0072,-28.5718,3001
353af6c9cfe7ecb0019d13eaa7b46eaf,5HU9,igb5_di2_salt0_st0,-24.6626,3001
353af6c9cfe7ecb0019d13eaa7b46eaf,5HU9,igb5_di2_salt0_st0.0072,-28.5664,3001
353af6c9cfe7ecb0019d13eaa7b46eaf,5HU9,igb5_di4_salt0.15_st0,-27.5554,3001
353af6c9cfe7ecb0019d13eaa7b46eaf,5HU9,igb5_di4_salt0.15_st0.0072,-31.4591,3001
353af6c9cfe7ecb0019d13eaa7b46eaf,5HU9,igb5_di4_salt0_st0,-27.5497,3001
353af6c9cfe7ecb0019d13eaa7b46eaf,5HU9,igb5_di4_salt0_st0.0072,-31.4536,3001
353af6c9cfe7ecb0019d13eaa7b46eaf,5HU9,igb8_di1_salt0.15_st0,-17.4645,3001
353af6c9cfe7ecb0019d13eaa7b46eaf,5HU9,igb8_di1_salt0.15_st0.0072,-21.3684,3001
353af6c9cfe7ecb0019d13eaa7b46eaf,5HU9,igb8_di1_salt0_st0,-17.4659,3001
353af6c9cfe7ecb0019d13eaa7b46eaf,5HU9,igb8_di1_salt0_st0.0072,-21.3696,3001
353af6c9cfe7ecb0019d13eaa7b46eaf,5HU9,igb8_di2_salt0.15_st0,-23.9592,3001
353af6c9cfe7ecb0019d13eaa7b46eaf,5HU9,igb8_di2_salt0.15_st0.0072,-27.863,3001
353af6c9cfe7ecb0019d13eaa7b46eaf,5HU9,igb8_di2_salt0_st0,-23.9605,3001
353af6c9cfe7ecb0019d13eaa7b46eaf,5HU9,igb8_di2_salt0_st0.0072,-27.8644,3001
353af6c9cfe7ecb0019d13eaa7b46eaf,5HU9,igb8_di4_salt0.15_st0,-27.2067,3001
353af6c9cfe7ecb0019d13eaa7b46eaf,5HU9,igb8_di4_salt0.15_st0.0072,-31.1104,3001
353af6c9cfe7ecb0019d13eaa7b46eaf,5HU9,igb8_di4_salt0_st0,-27.2078,3001
353af6c9cfe7ecb0019d13eaa7b46eaf,5HU9,igb8_di4_salt0_st0.0072,-31.1117,3001
359e38e810d725751e2260e2b3006df9,9SI4,igb1_di1_salt0.15_st0,-15.2497,3001
359e38e810d725751e2260e2b3006df9,9SI4,igb1_di1_salt0.15_st0.0072,-17.8022,3001
359e38e810d725751e2260e2b3006df9,9SI4,igb1_di1_salt0_st0,-15.2504,3001
359e38e810d725751e2260e2b3006df9,9SI4,igb1_di1_salt0_st0.0072,-17.8028,3001
359e38e810d725751e2260e2b3006df9,9SI4,igb1_di2_salt0.15_st0,-18.2676,3001
359e38e810d725751e2260e2b3006df9,9SI4,igb1_di2_salt0.15_st0.0072,-20.8202,3001
359e38e810d725751e2260e2b3006df9,9SI4,igb1_di2_salt0_st0,-18.2683,3001
359e38e810d725751e2260e2b3006df9,9SI4,igb1_di2_salt0_st0.0072,-20.8208,3001
359e38e810d725751e2260e2b3006df9,9SI4,igb1_di4_salt0.15_st0,-19.7765,3001
359e38e810d725751e2260e2b3006df9,9SI4,igb1_di4_salt0.15_st0.0072,-22.3292,3001
359e38e810d725751e2260e2b3006df9,9SI4,igb1_di4_salt0_st0,-19.7771,3001
359e38e810d725751e2260e2b3006df9,9SI4,igb1_di4_salt0_st0.0072,-22.3297,3001
359e38e810d725751e2260e2b3006df9,9SI4,igb2_di1_salt0.15_st0,-11.6193,3001
359e38e810d725751e2260e2b3006df9,9SI4,igb2_di1_salt0.15_st0.0072,-14.1718,3001
359e38e810d725751e2260e2b3006df9,9SI4,igb2_di1_salt0_st0,-11.6225,3001
359e38e810d725751e2260e2b3006df9,9SI4,igb2_di1_salt0_st0.0072,-14.175,3001
359e38e810d725751e2260e2b3006df9,9SI4,igb2_di2_salt0.15_st0,-16.4744,3001
359e38e810d725751e2260e2b3006df9,9SI4,igb2_di2_salt0.15_st0.0072,-19.027,3001
359e38e810d725751e2260e2b3006df9,9SI4,igb2_di2_salt0_st0,-16.4777,3001
359e38e810d725751e2260e2b3006df9,9SI4,igb2_di2_salt0_st0.0072,-19.0302,3001
359e38e810d725751e2260e2b3006df9,9SI4,igb2_di4_salt0.15_st0,-18.9021,3001
359e38e810d725751e2260e2b3006df9,9SI4,igb2_di4_salt0.15_st0.0072,-21.4546,3001
359e38e810d725751e2260e2b3006df9,9SI4,igb2_di4_salt0_st0,-18.9054,3001
359e38e810d725751e2260e2b3006df9,9SI4,igb2_di4_salt0_st0.0072,-21.4579,3001
359e38e810d725751e2260e2b3006df9,9SI4,igb5_di1_salt0.15_st0,-11.0059,3001
359e38e810d725751e2260e2b3006df9,9SI4,igb5_di1_salt0.15_st0.0072,-13.5584,3001
359e38e810d725751e2260e2b3006df9,9SI4,igb5_di1_salt0_st0,-11.0142,3001
359e38e810d725751e2260e2b3006df9,9SI4,igb5_di1_salt0_st0.0072,-13.5667,3001
359e38e810d725751e2260e2b3006df9,9SI4,igb5_di2_salt0.15_st0,-16.1692,3001
359e38e810d725751e2260e2b3006df9,9SI4,igb5_di2_salt0.15_st0.0072,-18.7218,3001
359e38e810d725751e2260e2b3006df9,9SI4,igb5_di2_salt0_st0,-16.1776,3001
359e38e810d725751e2260e2b3006df9,9SI4,igb5_di2_salt0_st0.0072,-18.73,3001
359e38e810d725751e2260e2b3006df9,9SI4,igb5_di4_salt0.15_st0,-18.7507,3001
359e38e810d725751e2260e2b3006df9,9SI4,igb5_di4_salt0.15_st0.0072,-21.3033,3001
359e38e810d725751e2260e2b3006df9,9SI4,igb5_di4_salt0_st0,-18.7592,3001
359e38e810d725751e2260e2b3006df9,9SI4,igb5_di4_salt0_st0.0072,-21.3116,3001
359e38e810d725751e2260e2b3006df9,9SI4,igb8_di1_salt0.15_st0,-10.8363,3001
359e38e810d725751e2260e2b3006df9,9SI4,igb8_di1_salt0.15_st0.0072,-13.389,3001
359e38e810d725751e2260e2b3006df9,9SI4,igb8_di1_salt0_st0,-10.8373,3001
359e38e810d725751e2260e2b3006df9,9SI4,igb8_di1_salt0_st0.0072,-13.3899,3001
359e38e810d725751e2260e2b3006df9,9SI4,igb8_di2_salt0.15_st0,-16.0891,3001
359e38e810d725751e2260e2b3006df9,9SI4,igb8_di2_salt0.15_st0.0072,-18.6418,3001
359e38e810d725751e2260e2b3006df9,9SI4,igb8_di2_salt0_st0,-16.0901,3001
359e38e810d725751e2260e2b3006df9,9SI4,igb8_di2_salt0_st0.0072,-18.6426,3001
359e38e810d725751e2260e2b3006df9,9SI4,igb8_di4_salt0.15_st0,-18.7157,3001
359e38e810d725751e2260e2b3006df9,9SI4,igb8_di4_salt0.15_st0.0072,-21.2682,3001
359e38e810d725751e2260e2b3006df9,9SI4,igb8_di4_salt0_st0,-18.7166,3001
359e38e810d725751e2260e2b3006df9,9SI4,igb8_di4_salt0_st0.0072,-21.2691,3001
3701efaa518b8864dbdbd2befc3c3bad,8ELC,igb1_di1_salt0.15_st0,-29.9473,3001
3701efaa518b8864dbdbd2befc3c3bad,8ELC,igb1_di1_salt0.15_st0.0072,-35.0779,3001
3701efaa518b8864dbdbd2befc3c3bad,8ELC,igb1_di1_salt0_st0,-29.9698,3001
3701efaa518b8864dbdbd2befc3c3bad,8ELC,igb1_di1_salt0_st0.0072,-35.1003,3001
3701efaa518b8864dbdbd2befc3c3bad,8ELC,igb1_di2_salt0.15_st0,-35.0634,3001
3701efaa518b8864dbdbd2befc3c3bad,8ELC,igb1_di2_salt0.15_st0.0072,-40.1939,3001
3701efaa518b8864dbdbd2befc3c3bad,8ELC,igb1_di2_salt0_st0,-35.0858,3001
3701efaa518b8864dbdbd2befc3c3bad,8ELC,igb1_di2_salt0_st0.0072,-40.2163,3001
3701efaa518b8864dbdbd2befc3c3bad,8ELC,igb1_di4_salt0.15_st0,-37.6213,3001
3701efaa518b8864dbdbd2befc3c3bad,8ELC,igb1_di4_salt0.15_st0.0072,-42.7519,3001
3701efaa518b8864dbdbd2befc3c3bad,8ELC,igb1_di4_salt0_st0,-37.6439,3001
3701efaa518b8864dbdbd2befc3c3bad,8ELC,igb1_di4_salt0_st0.0072,-42.7743,3001
3701efaa518b8864dbdbd2befc3c3bad,8ELC,igb2_di1_salt0.15_st0,-25.0339,3001
3701efaa518b8864dbdbd2befc3c3bad,8ELC,igb2_di1_salt0.15_st0.0072,-30.1644,3001
3701efaa518b8864dbdbd2befc3c3bad,8ELC,igb2_di1_salt0_st0,-25.0565,3001
3701efaa518b8864dbdbd2befc3c3bad,8ELC,igb2_di1_salt0_st0.0072,-30.1871,3001
3701efaa518b8864dbdbd2befc3c3bad,8ELC,igb2_di2_salt0.15_st0,-32.6383,3001
3701efaa518b8864dbdbd2befc3c3bad,8ELC,igb2_di2_salt0.15_st0.0072,-37.7688,3001
3701efaa518b8864dbdbd2befc3c3bad,8ELC,igb2_di2_salt0_st0,-32.6609,3001
3701efaa518b8864dbdbd2befc3c3bad,8ELC,igb2_di2_salt0_st0.0072,-37.7914,3001
3701efaa518b8864dbdbd2befc3c3bad,8ELC,igb2_di4_salt0.15_st0,-36.4404,3001
3701efaa518b8864dbdbd2befc3c3bad,8ELC,igb2_di4_salt0.15_st0.0072,-41.5709,3001
3701efaa518b8864dbdbd2befc3c3bad,8ELC,igb2_di4_salt0_st0,-36.4631,3001
3701efaa518b8864dbdbd2befc3c3bad,8ELC,igb2_di4_salt0_st0.0072,-41.5935,3001
3701efaa518b8864dbdbd2befc3c3bad,8ELC,igb5_di1_salt0.15_st0,-26.2031,3001
3701efaa518b8864dbdbd2befc3c3bad,8ELC,igb5_di1_salt0.15_st0.0072,-31.3336,3001
3701efaa518b8864dbdbd2befc3c3bad,8ELC,igb5_di1_salt0_st0,-26.2291,3001
3701efaa518b8864dbdbd2befc3c3bad,8ELC,igb5_di1_salt0_st0.0072,-31.3596,3001
3701efaa518b8864dbdbd2befc3c3bad,8ELC,igb5_di2_salt0.15_st0,-33.2136,3001
3701efaa518b8864dbdbd2befc3c3bad,8ELC,igb5_di2_salt0.15_st0.0072,-38.3442,3001
3701efaa518b8864dbdbd2befc3c3bad,8ELC,igb5_di2_salt0_st0,-33.2397,3001
3701efaa518b8864dbdbd2befc3c3bad,8ELC,igb5_di2_salt0_st0.0072,-38.3702,3001
3701efaa518b8864dbdbd2befc3c3bad,8ELC,igb5_di4_salt0.15_st0,-36.719,3001
3701efaa518b8864dbdbd2befc3c3bad,8ELC,igb5_di4_salt0.15_st0.0072,-41.8494,3001
3701efaa518b8864dbdbd2befc3c3bad,8ELC,igb5_di4_salt0_st0,-36.7449,3001
3701efaa518b8864dbdbd2befc3c3bad,8ELC,igb5_di4_salt0_st0.0072,-41.8754,3001
3701efaa518b8864dbdbd2befc3c3bad,8ELC,igb8_di1_salt0.15_st0,-21.7037,3001
3701efaa518b8864dbdbd2befc3c3bad,8ELC,igb8_di1_salt0.15_st0.0072,-26.8342,3001
3701efaa518b8864dbdbd2befc3c3bad,8ELC,igb8_di1_salt0_st0,-21.73,3001
3701efaa518b8864dbdbd2befc3c3bad,8ELC,igb8_di1_salt0_st0.0072,-26.8606,3001
3701efaa518b8864dbdbd2befc3c3bad,8ELC,igb8_di2_salt0.15_st0,-30.9927,3001
3701efaa518b8864dbdbd2befc3c3bad,8ELC,igb8_di2_salt0.15_st0.0072,-36.1232,3001
3701efaa518b8864dbdbd2befc3c3bad,8ELC,igb8_di2_salt0_st0,-31.0191,3001
3701efaa518b8864dbdbd2befc3c3bad,8ELC,igb8_di2_salt0_st0.0072,-36.1496,3001
3701efaa518b8864dbdbd2befc3c3bad,8ELC,igb8_di4_salt0.15_st0,-35.6372,3001
3701efaa518b8864dbdbd2befc3c3bad,8ELC,igb8_di4_salt0.15_st0.0072,-40.7677,3001
3701efaa518b8864dbdbd2befc3c3bad,8ELC,igb8_di4_salt0_st0,-35.6637,3001
3701efaa518b8864dbdbd2befc3c3bad,8ELC,igb8_di4_salt0_st0.0072,-40.7942,3001
37eaa144facb029500f427e04d484481,2XU3,igb1_di1_salt0.15_st0,-28.6719,3001
37eaa144facb029500f427e04d484481,2XU3,igb1_di1_salt0.15_st0.0072,-33.2347,3001
37eaa144facb029500f427e04d484481,2XU3,igb1_di1_salt0_st0,-28.6681,3001
37eaa144facb029500f427e04d484481,2XU3,igb1_di1_salt0_st0.0072,-33.2311,3001
37eaa144facb029500f427e04d484481,2XU3,igb1_di2_salt0.15_st0,-31.4528,3001
37eaa144facb029500f427e04d484481,2XU3,igb1_di2_salt0.15_st0.0072,-36.0157,3001
37eaa144facb029500f427e04d484481,2XU3,igb1_di2_salt0_st0,-31.4489,3001
37eaa144facb029500f427e04d484481,2XU3,igb1_di2_salt0_st0.0072,-36.0119,3001
37eaa144facb029500f427e04d484481,2XU3,igb1_di4_salt0.15_st0,-32.8432,3001
37eaa144facb029500f427e04d484481,2XU3,igb1_di4_salt0.15_st0.0072,-37.406,3001
37eaa144facb029500f427e04d484481,2XU3,igb1_di4_salt0_st0,-32.8394,3001
37eaa144facb029500f427e04d484481,2XU3,igb1_di4_salt0_st0.0072,-37.4023,3001
37eaa144facb029500f427e04d484481,2XU3,igb2_di1_salt0.15_st0,-24.4723,3001
37eaa144facb029500f427e04d484481,2XU3,igb2_di1_salt0.15_st0.0072,-29.0352,3001
37eaa144facb029500f427e04d484481,2XU3,igb2_di1_salt0_st0,-24.4676,3001
37eaa144facb029500f427e04d484481,2XU3,igb2_di1_salt0_st0.0072,-29.0305,3001
37eaa144facb029500f427e04d484481,2XU3,igb2_di2_salt0.15_st0,-29.3805,3001
37eaa144facb029500f427e04d484481,2XU3,igb2_di2_salt0.15_st0.0072,-33.9435,3001
37eaa144facb029500f427e04d484481,2XU3,igb2_di2_salt0_st0,-29.3759,3001
37eaa144facb029500f427e04d484481,2XU3,igb2_di2_salt0_st0.0072,-33.9387,3001
37eaa144facb029500f427e04d484481,2XU3,igb2_di4_salt0.15_st0,-31.8347,3001
37eaa144facb029500f427e04d484481,2XU3,igb2_di4_salt0.15_st0.0072,-36.3976,3001
37eaa144facb029500f427e04d484481,2XU3,igb2_di4_salt0_st0,-31.8299,3001
37eaa144facb029500f427e04d484481,2XU3,igb2_di4_salt0_st0.0072,-36.3928,3001
37eaa144facb029500f427e04d484481,2XU3,igb5_di1_salt0.15_st0,-26.0437,3001
37eaa144facb029500f427e04d484481,2XU3,igb5_di1_salt0.15_st0.0072,-30.6066,3001
37eaa144facb029500f427e04d484481,2XU3,igb5_di1_salt0_st0,-26.0383,3001
37eaa144facb029500f427e04d484481,2XU3,igb5_di1_salt0_st0.0072,-30.6013,3001
37eaa144facb029500f427e04d484481,2XU3,igb5_di2_salt0.15_st0,-30.1563,3001
37eaa144facb029500f427e04d484481,2XU3,igb5_di2_salt0.15_st0.0072,-34.7192,3001
37eaa144facb029500f427e04d484481,2XU3,igb5_di2_salt0_st0,-30.1511,3001
37eaa144facb029500f427e04d484481,2XU3,igb5_di2_salt0_st0.0072,-34.714,3001
37eaa144facb029500f427e04d484481,2XU3,igb5_di4_salt0.15_st0,-32.2127,3001
37eaa144facb029500f427e04d484481,2XU3,igb5_di4_salt0.15_st0.0072,-36.7755,3001
37eaa144facb029500f427e04d484481,2XU3,igb5_di4_salt0_st0,-32.2073,3001
37eaa144facb029500f427e04d484481,2XU3,igb5_di4_salt0_st0.0072,-36.7704,3001
37eaa144facb029500f427e04d484481,2XU3,igb8_di1_salt0.15_st0,-24.7279,3001
37eaa144facb029500f427e04d484481,2XU3,igb8_di1_salt0.15_st0.0072,-29.2907,3001
37eaa144facb029500f427e04d484481,2XU3,igb8_di1_salt0_st0,-24.7276,3001
37eaa144facb029500f427e04d484481,2XU3,igb8_di1_salt0_st0.0072,-29.2905,3001
37eaa144facb029500f427e04d484481,2XU3,igb8_di2_salt0.15_st0,-29.5043,3001
37eaa144facb029500f427e04d484481,2XU3,igb8_di2_salt0.15_st0.0072,-34.0673,3001
37eaa144facb029500f427e04d484481,2XU3,igb8_di2_salt0_st0,-29.5041,3001
37eaa144facb029500f427e04d484481,2XU3,igb8_di2_salt0_st0.0072,-34.067,3001
37eaa144facb029500f427e04d484481,2XU3,igb8_di4_salt0.15_st0,-31.8927,3001
37eaa144facb029500f427e04d484481,2XU3,igb8_di4_salt0.15_st0.0072,-36.4555,3001
37eaa144facb029500f427e04d484481,2XU3,igb8_di4_salt0_st0,-31.8924,3001
37eaa144facb029500f427e04d484481,2XU3,igb8_di4_salt0_st0.0072,-36.4552,3001
37f9f904b3a0eaee2c624e4559ebe52f,3I06,igb1_di1_salt0.15_st0,-14.6087,3001
37f9f904b3a0eaee2c624e4559ebe52f,3I06,igb1_di1_salt0.15_st0.0072,-18.0629,3001
37f9f904b3a0eaee2c624e4559ebe52f,3I06,igb1_di1_salt0_st0,-14.6084,3001
37f9f904b3a0eaee2c624e4559ebe52f,3I06,igb1_di1_salt0_st0.0072,-18.0626,3001
37f9f904b3a0eaee2c624e4559ebe52f,3I06,igb1_di2_salt0.15_st0,-19.9733,3001
37f9f904b3a0eaee2c624e4559ebe52f,3I06,igb1_di2_salt0.15_st0.0072,-23.4275,3001
37f9f904b3a0eaee2c624e4559ebe52f,3I06,igb1_di2_salt0_st0,-19.9733,3001
37f9f904b3a0eaee2c624e4559ebe52f,3I06,igb1_di2_salt0_st0.0072,-23.4275,3001
37f9f904b3a0eaee2c624e4559ebe52f,3I06,igb1_di4_salt0.15_st0,-22.6556,3001
37f9f904b3a0eaee2c624e4559ebe52f,3I06,igb1_di4_salt0.15_st0.0072,-26.1098,3001
37f9f904b3a0eaee2c624e4559ebe52f,3I06,igb1_di4_salt0_st0,-22.6556,3001
37f9f904b3a0eaee2c624e4559ebe52f,3I06,igb1_di4_salt0_st0.0072,-26.1097,3001
37f9f904b3a0eaee2c624e4559ebe52f,3I06,igb2_di1_salt0.15_st0,-12.2871,3001
37f9f904b3a0eaee2c624e4559ebe52f,3I06,igb2_di1_salt0.15_st0.0072,-15.7413,3001
37f9f904b3a0eaee2c624e4559ebe52f,3I06,igb2_di1_salt0_st0,-12.2861,3001
37f9f904b3a0eaee2c624e4559ebe52f,3I06,igb2_di1_salt0_st0.0072,-15.7403,3001
37f9f904b3a0eaee2c624e4559ebe52f,3I06,igb2_di2_salt0.15_st0,-18.828,3001
37f9f904b3a0eaee2c624e4559ebe52f,3I06,igb2_di2_salt0.15_st0.0072,-22.282,3001
37f9f904b3a0eaee2c624e4559ebe52f,3I06,igb2_di2_salt0_st0,-18.8271,3001
37f9f904b3a0eaee2c624e4559ebe52f,3I06,igb2_di2_salt0_st0.0072,-22.2813,3001
37f9f904b3a0eaee2c624e4559ebe52f,3I06,igb2_di4_salt0.15_st0,-22.0986,3001
37f9f904b3a0eaee2c624e4559ebe52f,3I06,igb2_di4_salt0.15_st0.0072,-25.5526,3001
37f9f904b3a0eaee2c624e4559ebe52f,3I06,igb2_di4_salt0_st0,-22.0975,3001
37f9f904b3a0eaee2c624e4559ebe52f,3I06,igb2_di4_salt0_st0.0072,-25.5516,3001
37f9f904b3a0eaee2c624e4559ebe52f,3I06,igb5_di1_salt0.15_st0,-13.1221,3001
37f9f904b3a0eaee2c624e4559ebe52f,3I06,igb5_di1_salt0.15_st0.0072,-16.5761,3001
37f9f904b3a0eaee2c624e4559ebe52f,3I06,igb5_di1_salt0_st0,-13.1208,3001
37f9f904b3a0eaee2c624e4559ebe52f,3I06,igb5_di1_salt0_st0.0072,-16.5749,3001
37f9f904b3a0eaee2c624e4559ebe52f,3I06,igb5_di2_salt0.15_st0,-19.2402,3001
37f9f904b3a0eaee2c624e4559ebe52f,3I06,igb5_di2_salt0.15_st0.0072,-22.6943,3001
37f9f904b3a0eaee2c624e4559ebe52f,3I06,igb5_di2_salt0_st0,-19.2389,3001
37f9f904b3a0eaee2c624e4559ebe52f,3I06,igb5_di2_salt0_st0.0072,-22.6931,3001
37f9f904b3a0eaee2c624e4559ebe52f,3I06,igb5_di4_salt0.15_st0,-22.2992,3001
37f9f904b3a0eaee2c624e4559ebe52f,3I06,igb5_di4_salt0.15_st0.0072,-25.7534,3001
37f9f904b3a0eaee2c624e4559ebe52f,3I06,igb5_di4_salt0_st0,-22.2981,3001
37f9f904b3a0eaee2c624e4559ebe52f,3I06,igb5_di4_salt0_st0.0072,-25.7522,3001
37f9f904b3a0eaee2c624e4559ebe52f,3I06,igb8_di1_salt0.15_st0,-11.0449,3001
37f9f904b3a0eaee2c624e4559ebe52f,3I06,igb8_di1_salt0.15_st0.0072,-14.4989,3001
37f9f904b3a0eaee2c624e4559ebe52f,3I06,igb8_di1_salt0_st0,-11.053,3001
37f9f904b3a0eaee2c624e4559ebe52f,3I06,igb8_di1_salt0_st0.0072,-14.5072,3001
37f9f904b3a0eaee2c624e4559ebe52f,3I06,igb8_di2_salt0.15_st0,-18.2102,3001
37f9f904b3a0eaee2c624e4559ebe52f,3I06,igb8_di2_salt0.15_st0.0072,-21.6644,3001
37f9f904b3a0eaee2c624e4559ebe52f,3I06,igb8_di2_salt0_st0,-18.2185,3001
37f9f904b3a0eaee2c624e4559ebe52f,3I06,igb8_di2_salt0_st0.0072,-21.6725,3001
37f9f904b3a0eaee2c624e4559ebe52f,3I06,igb8_di4_salt0.15_st0,-21.793,3001
37f9f904b3a0eaee2c624e4559ebe52f,3I06,igb8_di4_salt0.15_st0.0072,-25.2472,3001
37f9f904b3a0eaee2c624e4559ebe52f,3I06,igb8_di4_salt0_st0,-21.801,3001
37f9f904b3a0eaee2c624e4559ebe52f,3I06,igb8_di4_salt0_st0.0072,-25.2553,3001
395f47b77b5f161c28c20393b39e9076,9D9I,igb1_di1_salt0.15_st0,-23.4967,3001
395f47b77b5f161c28c20393b39e9076,9D9I,igb1_di1_salt0.15_st0.0072,-28.32,3001
395f47b77b5f161c28c20393b39e9076,9D9I,igb1_di1_salt0_st0,-23.4907,3001
395f47b77b5f161c28c20393b39e9076,9D9I,igb1_di1_salt0_st0.0072,-28.314,3001
395f47b77b5f161c28c20393b39e9076,9D9I,igb1_di2_salt0.15_st0,-29.0708,3001
395f47b77b5f161c28c20393b39e9076,9D9I,igb1_di2_salt0.15_st0.0072,-33.8941,3001
395f47b77b5f161c28c20393b39e9076,9D9I,igb1_di2_salt0_st0,-29.0648,3001
395f47b77b5f161c28c20393b39e9076,9D9I,igb1_di2_salt0_st0.0072,-33.8882,3001
395f47b77b5f161c28c20393b39e9076,9D9I,igb1_di4_salt0.15_st0,-31.8577,3001
395f47b77b5f161c28c20393b39e9076,9D9I,igb1_di4_salt0.15_st0.0072,-36.6811,3001
395f47b77b5f161c28c20393b39e9076,9D9I,igb1_di4_salt0_st0,-31.8519,3001
395f47b77b5f161c28c20393b39e9076,9D9I,igb1_di4_salt0_st0.0072,-36.6752,3001
395f47b77b5f161c28c20393b39e9076,9D9I,igb2_di1_salt0.15_st0,-19.2693,3001
395f47b77b5f161c28c20393b39e9076,9D9I,igb2_di1_salt0.15_st0.0072,-24.0926,3001
395f47b77b5f161c28c20393b39e9076,9D9I,igb2_di1_salt0_st0,-19.263,3001
395f47b77b5f161c28c20393b39e9076,9D9I,igb2_di1_salt0_st0.0072,-24.0863,3001
395f47b77b5f161c28c20393b39e9076,9D9I,igb2_di2_salt0.15_st0,-26.9845,3001
395f47b77b5f161c28c20393b39e9076,9D9I,igb2_di2_salt0.15_st0.0072,-31.8078,3001
395f47b77b5f161c28c20393b39e9076,9D9I,igb2_di2_salt0_st0,-26.9782,3001
395f47b77b5f161c28c20393b39e9076,9D9I,igb2_di2_salt0_st0.0072,-31.8016,3001
395f47b77b5f161c28c20393b39e9076,9D9I,igb2_di4_salt0.15_st0,-30.8421,3001
395f47b77b5f161c28c20393b39e9076,9D9I,igb2_di4_salt0.15_st0.0072,-35.6654,3001
395f47b77b5f161c28c20393b39e9076,9D9I,igb2_di4_salt0_st0,-30.8358,3001
395f47b77b5f161c28c20393b39e9076,9D9I,igb2_di4_salt0_st0.0072,-35.6592,3001
395f47b77b5f161c28c20393b39e9076,9D9I,igb5_di1_salt0.15_st0,-20.3609,3001
395f47b77b5f161c28c20393b39e9076,9D9I,igb5_di1_salt0.15_st0.0072,-25.1842,3001
395f47b77b5f161c28c20393b39e9076,9D9I,igb5_di1_salt0_st0,-20.3557,3001
395f47b77b5f161c28c20393b39e9076,9D9I,igb5_di1_salt0_st0.0072,-25.1789,3001
395f47b77b5f161c28c20393b39e9076,9D9I,igb5_di2_salt0.15_st0,-27.5228,3001
395f47b77b5f161c28c20393b39e9076,9D9I,igb5_di2_salt0.15_st0.0072,-32.346,3001
395f47b77b5f161c28c20393b39e9076,9D9I,igb5_di2_salt0_st0,-27.5174,3001
395f47b77b5f161c28c20393b39e9076,9D9I,igb5_di2_salt0_st0.0072,-32.3408,3001
395f47b77b5f161c28c20393b39e9076,9D9I,igb5_di4_salt0.15_st0,-31.1038,3001
395f47b77b5f161c28c20393b39e9076,9D9I,igb5_di4_salt0.15_st0.0072,-35.927,3001
395f47b77b5f161c28c20393b39e9076,9D9I,igb5_di4_salt0_st0,-31.0985,3001
395f47b77b5f161c28c20393b39e9076,9D9I,igb5_di4_salt0_st0.0072,-35.9217,3001
395f47b77b5f161c28c20393b39e9076,9D9I,igb8_di1_salt0.15_st0,-15.48,3001
395f47b77b5f161c28c20393b39e9076,9D9I,igb8_di1_salt0.15_st0.0072,-20.3034,3001
395f47b77b5f161c28c20393b39e9076,9D9I,igb8_di1_salt0_st0,-15.4762,3001
395f47b77b5f161c28c20393b39e9076,9D9I,igb8_di1_salt0_st0.0072,-20.2994,3001
395f47b77b5f161c28c20393b39e9076,9D9I,igb8_di2_salt0.15_st0,-25.1131,3001
395f47b77b5f161c28c20393b39e9076,9D9I,igb8_di2_salt0.15_st0.0072,-29.9365,3001
395f47b77b5f161c28c20393b39e9076,9D9I,igb8_di2_salt0_st0,-25.1092,3001
395f47b77b5f161c28c20393b39e9076,9D9I,igb8_di2_salt0_st0.0072,-29.9325,3001
395f47b77b5f161c28c20393b39e9076,9D9I,igb8_di4_salt0.15_st0,-29.9297,3001
395f47b77b5f161c28c20393b39e9076,9D9I,igb8_di4_salt0.15_st0.0072,-34.753,3001
395f47b77b5f161c28c20393b39e9076,9D9I,igb8_di4_salt0_st0,-29.9258,3001
395f47b77b5f161c28c20393b39e9076,9D9I,igb8_di4_salt0_st0.0072,-34.7491,3001
39cbab9e91b4af7ae5b0eed4a14b90f9,2XU3,igb1_di1_salt0.15_st0,-25.7589,3001
39cbab9e91b4af7ae5b0eed4a14b90f9,2XU3,igb1_di1_salt0.15_st0.0072,-30.0837,3001
39cbab9e91b4af7ae5b0eed4a14b90f9,2XU3,igb1_di1_salt0_st0,-25.7392,3001
39cbab9e91b4af7ae5b0eed4a14b90f9,2XU3,igb1_di1_salt0_st0.0072,-30.064,3001
39cbab9e91b4af7ae5b0eed4a14b90f9,2XU3,igb1_di2_salt0.15_st0,-28.3557,3001
39cbab9e91b4af7ae5b0eed4a14b90f9,2XU3,igb1_di2_salt0.15_st0.0072,-32.6805,3001
39cbab9e91b4af7ae5b0eed4a14b90f9,2XU3,igb1_di2_salt0_st0,-28.3362,3001
39cbab9e91b4af7ae5b0eed4a14b90f9,2XU3,igb1_di2_salt0_st0.0072,-32.6609,3001
39cbab9e91b4af7ae5b0eed4a14b90f9,2XU3,igb1_di4_salt0.15_st0,-29.6541,3001
39cbab9e91b4af7ae5b0eed4a14b90f9,2XU3,igb1_di4_salt0.15_st0.0072,-33.979,3001
39cbab9e91b4af7ae5b0eed4a14b90f9,2XU3,igb1_di4_salt0_st0,-29.6345,3001
39cbab9e91b4af7ae5b0eed4a14b90f9,2XU3,igb1_di4_salt0_st0.0072,-33.9594,3001
39cbab9e91b4af7ae5b0eed4a14b90f9,2XU3,igb2_di1_salt0.15_st0,-21.9099,3001
39cbab9e91b4af7ae5b0eed4a14b90f9,2XU3,igb2_di1_salt0.15_st0.0072,-26.2347,3001
39cbab9e91b4af7ae5b0eed4a14b90f9,2XU3,igb2_di1_salt0_st0,-21.8894,3001
39cbab9e91b4af7ae5b0eed4a14b90f9,2XU3,igb2_di1_salt0_st0.0072,-26.2142,3001
39cbab9e91b4af7ae5b0eed4a14b90f9,2XU3,igb2_di2_salt0.15_st0,-26.4566,3001
39cbab9e91b4af7ae5b0eed4a14b90f9,2XU3,igb2_di2_salt0.15_st0.0072,-30.7813,3001
39cbab9e91b4af7ae5b0eed4a14b90f9,2XU3,igb2_di2_salt0_st0,-26.436,3001
39cbab9e91b4af7ae5b0eed4a14b90f9,2XU3,igb2_di2_salt0_st0.0072,-30.7608,3001
39cbab9e91b4af7ae5b0eed4a14b90f9,2XU3,igb2_di4_salt0.15_st0,-28.7298,3001
39cbab9e91b4af7ae5b0eed4a14b90f9,2XU3,igb2_di4_salt0.15_st0.0072,-33.0547,3001
39cbab9e91b4af7ae5b0eed4a14b90f9,2XU3,igb2_di4_salt0_st0,-28.7094,3001
39cbab9e91b4af7ae5b0eed4a14b90f9,2XU3,igb2_di4_salt0_st0.0072,-33.0341,3001
39cbab9e91b4af7ae5b0eed4a14b90f9,2XU3,igb5_di1_salt0.15_st0,-23.5138,3001
39cbab9e91b4af7ae5b0eed4a14b90f9,2XU3,igb5_di1_salt0.15_st0.0072,-27.8386,3001
39cbab9e91b4af7ae5b0eed4a14b90f9,2XU3,igb5_di1_salt0_st0,-23.4932,3001
39cbab9e91b4af7ae5b0eed4a14b90f9,2XU3,igb5_di1_salt0_st0.0072,-27.8179,3001
39cbab9e91b4af7ae5b0eed4a14b90f9,2XU3,igb5_di2_salt0.15_st0,-27.2483,3001
39cbab9e91b4af7ae5b0eed4a14b90f9,2XU3,igb5_di2_salt0.15_st0.0072,-31.573,3001
39cbab9e91b4af7ae5b0eed4a14b90f9,2XU3,igb5_di2_salt0_st0,-27.2277,3001
39cbab9e91b4af7ae5b0eed4a14b90f9,2XU3,igb5_di2_salt0_st0.0072,-31.5524,3001
39cbab9e91b4af7ae5b0eed4a14b90f9,2XU3,igb5_di4_salt0.15_st0,-29.1154,3001
39cbab9e91b4af7ae5b0eed4a14b90f9,2XU3,igb5_di4_salt0.15_st0.0072,-33.4403,3001
39cbab9e91b4af7ae5b0eed4a14b90f9,2XU3,igb5_di4_salt0_st0,-29.0948,3001
39cbab9e91b4af7ae5b0eed4a14b90f9,2XU3,igb5_di4_salt0_st0.0072,-33.4196,3001
39cbab9e91b4af7ae5b0eed4a14b90f9,2XU3,igb8_di1_salt0.15_st0,-22.3836,3001
39cbab9e91b4af7ae5b0eed4a14b90f9,2XU3,igb8_di1_salt0.15_st0.0072,-26.7084,3001
39cbab9e91b4af7ae5b0eed4a14b90f9,2XU3,igb8_di1_salt0_st0,-22.3665,3001
39cbab9e91b4af7ae5b0eed4a14b90f9,2XU3,igb8_di1_salt0_st0.0072,-26.6914,3001
39cbab9e91b4af7ae5b0eed4a14b90f9,2XU3,igb8_di2_salt0.15_st0,-26.6886,3001
39cbab9e91b4af7ae5b0eed4a14b90f9,2XU3,igb8_di2_salt0.15_st0.0072,-31.0133,3001
39cbab9e91b4af7ae5b0eed4a14b90f9,2XU3,igb8_di2_salt0_st0,-26.6715,3001
39cbab9e91b4af7ae5b0eed4a14b90f9,2XU3,igb8_di2_salt0_st0.0072,-30.9964,3001
39cbab9e91b4af7ae5b0eed4a14b90f9,2XU3,igb8_di4_salt0.15_st0,-28.8411,3001
39cbab9e91b4af7ae5b0eed4a14b90f9,2XU3,igb8_di4_salt0.15_st0.0072,-33.1659,3001
39cbab9e91b4af7ae5b0eed4a14b90f9,2XU3,igb8_di4_salt0_st0,-28.824,3001
39cbab9e91b4af7ae5b0eed4a14b90f9,2XU3,igb8_di4_salt0_st0.0072,-33.1488,3001
39f4f10d914c61149f1719bf477dd932,4L7G,igb1_di1_salt0.15_st0,-31.3372,3001
39f4f10d914c61149f1719bf477dd932,4L7G,igb1_di1_salt0.15_st0.0072,-36.3637,3001
39f4f10d914c61149f1719bf477dd932,4L7G,igb1_di1_salt0_st0,-31.3588,3001
39f4f10d914c61149f1719bf477dd932,4L7G,igb1_di1_salt0_st0.0072,-36.3853,3001
39f4f10d914c61149f1719bf477dd932,4L7G,igb1_di2_salt0.15_st0,-34.9366,3001
39f4f10d914c61149f1719bf477dd932,4L7G,igb1_di2_salt0.15_st0.0072,-39.9631,3001
39f4f10d914c61149f1719bf477dd932,4L7G,igb1_di2_salt0_st0,-34.9584,3001
39f4f10d914c61149f1719bf477dd932,4L7G,igb1_di2_salt0_st0.0072,-39.9849,3001
39f4f10d914c61149f1719bf477dd932,4L7G,igb1_di4_salt0.15_st0,-36.7365,3001
39f4f10d914c61149f1719bf477dd932,4L7G,igb1_di4_salt0.15_st0.0072,-41.763,3001
39f4f10d914c61149f1719bf477dd932,4L7G,igb1_di4_salt0_st0,-36.7582,3001
39f4f10d914c61149f1719bf477dd932,4L7G,igb1_di4_salt0_st0.0072,-41.7846,3001
39f4f10d914c61149f1719bf477dd932,4L7G,igb2_di1_salt0.15_st0,-24.1948,3001
39f4f10d914c61149f1719bf477dd932,4L7G,igb2_di1_salt0.15_st0.0072,-29.2214,3001
39f4f10d914c61149f1719bf477dd932,4L7G,igb2_di1_salt0_st0,-24.2169,3001
39f4f10d914c61149f1719bf477dd932,4L7G,igb2_di1_salt0_st0.0072,-29.2435,3001
39f4f10d914c61149f1719bf477dd932,4L7G,igb2_di2_salt0.15_st0,-31.4114,3001
39f4f10d914c61149f1719bf477dd932,4L7G,igb2_di2_salt0.15_st0.0072,-36.4379,3001
39f4f10d914c61149f1719bf477dd932,4L7G,igb2_di2_salt0_st0,-31.4335,3001
39f4f10d914c61149f1719bf477dd932,4L7G,igb2_di2_salt0_st0.0072,-36.4601,3001
39f4f10d914c61149f1719bf477dd932,4L7G,igb2_di4_salt0.15_st0,-35.0196,3001
39f4f10d914c61149f1719bf477dd932,4L7G,igb2_di4_salt0.15_st0.0072,-40.0462,3001
39f4f10d914c61149f1719bf477dd932,4L7G,igb2_di4_salt0_st0,-35.0419,3001
39f4f10d914c61149f1719bf477dd932,4L7G,igb2_di4_salt0_st0.0072,-40.0682,3001
39f4f10d914c61149f1719bf477dd932,4L7G,igb5_di1_salt0.15_st0,-25.6721,3001
39f4f10d914c61149f1719bf477dd932,4L7G,igb5_di1_salt0.15_st0.0072,-30.6987,3001
39f4f10d914c61149f1719bf477dd932,4L7G,igb5_di1_salt0_st0,-25.6954,3001
39f4f10d914c61149f1719bf477dd932,4L7G,igb5_di1_salt0_st0.0072,-30.7218,3001
39f4f10d914c61149f1719bf477dd932,4L7G,igb5_di2_salt0.15_st0,-32.1401,3001
39f4f10d914c61149f1719bf477dd932,4L7G,igb5_di2_salt0.15_st0.0072,-37.1665,3001
39f4f10d914c61149f1719bf477dd932,4L7G,igb5_di2_salt0_st0,-32.1632,3001
39f4f10d914c61149f1719bf477dd932,4L7G,igb5_di2_salt0_st0.0072,-37.1896,3001
39f4f10d914c61149f1719bf477dd932,4L7G,igb5_di4_salt0.15_st0,-35.3739,3001
39f4f10d914c61149f1719bf477dd932,4L7G,igb5_di4_salt0.15_st0.0072,-40.4004,3001
39f4f10d914c61149f1719bf477dd932,4L7G,igb5_di4_salt0_st0,-35.3971,3001
39f4f10d914c61149f1719bf477dd932,4L7G,igb5_di4_salt0_st0.0072,-40.4236,3001
39f4f10d914c61149f1719bf477dd932,4L7G,igb8_di1_salt0.15_st0,-19.1864,3001
39f4f10d914c61149f1719bf477dd932,4L7G,igb8_di1_salt0.15_st0.0072,-24.2128,3001
39f4f10d914c61149f1719bf477dd932,4L7G,igb8_di1_salt0_st0,-19.2099,3001
39f4f10d914c61149f1719bf477dd932,4L7G,igb8_di1_salt0_st0.0072,-24.2364,3001
39f4f10d914c61149f1719bf477dd932,4L7G,igb8_di2_salt0.15_st0,-28.9387,3001
39f4f10d914c61149f1719bf477dd932,4L7G,igb8_di2_salt0.15_st0.0072,-33.9654,3001
39f4f10d914c61149f1719bf477dd932,4L7G,igb8_di2_salt0_st0,-28.9623,3001
39f4f10d914c61149f1719bf477dd932,4L7G,igb8_di2_salt0_st0.0072,-33.9887,3001
39f4f10d914c61149f1719bf477dd932,4L7G,igb8_di4_salt0.15_st0,-33.815,3001
39f4f10d914c61149f1719bf477dd932,4L7G,igb8_di4_salt0.15_st0.0072,-38.8416,3001
39f4f10d914c61149f1719bf477dd932,4L7G,igb8_di4_salt0_st0,-33.8384,3001
39f4f10d914c61149f1719bf477dd932,4L7G,igb8_di4_salt0_st0.0072,-38.865,3001
3a87c373b8ee3ee690e68ccce89857a3,4L7G,igb1_di1_salt0.15_st0,-20.3786,3001
3a87c373b8ee3ee690e68ccce89857a3,4L7G,igb1_di1_salt0.15_st0.0072,-25.2431,3001
3a87c373b8ee3ee690e68ccce89857a3,4L7G,igb1_di1_salt0_st0,-20.4016,3001
3a87c373b8ee3ee690e68ccce89857a3,4L7G,igb1_di1_salt0_st0.0072,-25.266,3001
3a87c373b8ee3ee690e68ccce89857a3,4L7G,igb1_di2_salt0.15_st0,-26.4725,3001
3a87c373b8ee3ee690e68ccce89857a3,4L7G,igb1_di2_salt0.15_st0.0072,-31.3368,3001
3a87c373b8ee3ee690e68ccce89857a3,4L7G,igb1_di2_salt0_st0,-26.4955,3001
3a87c373b8ee3ee690e68ccce89857a3,4L7G,igb1_di2_salt0_st0.0072,-31.36,3001
3a87c373b8ee3ee690e68ccce89857a3,4L7G,igb1_di4_salt0.15_st0,-29.5193,3001
3a87c373b8ee3ee690e68ccce89857a3,4L7G,igb1_di4_salt0.15_st0.0072,-34.3837,3001
3a87c373b8ee3ee690e68ccce89857a3,4L7G,igb1_di4_salt0_st0,-29.5424,3001
3a87c373b8ee3ee690e68ccce89857a3,4L7G,igb1_di4_salt0_st0.0072,-34.4067,3001
3a87c373b8ee3ee690e68ccce89857a3,4L7G,igb2_di1_salt0.15_st0,-14.1502,3001
3a87c373b8ee3ee690e68ccce89857a3,4L7G,igb2_di1_salt0.15_st0.0072,-19.0146,3001
3a87c373b8ee3ee690e68ccce89857a3,4L7G,igb2_di1_salt0_st0,-14.1742,3001
3a87c373b8ee3ee690e68ccce89857a3,4L7G,igb2_di1_salt0_st0.0072,-19.0386,3001
3a87c373b8ee3ee690e68ccce89857a3,4L7G,igb2_di2_salt0.15_st0,-23.3979,3001
3a87c373b8ee3ee690e68ccce89857a3,4L7G,igb2_di2_salt0.15_st0.0072,-28.2624,3001
3a87c373b8ee3ee690e68ccce89857a3,4L7G,igb2_di2_salt0_st0,-23.422,3001
3a87c373b8ee3ee690e68ccce89857a3,4L7G,igb2_di2_salt0_st0.0072,-28.2862,3001
3a87c373b8ee3ee690e68ccce89857a3,4L7G,igb2_di4_salt0.15_st0,-28.0217,3001
3a87c373b8ee3ee690e68ccce89857a3,4L7G,igb2_di4_salt0.15_st0.0072,-32.8862,3001
3a87c373b8ee3ee690e68ccce89857a3,4L7G,igb2_di4_salt0_st0,-28.0458,3001
3a87c373b8ee3ee690e68ccce89857a3,4L7G,igb2_di4_salt0_st0.0072,-32.9102,3001
3a87c373b8ee3ee690e68ccce89857a3,4L7G,igb5_di1_salt0.15_st0,-14.5431,3001
3a87c373b8ee3ee690e68ccce89857a3,4L7G,igb5_di1_salt0.15_st0.0072,-19.4075,3001
3a87c373b8ee3ee690e68ccce89857a3,4L7G,igb5_di1_salt0_st0,-14.5692,3001
3a87c373b8ee3ee690e68ccce89857a3,4L7G,igb5_di1_salt0_st0.0072,-19.4335,3001
3a87c373b8ee3ee690e68ccce89857a3,4L7G,igb5_di2_salt0.15_st0,-23.5907,3001
3a87c373b8ee3ee690e68ccce89857a3,4L7G,igb5_di2_salt0.15_st0.0072,-28.4552,3001
3a87c373b8ee3ee690e68ccce89857a3,4L7G,igb5_di2_salt0_st0,-23.6168,3001
3a87c373b8ee3ee690e68ccce89857a3,4L7G,igb5_di2_salt0_st0.0072,-28.4813,3001
3a87c373b8ee3ee690e68ccce89857a3,4L7G,igb5_di4_salt0.15_st0,-28.1146,3001
3a87c373b8ee3ee690e68ccce89857a3,4L7G,igb5_di4_salt0.15_st0.0072,-32.979,3001
3a87c373b8ee3ee690e68ccce89857a3,4L7G,igb5_di4_salt0_st0,-28.1407,3001
3a87c373b8ee3ee690e68ccce89857a3,4L7G,igb5_di4_salt0_st0.0072,-33.005,3001
3a87c373b8ee3ee690e68ccce89857a3,4L7G,igb8_di1_salt0.15_st0,-14.1248,3001
3a87c373b8ee3ee690e68ccce89857a3,4L7G,igb8_di1_salt0.15_st0.0072,-18.9893,3001
3a87c373b8ee3ee690e68ccce89857a3,4L7G,igb8_di1_salt0_st0,-14.151,3001
3a87c373b8ee3ee690e68ccce89857a3,4L7G,igb8_di1_salt0_st0.0072,-19.0154,3001
3a87c373b8ee3ee690e68ccce89857a3,4L7G,igb8_di2_salt0.15_st0,-23.3843,3001
3a87c373b8ee3ee690e68ccce89857a3,4L7G,igb8_di2_salt0.15_st0.0072,-28.2486,3001
3a87c373b8ee3ee690e68ccce89857a3,4L7G,igb8_di2_salt0_st0,-23.4105,3001
3a87c373b8ee3ee690e68ccce89857a3,4L7G,igb8_di2_salt0_st0.0072,-28.275,3001
3a87c373b8ee3ee690e68ccce89857a3,4L7G,igb8_di4_salt0.15_st0,-28.014,3001
3a87c373b8ee3ee690e68ccce89857a3,4L7G,igb8_di4_salt0.15_st0.0072,-32.8784,3001
3a87c373b8ee3ee690e68ccce89857a3,4L7G,igb8_di4_salt0_st0,-28.0402,3001
3a87c373b8ee3ee690e68ccce89857a3,4L7G,igb8_di4_salt0_st0.0072,-32.9047,3001
3b35ddb2b8a33d05d6b5870a9da6c712,8ELC,igb1_di1_salt0.15_st0,-21.8098,3001
3b35ddb2b8a33d05d6b5870a9da6c712,8ELC,igb1_di1_salt0.15_st0.0072,-27.0099,3001
3b35ddb2b8a33d05d6b5870a9da6c712,8ELC,igb1_di1_salt0_st0,-21.8077,3001
3b35ddb2b8a33d05d6b5870a9da6c712,8ELC,igb1_di1_salt0_st0.0072,-27.0078,3001
3b35ddb2b8a33d05d6b5870a9da6c712,8ELC,igb1_di2_salt0.15_st0,-28.7174,3001
3b35ddb2b8a33d05d6b5870a9da6c712,8ELC,igb1_di2_salt0.15_st0.0072,-33.9175,3001
3b35ddb2b8a33d05d6b5870a9da6c712,8ELC,igb1_di2_salt0_st0,-28.7152,3001
3b35ddb2b8a33d05d6b5870a9da6c712,8ELC,igb1_di2_salt0_st0.0072,-33.9152,3001
3b35ddb2b8a33d05d6b5870a9da6c712,8ELC,igb1_di4_salt0.15_st0,-32.1712,3001
3b35ddb2b8a33d05d6b5870a9da6c712,8ELC,igb1_di4_salt0.15_st0.0072,-37.3713,3001
3b35ddb2b8a33d05d6b5870a9da6c712,8ELC,igb1_di4_salt0_st0,-32.169,3001
3b35ddb2b8a33d05d6b5870a9da6c712,8ELC,igb1_di4_salt0_st0.0072,-37.3691,3001
3b35ddb2b8a33d05d6b5870a9da6c712,8ELC,igb2_di1_salt0.15_st0,-15.7027,3001
3b35ddb2b8a33d05d6b5870a9da6c712,8ELC,igb2_di1_salt0.15_st0.0072,-20.9028,3001
3b35ddb2b8a33d05d6b5870a9da6c712,8ELC,igb2_di1_salt0_st0,-15.701,3001
3b35ddb2b8a33d05d6b5870a9da6c712,8ELC,igb2_di1_salt0_st0.0072,-20.9011,3001
3b35ddb2b8a33d05d6b5870a9da6c712,8ELC,igb2_di2_salt0.15_st0,-25.703,3001
3b35ddb2b8a33d05d6b5870a9da6c712,8ELC,igb2_di2_salt0.15_st0.0072,-30.903,3001
3b35ddb2b8a33d05d6b5870a9da6c712,8ELC,igb2_di2_salt0_st0,-25.7013,3001
3b35ddb2b8a33d05d6b5870a9da6c712,8ELC,igb2_di2_salt0_st0.0072,-30.9014,3001
3b35ddb2b8a33d05d6b5870a9da6c712,8ELC,igb2_di4_salt0.15_st0,-30.703,3001
3b35ddb2b8a33d05d6b5870a9da6c712,8ELC,igb2_di4_salt0.15_st0.0072,-35.9031,3001
3b35ddb2b8a33d05d6b5870a9da6c712,8ELC,igb2_di4_salt0_st0,-30.7014,3001
3b35ddb2b8a33d05d6b5870a9da6c712,8ELC,igb2_di4_salt0_st0.0072,-35.9015,3001
3b35ddb2b8a33d05d6b5870a9da6c712,8ELC,igb5_di1_salt0.15_st0,-17.1304,3001
3b35ddb2b8a33d05d6b5870a9da6c712,8ELC,igb5_di1_salt0.15_st0.0072,-22.3304,3001
3b35ddb2b8a33d05d6b5870a9da6c712,8ELC,igb5_di1_salt0_st0,-17.1306,3001
3b35ddb2b8a33d05d6b5870a9da6c712,8ELC,igb5_di1_salt0_st0.0072,-22.3307,3001
3b35ddb2b8a33d05d6b5870a9da6c712,8ELC,igb5_di2_salt0.15_st0,-26.4066,3001
3b35ddb2b8a33d05d6b5870a9da6c712,8ELC,igb5_di2_salt0.15_st0.0072,-31.6067,3001
3b35ddb2b8a33d05d6b5870a9da6c712,8ELC,igb5_di2_salt0_st0,-26.407,3001
3b35ddb2b8a33d05d6b5870a9da6c712,8ELC,igb5_di2_salt0_st0.0072,-31.607,3001
3b35ddb2b8a33d05d6b5870a9da6c712,8ELC,igb5_di4_salt0.15_st0,-31.0448,3001
3b35ddb2b8a33d05d6b5870a9da6c712,8ELC,igb5_di4_salt0.15_st0.0072,-36.2449,3001
3b35ddb2b8a33d05d6b5870a9da6c712,8ELC,igb5_di4_salt0_st0,-31.045,3001
3b35ddb2b8a33d05d6b5870a9da6c712,8ELC,igb5_di4_salt0_st0.0072,-36.2452,3001
3b35ddb2b8a33d05d6b5870a9da6c712,8ELC,igb8_di1_salt0.15_st0,-12.8204,3001
3b35ddb2b8a33d05d6b5870a9da6c712,8ELC,igb8_di1_salt0.15_st0.0072,-18.0206,3001
3b35ddb2b8a33d05d6b5870a9da6c712,8ELC,igb8_di1_salt0_st0,-12.8197,3001
3b35ddb2b8a33d05d6b5870a9da6c712,8ELC,igb8_di1_salt0_st0.0072,-18.0198,3001
3b35ddb2b8a33d05d6b5870a9da6c712,8ELC,igb8_di2_salt0.15_st0,-24.28,3001
3b35ddb2b8a33d05d6b5870a9da6c712,8ELC,igb8_di2_salt0.15_st0.0072,-29.4801,3001
3b35ddb2b8a33d05d6b5870a9da6c712,8ELC,igb8_di2_salt0_st0,-24.2792,3001
3b35ddb2b8a33d05d6b5870a9da6c712,8ELC,igb8_di2_salt0_st0.0072,-29.4793,3001
3b35ddb2b8a33d05d6b5870a9da6c712,8ELC,igb8_di4_salt0.15_st0,-30.0098,3001
3b35ddb2b8a33d05d6b5870a9da6c712,8ELC,igb8_di4_salt0.15_st0.0072,-35.21,3001
3b35ddb2b8a33d05d6b5870a9da6c712,8ELC,igb8_di4_salt0_st0,-30.009,3001
3b35ddb2b8a33d05d6b5870a9da6c712,8ELC,igb8_di4_salt0_st0.0072,-35.2092,3001
3c117a293542d626d77f570da38bd5f1,3I06,igb1_di1_salt0.15_st0,-14.3509,3001
3c117a293542d626d77f570da38bd5f1,3I06,igb1_di1_salt0.15_st0.0072,-17.425,3001
3c117a293542d626d77f570da38bd5f1,3I06,igb1_di1_salt0_st0,-14.3411,3001
3c117a293542d626d77f570da38bd5f1,3I06,igb1_di1_salt0_st0.0072,-17.4152,3001
3c117a293542d626d77f570da38bd5f1,3I06,igb1_di2_salt0.15_st0,-18.9064,3001
3c117a293542d626d77f570da38bd5f1,3I06,igb1_di2_salt0.15_st0.0072,-21.9805,3001
3c117a293542d626d77f570da38bd5f1,3I06,igb1_di2_salt0_st0,-18.8966,3001
3c117a293542d626d77f570da38bd5f1,3I06,igb1_di2_salt0_st0.0072,-21.9708,3001
3c117a293542d626d77f570da38bd5f1,3I06,igb1_di4_salt0.15_st0,-21.1841,3001
3c117a293542d626d77f570da38bd5f1,3I06,igb1_di4_salt0.15_st0.0072,-24.2582,3001
3c117a293542d626d77f570da38bd5f1,3I06,igb1_di4_salt0_st0,-21.1743,3001
3c117a293542d626d77f570da38bd5f1,3I06,igb1_di4_salt0_st0.0072,-24.2485,3001
3c117a293542d626d77f570da38bd5f1,3I06,igb2_di1_salt0.15_st0,-11.8266,3001
3c117a293542d626d77f570da38bd5f1,3I06,igb2_di1_salt0.15_st0.0072,-14.9008,3001
3c117a293542d626d77f570da38bd5f1,3I06,igb2_di1_salt0_st0,-11.8169,3001
3c117a293542d626d77f570da38bd5f1,3I06,igb2_di1_salt0_st0.0072,-14.8911,3001
3c117a293542d626d77f570da38bd5f1,3I06,igb2_di2_salt0.15_st0,-17.6605,3001
3c117a293542d626d77f570da38bd5f1,3I06,igb2_di2_salt0.15_st0.0072,-20.7347,3001
3c117a293542d626d77f570da38bd5f1,3I06,igb2_di2_salt0_st0,-17.6508,3001
3c117a293542d626d77f570da38bd5f1,3I06,igb2_di2_salt0_st0.0072,-20.7249,3001
3c117a293542d626d77f570da38bd5f1,3I06,igb2_di4_salt0.15_st0,-20.5774,3001
3c117a293542d626d77f570da38bd5f1,3I06,igb2_di4_salt0.15_st0.0072,-23.6515,3001
3c117a293542d626d77f570da38bd5f1,3I06,igb2_di4_salt0_st0,-20.5677,3001
3c117a293542d626d77f570da38bd5f1,3I06,igb2_di4_salt0_st0.0072,-23.6418,3001
3c117a293542d626d77f570da38bd5f1,3I06,igb5_di1_salt0.15_st0,-12.4154,3001
3c117a293542d626d77f570da38bd5f1,3I06,igb5_di1_salt0.15_st0.0072,-15.4895,3001
3c117a293542d626d77f570da38bd5f1,3I06,igb5_di1_salt0_st0,-12.406,3001
3c117a293542d626d77f570da38bd5f1,3I06,igb5_di1_salt0_st0.0072,-15.4801,3001
3c117a293542d626d77f570da38bd5f1,3I06,igb5_di2_salt0.15_st0,-17.9508,3001
3c117a293542d626d77f570da38bd5f1,3I06,igb5_di2_salt0.15_st0.0072,-21.025,3001
3c117a293542d626d77f570da38bd5f1,3I06,igb5_di2_salt0_st0,-17.9415,3001
3c117a293542d626d77f570da38bd5f1,3I06,igb5_di2_salt0_st0.0072,-21.0157,3001
3c117a293542d626d77f570da38bd5f1,3I06,igb5_di4_salt0.15_st0,-20.7187,3001
3c117a293542d626d77f570da38bd5f1,3I06,igb5_di4_salt0.15_st0.0072,-23.7927,3001
3c117a293542d626d77f570da38bd5f1,3I06,igb5_di4_salt0_st0,-20.7094,3001
3c117a293542d626d77f570da38bd5f1,3I06,igb5_di4_salt0_st0.0072,-23.7834,3001
3c117a293542d626d77f570da38bd5f1,3I06,igb8_di1_salt0.15_st0,-10.5345,3001
3c117a293542d626d77f570da38bd5f1,3I06,igb8_di1_salt0.15_st0.0072,-13.6087,3001
3c117a293542d626d77f570da38bd5f1,3I06,igb8_di1_salt0_st0,-10.5349,3001
3c117a293542d626d77f570da38bd5f1,3I06,igb8_di1_salt0_st0.0072,-13.609,3001
3c117a293542d626d77f570da38bd5f1,3I06,igb8_di2_salt0.15_st0,-17.0176,3001
3c117a293542d626d77f570da38bd5f1,3I06,igb8_di2_salt0.15_st0.0072,-20.0919,3001
3c117a293542d626d77f570da38bd5f1,3I06,igb8_di2_salt0_st0,-17.018,3001
3c117a293542d626d77f570da38bd5f1,3I06,igb8_di2_salt0_st0.0072,-20.0923,3001
3c117a293542d626d77f570da38bd5f1,3I06,igb8_di4_salt0.15_st0,-20.2592,3001
3c117a293542d626d77f570da38bd5f1,3I06,igb8_di4_salt0.15_st0.0072,-23.3335,3001
3c117a293542d626d77f570da38bd5f1,3I06,igb8_di4_salt0_st0,-20.2596,3001
3c117a293542d626d77f570da38bd5f1,3I06,igb8_di4_salt0_st0.0072,-23.3337,3001
3d395f6de7723b7b1aeebfb375bb1c5d,5HU9,igb1_di1_salt0.15_st0,-27.4386,3001
3d395f6de7723b7b1aeebfb375bb1c5d,5HU9,igb1_di1_salt0.15_st0.0072,-32.0232,3001
3d395f6de7723b7b1aeebfb375bb1c5d,5HU9,igb1_di1_salt0_st0,-27.4599,3001
3d395f6de7723b7b1aeebfb375bb1c5d,5HU9,igb1_di1_salt0_st0.0072,-32.0444,3001
3d395f6de7723b7b1aeebfb375bb1c5d,5HU9,igb1_di2_salt0.15_st0,-32.6452,3001
3d395f6de7723b7b1aeebfb375bb1c5d,5HU9,igb1_di2_salt0.15_st0.0072,-37.2297,3001
3d395f6de7723b7b1aeebfb375bb1c5d,5HU9,igb1_di2_salt0_st0,-32.6664,3001
3d395f6de7723b7b1aeebfb375bb1c5d,5HU9,igb1_di2_salt0_st0.0072,-37.251,3001
3d395f6de7723b7b1aeebfb375bb1c5d,5HU9,igb1_di4_salt0.15_st0,-35.2484,3001
3d395f6de7723b7b1aeebfb375bb1c5d,5HU9,igb1_di4_salt0.15_st0.0072,-39.8328,3001
3d395f6de7723b7b1aeebfb375bb1c5d,5HU9,igb1_di4_salt0_st0,-35.2695,3001
3d395f6de7723b7b1aeebfb375bb1c5d,5HU9,igb1_di4_salt0_st0.0072,-39.8541,3001
3d395f6de7723b7b1aeebfb375bb1c5d,5HU9,igb2_di1_salt0.15_st0,-23.2971,3001
3d395f6de7723b7b1aeebfb375bb1c5d,5HU9,igb2_di1_salt0.15_st0.0072,-27.8817,3001
3d395f6de7723b7b1aeebfb375bb1c5d,5HU9,igb2_di1_salt0_st0,-23.3185,3001
3d395f6de7723b7b1aeebfb375bb1c5d,5HU9,igb2_di1_salt0_st0.0072,-27.903,3001
3d395f6de7723b7b1aeebfb375bb1c5d,5HU9,igb2_di2_salt0.15_st0,-30.601,3001
3d395f6de7723b7b1aeebfb375bb1c5d,5HU9,igb2_di2_salt0.15_st0.0072,-35.1856,3001
3d395f6de7723b7b1aeebfb375bb1c5d,5HU9,igb2_di2_salt0_st0,-30.6225,3001
3d395f6de7723b7b1aeebfb375bb1c5d,5HU9,igb2_di2_salt0_st0.0072,-35.2069,3001
3d395f6de7723b7b1aeebfb375bb1c5d,5HU9,igb2_di4_salt0.15_st0,-34.2531,3001
3d395f6de7723b7b1aeebfb375bb1c5d,5HU9,igb2_di4_salt0.15_st0.0072,-38.8376,3001
3d395f6de7723b7b1aeebfb375bb1c5d,5HU9,igb2_di4_salt0_st0,-34.2743,3001
3d395f6de7723b7b1aeebfb375bb1c5d,5HU9,igb2_di4_salt0_st0.0072,-38.8589,3001
3d395f6de7723b7b1aeebfb375bb1c5d,5HU9,igb5_di1_salt0.15_st0,-23.4138,3001
3d395f6de7723b7b1aeebfb375bb1c5d,5HU9,igb5_di1_salt0.15_st0.0072,-27.9985,3001
3d395f6de7723b7b1aeebfb375bb1c5d,5HU9,igb5_di1_salt0_st0,-23.436,3001
3d395f6de7723b7b1aeebfb375bb1c5d,5HU9,igb5_di1_salt0_st0.0072,-28.0207,3001
3d395f6de7723b7b1aeebfb375bb1c5d,5HU9,igb5_di2_salt0.15_st0,-30.6582,3001
3d395f6de7723b7b1aeebfb375bb1c5d,5HU9,igb5_di2_salt0.15_st0.0072,-35.2428,3001
3d395f6de7723b7b1aeebfb375bb1c5d,5HU9,igb5_di2_salt0_st0,-30.6804,3001
3d395f6de7723b7b1aeebfb375bb1c5d,5HU9,igb5_di2_salt0_st0.0072,-35.265,3001
3d395f6de7723b7b1aeebfb375bb1c5d,5HU9,igb5_di4_salt0.15_st0,-34.2804,3001
3d395f6de7723b7b1aeebfb375bb1c5d,5HU9,igb5_di4_salt0.15_st0.0072,-38.8649,3001
3d395f6de7723b7b1aeebfb375bb1c5d,5HU9,igb5_di4_salt0_st0,-34.3026,3001
3d395f6de7723b7b1aeebfb375bb1c5d,5HU9,igb5_di4_salt0_st0.0072,-38.8871,3001
3d395f6de7723b7b1aeebfb375bb1c5d,5HU9,igb8_di1_salt0.15_st0,-23.073,3001
3d395f6de7723b7b1aeebfb375bb1c5d,5HU9,igb8_di1_salt0.15_st0.0072,-27.6575,3001
3d395f6de7723b7b1aeebfb375bb1c5d,5HU9,igb8_di1_salt0_st0,-23.0977,3001
3d395f6de7723b7b1aeebfb375bb1c5d,5HU9,igb8_di1_salt0_st0.0072,-27.6823,3001
3d395f6de7723b7b1aeebfb375bb1c5d,5HU9,igb8_di2_salt0.15_st0,-30.4887,3001
3d395f6de7723b7b1aeebfb375bb1c5d,5HU9,igb8_di2_salt0.15_st0.0072,-35.0734,3001
3d395f6de7723b7b1aeebfb375bb1c5d,5HU9,igb8_di2_salt0_st0,-30.5134,3001
3d395f6de7723b7b1aeebfb375bb1c5d,5HU9,igb8_di2_salt0_st0.0072,-35.098,3001
3d395f6de7723b7b1aeebfb375bb1c5d,5HU9,igb8_di4_salt0.15_st0,-34.1966,3001
3d395f6de7723b7b1aeebfb375bb1c5d,5HU9,igb8_di4_salt0.15_st0.0072,-38.7811,3001
3d395f6de7723b7b1aeebfb375bb1c5d,5HU9,igb8_di4_salt0_st0,-34.2213,3001
3d395f6de7723b7b1aeebfb375bb1c5d,5HU9,igb8_di4_salt0_st0.0072,-38.8059,3001
3dd7fe0b27b084a92f8091446da1a66e,4QB3,igb1_di1_salt0.15_st0,-21.0898,3001
3dd7fe0b27b084a92f8091446da1a66e,4QB3,igb1_di1_salt0.15_st0.0072,-25.6596,3001
3dd7fe0b27b084a92f8091446da1a66e,4QB3,igb1_di1_salt0_st0,-21.0889,3001
3dd7fe0b27b084a92f8091446da1a66e,4QB3,igb1_di1_salt0_st0.0072,-25.6587,3001
3dd7fe0b27b084a92f8091446da1a66e,4QB3,igb1_di2_salt0.15_st0,-27.1108,3001
3dd7fe0b27b084a92f8091446da1a66e,4QB3,igb1_di2_salt0.15_st0.0072,-31.6806,3001
3dd7fe0b27b084a92f8091446da1a66e,4QB3,igb1_di2_salt0_st0,-27.11,3001
3dd7fe0b27b084a92f8091446da1a66e,4QB3,igb1_di2_salt0_st0.0072,-31.6797,3001
3dd7fe0b27b084a92f8091446da1a66e,4QB3,igb1_di4_salt0.15_st0,-30.1213,3001
3dd7fe0b27b084a92f8091446da1a66e,4QB3,igb1_di4_salt0.15_st0.0072,-34.6913,3001
3dd7fe0b27b084a92f8091446da1a66e,4QB3,igb1_di4_salt0_st0,-30.1205,3001
3dd7fe0b27b084a92f8091446da1a66e,4QB3,igb1_di4_salt0_st0.0072,-34.6903,3001
3dd7fe0b27b084a92f8091446da1a66e,4QB3,igb2_di1_salt0.15_st0,-17.693,3001
3dd7fe0b27b084a92f8091446da1a66e,4QB3,igb2_di1_salt0.15_st0.0072,-22.2627,3001
3dd7fe0b27b084a92f8091446da1a66e,4QB3,igb2_di1_salt0_st0,-17.6916,3001
3dd7fe0b27b084a92f8091446da1a66e,4QB3,igb2_di1_salt0_st0.0072,-22.2615,3001
3dd7fe0b27b084a92f8091446da1a66e,4QB3,igb2_di2_salt0.15_st0,-25.4344,3001
3dd7fe0b27b084a92f8091446da1a66e,4QB3,igb2_di2_salt0.15_st0.0072,-30.0042,3001
3dd7fe0b27b084a92f8091446da1a66e,4QB3,igb2_di2_salt0_st0,-25.4332,3001
3dd7fe0b27b084a92f8091446da1a66e,4QB3,igb2_di2_salt0_st0.0072,-30.0031,3001
3dd7fe0b27b084a92f8091446da1a66e,4QB3,igb2_di4_salt0.15_st0,-29.3052,3001
3dd7fe0b27b084a92f8091446da1a66e,4QB3,igb2_di4_salt0.15_st0.0072,-33.875,3001
3dd7fe0b27b084a92f8091446da1a66e,4QB3,igb2_di4_salt0_st0,-29.304,3001
3dd7fe0b27b084a92f8091446da1a66e,4QB3,igb2_di4_salt0_st0.0072,-33.8738,3001
3dd7fe0b27b084a92f8091446da1a66e,4QB3,igb5_di1_salt0.15_st0,-18.1763,3001
3dd7fe0b27b084a92f8091446da1a66e,4QB3,igb5_di1_salt0.15_st0.0072,-22.7461,3001
3dd7fe0b27b084a92f8091446da1a66e,4QB3,igb5_di1_salt0_st0,-18.1745,3001
3dd7fe0b27b084a92f8091446da1a66e,4QB3,igb5_di1_salt0_st0.0072,-22.7443,3001
3dd7fe0b27b084a92f8091446da1a66e,4QB3,igb5_di2_salt0.15_st0,-25.6733,3001
3dd7fe0b27b084a92f8091446da1a66e,4QB3,igb5_di2_salt0.15_st0.0072,-30.2431,3001
3dd7fe0b27b084a92f8091446da1a66e,4QB3,igb5_di2_salt0_st0,-25.6715,3001
3dd7fe0b27b084a92f8091446da1a66e,4QB3,igb5_di2_salt0_st0.0072,-30.2414,3001
3dd7fe0b27b084a92f8091446da1a66e,4QB3,igb5_di4_salt0.15_st0,-29.4217,3001
3dd7fe0b27b084a92f8091446da1a66e,4QB3,igb5_di4_salt0.15_st0.0072,-33.9915,3001
3dd7fe0b27b084a92f8091446da1a66e,4QB3,igb5_di4_salt0_st0,-29.4201,3001
3dd7fe0b27b084a92f8091446da1a66e,4QB3,igb5_di4_salt0_st0.0072,-33.9898,3001
3dd7fe0b27b084a92f8091446da1a66e,4QB3,igb8_di1_salt0.15_st0,-19.4741,3001
3dd7fe0b27b084a92f8091446da1a66e,4QB3,igb8_di1_salt0.15_st0.0072,-24.0439,3001
3dd7fe0b27b084a92f8091446da1a66e,4QB3,igb8_di1_salt0_st0,-19.4713,3001
3dd7fe0b27b084a92f8091446da1a66e,4QB3,igb8_di1_salt0_st0.0072,-24.0411,3001
3dd7fe0b27b084a92f8091446da1a66e,4QB3,igb8_di2_salt0.15_st0,-26.3141,3001
3dd7fe0b27b084a92f8091446da1a66e,4QB3,igb8_di2_salt0.15_st0.0072,-30.8841,3001
3dd7fe0b27b084a92f8091446da1a66e,4QB3,igb8_di2_salt0_st0,-26.3116,3001
3dd7fe0b27b084a92f8091446da1a66e,4QB3,igb8_di2_salt0_st0.0072,-30.8814,3001
3dd7fe0b27b084a92f8091446da1a66e,4QB3,igb8_di4_salt0.15_st0,-29.7345,3001
3dd7fe0b27b084a92f8091446da1a66e,4QB3,igb8_di4_salt0.15_st0.0072,-34.3042,3001
3dd7fe0b27b084a92f8091446da1a66e,4QB3,igb8_di4_salt0_st0,-29.7317,3001
3dd7fe0b27b084a92f8091446da1a66e,4QB3,igb8_di4_salt0_st0.0072,-34.3015,3001
3f4c270aff052556802e3ea59a80940f,8ELC,igb1_di1_salt0.15_st0,-20.2608,3001
3f4c270aff052556802e3ea59a80940f,8ELC,igb1_di1_salt0.15_st0.0072,-23.4142,3001
3f4c270aff052556802e3ea59a80940f,8ELC,igb1_di1_salt0_st0,-20.2613,3001
3f4c270aff052556802e3ea59a80940f,8ELC,igb1_di1_salt0_st0.0072,-23.4146,3001
3f4c270aff052556802e3ea59a80940f,8ELC,igb1_di2_salt0.15_st0,-22.4972,3001
3f4c270aff052556802e3ea59a80940f,8ELC,igb1_di2_salt0.15_st0.0072,-25.6506,3001
3f4c270aff052556802e3ea59a80940f,8ELC,igb1_di2_salt0_st0,-22.4976,3001
3f4c270aff052556802e3ea59a80940f,8ELC,igb1_di2_salt0_st0.0072,-25.6509,3001
3f4c270aff052556802e3ea59a80940f,8ELC,igb1_di4_salt0.15_st0,-23.6154,3001
3f4c270aff052556802e3ea59a80940f,8ELC,igb1_di4_salt0.15_st0.0072,-26.7687,3001
3f4c270aff052556802e3ea59a80940f,8ELC,igb1_di4_salt0_st0,-23.6157,3001
3f4c270aff052556802e3ea59a80940f,8ELC,igb1_di4_salt0_st0.0072,-26.7692,3001
3f4c270aff052556802e3ea59a80940f,8ELC,igb2_di1_salt0.15_st0,-18.0428,3001
3f4c270aff052556802e3ea59a80940f,8ELC,igb2_di1_salt0.15_st0.0072,-21.1961,3001
3f4c270aff052556802e3ea59a80940f,8ELC,igb2_di1_salt0_st0,-18.0414,3001
3f4c270aff052556802e3ea59a80940f,8ELC,igb2_di1_salt0_st0.0072,-21.1947,3001
3f4c270aff052556802e3ea59a80940f,8ELC,igb2_di2_salt0.15_st0,-21.4033,3001
3f4c270aff052556802e3ea59a80940f,8ELC,igb2_di2_salt0.15_st0.0072,-24.5567,3001
3f4c270aff052556802e3ea59a80940f,8ELC,igb2_di2_salt0_st0,-21.402,3001
3f4c270aff052556802e3ea59a80940f,8ELC,igb2_di2_salt0_st0.0072,-24.5553,3001
3f4c270aff052556802e3ea59a80940f,8ELC,igb2_di4_salt0.15_st0,-23.0837,3001
3f4c270aff052556802e3ea59a80940f,8ELC,igb2_di4_salt0.15_st0.0072,-26.2371,3001
3f4c270aff052556802e3ea59a80940f,8ELC,igb2_di4_salt0_st0,-23.0823,3001
3f4c270aff052556802e3ea59a80940f,8ELC,igb2_di4_salt0_st0.0072,-26.2357,3001
3f4c270aff052556802e3ea59a80940f,8ELC,igb5_di1_salt0.15_st0,-19.5583,3001
3f4c270aff052556802e3ea59a80940f,8ELC,igb5_di1_salt0.15_st0.0072,-22.7117,3001
3f4c270aff052556802e3ea59a80940f,8ELC,igb5_di1_salt0_st0,-19.555,3001
3f4c270aff052556802e3ea59a80940f,8ELC,igb5_di1_salt0_st0.0072,-22.7084,3001
3f4c270aff052556802e3ea59a80940f,8ELC,igb5_di2_salt0.15_st0,-22.1524,3001
3f4c270aff052556802e3ea59a80940f,8ELC,igb5_di2_salt0.15_st0.0072,-25.3057,3001
3f4c270aff052556802e3ea59a80940f,8ELC,igb5_di2_salt0_st0,-22.1491,3001
3f4c270aff052556802e3ea59a80940f,8ELC,igb5_di2_salt0_st0.0072,-25.3025,3001
3f4c270aff052556802e3ea59a80940f,8ELC,igb5_di4_salt0.15_st0,-23.4494,3001
3f4c270aff052556802e3ea59a80940f,8ELC,igb5_di4_salt0.15_st0.0072,-26.6027,3001
3f4c270aff052556802e3ea59a80940f,8ELC,igb5_di4_salt0_st0,-23.4461,3001
3f4c270aff052556802e3ea59a80940f,8ELC,igb5_di4_salt0_st0.0072,-26.5995,3001
3f4c270aff052556802e3ea59a80940f,8ELC,igb8_di1_salt0.15_st0,-16.6667,3001
3f4c270aff052556802e3ea59a80940f,8ELC,igb8_di1_salt0.15_st0.0072,-19.8201,3001
3f4c270aff052556802e3ea59a80940f,8ELC,igb8_di1_salt0_st0,-16.6675,3001
3f4c270aff052556802e3ea59a80940f,8ELC,igb8_di1_salt0_st0.0072,-19.8209,3001
3f4c270aff052556802e3ea59a80940f,8ELC,igb8_di2_salt0.15_st0,-20.7232,3001
3f4c270aff052556802e3ea59a80940f,8ELC,igb8_di2_salt0.15_st0.0072,-23.8766,3001
3f4c270aff052556802e3ea59a80940f,8ELC,igb8_di2_salt0_st0,-20.724,3001
3f4c270aff052556802e3ea59a80940f,8ELC,igb8_di2_salt0_st0.0072,-23.8773,3001
3f4c270aff052556802e3ea59a80940f,8ELC,igb8_di4_salt0.15_st0,-22.7514,3001
3f4c270aff052556802e3ea59a80940f,8ELC,igb8_di4_salt0.15_st0.0072,-25.9047,3001
3f4c270aff052556802e3ea59a80940f,8ELC,igb8_di4_salt0_st0,-22.7522,3001
3f4c270aff052556802e3ea59a80940f,8ELC,igb8_di4_salt0_st0.0072,-25.9055,3001
3f6e40d3068fb0fd99bfa763ed0ca2bb,3I06,igb1_di1_salt0.15_st0,-11.188,3001
3f6e40d3068fb0fd99bfa763ed0ca2bb,3I06,igb1_di1_salt0.15_st0.0072,-13.675,3001
3f6e40d3068fb0fd99bfa763ed0ca2bb,3I06,igb1_di1_salt0_st0,-11.1949,3001
3f6e40d3068fb0fd99bfa763ed0ca2bb,3I06,igb1_di1_salt0_st0.0072,-13.682,3001
3f6e40d3068fb0fd99bfa763ed0ca2bb,3I06,igb1_di2_salt0.15_st0,-14.897,3001
3f6e40d3068fb0fd99bfa763ed0ca2bb,3I06,igb1_di2_salt0.15_st0.0072,-17.384,3001
3f6e40d3068fb0fd99bfa763ed0ca2bb,3I06,igb1_di2_salt0_st0,-14.904,3001
3f6e40d3068fb0fd99bfa763ed0ca2bb,3I06,igb1_di2_salt0_st0.0072,-17.391,3001
3f6e40d3068fb0fd99bfa763ed0ca2bb,3I06,igb1_di4_salt0.15_st0,-16.7516,3001
3f6e40d3068fb0fd99bfa763ed0ca2bb,3I06,igb1_di4_salt0.15_st0.0072,-19.2384,3001
3f6e40d3068fb0fd99bfa763ed0ca2bb,3I06,igb1_di4_salt0_st0,-16.7585,3001
3f6e40d3068fb0fd99bfa763ed0ca2bb,3I06,igb1_di4_salt0_st0.0072,-19.2455,3001
3f6e40d3068fb0fd99bfa763ed0ca2bb,3I06,igb2_di1_salt0.15_st0,-9.4602,3001
3f6e40d3068fb0fd99bfa763ed0ca2bb,3I06,igb2_di1_salt0.15_st0.0072,-11.9471,3001
3f6e40d3068fb0fd99bfa763ed0ca2bb,3I06,igb2_di1_salt0_st0,-9.4671,3001
3f6e40d3068fb0fd99bfa763ed0ca2bb,3I06,igb2_di1_salt0_st0.0072,-11.9542,3001
3f6e40d3068fb0fd99bfa763ed0ca2bb,3I06,igb2_di2_salt0.15_st0,-14.0443,3001
3f6e40d3068fb0fd99bfa763ed0ca2bb,3I06,igb2_di2_salt0.15_st0.0072,-16.5312,3001
3f6e40d3068fb0fd99bfa763ed0ca2bb,3I06,igb2_di2_salt0_st0,-14.0512,3001
3f6e40d3068fb0fd99bfa763ed0ca2bb,3I06,igb2_di2_salt0_st0.0072,-16.5383,3001
3f6e40d3068fb0fd99bfa763ed0ca2bb,3I06,igb2_di4_salt0.15_st0,-16.3363,3001
3f6e40d3068fb0fd99bfa763ed0ca2bb,3I06,igb2_di4_salt0.15_st0.0072,-18.8233,3001
3f6e40d3068fb0fd99bfa763ed0ca2bb,3I06,igb2_di4_salt0_st0,-16.3432,3001
3f6e40d3068fb0fd99bfa763ed0ca2bb,3I06,igb2_di4_salt0_st0.0072,-18.8302,3001
3f6e40d3068fb0fd99bfa763ed0ca2bb,3I06,igb5_di1_salt0.15_st0,-9.6546,3001
3f6e40d3068fb0fd99bfa763ed0ca2bb,3I06,igb5_di1_salt0.15_st0.0072,-12.1417,3001
3f6e40d3068fb0fd99bfa763ed0ca2bb,3I06,igb5_di1_salt0_st0,-9.6619,3001
3f6e40d3068fb0fd99bfa763ed0ca2bb,3I06,igb5_di1_salt0_st0.0072,-12.1489,3001
3f6e40d3068fb0fd99bfa763ed0ca2bb,3I06,igb5_di2_salt0.15_st0,-14.1402,3001
3f6e40d3068fb0fd99bfa763ed0ca2bb,3I06,igb5_di2_salt0.15_st0.0072,-16.6271,3001
3f6e40d3068fb0fd99bfa763ed0ca2bb,3I06,igb5_di2_salt0_st0,-14.1474,3001
3f6e40d3068fb0fd99bfa763ed0ca2bb,3I06,igb5_di2_salt0_st0.0072,-16.6343,3001
3f6e40d3068fb0fd99bfa763ed0ca2bb,3I06,igb5_di4_salt0.15_st0,-16.3829,3001
3f6e40d3068fb0fd99bfa763ed0ca2bb,3I06,igb5_di4_salt0.15_st0.0072,-18.8699,3001
3f6e40d3068fb0fd99bfa763ed0ca2bb,3I06,igb5_di4_salt0_st0,-16.39,3001
3f6e40d3068fb0fd99bfa763ed0ca2bb,3I06,igb5_di4_salt0_st0.0072,-18.877,3001
3f6e40d3068fb0fd99bfa763ed0ca2bb,3I06,igb8_di1_salt0.15_st0,-9.9118,3001
3f6e40d3068fb0fd99bfa763ed0ca2bb,3I06,igb8_di1_salt0.15_st0.0072,-12.3987,3001
3f6e40d3068fb0fd99bfa763ed0ca2bb,3I06,igb8_di1_salt0_st0,-9.9188,3001
3f6e40d3068fb0fd99bfa763ed0ca2bb,3I06,igb8_di1_salt0_st0.0072,-12.4058,3001
3f6e40d3068fb0fd99bfa763ed0ca2bb,3I06,igb8_di2_salt0.15_st0,-14.2672,3001
3f6e40d3068fb0fd99bfa763ed0ca2bb,3I06,igb8_di2_salt0.15_st0.0072,-16.7541,3001
3f6e40d3068fb0fd99bfa763ed0ca2bb,3I06,igb8_di2_salt0_st0,-14.2741,3001
3f6e40d3068fb0fd99bfa763ed0ca2bb,3I06,igb8_di2_salt0_st0.0072,-16.7611,3001
3f6e40d3068fb0fd99bfa763ed0ca2bb,3I06,igb8_di4_salt0.15_st0,-16.4448,3001
3f6e40d3068fb0fd99bfa763ed0ca2bb,3I06,igb8_di4_salt0.15_st0.0072,-18.9319,3001
3f6e40d3068fb0fd99bfa763ed0ca2bb,3I06,igb8_di4_salt0_st0,-16.4518,3001
3f6e40d3068fb0fd99bfa763ed0ca2bb,3I06,igb8_di4_salt0_st0.0072,-18.9388,3001
3fa0c6c3d51d517940f2d737b2a070f2,5HU9,igb1_di1_salt0.15_st0,-23.6821,3001
3fa0c6c3d51d517940f2d737b2a070f2,5HU9,igb1_di1_salt0.15_st0.0072,-27.7624,3001
3fa0c6c3d51d517940f2d737b2a070f2,5HU9,igb1_di1_salt0_st0,-23.681,3001
3fa0c6c3d51d517940f2d737b2a070f2,5HU9,igb1_di1_salt0_st0.0072,-27.7615,3001
3fa0c6c3d51d517940f2d737b2a070f2,5HU9,igb1_di2_salt0.15_st0,-28.4643,3001
3fa0c6c3d51d517940f2d737b2a070f2,5HU9,igb1_di2_salt0.15_st0.0072,-32.5448,3001
3fa0c6c3d51d517940f2d737b2a070f2,5HU9,igb1_di2_salt0_st0,-28.4634,3001
3fa0c6c3d51d517940f2d737b2a070f2,5HU9,igb1_di2_salt0_st0.0072,-32.5438,3001
3fa0c6c3d51d517940f2d737b2a070f2,5HU9,igb1_di4_salt0.15_st0,-30.8554,3001
3fa0c6c3d51d517940f2d737b2a070f2,5HU9,igb1_di4_salt0.15_st0.0072,-34.9359,3001
3fa0c6c3d51d517940f2d737b2a070f2,5HU9,igb1_di4_salt0_st0,-30.8544,3001
3fa0c6c3d51d517940f2d737b2a070f2,5HU9,igb1_di4_salt0_st0.0072,-34.9349,3001
3fa0c6c3d51d517940f2d737b2a070f2,5HU9,igb2_di1_salt0.15_st0,-19.8549,3001
3fa0c6c3d51d517940f2d737b2a070f2,5HU9,igb2_di1_salt0.15_st0.0072,-23.9354,3001
3fa0c6c3d51d517940f2d737b2a070f2,5HU9,igb2_di1_salt0_st0,-19.8541,3001
3fa0c6c3d51d517940f2d737b2a070f2,5HU9,igb2_di1_salt0_st0.0072,-23.9346,3001
3fa0c6c3d51d517940f2d737b2a070f2,5HU9,igb2_di2_salt0.15_st0,-26.5754,3001
3fa0c6c3d51d517940f2d737b2a070f2,5HU9,igb2_di2_salt0.15_st0.0072,-30.6559,3001
3fa0c6c3d51d517940f2d737b2a070f2,5HU9,igb2_di2_salt0_st0,-26.5745,3001
3fa0c6c3d51d517940f2d737b2a070f2,5HU9,igb2_di2_salt0_st0.0072,-30.655,3001
3fa0c6c3d51d517940f2d737b2a070f2,5HU9,igb2_di4_salt0.15_st0,-29.9356,3001
3fa0c6c3d51d517940f2d737b2a070f2,5HU9,igb2_di4_salt0.15_st0.0072,-34.0161,3001
3fa0c6c3d51d517940f2d737b2a070f2,5HU9,igb2_di4_salt0_st0,-29.9349,3001
3fa0c6c3d51d517940f2d737b2a070f2,5HU9,igb2_di4_salt0_st0.0072,-34.0152,3001
3fa0c6c3d51d517940f2d737b2a070f2,5HU9,igb5_di1_salt0.15_st0,-20.5466,3001
3fa0c6c3d51d517940f2d737b2a070f2,5HU9,igb5_di1_salt0.15_st0.0072,-24.627,3001
3fa0c6c3d51d517940f2d737b2a070f2,5HU9,igb5_di1_salt0_st0,-20.5468,3001
3fa0c6c3d51d517940f2d737b2a070f2,5HU9,igb5_di1_salt0_st0.0072,-24.6273,3001
3fa0c6c3d51d517940f2d737b2a070f2,5HU9,igb5_di2_salt0.15_st0,-26.9163,3001
3fa0c6c3d51d517940f2d737b2a070f2,5HU9,igb5_di2_salt0.15_st0.0072,-30.9966,3001
3fa0c6c3d51d517940f2d737b2a070f2,5HU9,igb5_di2_salt0_st0,-26.9163,3001
3fa0c6c3d51d517940f2d737b2a070f2,5HU9,igb5_di2_salt0_st0.0072,-30.9969,3001
3fa0c6c3d51d517940f2d737b2a070f2,5HU9,igb5_di4_salt0.15_st0,-30.101,3001
3fa0c6c3d51d517940f2d737b2a070f2,5HU9,igb5_di4_salt0.15_st0.0072,-34.1814,3001
3fa0c6c3d51d517940f2d737b2a070f2,5HU9,igb5_di4_salt0_st0,-30.1013,3001
3fa0c6c3d51d517940f2d737b2a070f2,5HU9,igb5_di4_salt0_st0.0072,-34.1817,3001
3fa0c6c3d51d517940f2d737b2a070f2,5HU9,igb8_di1_salt0.15_st0,-16.467,3001
3fa0c6c3d51d517940f2d737b2a070f2,5HU9,igb8_di1_salt0.15_st0.0072,-20.5475,3001
3fa0c6c3d51d517940f2d737b2a070f2,5HU9,igb8_di1_salt0_st0,-16.4725,3001
3fa0c6c3d51d517940f2d737b2a070f2,5HU9,igb8_di1_salt0_st0.0072,-20.5529,3001
3fa0c6c3d51d517940f2d737b2a070f2,5HU9,igb8_di2_salt0.15_st0,-24.9002,3001
3fa0c6c3d51d517940f2d737b2a070f2,5HU9,igb8_di2_salt0.15_st0.0072,-28.9806,3001
3fa0c6c3d51d517940f2d737b2a070f2,5HU9,igb8_di2_salt0_st0,-24.9055,3001
3fa0c6c3d51d517940f2d737b2a070f2,5HU9,igb8_di2_salt0_st0.0072,-28.986,3001
3fa0c6c3d51d517940f2d737b2a070f2,5HU9,igb8_di4_salt0.15_st0,-29.1167,3001
3fa0c6c3d51d517940f2d737b2a070f2,5HU9,igb8_di4_salt0.15_st0.0072,-33.1972,3001
3fa0c6c3d51d517940f2d737b2a070f2,5HU9,igb8_di4_salt0_st0,-29.1221,3001
3fa0c6c3d51d517940f2d737b2a070f2,5HU9,igb8_di4_salt0_st0.0072,-33.2025,3001
4232bcfa9c606f52c8067ff9e22fe8af,2XU3,igb1_di1_salt0.15_st0,-31.6248,3001
4232bcfa9c606f52c8067ff9e22fe8af,2XU3,igb1_di1_salt0.15_st0.0072,-36.3032,3001
4232bcfa9c606f52c8067ff9e22fe8af,2XU3,igb1_di1_salt0_st0,-31.6345,3001
4232bcfa9c606f52c8067ff9e22fe8af,2XU3,igb1_di1_salt0_st0.0072,-36.313,3001
4232bcfa9c606f52c8067ff9e22fe8af,2XU3,igb1_di2_salt0.15_st0,-33.7509,3001
4232bcfa9c606f52c8067ff9e22fe8af,2XU3,igb1_di2_salt0.15_st0.0072,-38.4294,3001
4232bcfa9c606f52c8067ff9e22fe8af,2XU3,igb1_di2_salt0_st0,-33.7608,3001
4232bcfa9c606f52c8067ff9e22fe8af,2XU3,igb1_di2_salt0_st0.0072,-38.4392,3001
4232bcfa9c606f52c8067ff9e22fe8af,2XU3,igb1_di4_salt0.15_st0,-34.8141,3001
4232bcfa9c606f52c8067ff9e22fe8af,2XU3,igb1_di4_salt0.15_st0.0072,-39.4924,3001
4232bcfa9c606f52c8067ff9e22fe8af,2XU3,igb1_di4_salt0_st0,-34.8239,3001
4232bcfa9c606f52c8067ff9e22fe8af,2XU3,igb1_di4_salt0_st0.0072,-39.5022,3001
4232bcfa9c606f52c8067ff9e22fe8af,2XU3,igb2_di1_salt0.15_st0,-28.062,3001
4232bcfa9c606f52c8067ff9e22fe8af,2XU3,igb2_di1_salt0.15_st0.0072,-32.7402,3001
4232bcfa9c606f52c8067ff9e22fe8af,2XU3,igb2_di1_salt0_st0,-28.0715,3001
4232bcfa9c606f52c8067ff9e22fe8af,2XU3,igb2_di1_salt0_st0.0072,-32.7498,3001
4232bcfa9c606f52c8067ff9e22fe8af,2XU3,igb2_di2_salt0.15_st0,-31.9926,3001
4232bcfa9c606f52c8067ff9e22fe8af,2XU3,igb2_di2_salt0.15_st0.0072,-36.6711,3001
4232bcfa9c606f52c8067ff9e22fe8af,2XU3,igb2_di2_salt0_st0,-32.0022,3001
4232bcfa9c606f52c8067ff9e22fe8af,2XU3,igb2_di2_salt0_st0.0072,-36.6806,3001
4232bcfa9c606f52c8067ff9e22fe8af,2XU3,igb2_di4_salt0.15_st0,-33.958,3001
4232bcfa9c606f52c8067ff9e22fe8af,2XU3,igb2_di4_salt0.15_st0.0072,-38.6364,3001
4232bcfa9c606f52c8067ff9e22fe8af,2XU3,igb2_di4_salt0_st0,-33.9676,3001
4232bcfa9c606f52c8067ff9e22fe8af,2XU3,igb2_di4_salt0_st0.0072,-38.646,3001
4232bcfa9c606f52c8067ff9e22fe8af,2XU3,igb5_di1_salt0.15_st0,-29.5468,3001
4232bcfa9c606f52c8067ff9e22fe8af,2XU3,igb5_di1_salt0.15_st0.0072,-34.2252,3001
4232bcfa9c606f52c8067ff9e22fe8af,2XU3,igb5_di1_salt0_st0,-29.5574,3001
4232bcfa9c606f52c8067ff9e22fe8af,2XU3,igb5_di1_salt0_st0.0072,-34.2358,3001
4232bcfa9c606f52c8067ff9e22fe8af,2XU3,igb5_di2_salt0.15_st0,-32.7249,3001
4232bcfa9c606f52c8067ff9e22fe8af,2XU3,igb5_di2_salt0.15_st0.0072,-37.4033,3001
4232bcfa9c606f52c8067ff9e22fe8af,2XU3,igb5_di2_salt0_st0,-32.7355,3001
4232bcfa9c606f52c8067ff9e22fe8af,2XU3,igb5_di2_salt0_st0.0072,-37.414,3001
4232bcfa9c606f52c8067ff9e22fe8af,2XU3,igb5_di4_salt0.15_st0,-34.3141,3001
4232bcfa9c606f52c8067ff9e22fe8af,2XU3,igb5_di4_salt0.15_st0.0072,-38.9924,3001
4232bcfa9c606f52c8067ff9e22fe8af,2XU3,igb5_di4_salt0_st0,-34.3248,3001
4232bcfa9c606f52c8067ff9e22fe8af,2XU3,igb5_di4_salt0_st0.0072,-39.003,3001
4232bcfa9c606f52c8067ff9e22fe8af,2XU3,igb8_di1_salt0.15_st0,-23.006,3001
4232bcfa9c606f52c8067ff9e22fe8af,2XU3,igb8_di1_salt0.15_st0.0072,-27.6844,3001
4232bcfa9c606f52c8067ff9e22fe8af,2XU3,igb8_di1_salt0_st0,-23.0306,3001
4232bcfa9c606f52c8067ff9e22fe8af,2XU3,igb8_di1_salt0_st0.0072,-27.7089,3001
4232bcfa9c606f52c8067ff9e22fe8af,2XU3,igb8_di2_salt0.15_st0,-29.4897,3001
4232bcfa9c606f52c8067ff9e22fe8af,2XU3,igb8_di2_salt0.15_st0.0072,-34.1681,3001
4232bcfa9c606f52c8067ff9e22fe8af,2XU3,igb8_di2_salt0_st0,-29.5143,3001
4232bcfa9c606f52c8067ff9e22fe8af,2XU3,igb8_di2_salt0_st0.0072,-34.1927,3001
4232bcfa9c606f52c8067ff9e22fe8af,2XU3,igb8_di4_salt0.15_st0,-32.7316,3001
4232bcfa9c606f52c8067ff9e22fe8af,2XU3,igb8_di4_salt0.15_st0.0072,-37.41,3001
4232bcfa9c606f52c8067ff9e22fe8af,2XU3,igb8_di4_salt0_st0,-32.7561,3001
4232bcfa9c606f52c8067ff9e22fe8af,2XU3,igb8_di4_salt0_st0.0072,-37.4345,3001
424689a2bad294c9a4d19ed5924324de,2XU3,igb1_di1_salt0.15_st0,-25.085,3001
424689a2bad294c9a4d19ed5924324de,2XU3,igb1_di1_salt0.15_st0.0072,-29.5524,3001
424689a2bad294c9a4d19ed5924324de,2XU3,igb1_di1_salt0_st0,-25.084,3001
424689a2bad294c9a4d19ed5924324de,2XU3,igb1_di1_salt0_st0.0072,-29.5513,3001
424689a2bad294c9a4d19ed5924324de,2XU3,igb1_di2_salt0.15_st0,-28.0403,3001
424689a2bad294c9a4d19ed5924324de,2XU3,igb1_di2_salt0.15_st0.0072,-32.5075,3001
424689a2bad294c9a4d19ed5924324de,2XU3,igb1_di2_salt0_st0,-28.0392,3001
424689a2bad294c9a4d19ed5924324de,2XU3,igb1_di2_salt0_st0.0072,-32.5064,3001
424689a2bad294c9a4d19ed5924324de,2XU3,igb1_di4_salt0.15_st0,-29.5177,3001
424689a2bad294c9a4d19ed5924324de,2XU3,igb1_di4_salt0.15_st0.0072,-33.9852,3001
424689a2bad294c9a4d19ed5924324de,2XU3,igb1_di4_salt0_st0,-29.5169,3001
424689a2bad294c9a4d19ed5924324de,2XU3,igb1_di4_salt0_st0.0072,-33.984,3001
424689a2bad294c9a4d19ed5924324de,2XU3,igb2_di1_salt0.15_st0,-20.4757,3001
424689a2bad294c9a4d19ed5924324de,2XU3,igb2_di1_salt0.15_st0.0072,-24.943,3001
424689a2bad294c9a4d19ed5924324de,2XU3,igb2_di1_salt0_st0,-20.4738,3001
424689a2bad294c9a4d19ed5924324de,2XU3,igb2_di1_salt0_st0.0072,-24.9412,3001
424689a2bad294c9a4d19ed5924324de,2XU3,igb2_di2_salt0.15_st0,-25.7657,3001
424689a2bad294c9a4d19ed5924324de,2XU3,igb2_di2_salt0.15_st0.0072,-30.233,3001
424689a2bad294c9a4d19ed5924324de,2XU3,igb2_di2_salt0_st0,-25.7637,3001
424689a2bad294c9a4d19ed5924324de,2XU3,igb2_di2_salt0_st0.0072,-30.2312,3001
424689a2bad294c9a4d19ed5924324de,2XU3,igb2_di4_salt0.15_st0,-28.4108,3001
424689a2bad294c9a4d19ed5924324de,2XU3,igb2_di4_salt0.15_st0.0072,-32.8781,3001
424689a2bad294c9a4d19ed5924324de,2XU3,igb2_di4_salt0_st0,-28.4088,3001
424689a2bad294c9a4d19ed5924324de,2XU3,igb2_di4_salt0_st0.0072,-32.8762,3001
424689a2bad294c9a4d19ed5924324de,2XU3,igb5_di1_salt0.15_st0,-22.0275,3001
424689a2bad294c9a4d19ed5924324de,2XU3,igb5_di1_salt0.15_st0.0072,-26.4949,3001
424689a2bad294c9a4d19ed5924324de,2XU3,igb5_di1_salt0_st0,-22.0253,3001
424689a2bad294c9a4d19ed5924324de,2XU3,igb5_di1_salt0_st0.0072,-26.4927,3001
424689a2bad294c9a4d19ed5924324de,2XU3,igb5_di2_salt0.15_st0,-26.5319,3001
424689a2bad294c9a4d19ed5924324de,2XU3,igb5_di2_salt0.15_st0.0072,-30.9991,3001
424689a2bad294c9a4d19ed5924324de,2XU3,igb5_di2_salt0_st0,-26.5295,3001
424689a2bad294c9a4d19ed5924324de,2XU3,igb5_di2_salt0_st0.0072,-30.9969,3001
424689a2bad294c9a4d19ed5924324de,2XU3,igb5_di4_salt0.15_st0,-28.7839,3001
424689a2bad294c9a4d19ed5924324de,2XU3,igb5_di4_salt0.15_st0.0072,-33.2513,3001
424689a2bad294c9a4d19ed5924324de,2XU3,igb5_di4_salt0_st0,-28.7816,3001
424689a2bad294c9a4d19ed5924324de,2XU3,igb5_di4_salt0_st0.0072,-33.249,3001
424689a2bad294c9a4d19ed5924324de,2XU3,igb8_di1_salt0.15_st0,-21.3375,3001
424689a2bad294c9a4d19ed5924324de,2XU3,igb8_di1_salt0.15_st0.0072,-25.8049,3001
424689a2bad294c9a4d19ed5924324de,2XU3,igb8_di1_salt0_st0,-21.3381,3001
424689a2bad294c9a4d19ed5924324de,2XU3,igb8_di1_salt0_st0.0072,-25.8054,3001
424689a2bad294c9a4d19ed5924324de,2XU3,igb8_di2_salt0.15_st0,-26.1898,3001
424689a2bad294c9a4d19ed5924324de,2XU3,igb8_di2_salt0.15_st0.0072,-30.6571,3001
424689a2bad294c9a4d19ed5924324de,2XU3,igb8_di2_salt0_st0,-26.1903,3001
424689a2bad294c9a4d19ed5924324de,2XU3,igb8_di2_salt0_st0.0072,-30.6576,3001
424689a2bad294c9a4d19ed5924324de,2XU3,igb8_di4_salt0.15_st0,-28.6159,3001
424689a2bad294c9a4d19ed5924324de,2XU3,igb8_di4_salt0.15_st0.0072,-33.0832,3001
424689a2bad294c9a4d19ed5924324de,2XU3,igb8_di4_salt0_st0,-28.6165,3001
424689a2bad294c9a4d19ed5924324de,2XU3,igb8_di4_salt0_st0.0072,-33.0838,3001
427745a99482f89e2af213daac24f2c4,5HU9,igb1_di1_salt0.15_st0,-10.321,3001
427745a99482f89e2af213daac24f2c4,5HU9,igb1_di1_salt0.15_st0.0072,-12.3384,3001
427745a99482f89e2af213daac24f2c4,5HU9,igb1_di1_salt0_st0,-10.3256,3001
427745a99482f89e2af213daac24f2c4,5HU9,igb1_di1_salt0_st0.0072,-12.3429,3001
427745a99482f89e2af213daac24f2c4,5HU9,igb1_di2_salt0.15_st0,-12.9971,3001
427745a99482f89e2af213daac24f2c4,5HU9,igb1_di2_salt0.15_st0.0072,-15.0145,3001
427745a99482f89e2af213daac24f2c4,5HU9,igb1_di2_salt0_st0,-13.0018,3001
427745a99482f89e2af213daac24f2c4,5HU9,igb1_di2_salt0_st0.0072,-15.0191,3001
427745a99482f89e2af213daac24f2c4,5HU9,igb1_di4_salt0.15_st0,-14.3352,3001
427745a99482f89e2af213daac24f2c4,5HU9,igb1_di4_salt0.15_st0.0072,-16.3527,3001
427745a99482f89e2af213daac24f2c4,5HU9,igb1_di4_salt0_st0,-14.3398,3001
427745a99482f89e2af213daac24f2c4,5HU9,igb1_di4_salt0_st0.0072,-16.3572,3001
427745a99482f89e2af213daac24f2c4,5HU9,igb2_di1_salt0.15_st0,-8.5248,3001
427745a99482f89e2af213daac24f2c4,5HU9,igb2_di1_salt0.15_st0.0072,-10.5422,3001
427745a99482f89e2af213daac24f2c4,5HU9,igb2_di1_salt0_st0,-8.5296,3001
427745a99482f89e2af213daac24f2c4,5HU9,igb2_di1_salt0_st0.0072,-10.5469,3001
427745a99482f89e2af213daac24f2c4,5HU9,igb2_di2_salt0.15_st0,-12.1106,3001
427745a99482f89e2af213daac24f2c4,5HU9,igb2_di2_salt0.15_st0.0072,-14.1281,3001
427745a99482f89e2af213daac24f2c4,5HU9,igb2_di2_salt0_st0,-12.1152,3001
427745a99482f89e2af213daac24f2c4,5HU9,igb2_di2_salt0_st0.0072,-14.1327,3001
427745a99482f89e2af213daac24f2c4,5HU9,igb2_di4_salt0.15_st0,-13.9034,3001
427745a99482f89e2af213daac24f2c4,5HU9,igb2_di4_salt0.15_st0.0072,-15.9209,3001
427745a99482f89e2af213daac24f2c4,5HU9,igb2_di4_salt0_st0,-13.9081,3001
427745a99482f89e2af213daac24f2c4,5HU9,igb2_di4_salt0_st0.0072,-15.9256,3001
427745a99482f89e2af213daac24f2c4,5HU9,igb5_di1_salt0.15_st0,-8.5776,3001
427745a99482f89e2af213daac24f2c4,5HU9,igb5_di1_salt0.15_st0.0072,-10.5949,3001
427745a99482f89e2af213daac24f2c4,5HU9,igb5_di1_salt0_st0,-8.5823,3001
427745a99482f89e2af213daac24f2c4,5HU9,igb5_di1_salt0_st0.0072,-10.5998,3001
427745a99482f89e2af213daac24f2c4,5HU9,igb5_di2_salt0.15_st0,-12.1365,3001
427745a99482f89e2af213daac24f2c4,5HU9,igb5_di2_salt0.15_st0.0072,-14.154,3001
427745a99482f89e2af213daac24f2c4,5HU9,igb5_di2_salt0_st0,-12.1413,3001
427745a99482f89e2af213daac24f2c4,5HU9,igb5_di2_salt0_st0.0072,-14.1588,3001
427745a99482f89e2af213daac24f2c4,5HU9,igb5_di4_salt0.15_st0,-13.9161,3001
427745a99482f89e2af213daac24f2c4,5HU9,igb5_di4_salt0.15_st0.0072,-15.9336,3001
427745a99482f89e2af213daac24f2c4,5HU9,igb5_di4_salt0_st0,-13.9207,3001
427745a99482f89e2af213daac24f2c4,5HU9,igb5_di4_salt0_st0.0072,-15.9383,3001
427745a99482f89e2af213daac24f2c4,5HU9,igb8_di1_salt0.15_st0,-7.3318,3001
427745a99482f89e2af213daac24f2c4,5HU9,igb8_di1_salt0.15_st0.0072,-9.3492,3001
427745a99482f89e2af213daac24f2c4,5HU9,igb8_di1_salt0_st0,-7.339,3001
427745a99482f89e2af213daac24f2c4,5HU9,igb8_di1_salt0_st0.0072,-9.3565,3001
427745a99482f89e2af213daac24f2c4,5HU9,igb8_di2_salt0.15_st0,-11.5205,3001
427745a99482f89e2af213daac24f2c4,5HU9,igb8_di2_salt0.15_st0.0072,-13.5379,3001
427745a99482f89e2af213daac24f2c4,5HU9,igb8_di2_salt0_st0,-11.5278,3001
427745a99482f89e2af213daac24f2c4,5HU9,igb8_di2_salt0_st0.0072,-13.5452,3001
427745a99482f89e2af213daac24f2c4,5HU9,igb8_di4_salt0.15_st0,-13.6149,3001
427745a99482f89e2af213daac24f2c4,5HU9,igb8_di4_salt0.15_st0.0072,-15.6321,3001
427745a99482f89e2af213daac24f2c4,5HU9,igb8_di4_salt0_st0,-13.6222,3001
427745a99482f89e2af213daac24f2c4,5HU9,igb8_di4_salt0_st0.0072,-15.6395,3001
4438f9709f9cecfb7ddd62b05fff9f8d,3I06,igb1_di1_salt0.15_st0,-15.6156,3001
4438f9709f9cecfb7ddd62b05fff9f8d,3I06,igb1_di1_salt0.15_st0.0072,-18.6077,3001
4438f9709f9cecfb7ddd62b05fff9f8d,3I06,igb1_di1_salt0_st0,-15.6435,3001
4438f9709f9cecfb7ddd62b05fff9f8d,3I06,igb1_di1_salt0_st0.0072,-18.6357,3001
4438f9709f9cecfb7ddd62b05fff9f8d,3I06,igb1_di2_salt0.15_st0,-20.0158,3001
4438f9709f9cecfb7ddd62b05fff9f8d,3I06,igb1_di2_salt0.15_st0.0072,-23.0081,3001
4438f9709f9cecfb7ddd62b05fff9f8d,3I06,igb1_di2_salt0_st0,-20.0438,3001
4438f9709f9cecfb7ddd62b05fff9f8d,3I06,igb1_di2_salt0_st0.0072,-23.0359,3001
4438f9709f9cecfb7ddd62b05fff9f8d,3I06,igb1_di4_salt0.15_st0,-22.216,3001
4438f9709f9cecfb7ddd62b05fff9f8d,3I06,igb1_di4_salt0.15_st0.0072,-25.2083,3001
4438f9709f9cecfb7ddd62b05fff9f8d,3I06,igb1_di4_salt0_st0,-22.2439,3001
4438f9709f9cecfb7ddd62b05fff9f8d,3I06,igb1_di4_salt0_st0.0072,-25.2362,3001
4438f9709f9cecfb7ddd62b05fff9f8d,3I06,igb2_di1_salt0.15_st0,-12.8673,3001
4438f9709f9cecfb7ddd62b05fff9f8d,3I06,igb2_di1_salt0.15_st0.0072,-15.8596,3001
4438f9709f9cecfb7ddd62b05fff9f8d,3I06,igb2_di1_salt0_st0,-12.895,3001
4438f9709f9cecfb7ddd62b05fff9f8d,3I06,igb2_di1_salt0_st0.0072,-15.8872,3001
4438f9709f9cecfb7ddd62b05fff9f8d,3I06,igb2_di2_salt0.15_st0,-18.6596,3001
4438f9709f9cecfb7ddd62b05fff9f8d,3I06,igb2_di2_salt0.15_st0.0072,-21.6519,3001
4438f9709f9cecfb7ddd62b05fff9f8d,3I06,igb2_di2_salt0_st0,-18.6873,3001
4438f9709f9cecfb7ddd62b05fff9f8d,3I06,igb2_di2_salt0_st0.0072,-21.6795,3001
4438f9709f9cecfb7ddd62b05fff9f8d,3I06,igb2_di4_salt0.15_st0,-21.5558,3001
4438f9709f9cecfb7ddd62b05fff9f8d,3I06,igb2_di4_salt0.15_st0.0072,-24.5478,3001
4438f9709f9cecfb7ddd62b05fff9f8d,3I06,igb2_di4_salt0_st0,-21.5834,3001
4438f9709f9cecfb7ddd62b05fff9f8d,3I06,igb2_di4_salt0_st0.0072,-24.5756,3001
4438f9709f9cecfb7ddd62b05fff9f8d,3I06,igb5_di1_salt0.15_st0,-13.9753,3001
4438f9709f9cecfb7ddd62b05fff9f8d,3I06,igb5_di1_salt0.15_st0.0072,-16.9676,3001
4438f9709f9cecfb7ddd62b05fff9f8d,3I06,igb5_di1_salt0_st0,-14.0023,3001
4438f9709f9cecfb7ddd62b05fff9f8d,3I06,igb5_di1_salt0_st0.0072,-16.9946,3001
4438f9709f9cecfb7ddd62b05fff9f8d,3I06,igb5_di2_salt0.15_st0,-19.2066,3001
4438f9709f9cecfb7ddd62b05fff9f8d,3I06,igb5_di2_salt0.15_st0.0072,-22.199,3001
4438f9709f9cecfb7ddd62b05fff9f8d,3I06,igb5_di2_salt0_st0,-19.2337,3001
4438f9709f9cecfb7ddd62b05fff9f8d,3I06,igb5_di2_salt0_st0.0072,-22.226,3001
4438f9709f9cecfb7ddd62b05fff9f8d,3I06,igb5_di4_salt0.15_st0,-21.8224,3001
4438f9709f9cecfb7ddd62b05fff9f8d,3I06,igb5_di4_salt0.15_st0.0072,-24.8146,3001
4438f9709f9cecfb7ddd62b05fff9f8d,3I06,igb5_di4_salt0_st0,-21.8495,3001
4438f9709f9cecfb7ddd62b05fff9f8d,3I06,igb5_di4_salt0_st0.0072,-24.8418,3001
4438f9709f9cecfb7ddd62b05fff9f8d,3I06,igb8_di1_salt0.15_st0,-11.3263,3001
4438f9709f9cecfb7ddd62b05fff9f8d,3I06,igb8_di1_salt0.15_st0.0072,-14.3186,3001
4438f9709f9cecfb7ddd62b05fff9f8d,3I06,igb8_di1_salt0_st0,-11.3691,3001
4438f9709f9cecfb7ddd62b05fff9f8d,3I06,igb8_di1_salt0_st0.0072,-14.3613,3001
4438f9709f9cecfb7ddd62b05fff9f8d,3I06,igb8_di2_salt0.15_st0,-17.8915,3001
4438f9709f9cecfb7ddd62b05fff9f8d,3I06,igb8_di2_salt0.15_st0.0072,-20.8837,3001
4438f9709f9cecfb7ddd62b05fff9f8d,3I06,igb8_di2_salt0_st0,-17.9341,3001
4438f9709f9cecfb7ddd62b05fff9f8d,3I06,igb8_di2_salt0_st0.0072,-20.9263,3001
4438f9709f9cecfb7ddd62b05fff9f8d,3I06,igb8_di4_salt0.15_st0,-21.174,3001
4438f9709f9cecfb7ddd62b05fff9f8d,3I06,igb8_di4_salt0.15_st0.0072,-24.1661,3001
4438f9709f9cecfb7ddd62b05fff9f8d,3I06,igb8_di4_salt0_st0,-21.2167,3001
4438f9709f9cecfb7ddd62b05fff9f8d,3I06,igb8_di4_salt0_st0.0072,-24.2089,3001
47a8000e16980306005511b953a06ecf,3I06,igb1_di1_salt0.15_st0,-15.3234,3001
47a8000e16980306005511b953a06ecf,3I06,igb1_di1_salt0.15_st0.0072,-18.7727,3001
47a8000e16980306005511b953a06ecf,3I06,igb1_di1_salt0_st0,-15.3201,3001
47a8000e16980306005511b953a06ecf,3I06,igb1_di1_salt0_st0.0072,-18.7695,3001
47a8000e16980306005511b953a06ecf,3I06,igb1_di2_salt0.15_st0,-20.2531,3001
47a8000e16980306005511b953a06ecf,3I06,igb1_di2_salt0.15_st0.0072,-23.7024,3001
47a8000e16980306005511b953a06ecf,3I06,igb1_di2_salt0_st0,-20.2498,3001
47a8000e16980306005511b953a06ecf,3I06,igb1_di2_salt0_st0.0072,-23.6991,3001
47a8000e16980306005511b953a06ecf,3I06,igb1_di4_salt0.15_st0,-22.7179,3001
47a8000e16980306005511b953a06ecf,3I06,igb1_di4_salt0.15_st0.0072,-26.1671,3001
47a8000e16980306005511b953a06ecf,3I06,igb1_di4_salt0_st0,-22.7147,3001
47a8000e16980306005511b953a06ecf,3I06,igb1_di4_salt0_st0.0072,-26.164,3001
47a8000e16980306005511b953a06ecf,3I06,igb2_di1_salt0.15_st0,-13.1248,3001
47a8000e16980306005511b953a06ecf,3I06,igb2_di1_salt0.15_st0.0072,-16.5741,3001
47a8000e16980306005511b953a06ecf,3I06,igb2_di1_salt0_st0,-13.1213,3001
47a8000e16980306005511b953a06ecf,3I06,igb2_di1_salt0_st0.0072,-16.5707,3001
47a8000e16980306005511b953a06ecf,3I06,igb2_di2_salt0.15_st0,-19.168,3001
47a8000e16980306005511b953a06ecf,3I06,igb2_di2_salt0.15_st0.0072,-22.6174,3001
47a8000e16980306005511b953a06ecf,3I06,igb2_di2_salt0_st0,-19.1646,3001
47a8000e16980306005511b953a06ecf,3I06,igb2_di2_salt0_st0.0072,-22.6139,3001
47a8000e16980306005511b953a06ecf,3I06,igb2_di4_salt0.15_st0,-22.1897,3001
47a8000e16980306005511b953a06ecf,3I06,igb2_di4_salt0.15_st0.0072,-25.639,3001
47a8000e16980306005511b953a06ecf,3I06,igb2_di4_salt0_st0,-22.1863,3001
47a8000e16980306005511b953a06ecf,3I06,igb2_di4_salt0_st0.0072,-25.6355,3001
47a8000e16980306005511b953a06ecf,3I06,igb5_di1_salt0.15_st0,-14.1359,3001
47a8000e16980306005511b953a06ecf,3I06,igb5_di1_salt0.15_st0.0072,-17.5852,3001
47a8000e16980306005511b953a06ecf,3I06,igb5_di1_salt0_st0,-14.1328,3001
47a8000e16980306005511b953a06ecf,3I06,igb5_di1_salt0_st0.0072,-17.5819,3001
47a8000e16980306005511b953a06ecf,3I06,igb5_di2_salt0.15_st0,-19.667,3001
47a8000e16980306005511b953a06ecf,3I06,igb5_di2_salt0.15_st0.0072,-23.1162,3001
47a8000e16980306005511b953a06ecf,3I06,igb5_di2_salt0_st0,-19.6637,3001
47a8000e16980306005511b953a06ecf,3I06,igb5_di2_salt0_st0.0072,-23.1131,3001
47a8000e16980306005511b953a06ecf,3I06,igb5_di4_salt0.15_st0,-22.4324,3001
47a8000e16980306005511b953a06ecf,3I06,igb5_di4_salt0.15_st0.0072,-25.8817,3001
47a8000e16980306005511b953a06ecf,3I06,igb5_di4_salt0_st0,-22.4294,3001
47a8000e16980306005511b953a06ecf,3I06,igb5_di4_salt0_st0.0072,-25.8786,3001
47a8000e16980306005511b953a06ecf,3I06,igb8_di1_salt0.15_st0,-11.7115,3001
47a8000e16980306005511b953a06ecf,3I06,igb8_di1_salt0.15_st0.0072,-15.1608,3001
47a8000e16980306005511b953a06ecf,3I06,igb8_di1_salt0_st0,-11.7285,3001
47a8000e16980306005511b953a06ecf,3I06,igb8_di1_salt0_st0.0072,-15.1777,3001
47a8000e16980306005511b953a06ecf,3I06,igb8_di2_salt0.15_st0,-18.4602,3001
47a8000e16980306005511b953a06ecf,3I06,igb8_di2_salt0.15_st0.0072,-21.9095,3001
47a8000e16980306005511b953a06ecf,3I06,igb8_di2_salt0_st0,-18.4771,3001
47a8000e16980306005511b953a06ecf,3I06,igb8_di2_salt0_st0.0072,-21.9265,3001
47a8000e16980306005511b953a06ecf,3I06,igb8_di4_salt0.15_st0,-21.8346,3001
47a8000e16980306005511b953a06ecf,3I06,igb8_di4_salt0.15_st0.0072,-25.284,3001
47a8000e16980306005511b953a06ecf,3I06,igb8_di4_salt0_st0,-21.8514,3001
47a8000e16980306005511b953a06ecf,3I06,igb8_di4_salt0_st0.0072,-25.3007,3001
47d61683781a3671bead51f8f8e84eb9,5HU9,igb1_di1_salt0.15_st0,-13.227,3001
47d61683781a3671bead51f8f8e84eb9,5HU9,igb1_di1_salt0.15_st0.0072,-16.2457,3001
47d61683781a3671bead51f8f8e84eb9,5HU9,igb1_di1_salt0_st0,-13.2329,3001
47d61683781a3671bead51f8f8e84eb9,5HU9,igb1_di1_salt0_st0.0072,-16.2516,3001
47d61683781a3671bead51f8f8e84eb9,5HU9,igb1_di2_salt0.15_st0,-18.3387,3001
47d61683781a3671bead51f8f8e84eb9,5HU9,igb1_di2_salt0.15_st0.0072,-21.3576,3001
47d61683781a3671bead51f8f8e84eb9,5HU9,igb1_di2_salt0_st0,-18.3446,3001
47d61683781a3671bead51f8f8e84eb9,5HU9,igb1_di2_salt0_st0.0072,-21.3634,3001
47d61683781a3671bead51f8f8e84eb9,5HU9,igb1_di4_salt0.15_st0,-20.8946,3001
47d61683781a3671bead51f8f8e84eb9,5HU9,igb1_di4_salt0.15_st0.0072,-23.9134,3001
47d61683781a3671bead51f8f8e84eb9,5HU9,igb1_di4_salt0_st0,-20.9005,3001
47d61683781a3671bead51f8f8e84eb9,5HU9,igb1_di4_salt0_st0.0072,-23.9194,3001
47d61683781a3671bead51f8f8e84eb9,5HU9,igb2_di1_salt0.15_st0,-10.5358,3001
47d61683781a3671bead51f8f8e84eb9,5HU9,igb2_di1_salt0.15_st0.0072,-13.5546,3001
47d61683781a3671bead51f8f8e84eb9,5HU9,igb2_di1_salt0_st0,-10.5418,3001
47d61683781a3671bead51f8f8e84eb9,5HU9,igb2_di1_salt0_st0.0072,-13.5607,3001
47d61683781a3671bead51f8f8e84eb9,5HU9,igb2_di2_salt0.15_st0,-17.0104,3001
47d61683781a3671bead51f8f8e84eb9,5HU9,igb2_di2_salt0.15_st0.0072,-20.0293,3001
47d61683781a3671bead51f8f8e84eb9,5HU9,igb2_di2_salt0_st0,-17.0165,3001
47d61683781a3671bead51f8f8e84eb9,5HU9,igb2_di2_salt0_st0.0072,-20.0353,3001
47d61683781a3671bead51f8f8e84eb9,5HU9,igb2_di4_salt0.15_st0,-20.2478,3001
47d61683781a3671bead51f8f8e84eb9,5HU9,igb2_di4_salt0.15_st0.0072,-23.2666,3001
47d61683781a3671bead51f8f8e84eb9,5HU9,igb2_di4_salt0_st0,-20.2539,3001
47d61683781a3671bead51f8f8e84eb9,5HU9,igb2_di4_salt0_st0.0072,-23.2727,3001
47d61683781a3671bead51f8f8e84eb9,5HU9,igb5_di1_salt0.15_st0,-10.6409,3001
47d61683781a3671bead51f8f8e84eb9,5HU9,igb5_di1_salt0.15_st0.0072,-13.6597,3001
47d61683781a3671bead51f8f8e84eb9,5HU9,igb5_di1_salt0_st0,-10.6479,3001
47d61683781a3671bead51f8f8e84eb9,5HU9,igb5_di1_salt0_st0.0072,-13.6666,3001
47d61683781a3671bead51f8f8e84eb9,5HU9,igb5_di2_salt0.15_st0,-17.0619,3001
47d61683781a3671bead51f8f8e84eb9,5HU9,igb5_di2_salt0.15_st0.0072,-20.0807,3001
47d61683781a3671bead51f8f8e84eb9,5HU9,igb5_di2_salt0_st0,-17.0689,3001
47d61683781a3671bead51f8f8e84eb9,5HU9,igb5_di2_salt0_st0.0072,-20.0876,3001
47d61683781a3671bead51f8f8e84eb9,5HU9,igb5_di4_salt0.15_st0,-20.2726,3001
47d61683781a3671bead51f8f8e84eb9,5HU9,igb5_di4_salt0.15_st0.0072,-23.2912,3001
47d61683781a3671bead51f8f8e84eb9,5HU9,igb5_di4_salt0_st0,-20.2794,3001
47d61683781a3671bead51f8f8e84eb9,5HU9,igb5_di4_salt0_st0.0072,-23.2982,3001
47d61683781a3671bead51f8f8e84eb9,5HU9,igb8_di1_salt0.15_st0,-10.2417,3001
47d61683781a3671bead51f8f8e84eb9,5HU9,igb8_di1_salt0.15_st0.0072,-13.2603,3001
47d61683781a3671bead51f8f8e84eb9,5HU9,igb8_di1_salt0_st0,-10.2513,3001
47d61683781a3671bead51f8f8e84eb9,5HU9,igb8_di1_salt0_st0.0072,-13.2701,3001
47d61683781a3671bead51f8f8e84eb9,5HU9,igb8_di2_salt0.15_st0,-16.8634,3001
47d61683781a3671bead51f8f8e84eb9,5HU9,igb8_di2_salt0.15_st0.0072,-19.8821,3001
47d61683781a3671bead51f8f8e84eb9,5HU9,igb8_di2_salt0_st0,-16.8732,3001
47d61683781a3671bead51f8f8e84eb9,5HU9,igb8_di2_salt0_st0.0072,-19.8919,3001
47d61683781a3671bead51f8f8e84eb9,5HU9,igb8_di4_salt0.15_st0,-20.1744,3001
47d61683781a3671bead51f8f8e84eb9,5HU9,igb8_di4_salt0.15_st0.0072,-23.1931,3001
47d61683781a3671bead51f8f8e84eb9,5HU9,igb8_di4_salt0_st0,-20.1841,3001
47d61683781a3671bead51f8f8e84eb9,5HU9,igb8_di4_salt0_st0.0072,-23.2028,3001
48a1e72551999e470167671de99c60b0,8ELC,igb1_di1_salt0.15_st0,-23.3385,3001
48a1e72551999e470167671de99c60b0,8ELC,igb1_di1_salt0.15_st0.0072,-27.6295,3001
48a1e72551999e470167671de99c60b0,8ELC,igb1_di1_salt0_st0,-23.3339,3001
48a1e72551999e470167671de99c60b0,8ELC,igb1_di1_salt0_st0.0072,-27.6251,3001
48a1e72551999e470167671de99c60b0,8ELC,igb1_di2_salt0.15_st0,-28.0547,3001
48a1e72551999e470167671de99c60b0,8ELC,igb1_di2_salt0.15_st0.0072,-32.3457,3001
48a1e72551999e470167671de99c60b0,8ELC,igb1_di2_salt0_st0,-28.0502,3001
48a1e72551999e470167671de99c60b0,8ELC,igb1_di2_salt0_st0.0072,-32.3411,3001
48a1e72551999e470167671de99c60b0,8ELC,igb1_di4_salt0.15_st0,-30.4128,3001
48a1e72551999e470167671de99c60b0,8ELC,igb1_di4_salt0.15_st0.0072,-34.7039,3001
48a1e72551999e470167671de99c60b0,8ELC,igb1_di4_salt0_st0,-30.4082,3001
48a1e72551999e470167671de99c60b0,8ELC,igb1_di4_salt0_st0.0072,-34.6992,3001
48a1e72551999e470167671de99c60b0,8ELC,igb2_di1_salt0.15_st0,-20.2764,3001
48a1e72551999e470167671de99c60b0,8ELC,igb2_di1_salt0.15_st0.0072,-24.5675,3001
48a1e72551999e470167671de99c60b0,8ELC,igb2_di1_salt0_st0,-20.272,3001
48a1e72551999e470167671de99c60b0,8ELC,igb2_di1_salt0_st0.0072,-24.5629,3001
48a1e72551999e470167671de99c60b0,8ELC,igb2_di2_salt0.15_st0,-26.5434,3001
48a1e72551999e470167671de99c60b0,8ELC,igb2_di2_salt0.15_st0.0072,-30.8345,3001
48a1e72551999e470167671de99c60b0,8ELC,igb2_di2_salt0_st0,-26.5389,3001
48a1e72551999e470167671de99c60b0,8ELC,igb2_di2_salt0_st0.0072,-30.8299,3001
48a1e72551999e470167671de99c60b0,8ELC,igb2_di4_salt0.15_st0,-29.6769,3001
48a1e72551999e470167671de99c60b0,8ELC,igb2_di4_salt0.15_st0.0072,-33.9678,3001
48a1e72551999e470167671de99c60b0,8ELC,igb2_di4_salt0_st0,-29.6724,3001
48a1e72551999e470167671de99c60b0,8ELC,igb2_di4_salt0_st0.0072,-33.9634,3001
48a1e72551999e470167671de99c60b0,8ELC,igb5_di1_salt0.15_st0,-20.6091,3001
48a1e72551999e470167671de99c60b0,8ELC,igb5_di1_salt0.15_st0.0072,-24.9002,3001
48a1e72551999e470167671de99c60b0,8ELC,igb5_di1_salt0_st0,-20.6071,3001
48a1e72551999e470167671de99c60b0,8ELC,igb5_di1_salt0_st0.0072,-24.8982,3001
48a1e72551999e470167671de99c60b0,8ELC,igb5_di2_salt0.15_st0,-26.7064,3001
48a1e72551999e470167671de99c60b0,8ELC,igb5_di2_salt0.15_st0.0072,-30.9974,3001
48a1e72551999e470167671de99c60b0,8ELC,igb5_di2_salt0_st0,-26.7044,3001
48a1e72551999e470167671de99c60b0,8ELC,igb5_di2_salt0_st0.0072,-30.9954,3001
48a1e72551999e470167671de99c60b0,8ELC,igb5_di4_salt0.15_st0,-29.755,3001
48a1e72551999e470167671de99c60b0,8ELC,igb5_di4_salt0.15_st0.0072,-34.046,3001
48a1e72551999e470167671de99c60b0,8ELC,igb5_di4_salt0_st0,-29.753,3001
48a1e72551999e470167671de99c60b0,8ELC,igb5_di4_salt0_st0.0072,-34.0441,3001
48a1e72551999e470167671de99c60b0,8ELC,igb8_di1_salt0.15_st0,-19.2132,3001
48a1e72551999e470167671de99c60b0,8ELC,igb8_di1_salt0.15_st0.0072,-23.5041,3001
48a1e72551999e470167671de99c60b0,8ELC,igb8_di1_salt0_st0,-19.2101,3001
48a1e72551999e470167671de99c60b0,8ELC,igb8_di1_salt0_st0.0072,-23.5011,3001
48a1e72551999e470167671de99c60b0,8ELC,igb8_di2_salt0.15_st0,-26.0179,3001
48a1e72551999e470167671de99c60b0,8ELC,igb8_di2_salt0.15_st0.0072,-30.3088,3001
48a1e72551999e470167671de99c60b0,8ELC,igb8_di2_salt0_st0,-26.0149,3001
48a1e72551999e470167671de99c60b0,8ELC,igb8_di2_salt0_st0.0072,-30.3059,3001
48a1e72551999e470167671de99c60b0,8ELC,igb8_di4_salt0.15_st0,-29.4202,3001
48a1e72551999e470167671de99c60b0,8ELC,igb8_di4_salt0.15_st0.0072,-33.7113,3001
48a1e72551999e470167671de99c60b0,8ELC,igb8_di4_salt0_st0,-29.4173,3001
48a1e72551999e470167671de99c60b0,8ELC,igb8_di4_salt0_st0.0072,-33.7082,3001
492b610efd391e76c199bfed5b16cf2a,4QB3,igb1_di1_salt0.15_st0,-15.5011,3001
492b610efd391e76c199bfed5b16cf2a,4QB3,igb1_di1_salt0.15_st0.0072,-18.9398,3001
492b610efd391e76c199bfed5b16cf2a,4QB3,igb1_di1_salt0_st0,-15.5016,3001
492b610efd391e76c199bfed5b16cf2a,4QB3,igb1_di1_salt0_st0.0072,-18.9403,3001
492b610efd391e76c199bfed5b16cf2a,4QB3,igb1_di2_salt0.15_st0,-20.4983,3001
492b610efd391e76c199bfed5b16cf2a,4QB3,igb1_di2_salt0.15_st0.0072,-23.9369,3001
492b610efd391e76c199bfed5b16cf2a,4QB3,igb1_di2_salt0_st0,-20.499,3001
492b610efd391e76c199bfed5b16cf2a,4QB3,igb1_di2_salt0_st0.0072,-23.9375,3001
492b610efd391e76c199bfed5b16cf2a,4QB3,igb1_di4_salt0.15_st0,-22.9971,3001
492b610efd391e76c199bfed5b16cf2a,4QB3,igb1_di4_salt0.15_st0.0072,-26.4355,3001
492b610efd391e76c199bfed5b16cf2a,4QB3,igb1_di4_salt0_st0,-22.9976,3001
492b610efd391e76c199bfed5b16cf2a,4QB3,igb1_di4_salt0_st0.0072,-26.4363,3001
492b610efd391e76c199bfed5b16cf2a,4QB3,igb2_di1_salt0.15_st0,-12.3475,3001
492b610efd391e76c199bfed5b16cf2a,4QB3,igb2_di1_salt0.15_st0.0072,-15.786,3001
492b610efd391e76c199bfed5b16cf2a,4QB3,igb2_di1_salt0_st0,-12.3482,3001
492b610efd391e76c199bfed5b16cf2a,4QB3,igb2_di1_salt0_st0.0072,-15.7868,3001
492b610efd391e76c199bfed5b16cf2a,4QB3,igb2_di2_salt0.15_st0,-18.9418,3001
492b610efd391e76c199bfed5b16cf2a,4QB3,igb2_di2_salt0.15_st0.0072,-22.3806,3001
492b610efd391e76c199bfed5b16cf2a,4QB3,igb2_di2_salt0_st0,-18.9426,3001
492b610efd391e76c199bfed5b16cf2a,4QB3,igb2_di2_salt0_st0.0072,-22.3812,3001
492b610efd391e76c199bfed5b16cf2a,4QB3,igb2_di4_salt0.15_st0,-22.2391,3001
492b610efd391e76c199bfed5b16cf2a,4QB3,igb2_di4_salt0.15_st0.0072,-25.6776,3001
492b610efd391e76c199bfed5b16cf2a,4QB3,igb2_di4_salt0_st0,-22.2397,3001
492b610efd391e76c199bfed5b16cf2a,4QB3,igb2_di4_salt0_st0.0072,-25.6783,3001
492b610efd391e76c199bfed5b16cf2a,4QB3,igb5_di1_salt0.15_st0,-13.3481,3001
492b610efd391e76c199bfed5b16cf2a,4QB3,igb5_di1_salt0.15_st0.0072,-16.7868,3001
492b610efd391e76c199bfed5b16cf2a,4QB3,igb5_di1_salt0_st0,-13.3477,3001
492b610efd391e76c199bfed5b16cf2a,4QB3,igb5_di1_salt0_st0.0072,-16.7863,3001
492b610efd391e76c199bfed5b16cf2a,4QB3,igb5_di2_salt0.15_st0,-19.4362,3001
492b610efd391e76c199bfed5b16cf2a,4QB3,igb5_di2_salt0.15_st0.0072,-22.8748,3001
492b610efd391e76c199bfed5b16cf2a,4QB3,igb5_di2_salt0_st0,-19.436,3001
492b610efd391e76c199bfed5b16cf2a,4QB3,igb5_di2_salt0_st0.0072,-22.8746,3001
492b610efd391e76c199bfed5b16cf2a,4QB3,igb5_di4_salt0.15_st0,-22.4803,3001
492b610efd391e76c199bfed5b16cf2a,4QB3,igb5_di4_salt0.15_st0.0072,-25.9189,3001
492b610efd391e76c199bfed5b16cf2a,4QB3,igb5_di4_salt0_st0,-22.4799,3001
492b610efd391e76c199bfed5b16cf2a,4QB3,igb5_di4_salt0_st0.0072,-25.9186,3001
492b610efd391e76c199bfed5b16cf2a,4QB3,igb8_di1_salt0.15_st0,-13.5452,3001
492b610efd391e76c199bfed5b16cf2a,4QB3,igb8_di1_salt0.15_st0.0072,-16.984,3001
492b610efd391e76c199bfed5b16cf2a,4QB3,igb8_di1_salt0_st0,-13.5455,3001
492b610efd391e76c199bfed5b16cf2a,4QB3,igb8_di1_salt0_st0.0072,-16.9842,3001
492b610efd391e76c199bfed5b16cf2a,4QB3,igb8_di2_salt0.15_st0,-19.5333,3001
492b610efd391e76c199bfed5b16cf2a,4QB3,igb8_di2_salt0.15_st0.0072,-22.9719,3001
492b610efd391e76c199bfed5b16cf2a,4QB3,igb8_di2_salt0_st0,-19.5334,3001
492b610efd391e76c199bfed5b16cf2a,4QB3,igb8_di2_salt0_st0.0072,-22.9722,3001
492b610efd391e76c199bfed5b16cf2a,4QB3,igb8_di4_salt0.15_st0,-22.5273,3001
492b610efd391e76c199bfed5b16cf2a,4QB3,igb8_di4_salt0.15_st0.0072,-25.9658,3001
492b610efd391e76c199bfed5b16cf2a,4QB3,igb8_di4_salt0_st0,-22.5275,3001
492b610efd391e76c199bfed5b16cf2a,4QB3,igb8_di4_salt0_st0.0072,-25.9661,3001
4a67881e46b87364ec2e0ec7cbbf0bec,3I06,igb1_di1_salt0.15_st0,-17.3632,3001
4a67881e46b87364ec2e0ec7cbbf0bec,3I06,igb1_di1_salt0.15_st0.0072,-21.2176,3001
4a67881e46b87364ec2e0ec7cbbf0bec,3I06,igb1_di1_salt0_st0,-17.3687,3001
4a67881e46b87364ec2e0ec7cbbf0bec,3I06,igb1_di1_salt0_st0.0072,-21.2233,3001
4a67881e46b87364ec2e0ec7cbbf0bec,3I06,igb1_di2_salt0.15_st0,-22.8384,3001
4a67881e46b87364ec2e0ec7cbbf0bec,3I06,igb1_di2_salt0.15_st0.0072,-26.6929,3001
4a67881e46b87364ec2e0ec7cbbf0bec,3I06,igb1_di2_salt0_st0,-22.844,3001
4a67881e46b87364ec2e0ec7cbbf0bec,3I06,igb1_di2_salt0_st0.0072,-26.6984,3001
4a67881e46b87364ec2e0ec7cbbf0bec,3I06,igb1_di4_salt0.15_st0,-25.5758,3001
4a67881e46b87364ec2e0ec7cbbf0bec,3I06,igb1_di4_salt0.15_st0.0072,-29.4303,3001
4a67881e46b87364ec2e0ec7cbbf0bec,3I06,igb1_di4_salt0_st0,-25.5815,3001
4a67881e46b87364ec2e0ec7cbbf0bec,3I06,igb1_di4_salt0_st0.0072,-29.436,3001
4a67881e46b87364ec2e0ec7cbbf0bec,3I06,igb2_di1_salt0.15_st0,-14.5054,3001
4a67881e46b87364ec2e0ec7cbbf0bec,3I06,igb2_di1_salt0.15_st0.0072,-18.3599,3001
4a67881e46b87364ec2e0ec7cbbf0bec,3I06,igb2_di1_salt0_st0,-14.5109,3001
4a67881e46b87364ec2e0ec7cbbf0bec,3I06,igb2_di1_salt0_st0.0072,-18.3654,3001
4a67881e46b87364ec2e0ec7cbbf0bec,3I06,igb2_di2_salt0.15_st0,-21.4279,3001
4a67881e46b87364ec2e0ec7cbbf0bec,3I06,igb2_di2_salt0.15_st0.0072,-25.2824,3001
4a67881e46b87364ec2e0ec7cbbf0bec,3I06,igb2_di2_salt0_st0,-21.4336,3001
4a67881e46b87364ec2e0ec7cbbf0bec,3I06,igb2_di2_salt0_st0.0072,-25.2879,3001
4a67881e46b87364ec2e0ec7cbbf0bec,3I06,igb2_di4_salt0.15_st0,-24.8891,3001
4a67881e46b87364ec2e0ec7cbbf0bec,3I06,igb2_di4_salt0.15_st0.0072,-28.7436,3001
4a67881e46b87364ec2e0ec7cbbf0bec,3I06,igb2_di4_salt0_st0,-24.8947,3001
4a67881e46b87364ec2e0ec7cbbf0bec,3I06,igb2_di4_salt0_st0.0072,-28.7492,3001
4a67881e46b87364ec2e0ec7cbbf0bec,3I06,igb5_di1_salt0.15_st0,-15.2431,3001
4a67881e46b87364ec2e0ec7cbbf0bec,3I06,igb5_di1_salt0.15_st0.0072,-19.0975,3001
4a67881e46b87364ec2e0ec7cbbf0bec,3I06,igb5_di1_salt0_st0,-15.2488,3001
4a67881e46b87364ec2e0ec7cbbf0bec,3I06,igb5_di1_salt0_st0.0072,-19.1034,3001
4a67881e46b87364ec2e0ec7cbbf0bec,3I06,igb5_di2_salt0.15_st0,-21.7919,3001
4a67881e46b87364ec2e0ec7cbbf0bec,3I06,igb5_di2_salt0.15_st0.0072,-25.6463,3001
4a67881e46b87364ec2e0ec7cbbf0bec,3I06,igb5_di2_salt0_st0,-21.7976,3001
4a67881e46b87364ec2e0ec7cbbf0bec,3I06,igb5_di2_salt0_st0.0072,-25.6521,3001
4a67881e46b87364ec2e0ec7cbbf0bec,3I06,igb5_di4_salt0.15_st0,-25.0662,3001
4a67881e46b87364ec2e0ec7cbbf0bec,3I06,igb5_di4_salt0.15_st0.0072,-28.9207,3001
4a67881e46b87364ec2e0ec7cbbf0bec,3I06,igb5_di4_salt0_st0,-25.072,3001
4a67881e46b87364ec2e0ec7cbbf0bec,3I06,igb5_di4_salt0_st0.0072,-28.9265,3001
4a67881e46b87364ec2e0ec7cbbf0bec,3I06,igb8_di1_salt0.15_st0,-12.9477,3001
4a67881e46b87364ec2e0ec7cbbf0bec,3I06,igb8_di1_salt0.15_st0.0072,-16.8022,3001
4a67881e46b87364ec2e0ec7cbbf0bec,3I06,igb8_di1_salt0_st0,-12.9724,3001
4a67881e46b87364ec2e0ec7cbbf0bec,3I06,igb8_di1_salt0_st0.0072,-16.8268,3001
4a67881e46b87364ec2e0ec7cbbf0bec,3I06,igb8_di2_salt0.15_st0,-20.6495,3001
4a67881e46b87364ec2e0ec7cbbf0bec,3I06,igb8_di2_salt0.15_st0.0072,-24.504,3001
4a67881e46b87364ec2e0ec7cbbf0bec,3I06,igb8_di2_salt0_st0,-20.6741,3001
4a67881e46b87364ec2e0ec7cbbf0bec,3I06,igb8_di2_salt0_st0.0072,-24.5285,3001
4a67881e46b87364ec2e0ec7cbbf0bec,3I06,igb8_di4_salt0.15_st0,-24.5003,3001
4a67881e46b87364ec2e0ec7cbbf0bec,3I06,igb8_di4_salt0.15_st0.0072,-28.3548,3001
4a67881e46b87364ec2e0ec7cbbf0bec,3I06,igb8_di4_salt0_st0,-24.5249,3001
4a67881e46b87364ec2e0ec7cbbf0bec,3I06,igb8_di4_salt0_st0.0072,-28.3794,3001
4be7a12b601883e91811eeb2e0c4ed4b,9SI4,igb1_di1_salt0.15_st0,-17.2128,3001
4be7a12b601883e91811eeb2e0c4ed4b,9SI4,igb1_di1_salt0.15_st0.0072,-19.7498,3001
4be7a12b601883e91811eeb2e0c4ed4b,9SI4,igb1_di1_salt0_st0,-17.2125,3001
4be7a12b601883e91811eeb2e0c4ed4b,9SI4,igb1_di1_salt0_st0.0072,-19.7496,3001
4be7a12b601883e91811eeb2e0c4ed4b,9SI4,igb1_di2_salt0.15_st0,-19.9157,3001
4be7a12b601883e91811eeb2e0c4ed4b,9SI4,igb1_di2_salt0.15_st0.0072,-22.4527,3001
4be7a12b601883e91811eeb2e0c4ed4b,9SI4,igb1_di2_salt0_st0,-19.9155,3001
4be7a12b601883e91811eeb2e0c4ed4b,9SI4,igb1_di2_salt0_st0.0072,-22.4525,3001
4be7a12b601883e91811eeb2e0c4ed4b,9SI4,igb1_di4_salt0.15_st0,-21.2671,3001
4be7a12b601883e91811eeb2e0c4ed4b,9SI4,igb1_di4_salt0.15_st0.0072,-23.8042,3001
4be7a12b601883e91811eeb2e0c4ed4b,9SI4,igb1_di4_salt0_st0,-21.267,3001
4be7a12b601883e91811eeb2e0c4ed4b,9SI4,igb1_di4_salt0_st0.0072,-23.8039,3001
4be7a12b601883e91811eeb2e0c4ed4b,9SI4,igb2_di1_salt0.15_st0,-13.55,3001
4be7a12b601883e91811eeb2e0c4ed4b,9SI4,igb2_di1_salt0.15_st0.0072,-16.0871,3001
4be7a12b601883e91811eeb2e0c4ed4b,9SI4,igb2_di1_salt0_st0,-13.5524,3001
4be7a12b601883e91811eeb2e0c4ed4b,9SI4,igb2_di1_salt0_st0.0072,-16.0893,3001
4be7a12b601883e91811eeb2e0c4ed4b,9SI4,igb2_di2_salt0.15_st0,-18.1066,3001
4be7a12b601883e91811eeb2e0c4ed4b,9SI4,igb2_di2_salt0.15_st0.0072,-20.6437,3001
4be7a12b601883e91811eeb2e0c4ed4b,9SI4,igb2_di2_salt0_st0,-18.1089,3001
4be7a12b601883e91811eeb2e0c4ed4b,9SI4,igb2_di2_salt0_st0.0072,-20.646,3001
4be7a12b601883e91811eeb2e0c4ed4b,9SI4,igb2_di4_salt0.15_st0,-20.385,3001
4be7a12b601883e91811eeb2e0c4ed4b,9SI4,igb2_di4_salt0.15_st0.0072,-22.922,3001
4be7a12b601883e91811eeb2e0c4ed4b,9SI4,igb2_di4_salt0_st0,-20.3873,3001
4be7a12b601883e91811eeb2e0c4ed4b,9SI4,igb2_di4_salt0_st0.0072,-22.9243,3001
4be7a12b601883e91811eeb2e0c4ed4b,9SI4,igb5_di1_salt0.15_st0,-13.0058,3001
4be7a12b601883e91811eeb2e0c4ed4b,9SI4,igb5_di1_salt0.15_st0.0072,-15.5428,3001
4be7a12b601883e91811eeb2e0c4ed4b,9SI4,igb5_di1_salt0_st0,-13.013,3001
4be7a12b601883e91811eeb2e0c4ed4b,9SI4,igb5_di1_salt0_st0.0072,-15.55,3001
4be7a12b601883e91811eeb2e0c4ed4b,9SI4,igb5_di2_salt0.15_st0,-17.8357,3001
4be7a12b601883e91811eeb2e0c4ed4b,9SI4,igb5_di2_salt0.15_st0.0072,-20.3727,3001
4be7a12b601883e91811eeb2e0c4ed4b,9SI4,igb5_di2_salt0_st0,-17.8428,3001
4be7a12b601883e91811eeb2e0c4ed4b,9SI4,igb5_di2_salt0_st0.0072,-20.3799,3001
4be7a12b601883e91811eeb2e0c4ed4b,9SI4,igb5_di4_salt0.15_st0,-20.2505,3001
4be7a12b601883e91811eeb2e0c4ed4b,9SI4,igb5_di4_salt0.15_st0.0072,-22.7875,3001
4be7a12b601883e91811eeb2e0c4ed4b,9SI4,igb5_di4_salt0_st0,-20.2577,3001
4be7a12b601883e91811eeb2e0c4ed4b,9SI4,igb5_di4_salt0_st0.0072,-22.7948,3001
4be7a12b601883e91811eeb2e0c4ed4b,9SI4,igb8_di1_salt0.15_st0,-12.7316,3001
4be7a12b601883e91811eeb2e0c4ed4b,9SI4,igb8_di1_salt0.15_st0.0072,-15.2686,3001
4be7a12b601883e91811eeb2e0c4ed4b,9SI4,igb8_di1_salt0_st0,-12.7317,3001
4be7a12b601883e91811eeb2e0c4ed4b,9SI4,igb8_di1_salt0_st0.0072,-15.2688,3001
4be7a12b601883e91811eeb2e0c4ed4b,9SI4,igb8_di2_salt0.15_st0,-17.7038,3001
4be7a12b601883e91811eeb2e0c4ed4b,9SI4,igb8_di2_salt0.15_st0.0072,-20.2408,3001
4be7a12b601883e91811eeb2e0c4ed4b,9SI4,igb8_di2_salt0_st0,-17.7041,3001
4be7a12b601883e91811eeb2e0c4ed4b,9SI4,igb8_di2_salt0_st0.0072,-20.2411,3001
4be7a12b601883e91811eeb2e0c4ed4b,9SI4,igb8_di4_salt0.15_st0,-20.1898,3001
4be7a12b601883e91811eeb2e0c4ed4b,9SI4,igb8_di4_salt0.15_st0.0072,-22.7269,3001
4be7a12b601883e91811eeb2e0c4ed4b,9SI4,igb8_di4_salt0_st0,-20.19,3001
4be7a12b601883e91811eeb2e0c4ed4b,9SI4,igb8_di4_salt0_st0.0072,-22.7271,3001
4ec28cb2a7a8589319f3a418eb12f1fd,8ELC,igb1_di1_salt0.15_st0,-18.8315,3001
4ec28cb2a7a8589319f3a418eb12f1fd,8ELC,igb1_di1_salt0.15_st0.0072,-21.9477,3001
4ec28cb2a7a8589319f3a418eb12f1fd,8ELC,igb1_di1_salt0_st0,-18.838,3001
4ec28cb2a7a8589319f3a418eb12f1fd,8ELC,igb1_di1_salt0_st0.0072,-21.9541,3001
4ec28cb2a7a8589319f3a418eb12f1fd,8ELC,igb1_di2_salt0.15_st0,-20.1679,3001
4ec28cb2a7a8589319f3a418eb12f1fd,8ELC,igb1_di2_salt0.15_st0.0072,-23.2841,3001
4ec28cb2a7a8589319f3a418eb12f1fd,8ELC,igb1_di2_salt0_st0,-20.1745,3001
4ec28cb2a7a8589319f3a418eb12f1fd,8ELC,igb1_di2_salt0_st0.0072,-23.2906,3001
4ec28cb2a7a8589319f3a418eb12f1fd,8ELC,igb1_di4_salt0.15_st0,-20.8362,3001
4ec28cb2a7a8589319f3a418eb12f1fd,8ELC,igb1_di4_salt0.15_st0.0072,-23.9524,3001
4ec28cb2a7a8589319f3a418eb12f1fd,8ELC,igb1_di4_salt0_st0,-20.8427,3001
4ec28cb2a7a8589319f3a418eb12f1fd,8ELC,igb1_di4_salt0_st0.0072,-23.9589,3001
4ec28cb2a7a8589319f3a418eb12f1fd,8ELC,igb2_di1_salt0.15_st0,-16.0682,3001
4ec28cb2a7a8589319f3a418eb12f1fd,8ELC,igb2_di1_salt0.15_st0.0072,-19.1844,3001
4ec28cb2a7a8589319f3a418eb12f1fd,8ELC,igb2_di1_salt0_st0,-16.0754,3001
4ec28cb2a7a8589319f3a418eb12f1fd,8ELC,igb2_di1_salt0_st0.0072,-19.1915,3001
4ec28cb2a7a8589319f3a418eb12f1fd,8ELC,igb2_di2_salt0.15_st0,-18.8038,3001
4ec28cb2a7a8589319f3a418eb12f1fd,8ELC,igb2_di2_salt0.15_st0.0072,-21.92,3001
4ec28cb2a7a8589319f3a418eb12f1fd,8ELC,igb2_di2_salt0_st0,-18.8109,3001
4ec28cb2a7a8589319f3a418eb12f1fd,8ELC,igb2_di2_salt0_st0.0072,-21.9271,3001
4ec28cb2a7a8589319f3a418eb12f1fd,8ELC,igb2_di4_salt0.15_st0,-20.1716,3001
4ec28cb2a7a8589319f3a418eb12f1fd,8ELC,igb2_di4_salt0.15_st0.0072,-23.2878,3001
4ec28cb2a7a8589319f3a418eb12f1fd,8ELC,igb2_di4_salt0_st0,-20.1789,3001
4ec28cb2a7a8589319f3a418eb12f1fd,8ELC,igb2_di4_salt0_st0.0072,-23.2949,3001
4ec28cb2a7a8589319f3a418eb12f1fd,8ELC,igb5_di1_salt0.15_st0,-16.3456,3001
4ec28cb2a7a8589319f3a418eb12f1fd,8ELC,igb5_di1_salt0.15_st0.0072,-19.462,3001
4ec28cb2a7a8589319f3a418eb12f1fd,8ELC,igb5_di1_salt0_st0,-16.3555,3001
4ec28cb2a7a8589319f3a418eb12f1fd,8ELC,igb5_di1_salt0_st0.0072,-19.4716,3001
4ec28cb2a7a8589319f3a418eb12f1fd,8ELC,igb5_di2_salt0.15_st0,-18.9395,3001
4ec28cb2a7a8589319f3a418eb12f1fd,8ELC,igb5_di2_salt0.15_st0.0072,-22.0556,3001
4ec28cb2a7a8589319f3a418eb12f1fd,8ELC,igb5_di2_salt0_st0,-18.9492,3001
4ec28cb2a7a8589319f3a418eb12f1fd,8ELC,igb5_di2_salt0_st0.0072,-22.0654,3001
4ec28cb2a7a8589319f3a418eb12f1fd,8ELC,igb5_di4_salt0.15_st0,-20.2364,3001
4ec28cb2a7a8589319f3a418eb12f1fd,8ELC,igb5_di4_salt0.15_st0.0072,-23.3526,3001
4ec28cb2a7a8589319f3a418eb12f1fd,8ELC,igb5_di4_salt0_st0,-20.2461,3001
4ec28cb2a7a8589319f3a418eb12f1fd,8ELC,igb5_di4_salt0_st0.0072,-23.3623,3001
4ec28cb2a7a8589319f3a418eb12f1fd,8ELC,igb8_di1_salt0.15_st0,-16.3472,3001
4ec28cb2a7a8589319f3a418eb12f1fd,8ELC,igb8_di1_salt0.15_st0.0072,-19.4634,3001
4ec28cb2a7a8589319f3a418eb12f1fd,8ELC,igb8_di1_salt0_st0,-16.355,3001
4ec28cb2a7a8589319f3a418eb12f1fd,8ELC,igb8_di1_salt0_st0.0072,-19.4712,3001
4ec28cb2a7a8589319f3a418eb12f1fd,8ELC,igb8_di2_salt0.15_st0,-18.9412,3001
4ec28cb2a7a8589319f3a418eb12f1fd,8ELC,igb8_di2_salt0.15_st0.0072,-22.0573,3001
4ec28cb2a7a8589319f3a418eb12f1fd,8ELC,igb8_di2_salt0_st0,-18.949,3001
4ec28cb2a7a8589319f3a418eb12f1fd,8ELC,igb8_di2_salt0_st0.0072,-22.0652,3001
4ec28cb2a7a8589319f3a418eb12f1fd,8ELC,igb8_di4_salt0.15_st0,-20.2382,3001
4ec28cb2a7a8589319f3a418eb12f1fd,8ELC,igb8_di4_salt0.15_st0.0072,-23.3543,3001
4ec28cb2a7a8589319f3a418eb12f1fd,8ELC,igb8_di4_salt0_st0,-20.2459,3001
4ec28cb2a7a8589319f3a418eb12f1fd,8ELC,igb8_di4_salt0_st0.0072,-23.3623,3001
519f148d49ef68ce3782c8eab23fa39e,8ELC,igb1_di1_salt0.15_st0,-30.8624,3001
519f148d49ef68ce3782c8eab23fa39e,8ELC,igb1_di1_salt0.15_st0.0072,-36.6313,3001
519f148d49ef68ce3782c8eab23fa39e,8ELC,igb1_di1_salt0_st0,-30.8799,3001
519f148d49ef68ce3782c8eab23fa39e,8ELC,igb1_di1_salt0_st0.0072,-36.6486,3001
519f148d49ef68ce3782c8eab23fa39e,8ELC,igb1_di2_salt0.15_st0,-36.554,3001
519f148d49ef68ce3782c8eab23fa39e,8ELC,igb1_di2_salt0.15_st0.0072,-42.3227,3001
519f148d49ef68ce3782c8eab23fa39e,8ELC,igb1_di2_salt0_st0,-36.5714,3001
519f148d49ef68ce3782c8eab23fa39e,8ELC,igb1_di2_salt0_st0.0072,-42.3402,3001
519f148d49ef68ce3782c8eab23fa39e,8ELC,igb1_di4_salt0.15_st0,-39.3997,3001
519f148d49ef68ce3782c8eab23fa39e,8ELC,igb1_di4_salt0.15_st0.0072,-45.1685,3001
519f148d49ef68ce3782c8eab23fa39e,8ELC,igb1_di4_salt0_st0,-39.4172,3001
519f148d49ef68ce3782c8eab23fa39e,8ELC,igb1_di4_salt0_st0.0072,-45.1858,3001
519f148d49ef68ce3782c8eab23fa39e,8ELC,igb2_di1_salt0.15_st0,-25.3123,3001
519f148d49ef68ce3782c8eab23fa39e,8ELC,igb2_di1_salt0.15_st0.0072,-31.0811,3001
519f148d49ef68ce3782c8eab23fa39e,8ELC,igb2_di1_salt0_st0,-25.3288,3001
519f148d49ef68ce3782c8eab23fa39e,8ELC,igb2_di1_salt0_st0.0072,-31.0976,3001
519f148d49ef68ce3782c8eab23fa39e,8ELC,igb2_di2_salt0.15_st0,-33.8152,3001
519f148d49ef68ce3782c8eab23fa39e,8ELC,igb2_di2_salt0.15_st0.0072,-39.584,3001
519f148d49ef68ce3782c8eab23fa39e,8ELC,igb2_di2_salt0_st0,-33.8316,3001
519f148d49ef68ce3782c8eab23fa39e,8ELC,igb2_di2_salt0_st0.0072,-39.6005,3001
519f148d49ef68ce3782c8eab23fa39e,8ELC,igb2_di4_salt0.15_st0,-38.0666,3001
519f148d49ef68ce3782c8eab23fa39e,8ELC,igb2_di4_salt0.15_st0.0072,-43.8354,3001
519f148d49ef68ce3782c8eab23fa39e,8ELC,igb2_di4_salt0_st0,-38.0831,3001
519f148d49ef68ce3782c8eab23fa39e,8ELC,igb2_di4_salt0_st0.0072,-43.8519,3001
519f148d49ef68ce3782c8eab23fa39e,8ELC,igb5_di1_salt0.15_st0,-27.7786,3001
519f148d49ef68ce3782c8eab23fa39e,8ELC,igb5_di1_salt0.15_st0.0072,-33.5475,3001
519f148d49ef68ce3782c8eab23fa39e,8ELC,igb5_di1_salt0_st0,-27.797,3001
519f148d49ef68ce3782c8eab23fa39e,8ELC,igb5_di1_salt0_st0.0072,-33.5658,3001
519f148d49ef68ce3782c8eab23fa39e,8ELC,igb5_di2_salt0.15_st0,-35.0316,3001
519f148d49ef68ce3782c8eab23fa39e,8ELC,igb5_di2_salt0.15_st0.0072,-40.8004,3001
519f148d49ef68ce3782c8eab23fa39e,8ELC,igb5_di2_salt0_st0,-35.0498,3001
519f148d49ef68ce3782c8eab23fa39e,8ELC,igb5_di2_salt0_st0.0072,-40.8186,3001
519f148d49ef68ce3782c8eab23fa39e,8ELC,igb5_di4_salt0.15_st0,-38.6579,3001
519f148d49ef68ce3782c8eab23fa39e,8ELC,igb5_di4_salt0.15_st0.0072,-44.4268,3001
519f148d49ef68ce3782c8eab23fa39e,8ELC,igb5_di4_salt0_st0,-38.6763,3001
519f148d49ef68ce3782c8eab23fa39e,8ELC,igb5_di4_salt0_st0.0072,-44.4451,3001
519f148d49ef68ce3782c8eab23fa39e,8ELC,igb8_di1_salt0.15_st0,-16.5784,3001
519f148d49ef68ce3782c8eab23fa39e,8ELC,igb8_di1_salt0.15_st0.0072,-22.3474,3001
519f148d49ef68ce3782c8eab23fa39e,8ELC,igb8_di1_salt0_st0,-16.5984,3001
519f148d49ef68ce3782c8eab23fa39e,8ELC,igb8_di1_salt0_st0.0072,-22.3672,3001
519f148d49ef68ce3782c8eab23fa39e,8ELC,igb8_di2_salt0.15_st0,-29.503,3001
519f148d49ef68ce3782c8eab23fa39e,8ELC,igb8_di2_salt0.15_st0.0072,-35.2716,3001
519f148d49ef68ce3782c8eab23fa39e,8ELC,igb8_di2_salt0_st0,-29.5228,3001
519f148d49ef68ce3782c8eab23fa39e,8ELC,igb8_di2_salt0_st0.0072,-35.2916,3001
519f148d49ef68ce3782c8eab23fa39e,8ELC,igb8_di4_salt0.15_st0,-35.965,3001
519f148d49ef68ce3782c8eab23fa39e,8ELC,igb8_di4_salt0.15_st0.0072,-41.7338,3001
519f148d49ef68ce3782c8eab23fa39e,8ELC,igb8_di4_salt0_st0,-35.985,3001
519f148d49ef68ce3782c8eab23fa39e,8ELC,igb8_di4_salt0_st0.0072,-41.7539,3001
52d2e2cddbd6c2ca52b2a6692a1be706,4L7G,igb1_di1_salt0.15_st0,-21.0231,3001
52d2e2cddbd6c2ca52b2a6692a1be706,4L7G,igb1_di1_salt0.15_st0.0072,-26.3335,3001
52d2e2cddbd6c2ca52b2a6692a1be706,4L7G,igb1_di1_salt0_st0,-20.9926,3001
52d2e2cddbd6c2ca52b2a6692a1be706,4L7G,igb1_di1_salt0_st0.0072,-26.3031,3001
52d2e2cddbd6c2ca52b2a6692a1be706,4L7G,igb1_di2_salt0.15_st0,-28.744,3001
52d2e2cddbd6c2ca52b2a6692a1be706,4L7G,igb1_di2_salt0.15_st0.0072,-34.0545,3001
52d2e2cddbd6c2ca52b2a6692a1be706,4L7G,igb1_di2_salt0_st0,-28.7136,3001
52d2e2cddbd6c2ca52b2a6692a1be706,4L7G,igb1_di2_salt0_st0.0072,-34.0242,3001
52d2e2cddbd6c2ca52b2a6692a1be706,4L7G,igb1_di4_salt0.15_st0,-32.6046,3001
52d2e2cddbd6c2ca52b2a6692a1be706,4L7G,igb1_di4_salt0.15_st0.0072,-37.915,3001
52d2e2cddbd6c2ca52b2a6692a1be706,4L7G,igb1_di4_salt0_st0,-32.5742,3001
52d2e2cddbd6c2ca52b2a6692a1be706,4L7G,igb1_di4_salt0_st0.0072,-37.8847,3001
52d2e2cddbd6c2ca52b2a6692a1be706,4L7G,igb2_di1_salt0.15_st0,-13.9744,3001
52d2e2cddbd6c2ca52b2a6692a1be706,4L7G,igb2_di1_salt0.15_st0.0072,-19.2848,3001
52d2e2cddbd6c2ca52b2a6692a1be706,4L7G,igb2_di1_salt0_st0,-13.9457,3001
52d2e2cddbd6c2ca52b2a6692a1be706,4L7G,igb2_di1_salt0_st0.0072,-19.2562,3001
52d2e2cddbd6c2ca52b2a6692a1be706,4L7G,igb2_di2_salt0.15_st0,-25.2644,3001
52d2e2cddbd6c2ca52b2a6692a1be706,4L7G,igb2_di2_salt0.15_st0.0072,-30.5747,3001
52d2e2cddbd6c2ca52b2a6692a1be706,4L7G,igb2_di2_salt0_st0,-25.2356,3001
52d2e2cddbd6c2ca52b2a6692a1be706,4L7G,igb2_di2_salt0_st0.0072,-30.5461,3001
52d2e2cddbd6c2ca52b2a6692a1be706,4L7G,igb2_di4_salt0.15_st0,-30.9094,3001
52d2e2cddbd6c2ca52b2a6692a1be706,4L7G,igb2_di4_salt0.15_st0.0072,-36.2198,3001
52d2e2cddbd6c2ca52b2a6692a1be706,4L7G,igb2_di4_salt0_st0,-30.8807,3001
52d2e2cddbd6c2ca52b2a6692a1be706,4L7G,igb2_di4_salt0_st0.0072,-36.1909,3001
52d2e2cddbd6c2ca52b2a6692a1be706,4L7G,igb5_di1_salt0.15_st0,-14.0023,3001
52d2e2cddbd6c2ca52b2a6692a1be706,4L7G,igb5_di1_salt0.15_st0.0072,-19.3128,3001
52d2e2cddbd6c2ca52b2a6692a1be706,4L7G,igb5_di1_salt0_st0,-13.977,3001
52d2e2cddbd6c2ca52b2a6692a1be706,4L7G,igb5_di1_salt0_st0.0072,-19.2873,3001
52d2e2cddbd6c2ca52b2a6692a1be706,4L7G,igb5_di2_salt0.15_st0,-25.2765,3001
52d2e2cddbd6c2ca52b2a6692a1be706,4L7G,igb5_di2_salt0.15_st0.0072,-30.587,3001
52d2e2cddbd6c2ca52b2a6692a1be706,4L7G,igb5_di2_salt0_st0,-25.2511,3001
52d2e2cddbd6c2ca52b2a6692a1be706,4L7G,igb5_di2_salt0_st0.0072,-30.5615,3001
52d2e2cddbd6c2ca52b2a6692a1be706,4L7G,igb5_di4_salt0.15_st0,-30.9137,3001
52d2e2cddbd6c2ca52b2a6692a1be706,4L7G,igb5_di4_salt0.15_st0.0072,-36.224,3001
52d2e2cddbd6c2ca52b2a6692a1be706,4L7G,igb5_di4_salt0_st0,-30.8883,3001
52d2e2cddbd6c2ca52b2a6692a1be706,4L7G,igb5_di4_salt0_st0.0072,-36.1986,3001
52d2e2cddbd6c2ca52b2a6692a1be706,4L7G,igb8_di1_salt0.15_st0,-24.0678,3001
52d2e2cddbd6c2ca52b2a6692a1be706,4L7G,igb8_di1_salt0.15_st0.0072,-29.3781,3001
52d2e2cddbd6c2ca52b2a6692a1be706,4L7G,igb8_di1_salt0_st0,-24.0434,3001
52d2e2cddbd6c2ca52b2a6692a1be706,4L7G,igb8_di1_salt0_st0.0072,-29.3537,3001
52d2e2cddbd6c2ca52b2a6692a1be706,4L7G,igb8_di2_salt0.15_st0,-30.2438,3001
52d2e2cddbd6c2ca52b2a6692a1be706,4L7G,igb8_di2_salt0.15_st0.0072,-35.5543,3001
52d2e2cddbd6c2ca52b2a6692a1be706,4L7G,igb8_di2_salt0_st0,-30.2194,3001
52d2e2cddbd6c2ca52b2a6692a1be706,4L7G,igb8_di2_salt0_st0.0072,-35.5297,3001
52d2e2cddbd6c2ca52b2a6692a1be706,4L7G,igb8_di4_salt0.15_st0,-33.3318,3001
52d2e2cddbd6c2ca52b2a6692a1be706,4L7G,igb8_di4_salt0.15_st0.0072,-38.6422,3001
52d2e2cddbd6c2ca52b2a6692a1be706,4L7G,igb8_di4_salt0_st0,-33.3073,3001
52d2e2cddbd6c2ca52b2a6692a1be706,4L7G,igb8_di4_salt0_st0.0072,-38.6178,3001
543c819ac4256fe5b41298770a798122,9SI4,igb1_di1_salt0.15_st0,-21.8353,3001
543c819ac4256fe5b41298770a798122,9SI4,igb1_di1_salt0.15_st0.0072,-25.4623,3001
543c819ac4256fe5b41298770a798122,9SI4,igb1_di1_salt0_st0,-21.8674,3001
543c819ac4256fe5b41298770a798122,9SI4,igb1_di1_salt0_st0.0072,-25.4946,3001
543c819ac4256fe5b41298770a798122,9SI4,igb1_di2_salt0.15_st0,-25.2478,3001
543c819ac4256fe5b41298770a798122,9SI4,igb1_di2_salt0.15_st0.0072,-28.8749,3001
543c819ac4256fe5b41298770a798122,9SI4,igb1_di2_salt0_st0,-25.2802,3001
543c819ac4256fe5b41298770a798122,9SI4,igb1_di2_salt0_st0.0072,-28.9071,3001
543c819ac4256fe5b41298770a798122,9SI4,igb1_di4_salt0.15_st0,-26.9541,3001
543c819ac4256fe5b41298770a798122,9SI4,igb1_di4_salt0.15_st0.0072,-30.5813,3001
543c819ac4256fe5b41298770a798122,9SI4,igb1_di4_salt0_st0,-26.9864,3001
543c819ac4256fe5b41298770a798122,9SI4,igb1_di4_salt0_st0.0072,-30.6135,3001
543c819ac4256fe5b41298770a798122,9SI4,igb2_di1_salt0.15_st0,-18.8645,3001
543c819ac4256fe5b41298770a798122,9SI4,igb2_di1_salt0.15_st0.0072,-22.4916,3001
543c819ac4256fe5b41298770a798122,9SI4,igb2_di1_salt0_st0,-18.8973,3001
543c819ac4256fe5b41298770a798122,9SI4,igb2_di1_salt0_st0.0072,-22.5243,3001
543c819ac4256fe5b41298770a798122,9SI4,igb2_di2_salt0.15_st0,-23.7814,3001
543c819ac4256fe5b41298770a798122,9SI4,igb2_di2_salt0.15_st0.0072,-27.4084,3001
543c819ac4256fe5b41298770a798122,9SI4,igb2_di2_salt0_st0,-23.8142,3001
543c819ac4256fe5b41298770a798122,9SI4,igb2_di2_salt0_st0.0072,-27.4412,3001
543c819ac4256fe5b41298770a798122,9SI4,igb2_di4_salt0.15_st0,-26.2398,3001
543c819ac4256fe5b41298770a798122,9SI4,igb2_di4_salt0.15_st0.0072,-29.8667,3001
543c819ac4256fe5b41298770a798122,9SI4,igb2_di4_salt0_st0,-26.2726,3001
543c819ac4256fe5b41298770a798122,9SI4,igb2_di4_salt0_st0.0072,-29.8996,3001
543c819ac4256fe5b41298770a798122,9SI4,igb5_di1_salt0.15_st0,-19.6638,3001
543c819ac4256fe5b41298770a798122,9SI4,igb5_di1_salt0.15_st0.0072,-23.2909,3001
543c819ac4256fe5b41298770a798122,9SI4,igb5_di1_salt0_st0,-19.6975,3001
543c819ac4256fe5b41298770a798122,9SI4,igb5_di1_salt0_st0.0072,-23.3245,3001
543c819ac4256fe5b41298770a798122,9SI4,igb5_di2_salt0.15_st0,-24.1755,3001
543c819ac4256fe5b41298770a798122,9SI4,igb5_di2_salt0.15_st0.0072,-27.8025,3001
543c819ac4256fe5b41298770a798122,9SI4,igb5_di2_salt0_st0,-24.209,3001
543c819ac4256fe5b41298770a798122,9SI4,igb5_di2_salt0_st0.0072,-27.8362,3001
543c819ac4256fe5b41298770a798122,9SI4,igb5_di4_salt0.15_st0,-26.4314,3001
543c819ac4256fe5b41298770a798122,9SI4,igb5_di4_salt0.15_st0.0072,-30.0583,3001
543c819ac4256fe5b41298770a798122,9SI4,igb5_di4_salt0_st0,-26.4649,3001
543c819ac4256fe5b41298770a798122,9SI4,igb5_di4_salt0_st0.0072,-30.0919,3001
543c819ac4256fe5b41298770a798122,9SI4,igb8_di1_salt0.15_st0,-15.6798,3001
543c819ac4256fe5b41298770a798122,9SI4,igb8_di1_salt0.15_st0.0072,-19.3068,3001
543c819ac4256fe5b41298770a798122,9SI4,igb8_di1_salt0_st0,-15.7127,3001
543c819ac4256fe5b41298770a798122,9SI4,igb8_di1_salt0_st0.0072,-19.3398,3001
543c819ac4256fe5b41298770a798122,9SI4,igb8_di2_salt0.15_st0,-22.2094,3001
543c819ac4256fe5b41298770a798122,9SI4,igb8_di2_salt0.15_st0.0072,-25.8364,3001
543c819ac4256fe5b41298770a798122,9SI4,igb8_di2_salt0_st0,-22.2425,3001
543c819ac4256fe5b41298770a798122,9SI4,igb8_di2_salt0_st0.0072,-25.8695,3001
543c819ac4256fe5b41298770a798122,9SI4,igb8_di4_salt0.15_st0,-25.4743,3001
543c819ac4256fe5b41298770a798122,9SI4,igb8_di4_salt0.15_st0.0072,-29.1014,3001
543c819ac4256fe5b41298770a798122,9SI4,igb8_di4_salt0_st0,-25.5072,3001
543c819ac4256fe5b41298770a798122,9SI4,igb8_di4_salt0_st0.0072,-29.1343,3001
57f8d9f325a6ba6d6f33f1306c042866,5HU9,igb1_di1_salt0.15_st0,-21.5936,3001
57f8d9f325a6ba6d6f33f1306c042866,5HU9,igb1_di1_salt0.15_st0.0072,-25.7854,3001
57f8d9f325a6ba6d6f33f1306c042866,5HU9,igb1_di1_salt0_st0,-21.5894,3001
57f8d9f325a6ba6d6f33f1306c042866,5HU9,igb1_di1_salt0_st0.0072,-25.7812,3001
57f8d9f325a6ba6d6f33f1306c042866,5HU9,igb1_di2_salt0.15_st0,-26.554,3001
57f8d9f325a6ba6d6f33f1306c042866,5HU9,igb1_di2_salt0.15_st0.0072,-30.7459,3001
57f8d9f325a6ba6d6f33f1306c042866,5HU9,igb1_di2_salt0_st0,-26.5499,3001
57f8d9f325a6ba6d6f33f1306c042866,5HU9,igb1_di2_salt0_st0.0072,-30.7417,3001
57f8d9f325a6ba6d6f33f1306c042866,5HU9,igb1_di4_salt0.15_st0,-29.0342,3001
57f8d9f325a6ba6d6f33f1306c042866,5HU9,igb1_di4_salt0.15_st0.0072,-33.226,3001
57f8d9f325a6ba6d6f33f1306c042866,5HU9,igb1_di4_salt0_st0,-29.0301,3001
57f8d9f325a6ba6d6f33f1306c042866,5HU9,igb1_di4_salt0_st0.0072,-33.2217,3001
57f8d9f325a6ba6d6f33f1306c042866,5HU9,igb2_di1_salt0.15_st0,-18.5159,3001
57f8d9f325a6ba6d6f33f1306c042866,5HU9,igb2_di1_salt0.15_st0.0072,-22.7076,3001
57f8d9f325a6ba6d6f33f1306c042866,5HU9,igb2_di1_salt0_st0,-18.5113,3001
57f8d9f325a6ba6d6f33f1306c042866,5HU9,igb2_di1_salt0_st0.0072,-22.7031,3001
57f8d9f325a6ba6d6f33f1306c042866,5HU9,igb2_di2_salt0.15_st0,-25.0352,3001
57f8d9f325a6ba6d6f33f1306c042866,5HU9,igb2_di2_salt0.15_st0.0072,-29.227,3001
57f8d9f325a6ba6d6f33f1306c042866,5HU9,igb2_di2_salt0_st0,-25.0306,3001
57f8d9f325a6ba6d6f33f1306c042866,5HU9,igb2_di2_salt0_st0.0072,-29.2225,3001
57f8d9f325a6ba6d6f33f1306c042866,5HU9,igb2_di4_salt0.15_st0,-28.2949,3001
57f8d9f325a6ba6d6f33f1306c042866,5HU9,igb2_di4_salt0.15_st0.0072,-32.4867,3001
57f8d9f325a6ba6d6f33f1306c042866,5HU9,igb2_di4_salt0_st0,-28.2903,3001
57f8d9f325a6ba6d6f33f1306c042866,5HU9,igb2_di4_salt0_st0.0072,-32.4821,3001
57f8d9f325a6ba6d6f33f1306c042866,5HU9,igb5_di1_salt0.15_st0,-18.9827,3001
57f8d9f325a6ba6d6f33f1306c042866,5HU9,igb5_di1_salt0.15_st0.0072,-23.1745,3001
57f8d9f325a6ba6d6f33f1306c042866,5HU9,igb5_di1_salt0_st0,-18.9786,3001
57f8d9f325a6ba6d6f33f1306c042866,5HU9,igb5_di1_salt0_st0.0072,-23.1704,3001
57f8d9f325a6ba6d6f33f1306c042866,5HU9,igb5_di2_salt0.15_st0,-25.2654,3001
57f8d9f325a6ba6d6f33f1306c042866,5HU9,igb5_di2_salt0.15_st0.0072,-29.4572,3001
57f8d9f325a6ba6d6f33f1306c042866,5HU9,igb5_di2_salt0_st0,-25.2613,3001
57f8d9f325a6ba6d6f33f1306c042866,5HU9,igb5_di2_salt0_st0.0072,-29.4531,3001
57f8d9f325a6ba6d6f33f1306c042866,5HU9,igb5_di4_salt0.15_st0,-28.4068,3001
57f8d9f325a6ba6d6f33f1306c042866,5HU9,igb5_di4_salt0.15_st0.0072,-32.5987,3001
57f8d9f325a6ba6d6f33f1306c042866,5HU9,igb5_di4_salt0_st0,-28.4026,3001
57f8d9f325a6ba6d6f33f1306c042866,5HU9,igb5_di4_salt0_st0.0072,-32.5944,3001
57f8d9f325a6ba6d6f33f1306c042866,5HU9,igb8_di1_salt0.15_st0,-16.6782,3001
57f8d9f325a6ba6d6f33f1306c042866,5HU9,igb8_di1_salt0.15_st0.0072,-20.87,3001
57f8d9f325a6ba6d6f33f1306c042866,5HU9,igb8_di1_salt0_st0,-16.679,3001
57f8d9f325a6ba6d6f33f1306c042866,5HU9,igb8_di1_salt0_st0.0072,-20.8709,3001
57f8d9f325a6ba6d6f33f1306c042866,5HU9,igb8_di2_salt0.15_st0,-24.1255,3001
57f8d9f325a6ba6d6f33f1306c042866,5HU9,igb8_di2_salt0.15_st0.0072,-28.3173,3001
57f8d9f325a6ba6d6f33f1306c042866,5HU9,igb8_di2_salt0_st0,-24.1263,3001
57f8d9f325a6ba6d6f33f1306c042866,5HU9,igb8_di2_salt0_st0.0072,-28.3181,3001
57f8d9f325a6ba6d6f33f1306c042866,5HU9,igb8_di4_salt0.15_st0,-27.8492,3001
57f8d9f325a6ba6d6f33f1306c042866,5HU9,igb8_di4_salt0.15_st0.0072,-32.041,3001
57f8d9f325a6ba6d6f33f1306c042866,5HU9,igb8_di4_salt0_st0,-27.85,3001
57f8d9f325a6ba6d6f33f1306c042866,5HU9,igb8_di4_salt0_st0.0072,-32.0417,3001
594685ab2c2c7dfb758c69d0a9bc2a8d,4QB3,igb1_di1_salt0.15_st0,-34.4183,3001
594685ab2c2c7dfb758c69d0a9bc2a8d,4QB3,igb1_di1_salt0.15_st0.0072,-40.2332,3001
594685ab2c2c7dfb758c69d0a9bc2a8d,4QB3,igb1_di1_salt0_st0,-34.4384,3001
594685ab2c2c7dfb758c69d0a9bc2a8d,4QB3,igb1_di1_salt0_st0.0072,-40.2533,3001
594685ab2c2c7dfb758c69d0a9bc2a8d,4QB3,igb1_di2_salt0.15_st0,-38.0011,3001
594685ab2c2c7dfb758c69d0a9bc2a8d,4QB3,igb1_di2_salt0.15_st0.0072,-43.8159,3001
594685ab2c2c7dfb758c69d0a9bc2a8d,4QB3,igb1_di2_salt0_st0,-38.0211,3001
594685ab2c2c7dfb758c69d0a9bc2a8d,4QB3,igb1_di2_salt0_st0.0072,-43.836,3001
594685ab2c2c7dfb758c69d0a9bc2a8d,4QB3,igb1_di4_salt0.15_st0,-39.7923,3001
594685ab2c2c7dfb758c69d0a9bc2a8d,4QB3,igb1_di4_salt0.15_st0.0072,-45.6073,3001
594685ab2c2c7dfb758c69d0a9bc2a8d,4QB3,igb1_di4_salt0_st0,-39.8124,3001
594685ab2c2c7dfb758c69d0a9bc2a8d,4QB3,igb1_di4_salt0_st0.0072,-45.6272,3001
594685ab2c2c7dfb758c69d0a9bc2a8d,4QB3,igb2_di1_salt0.15_st0,-28.7229,3001
594685ab2c2c7dfb758c69d0a9bc2a8d,4QB3,igb2_di1_salt0.15_st0.0072,-34.5378,3001
594685ab2c2c7dfb758c69d0a9bc2a8d,4QB3,igb2_di1_salt0_st0,-28.7425,3001
594685ab2c2c7dfb758c69d0a9bc2a8d,4QB3,igb2_di1_salt0_st0.0072,-34.5573,3001
594685ab2c2c7dfb758c69d0a9bc2a8d,4QB3,igb2_di2_salt0.15_st0,-35.1902,3001
594685ab2c2c7dfb758c69d0a9bc2a8d,4QB3,igb2_di2_salt0.15_st0.0072,-41.0052,3001
594685ab2c2c7dfb758c69d0a9bc2a8d,4QB3,igb2_di2_salt0_st0,-35.2098,3001
594685ab2c2c7dfb758c69d0a9bc2a8d,4QB3,igb2_di2_salt0_st0.0072,-41.0247,3001
594685ab2c2c7dfb758c69d0a9bc2a8d,4QB3,igb2_di4_salt0.15_st0,-38.424,3001
594685ab2c2c7dfb758c69d0a9bc2a8d,4QB3,igb2_di4_salt0.15_st0.0072,-44.2387,3001
594685ab2c2c7dfb758c69d0a9bc2a8d,4QB3,igb2_di4_salt0_st0,-38.4437,3001
594685ab2c2c7dfb758c69d0a9bc2a8d,4QB3,igb2_di4_salt0_st0.0072,-44.2584,3001
594685ab2c2c7dfb758c69d0a9bc2a8d,4QB3,igb5_di1_salt0.15_st0,-31.7723,3001
594685ab2c2c7dfb758c69d0a9bc2a8d,4QB3,igb5_di1_salt0.15_st0.0072,-37.587,3001
594685ab2c2c7dfb758c69d0a9bc2a8d,4QB3,igb5_di1_salt0_st0,-31.7902,3001
594685ab2c2c7dfb758c69d0a9bc2a8d,4QB3,igb5_di1_salt0_st0.0072,-37.605,3001
594685ab2c2c7dfb758c69d0a9bc2a8d,4QB3,igb5_di2_salt0.15_st0,-36.6962,3001
594685ab2c2c7dfb758c69d0a9bc2a8d,4QB3,igb5_di2_salt0.15_st0.0072,-42.5111,3001
594685ab2c2c7dfb758c69d0a9bc2a8d,4QB3,igb5_di2_salt0_st0,-36.714,3001
594685ab2c2c7dfb758c69d0a9bc2a8d,4QB3,igb5_di2_salt0_st0.0072,-42.5288,3001
594685ab2c2c7dfb758c69d0a9bc2a8d,4QB3,igb5_di4_salt0.15_st0,-39.1582,3001
594685ab2c2c7dfb758c69d0a9bc2a8d,4QB3,igb5_di4_salt0.15_st0.0072,-44.973,3001
594685ab2c2c7dfb758c69d0a9bc2a8d,4QB3,igb5_di4_salt0_st0,-39.1761,3001
594685ab2c2c7dfb758c69d0a9bc2a8d,4QB3,igb5_di4_salt0_st0.0072,-44.9909,3001
594685ab2c2c7dfb758c69d0a9bc2a8d,4QB3,igb8_di1_salt0.15_st0,-25.3516,3001
594685ab2c2c7dfb758c69d0a9bc2a8d,4QB3,igb8_di1_salt0.15_st0.0072,-31.1665,3001
594685ab2c2c7dfb758c69d0a9bc2a8d,4QB3,igb8_di1_salt0_st0,-25.3719,3001
594685ab2c2c7dfb758c69d0a9bc2a8d,4QB3,igb8_di1_salt0_st0.0072,-31.1868,3001
594685ab2c2c7dfb758c69d0a9bc2a8d,4QB3,igb8_di2_salt0.15_st0,-33.5261,3001
594685ab2c2c7dfb758c69d0a9bc2a8d,4QB3,igb8_di2_salt0.15_st0.0072,-39.3409,3001
594685ab2c2c7dfb758c69d0a9bc2a8d,4QB3,igb8_di2_salt0_st0,-33.5463,3001
594685ab2c2c7dfb758c69d0a9bc2a8d,4QB3,igb8_di2_salt0_st0.0072,-39.3611,3001
594685ab2c2c7dfb758c69d0a9bc2a8d,4QB3,igb8_di4_salt0.15_st0,-37.6133,3001
594685ab2c2c7dfb758c69d0a9bc2a8d,4QB3,igb8_di4_salt0.15_st0.0072,-43.4283,3001
594685ab2c2c7dfb758c69d0a9bc2a8d,4QB3,igb8_di4_salt0_st0,-37.6335,3001
594685ab2c2c7dfb758c69d0a9bc2a8d,4QB3,igb8_di4_salt0_st0.0072,-43.4484,3001
59573ee97914f33c9708de5aa2e356b5,9D9I,igb1_di1_salt0.15_st0,-19.6629,3001
59573ee97914f33c9708de5aa2e356b5,9D9I,igb1_di1_salt0.15_st0.0072,-23.5283,3001
59573ee97914f33c9708de5aa2e356b5,9D9I,igb1_di1_salt0_st0,-19.6585,3001
59573ee97914f33c9708de5aa2e356b5,9D9I,igb1_di1_salt0_st0.0072,-23.5239,3001
59573ee97914f33c9708de5aa2e356b5,9D9I,igb1_di2_salt0.15_st0,-24.2351,3001
59573ee97914f33c9708de5aa2e356b5,9D9I,igb1_di2_salt0.15_st0.0072,-28.1003,3001
59573ee97914f33c9708de5aa2e356b5,9D9I,igb1_di2_salt0_st0,-24.2308,3001
59573ee97914f33c9708de5aa2e356b5,9D9I,igb1_di2_salt0_st0.0072,-28.0962,3001
59573ee97914f33c9708de5aa2e356b5,9D9I,igb1_di4_salt0.15_st0,-26.5212,3001
59573ee97914f33c9708de5aa2e356b5,9D9I,igb1_di4_salt0.15_st0.0072,-30.3865,3001
59573ee97914f33c9708de5aa2e356b5,9D9I,igb1_di4_salt0_st0,-26.5169,3001
59573ee97914f33c9708de5aa2e356b5,9D9I,igb1_di4_salt0_st0.0072,-30.3824,3001
59573ee97914f33c9708de5aa2e356b5,9D9I,igb2_di1_salt0.15_st0,-16.6991,3001
59573ee97914f33c9708de5aa2e356b5,9D9I,igb2_di1_salt0.15_st0.0072,-20.5645,3001
59573ee97914f33c9708de5aa2e356b5,9D9I,igb2_di1_salt0_st0,-16.695,3001
59573ee97914f33c9708de5aa2e356b5,9D9I,igb2_di1_salt0_st0.0072,-20.5603,3001
59573ee97914f33c9708de5aa2e356b5,9D9I,igb2_di2_salt0.15_st0,-22.7723,3001
59573ee97914f33c9708de5aa2e356b5,9D9I,igb2_di2_salt0.15_st0.0072,-26.6375,3001
59573ee97914f33c9708de5aa2e356b5,9D9I,igb2_di2_salt0_st0,-22.768,3001
59573ee97914f33c9708de5aa2e356b5,9D9I,igb2_di2_salt0_st0.0072,-26.6336,3001
59573ee97914f33c9708de5aa2e356b5,9D9I,igb2_di4_salt0.15_st0,-25.8088,3001
59573ee97914f33c9708de5aa2e356b5,9D9I,igb2_di4_salt0.15_st0.0072,-29.6742,3001
59573ee97914f33c9708de5aa2e356b5,9D9I,igb2_di4_salt0_st0,-25.8048,3001
59573ee97914f33c9708de5aa2e356b5,9D9I,igb2_di4_salt0_st0.0072,-29.67,3001
59573ee97914f33c9708de5aa2e356b5,9D9I,igb5_di1_salt0.15_st0,-17.2897,3001
59573ee97914f33c9708de5aa2e356b5,9D9I,igb5_di1_salt0.15_st0.0072,-21.155,3001
59573ee97914f33c9708de5aa2e356b5,9D9I,igb5_di1_salt0_st0,-17.2877,3001
59573ee97914f33c9708de5aa2e356b5,9D9I,igb5_di1_salt0_st0.0072,-21.1531,3001
59573ee97914f33c9708de5aa2e356b5,9D9I,igb5_di2_salt0.15_st0,-23.0625,3001
59573ee97914f33c9708de5aa2e356b5,9D9I,igb5_di2_salt0.15_st0.0072,-26.928,3001
59573ee97914f33c9708de5aa2e356b5,9D9I,igb5_di2_salt0_st0,-23.0608,3001
59573ee97914f33c9708de5aa2e356b5,9D9I,igb5_di2_salt0_st0.0072,-26.9261,3001
59573ee97914f33c9708de5aa2e356b5,9D9I,igb5_di4_salt0.15_st0,-25.9492,3001
59573ee97914f33c9708de5aa2e356b5,9D9I,igb5_di4_salt0.15_st0.0072,-29.8145,3001
59573ee97914f33c9708de5aa2e356b5,9D9I,igb5_di4_salt0_st0,-25.9471,3001
59573ee97914f33c9708de5aa2e356b5,9D9I,igb5_di4_salt0_st0.0072,-29.8126,3001
59573ee97914f33c9708de5aa2e356b5,9D9I,igb8_di1_salt0.15_st0,-13.3197,3001
59573ee97914f33c9708de5aa2e356b5,9D9I,igb8_di1_salt0.15_st0.0072,-17.1852,3001
59573ee97914f33c9708de5aa2e356b5,9D9I,igb8_di1_salt0_st0,-13.3169,3001
59573ee97914f33c9708de5aa2e356b5,9D9I,igb8_di1_salt0_st0.0072,-17.1823,3001
59573ee97914f33c9708de5aa2e356b5,9D9I,igb8_di2_salt0.15_st0,-21.1037,3001
59573ee97914f33c9708de5aa2e356b5,9D9I,igb8_di2_salt0.15_st0.0072,-24.9692,3001
59573ee97914f33c9708de5aa2e356b5,9D9I,igb8_di2_salt0_st0,-21.1008,3001
59573ee97914f33c9708de5aa2e356b5,9D9I,igb8_di2_salt0_st0.0072,-24.9663,3001
59573ee97914f33c9708de5aa2e356b5,9D9I,igb8_di4_salt0.15_st0,-24.9957,3001
59573ee97914f33c9708de5aa2e356b5,9D9I,igb8_di4_salt0.15_st0.0072,-28.861,3001
59573ee97914f33c9708de5aa2e356b5,9D9I,igb8_di4_salt0_st0,-24.9929,3001
59573ee97914f33c9708de5aa2e356b5,9D9I,igb8_di4_salt0_st0.0072,-28.8583,3001
5aeaf69cbe372b3d35c6e0ef066dc05b,5HU9,igb1_di1_salt0.15_st0,-16.0304,3001
5aeaf69cbe372b3d35c6e0ef066dc05b,5HU9,igb1_di1_salt0.15_st0.0072,-19.3078,3001
5aeaf69cbe372b3d35c6e0ef066dc05b,5HU9,igb1_di1_salt0_st0,-16.0289,3001
5aeaf69cbe372b3d35c6e0ef066dc05b,5HU9,igb1_di1_salt0_st0.0072,-19.3063,3001
5aeaf69cbe372b3d35c6e0ef066dc05b,5HU9,igb1_di2_salt0.15_st0,-20.1396,3001
5aeaf69cbe372b3d35c6e0ef066dc05b,5HU9,igb1_di2_salt0.15_st0.0072,-23.4171,3001
5aeaf69cbe372b3d35c6e0ef066dc05b,5HU9,igb1_di2_salt0_st0,-20.1381,3001
5aeaf69cbe372b3d35c6e0ef066dc05b,5HU9,igb1_di2_salt0_st0.0072,-23.4155,3001
5aeaf69cbe372b3d35c6e0ef066dc05b,5HU9,igb1_di4_salt0.15_st0,-22.1943,3001
5aeaf69cbe372b3d35c6e0ef066dc05b,5HU9,igb1_di4_salt0.15_st0.0072,-25.4717,3001
5aeaf69cbe372b3d35c6e0ef066dc05b,5HU9,igb1_di4_salt0_st0,-22.1928,3001
5aeaf69cbe372b3d35c6e0ef066dc05b,5HU9,igb1_di4_salt0_st0.0072,-25.4701,3001
5aeaf69cbe372b3d35c6e0ef066dc05b,5HU9,igb2_di1_salt0.15_st0,-14.0021,3001
5aeaf69cbe372b3d35c6e0ef066dc05b,5HU9,igb2_di1_salt0.15_st0.0072,-17.2795,3001
5aeaf69cbe372b3d35c6e0ef066dc05b,5HU9,igb2_di1_salt0_st0,-14.0002,3001
5aeaf69cbe372b3d35c6e0ef066dc05b,5HU9,igb2_di1_salt0_st0.0072,-17.2776,3001
5aeaf69cbe372b3d35c6e0ef066dc05b,5HU9,igb2_di2_salt0.15_st0,-19.1388,3001
5aeaf69cbe372b3d35c6e0ef066dc05b,5HU9,igb2_di2_salt0.15_st0.0072,-22.4161,3001
5aeaf69cbe372b3d35c6e0ef066dc05b,5HU9,igb2_di2_salt0_st0,-19.1368,3001
5aeaf69cbe372b3d35c6e0ef066dc05b,5HU9,igb2_di2_salt0_st0.0072,-22.4142,3001
5aeaf69cbe372b3d35c6e0ef066dc05b,5HU9,igb2_di4_salt0.15_st0,-21.7071,3001
5aeaf69cbe372b3d35c6e0ef066dc05b,5HU9,igb2_di4_salt0.15_st0.0072,-24.9846,3001
5aeaf69cbe372b3d35c6e0ef066dc05b,5HU9,igb2_di4_salt0_st0,-21.7051,3001
5aeaf69cbe372b3d35c6e0ef066dc05b,5HU9,igb2_di4_salt0_st0.0072,-24.9826,3001
5aeaf69cbe372b3d35c6e0ef066dc05b,5HU9,igb5_di1_salt0.15_st0,-14.2993,3001
5aeaf69cbe372b3d35c6e0ef066dc05b,5HU9,igb5_di1_salt0.15_st0.0072,-17.5766,3001
5aeaf69cbe372b3d35c6e0ef066dc05b,5HU9,igb5_di1_salt0_st0,-14.2974,3001
5aeaf69cbe372b3d35c6e0ef066dc05b,5HU9,igb5_di1_salt0_st0.0072,-17.5748,3001
5aeaf69cbe372b3d35c6e0ef066dc05b,5HU9,igb5_di2_salt0.15_st0,-19.2854,3001
5aeaf69cbe372b3d35c6e0ef066dc05b,5HU9,igb5_di2_salt0.15_st0.0072,-22.5629,3001
5aeaf69cbe372b3d35c6e0ef066dc05b,5HU9,igb5_di2_salt0_st0,-19.2835,3001
5aeaf69cbe372b3d35c6e0ef066dc05b,5HU9,igb5_di2_salt0_st0.0072,-22.5609,3001
5aeaf69cbe372b3d35c6e0ef066dc05b,5HU9,igb5_di4_salt0.15_st0,-21.7784,3001
5aeaf69cbe372b3d35c6e0ef066dc05b,5HU9,igb5_di4_salt0.15_st0.0072,-25.0559,3001
5aeaf69cbe372b3d35c6e0ef066dc05b,5HU9,igb5_di4_salt0_st0,-21.7766,3001
5aeaf69cbe372b3d35c6e0ef066dc05b,5HU9,igb5_di4_salt0_st0.0072,-25.0539,3001
5aeaf69cbe372b3d35c6e0ef066dc05b,5HU9,igb8_di1_salt0.15_st0,-11.8,3001
5aeaf69cbe372b3d35c6e0ef066dc05b,5HU9,igb8_di1_salt0.15_st0.0072,-15.0774,3001
5aeaf69cbe372b3d35c6e0ef066dc05b,5HU9,igb8_di1_salt0_st0,-11.8048,3001
5aeaf69cbe372b3d35c6e0ef066dc05b,5HU9,igb8_di1_salt0_st0.0072,-15.0821,3001
5aeaf69cbe372b3d35c6e0ef066dc05b,5HU9,igb8_di2_salt0.15_st0,-18.0484,3001
5aeaf69cbe372b3d35c6e0ef066dc05b,5HU9,igb8_di2_salt0.15_st0.0072,-21.3259,3001
5aeaf69cbe372b3d35c6e0ef066dc05b,5HU9,igb8_di2_salt0_st0,-18.0531,3001
5aeaf69cbe372b3d35c6e0ef066dc05b,5HU9,igb8_di2_salt0_st0.0072,-21.3307,3001
5aeaf69cbe372b3d35c6e0ef066dc05b,5HU9,igb8_di4_salt0.15_st0,-21.1727,3001
5aeaf69cbe372b3d35c6e0ef066dc05b,5HU9,igb8_di4_salt0.15_st0.0072,-24.4501,3001
5aeaf69cbe372b3d35c6e0ef066dc05b,5HU9,igb8_di4_salt0_st0,-21.1776,3001
5aeaf69cbe372b3d35c6e0ef066dc05b,5HU9,igb8_di4_salt0_st0.0072,-24.4549,3001
5b6d2943bab2409bd0928714d9016311,9D9I,igb1_di1_salt0.15_st0,-26.4066,3001
5b6d2943bab2409bd0928714d9016311,9D9I,igb1_di1_salt0.15_st0.0072,-31.9688,3001
5b6d2943bab2409bd0928714d9016311,9D9I,igb1_di1_salt0_st0,-26.3988,3001
5b6d2943bab2409bd0928714d9016311,9D9I,igb1_di1_salt0_st0.0072,-31.9609,3001
5b6d2943bab2409bd0928714d9016311,9D9I,igb1_di2_salt0.15_st0,-33.7719,3001
5b6d2943bab2409bd0928714d9016311,9D9I,igb1_di2_salt0.15_st0.0072,-39.3343,3001
5b6d2943bab2409bd0928714d9016311,9D9I,igb1_di2_salt0_st0,-33.7641,3001
5b6d2943bab2409bd0928714d9016311,9D9I,igb1_di2_salt0_st0.0072,-39.3264,3001
5b6d2943bab2409bd0928714d9016311,9D9I,igb1_di4_salt0.15_st0,-37.4547,3001
5b6d2943bab2409bd0928714d9016311,9D9I,igb1_di4_salt0.15_st0.0072,-43.0168,3001
5b6d2943bab2409bd0928714d9016311,9D9I,igb1_di4_salt0_st0,-37.4469,3001
5b6d2943bab2409bd0928714d9016311,9D9I,igb1_di4_salt0_st0.0072,-43.0091,3001
5b6d2943bab2409bd0928714d9016311,9D9I,igb2_di1_salt0.15_st0,-20.623,3001
5b6d2943bab2409bd0928714d9016311,9D9I,igb2_di1_salt0.15_st0.0072,-26.1854,3001
5b6d2943bab2409bd0928714d9016311,9D9I,igb2_di1_salt0_st0,-20.6145,3001
5b6d2943bab2409bd0928714d9016311,9D9I,igb2_di1_salt0_st0.0072,-26.1767,3001
5b6d2943bab2409bd0928714d9016311,9D9I,igb2_di2_salt0.15_st0,-30.9179,3001
5b6d2943bab2409bd0928714d9016311,9D9I,igb2_di2_salt0.15_st0.0072,-36.4801,3001
5b6d2943bab2409bd0928714d9016311,9D9I,igb2_di2_salt0_st0,-30.9092,3001
5b6d2943bab2409bd0928714d9016311,9D9I,igb2_di2_salt0_st0.0072,-36.4715,3001
5b6d2943bab2409bd0928714d9016311,9D9I,igb2_di4_salt0.15_st0,-36.0654,3001
5b6d2943bab2409bd0928714d9016311,9D9I,igb2_di4_salt0.15_st0.0072,-41.6277,3001
5b6d2943bab2409bd0928714d9016311,9D9I,igb2_di4_salt0_st0,-36.0568,3001
5b6d2943bab2409bd0928714d9016311,9D9I,igb2_di4_salt0_st0.0072,-41.619,3001
5b6d2943bab2409bd0928714d9016311,9D9I,igb5_di1_salt0.15_st0,-22.6434,3001
5b6d2943bab2409bd0928714d9016311,9D9I,igb5_di1_salt0.15_st0.0072,-28.2056,3001
5b6d2943bab2409bd0928714d9016311,9D9I,igb5_di1_salt0_st0,-22.6351,3001
5b6d2943bab2409bd0928714d9016311,9D9I,igb5_di1_salt0_st0.0072,-28.1973,3001
5b6d2943bab2409bd0928714d9016311,9D9I,igb5_di2_salt0.15_st0,-31.9148,3001
5b6d2943bab2409bd0928714d9016311,9D9I,igb5_di2_salt0.15_st0.0072,-37.4771,3001
5b6d2943bab2409bd0928714d9016311,9D9I,igb5_di2_salt0_st0,-31.9065,3001
5b6d2943bab2409bd0928714d9016311,9D9I,igb5_di2_salt0_st0.0072,-37.4688,3001
5b6d2943bab2409bd0928714d9016311,9D9I,igb5_di4_salt0.15_st0,-36.5506,3001
5b6d2943bab2409bd0928714d9016311,9D9I,igb5_di4_salt0.15_st0.0072,-42.1129,3001
5b6d2943bab2409bd0928714d9016311,9D9I,igb5_di4_salt0_st0,-36.5424,3001
5b6d2943bab2409bd0928714d9016311,9D9I,igb5_di4_salt0_st0.0072,-42.1046,3001
5b6d2943bab2409bd0928714d9016311,9D9I,igb8_di1_salt0.15_st0,-14.8542,3001
5b6d2943bab2409bd0928714d9016311,9D9I,igb8_di1_salt0.15_st0.0072,-20.4165,3001
5b6d2943bab2409bd0928714d9016311,9D9I,igb8_di1_salt0_st0,-14.8494,3001
5b6d2943bab2409bd0928714d9016311,9D9I,igb8_di1_salt0_st0.0072,-20.4116,3001
5b6d2943bab2409bd0928714d9016311,9D9I,igb8_di2_salt0.15_st0,-28.0688,3001
5b6d2943bab2409bd0928714d9016311,9D9I,igb8_di2_salt0.15_st0.0072,-33.631,3001
5b6d2943bab2409bd0928714d9016311,9D9I,igb8_di2_salt0_st0,-28.064,3001
5b6d2943bab2409bd0928714d9016311,9D9I,igb8_di2_salt0_st0.0072,-33.6263,3001
5b6d2943bab2409bd0928714d9016311,9D9I,igb8_di4_salt0.15_st0,-34.676,3001
5b6d2943bab2409bd0928714d9016311,9D9I,igb8_di4_salt0.15_st0.0072,-40.2383,3001
5b6d2943bab2409bd0928714d9016311,9D9I,igb8_di4_salt0_st0,-34.6713,3001
5b6d2943bab2409bd0928714d9016311,9D9I,igb8_di4_salt0_st0.0072,-40.2335,3001
5d418a86059c42695f5856b68e7a7118,3I06,igb1_di1_salt0.15_st0,-13.7415,3001
5d418a86059c42695f5856b68e7a7118,3I06,igb1_di1_salt0.15_st0.0072,-16.9994,3001
5d418a86059c42695f5856b68e7a7118,3I06,igb1_di1_salt0_st0,-13.735,3001
5d418a86059c42695f5856b68e7a7118,3I06,igb1_di1_salt0_st0.0072,-16.9929,3001
5d418a86059c42695f5856b68e7a7118,3I06,igb1_di2_salt0.15_st0,-18.6985,3001
5d418a86059c42695f5856b68e7a7118,3I06,igb1_di2_salt0.15_st0.0072,-21.9563,3001
5d418a86059c42695f5856b68e7a7118,3I06,igb1_di2_salt0_st0,-18.692,3001
5d418a86059c42695f5856b68e7a7118,3I06,igb1_di2_salt0_st0.0072,-21.9498,3001
5d418a86059c42695f5856b68e7a7118,3I06,igb1_di4_salt0.15_st0,-21.1769,3001
5d418a86059c42695f5856b68e7a7118,3I06,igb1_di4_salt0.15_st0.0072,-24.4348,3001
5d418a86059c42695f5856b68e7a7118,3I06,igb1_di4_salt0_st0,-21.1704,3001
5d418a86059c42695f5856b68e7a7118,3I06,igb1_di4_salt0_st0.0072,-24.4284,3001
5d418a86059c42695f5856b68e7a7118,3I06,igb2_di1_salt0.15_st0,-10.6775,3001
5d418a86059c42695f5856b68e7a7118,3I06,igb2_di1_salt0.15_st0.0072,-13.9355,3001
5d418a86059c42695f5856b68e7a7118,3I06,igb2_di1_salt0_st0,-10.671,3001
5d418a86059c42695f5856b68e7a7118,3I06,igb2_di1_salt0_st0.0072,-13.9289,3001
5d418a86059c42695f5856b68e7a7118,3I06,igb2_di2_salt0.15_st0,-17.1862,3001
5d418a86059c42695f5856b68e7a7118,3I06,igb2_di2_salt0.15_st0.0072,-20.4442,3001
5d418a86059c42695f5856b68e7a7118,3I06,igb2_di2_salt0_st0,-17.1798,3001
5d418a86059c42695f5856b68e7a7118,3I06,igb2_di2_salt0_st0.0072,-20.4378,3001
5d418a86059c42695f5856b68e7a7118,3I06,igb2_di4_salt0.15_st0,-20.4406,3001
5d418a86059c42695f5856b68e7a7118,3I06,igb2_di4_salt0.15_st0.0072,-23.6984,3001
5d418a86059c42695f5856b68e7a7118,3I06,igb2_di4_salt0_st0,-20.4341,3001
5d418a86059c42695f5856b68e7a7118,3I06,igb2_di4_salt0_st0.0072,-23.6919,3001
5d418a86059c42695f5856b68e7a7118,3I06,igb5_di1_salt0.15_st0,-11.4437,3001
5d418a86059c42695f5856b68e7a7118,3I06,igb5_di1_salt0.15_st0.0072,-14.7016,3001
5d418a86059c42695f5856b68e7a7118,3I06,igb5_di1_salt0_st0,-11.4373,3001
5d418a86059c42695f5856b68e7a7118,3I06,igb5_di1_salt0_st0.0072,-14.6953,3001
5d418a86059c42695f5856b68e7a7118,3I06,igb5_di2_salt0.15_st0,-17.5643,3001
5d418a86059c42695f5856b68e7a7118,3I06,igb5_di2_salt0.15_st0.0072,-20.8221,3001
5d418a86059c42695f5856b68e7a7118,3I06,igb5_di2_salt0_st0,-17.5579,3001
5d418a86059c42695f5856b68e7a7118,3I06,igb5_di2_salt0_st0.0072,-20.8159,3001
5d418a86059c42695f5856b68e7a7118,3I06,igb5_di4_salt0.15_st0,-20.6245,3001
5d418a86059c42695f5856b68e7a7118,3I06,igb5_di4_salt0.15_st0.0072,-23.8825,3001
5d418a86059c42695f5856b68e7a7118,3I06,igb5_di4_salt0_st0,-20.6184,3001
5d418a86059c42695f5856b68e7a7118,3I06,igb5_di4_salt0_st0.0072,-23.8763,3001
5d418a86059c42695f5856b68e7a7118,3I06,igb8_di1_salt0.15_st0,-10.635,3001
5d418a86059c42695f5856b68e7a7118,3I06,igb8_di1_salt0.15_st0.0072,-13.8929,3001
5d418a86059c42695f5856b68e7a7118,3I06,igb8_di1_salt0_st0,-10.6469,3001
5d418a86059c42695f5856b68e7a7118,3I06,igb8_di1_salt0_st0.0072,-13.9047,3001
5d418a86059c42695f5856b68e7a7118,3I06,igb8_di2_salt0.15_st0,-17.156,3001
5d418a86059c42695f5856b68e7a7118,3I06,igb8_di2_salt0.15_st0.0072,-20.4139,3001
5d418a86059c42695f5856b68e7a7118,3I06,igb8_di2_salt0_st0,-17.1679,3001
5d418a86059c42695f5856b68e7a7118,3I06,igb8_di2_salt0_st0.0072,-20.4258,3001
5d418a86059c42695f5856b68e7a7118,3I06,igb8_di4_salt0.15_st0,-20.4165,3001
5d418a86059c42695f5856b68e7a7118,3I06,igb8_di4_salt0.15_st0.0072,-23.6744,3001
5d418a86059c42695f5856b68e7a7118,3I06,igb8_di4_salt0_st0,-20.4283,3001
5d418a86059c42695f5856b68e7a7118,3I06,igb8_di4_salt0_st0.0072,-23.6862,3001
5d9bbfbd38feae26823caf531a5db1a6,9SI4,igb1_di1_salt0.15_st0,-7.9532,3001
5d9bbfbd38feae26823caf531a5db1a6,9SI4,igb1_di1_salt0.15_st0.0072,-9.6917,3001
5d9bbfbd38feae26823caf531a5db1a6,9SI4,igb1_di1_salt0_st0,-7.9611,3001
5d9bbfbd38feae26823caf531a5db1a6,9SI4,igb1_di1_salt0_st0.0072,-9.6996,3001
5d9bbfbd38feae26823caf531a5db1a6,9SI4,igb1_di2_salt0.15_st0,-10.3756,3001
5d9bbfbd38feae26823caf531a5db1a6,9SI4,igb1_di2_salt0.15_st0.0072,-12.114,3001
5d9bbfbd38feae26823caf531a5db1a6,9SI4,igb1_di2_salt0_st0,-10.3835,3001
5d9bbfbd38feae26823caf531a5db1a6,9SI4,igb1_di2_salt0_st0.0072,-12.122,3001
5d9bbfbd38feae26823caf531a5db1a6,9SI4,igb1_di4_salt0.15_st0,-11.587,3001
5d9bbfbd38feae26823caf531a5db1a6,9SI4,igb1_di4_salt0.15_st0.0072,-13.3252,3001
5d9bbfbd38feae26823caf531a5db1a6,9SI4,igb1_di4_salt0_st0,-11.5946,3001
5d9bbfbd38feae26823caf531a5db1a6,9SI4,igb1_di4_salt0_st0.0072,-13.3332,3001
5d9bbfbd38feae26823caf531a5db1a6,9SI4,igb2_di1_salt0.15_st0,-6.3147,3001
5d9bbfbd38feae26823caf531a5db1a6,9SI4,igb2_di1_salt0.15_st0.0072,-8.0531,3001
5d9bbfbd38feae26823caf531a5db1a6,9SI4,igb2_di1_salt0_st0,-6.3229,3001
5d9bbfbd38feae26823caf531a5db1a6,9SI4,igb2_di1_salt0_st0.0072,-8.0613,3001
5d9bbfbd38feae26823caf531a5db1a6,9SI4,igb2_di2_salt0.15_st0,-9.5669,3001
5d9bbfbd38feae26823caf531a5db1a6,9SI4,igb2_di2_salt0.15_st0.0072,-11.3052,3001
5d9bbfbd38feae26823caf531a5db1a6,9SI4,igb2_di2_salt0_st0,-9.575,3001
5d9bbfbd38feae26823caf531a5db1a6,9SI4,igb2_di2_salt0_st0.0072,-11.3134,3001
5d9bbfbd38feae26823caf531a5db1a6,9SI4,igb2_di4_salt0.15_st0,-11.1928,3001
5d9bbfbd38feae26823caf531a5db1a6,9SI4,igb2_di4_salt0.15_st0.0072,-12.9312,3001
5d9bbfbd38feae26823caf531a5db1a6,9SI4,igb2_di4_salt0_st0,-11.2009,3001
5d9bbfbd38feae26823caf531a5db1a6,9SI4,igb2_di4_salt0_st0.0072,-12.9395,3001
5d9bbfbd38feae26823caf531a5db1a6,9SI4,igb5_di1_salt0.15_st0,-6.3104,3001
5d9bbfbd38feae26823caf531a5db1a6,9SI4,igb5_di1_salt0.15_st0.0072,-8.0488,3001
5d9bbfbd38feae26823caf531a5db1a6,9SI4,igb5_di1_salt0_st0,-6.3192,3001
5d9bbfbd38feae26823caf531a5db1a6,9SI4,igb5_di1_salt0_st0.0072,-8.0576,3001
5d9bbfbd38feae26823caf531a5db1a6,9SI4,igb5_di2_salt0.15_st0,-9.5643,3001
5d9bbfbd38feae26823caf531a5db1a6,9SI4,igb5_di2_salt0.15_st0.0072,-11.3027,3001
5d9bbfbd38feae26823caf531a5db1a6,9SI4,igb5_di2_salt0_st0,-9.5732,3001
5d9bbfbd38feae26823caf531a5db1a6,9SI4,igb5_di2_salt0_st0.0072,-11.3116,3001
5d9bbfbd38feae26823caf531a5db1a6,9SI4,igb5_di4_salt0.15_st0,-11.1914,3001
5d9bbfbd38feae26823caf531a5db1a6,9SI4,igb5_di4_salt0.15_st0.0072,-12.9298,3001
5d9bbfbd38feae26823caf531a5db1a6,9SI4,igb5_di4_salt0_st0,-11.2002,3001
5d9bbfbd38feae26823caf531a5db1a6,9SI4,igb5_di4_salt0_st0.0072,-12.9385,3001
5d9bbfbd38feae26823caf531a5db1a6,9SI4,igb8_di1_salt0.15_st0,-6.2078,3001
5d9bbfbd38feae26823caf531a5db1a6,9SI4,igb8_di1_salt0.15_st0.0072,-7.9462,3001
5d9bbfbd38feae26823caf531a5db1a6,9SI4,igb8_di1_salt0_st0,-6.2157,3001
5d9bbfbd38feae26823caf531a5db1a6,9SI4,igb8_di1_salt0_st0.0072,-7.9541,3001
5d9bbfbd38feae26823caf531a5db1a6,9SI4,igb8_di2_salt0.15_st0,-9.5142,3001
5d9bbfbd38feae26823caf531a5db1a6,9SI4,igb8_di2_salt0.15_st0.0072,-11.2525,3001
5d9bbfbd38feae26823caf531a5db1a6,9SI4,igb8_di2_salt0_st0,-9.5222,3001
5d9bbfbd38feae26823caf531a5db1a6,9SI4,igb8_di2_salt0_st0.0072,-11.2604,3001
5d9bbfbd38feae26823caf531a5db1a6,9SI4,igb8_di4_salt0.15_st0,-11.1673,3001
5d9bbfbd38feae26823caf531a5db1a6,9SI4,igb8_di4_salt0.15_st0.0072,-12.9058,3001
5d9bbfbd38feae26823caf531a5db1a6,9SI4,igb8_di4_salt0_st0,-11.1753,3001
5d9bbfbd38feae26823caf531a5db1a6,9SI4,igb8_di4_salt0_st0.0072,-12.9138,3001
5e2a23cb4d697cfdd0e84f4a2481d982,9D9I,igb1_di1_salt0.15_st0,-25.7645,3001
5e2a23cb4d697cfdd0e84f4a2481d982,9D9I,igb1_di1_salt0.15_st0.0072,-31.4175,3001
5e2a23cb4d697cfdd0e84f4a2481d982,9D9I,igb1_di1_salt0_st0,-25.7644,3001
5e2a23cb4d697cfdd0e84f4a2481d982,9D9I,igb1_di1_salt0_st0.0072,-31.4173,3001
5e2a23cb4d697cfdd0e84f4a2481d982,9D9I,igb1_di2_salt0.15_st0,-33.8179,3001
5e2a23cb4d697cfdd0e84f4a2481d982,9D9I,igb1_di2_salt0.15_st0.0072,-39.4709,3001
5e2a23cb4d697cfdd0e84f4a2481d982,9D9I,igb1_di2_salt0_st0,-33.8178,3001
5e2a23cb4d697cfdd0e84f4a2481d982,9D9I,igb1_di2_salt0_st0.0072,-39.4707,3001
5e2a23cb4d697cfdd0e84f4a2481d982,9D9I,igb1_di4_salt0.15_st0,-37.8446,3001
5e2a23cb4d697cfdd0e84f4a2481d982,9D9I,igb1_di4_salt0.15_st0.0072,-43.4975,3001
5e2a23cb4d697cfdd0e84f4a2481d982,9D9I,igb1_di4_salt0_st0,-37.8445,3001
5e2a23cb4d697cfdd0e84f4a2481d982,9D9I,igb1_di4_salt0_st0.0072,-43.4974,3001
5e2a23cb4d697cfdd0e84f4a2481d982,9D9I,igb2_di1_salt0.15_st0,-20.5589,3001
5e2a23cb4d697cfdd0e84f4a2481d982,9D9I,igb2_di1_salt0.15_st0.0072,-26.2118,3001
5e2a23cb4d697cfdd0e84f4a2481d982,9D9I,igb2_di1_salt0_st0,-20.5582,3001
5e2a23cb4d697cfdd0e84f4a2481d982,9D9I,igb2_di1_salt0_st0.0072,-26.2111,3001
5e2a23cb4d697cfdd0e84f4a2481d982,9D9I,igb2_di2_salt0.15_st0,-31.2491,3001
5e2a23cb4d697cfdd0e84f4a2481d982,9D9I,igb2_di2_salt0.15_st0.0072,-36.9019,3001
5e2a23cb4d697cfdd0e84f4a2481d982,9D9I,igb2_di2_salt0_st0,-31.2483,3001
5e2a23cb4d697cfdd0e84f4a2481d982,9D9I,igb2_di2_salt0_st0.0072,-36.9012,3001
5e2a23cb4d697cfdd0e84f4a2481d982,9D9I,igb2_di4_salt0.15_st0,-36.5942,3001
5e2a23cb4d697cfdd0e84f4a2481d982,9D9I,igb2_di4_salt0.15_st0.0072,-42.2471,3001
5e2a23cb4d697cfdd0e84f4a2481d982,9D9I,igb2_di4_salt0_st0,-36.5933,3001
5e2a23cb4d697cfdd0e84f4a2481d982,9D9I,igb2_di4_salt0_st0.0072,-42.2462,3001
5e2a23cb4d697cfdd0e84f4a2481d982,9D9I,igb5_di1_salt0.15_st0,-22.3541,3001
5e2a23cb4d697cfdd0e84f4a2481d982,9D9I,igb5_di1_salt0.15_st0.0072,-28.0071,3001
5e2a23cb4d697cfdd0e84f4a2481d982,9D9I,igb5_di1_salt0_st0,-22.3533,3001
5e2a23cb4d697cfdd0e84f4a2481d982,9D9I,igb5_di1_salt0_st0.0072,-28.0061,3001
5e2a23cb4d697cfdd0e84f4a2481d982,9D9I,igb5_di2_salt0.15_st0,-32.1351,3001
5e2a23cb4d697cfdd0e84f4a2481d982,9D9I,igb5_di2_salt0.15_st0.0072,-37.7881,3001
5e2a23cb4d697cfdd0e84f4a2481d982,9D9I,igb5_di2_salt0_st0,-32.1343,3001
5e2a23cb4d697cfdd0e84f4a2481d982,9D9I,igb5_di2_salt0_st0.0072,-37.7872,3001
5e2a23cb4d697cfdd0e84f4a2481d982,9D9I,igb5_di4_salt0.15_st0,-37.0256,3001
5e2a23cb4d697cfdd0e84f4a2481d982,9D9I,igb5_di4_salt0.15_st0.0072,-42.6787,3001
5e2a23cb4d697cfdd0e84f4a2481d982,9D9I,igb5_di4_salt0_st0,-37.0248,3001
5e2a23cb4d697cfdd0e84f4a2481d982,9D9I,igb5_di4_salt0_st0.0072,-42.6777,3001
5e2a23cb4d697cfdd0e84f4a2481d982,9D9I,igb8_di1_salt0.15_st0,-17.0314,3001
5e2a23cb4d697cfdd0e84f4a2481d982,9D9I,igb8_di1_salt0.15_st0.0072,-22.6843,3001
5e2a23cb4d697cfdd0e84f4a2481d982,9D9I,igb8_di1_salt0_st0,-17.0364,3001
5e2a23cb4d697cfdd0e84f4a2481d982,9D9I,igb8_di1_salt0_st0.0072,-22.6892,3001
5e2a23cb4d697cfdd0e84f4a2481d982,9D9I,igb8_di2_salt0.15_st0,-29.5051,3001
5e2a23cb4d697cfdd0e84f4a2481d982,9D9I,igb8_di2_salt0.15_st0.0072,-35.158,3001
5e2a23cb4d697cfdd0e84f4a2481d982,9D9I,igb8_di2_salt0_st0,-29.5102,3001
5e2a23cb4d697cfdd0e84f4a2481d982,9D9I,igb8_di2_salt0_st0.0072,-35.163,3001
5e2a23cb4d697cfdd0e84f4a2481d982,9D9I,igb8_di4_salt0.15_st0,-35.7421,3001
5e2a23cb4d697cfdd0e84f4a2481d982,9D9I,igb8_di4_salt0.15_st0.0072,-41.3949,3001
5e2a23cb4d697cfdd0e84f4a2481d982,9D9I,igb8_di4_salt0_st0,-35.7471,3001
5e2a23cb4d697cfdd0e84f4a2481d982,9D9I,igb8_di4_salt0_st0.0072,-41.3998,3001
605f40bd8c866d6adb1d6f2bec42c9b3,4QB3,igb1_di1_salt0.15_st0,-17.9892,3001
605f40bd8c866d6adb1d6f2bec42c9b3,4QB3,igb1_di1_salt0.15_st0.0072,-22.6614,3001
605f40bd8c866d6adb1d6f2bec42c9b3,4QB3,igb1_di1_salt0_st0,-17.9882,3001
605f40bd8c866d6adb1d6f2bec42c9b3,4QB3,igb1_di1_salt0_st0.0072,-22.6606,3001
605f40bd8c866d6adb1d6f2bec42c9b3,4QB3,igb1_di2_salt0.15_st0,-24.5508,3001
605f40bd8c866d6adb1d6f2bec42c9b3,4QB3,igb1_di2_salt0.15_st0.0072,-29.223,3001
605f40bd8c866d6adb1d6f2bec42c9b3,4QB3,igb1_di2_salt0_st0,-24.5499,3001
605f40bd8c866d6adb1d6f2bec42c9b3,4QB3,igb1_di2_salt0_st0.0072,-29.2221,3001
605f40bd8c866d6adb1d6f2bec42c9b3,4QB3,igb1_di4_salt0.15_st0,-27.8316,3001
605f40bd8c866d6adb1d6f2bec42c9b3,4QB3,igb1_di4_salt0.15_st0.0072,-32.5038,3001
605f40bd8c866d6adb1d6f2bec42c9b3,4QB3,igb1_di4_salt0_st0,-27.8307,3001
605f40bd8c866d6adb1d6f2bec42c9b3,4QB3,igb1_di4_salt0_st0.0072,-32.503,3001
605f40bd8c866d6adb1d6f2bec42c9b3,4QB3,igb2_di1_salt0.15_st0,-12.914,3001
605f40bd8c866d6adb1d6f2bec42c9b3,4QB3,igb2_di1_salt0.15_st0.0072,-17.5863,3001
605f40bd8c866d6adb1d6f2bec42c9b3,4QB3,igb2_di1_salt0_st0,-12.9137,3001
605f40bd8c866d6adb1d6f2bec42c9b3,4QB3,igb2_di1_salt0_st0.0072,-17.5858,3001
605f40bd8c866d6adb1d6f2bec42c9b3,4QB3,igb2_di2_salt0.15_st0,-22.0458,3001
605f40bd8c866d6adb1d6f2bec42c9b3,4QB3,igb2_di2_salt0.15_st0.0072,-26.718,3001
605f40bd8c866d6adb1d6f2bec42c9b3,4QB3,igb2_di2_salt0_st0,-22.0454,3001
605f40bd8c866d6adb1d6f2bec42c9b3,4QB3,igb2_di2_salt0_st0.0072,-26.7176,3001
605f40bd8c866d6adb1d6f2bec42c9b3,4QB3,igb2_di4_salt0.15_st0,-26.6115,3001
605f40bd8c866d6adb1d6f2bec42c9b3,4QB3,igb2_di4_salt0.15_st0.0072,-31.2837,3001
605f40bd8c866d6adb1d6f2bec42c9b3,4QB3,igb2_di4_salt0_st0,-26.6112,3001
605f40bd8c866d6adb1d6f2bec42c9b3,4QB3,igb2_di4_salt0_st0.0072,-31.2833,3001
605f40bd8c866d6adb1d6f2bec42c9b3,4QB3,igb5_di1_salt0.15_st0,-13.5186,3001
605f40bd8c866d6adb1d6f2bec42c9b3,4QB3,igb5_di1_salt0.15_st0.0072,-18.1908,3001
605f40bd8c866d6adb1d6f2bec42c9b3,4QB3,igb5_di1_salt0_st0,-13.5186,3001
605f40bd8c866d6adb1d6f2bec42c9b3,4QB3,igb5_di1_salt0_st0.0072,-18.1909,3001
605f40bd8c866d6adb1d6f2bec42c9b3,4QB3,igb5_di2_salt0.15_st0,-22.3438,3001
605f40bd8c866d6adb1d6f2bec42c9b3,4QB3,igb5_di2_salt0.15_st0.0072,-27.0161,3001
605f40bd8c866d6adb1d6f2bec42c9b3,4QB3,igb5_di2_salt0_st0,-22.3438,3001
605f40bd8c866d6adb1d6f2bec42c9b3,4QB3,igb5_di2_salt0_st0.0072,-27.0161,3001
605f40bd8c866d6adb1d6f2bec42c9b3,4QB3,igb5_di4_salt0.15_st0,-26.7565,3001
605f40bd8c866d6adb1d6f2bec42c9b3,4QB3,igb5_di4_salt0.15_st0.0072,-31.4287,3001
605f40bd8c866d6adb1d6f2bec42c9b3,4QB3,igb5_di4_salt0_st0,-26.7566,3001
605f40bd8c866d6adb1d6f2bec42c9b3,4QB3,igb5_di4_salt0_st0.0072,-31.4287,3001
605f40bd8c866d6adb1d6f2bec42c9b3,4QB3,igb8_di1_salt0.15_st0,-16.218,3001
605f40bd8c866d6adb1d6f2bec42c9b3,4QB3,igb8_di1_salt0.15_st0.0072,-20.8902,3001
605f40bd8c866d6adb1d6f2bec42c9b3,4QB3,igb8_di1_salt0_st0,-16.2357,3001
605f40bd8c866d6adb1d6f2bec42c9b3,4QB3,igb8_di1_salt0_st0.0072,-20.908,3001
605f40bd8c866d6adb1d6f2bec42c9b3,4QB3,igb8_di2_salt0.15_st0,-23.6672,3001
605f40bd8c866d6adb1d6f2bec42c9b3,4QB3,igb8_di2_salt0.15_st0.0072,-28.3394,3001
605f40bd8c866d6adb1d6f2bec42c9b3,4QB3,igb8_di2_salt0_st0,-23.6849,3001
605f40bd8c866d6adb1d6f2bec42c9b3,4QB3,igb8_di2_salt0_st0.0072,-28.3571,3001
605f40bd8c866d6adb1d6f2bec42c9b3,4QB3,igb8_di4_salt0.15_st0,-27.3919,3001
605f40bd8c866d6adb1d6f2bec42c9b3,4QB3,igb8_di4_salt0.15_st0.0072,-32.0641,3001
605f40bd8c866d6adb1d6f2bec42c9b3,4QB3,igb8_di4_salt0_st0,-27.4095,3001
605f40bd8c866d6adb1d6f2bec42c9b3,4QB3,igb8_di4_salt0_st0.0072,-32.0817,3001
62064a9f6b5d461a4c097abbc9bffe7a,9SI4,igb1_di1_salt0.15_st0,-16.7188,3001
62064a9f6b5d461a4c097abbc9bffe7a,9SI4,igb1_di1_salt0.15_st0.0072,-19.5009,3001
62064a9f6b5d461a4c097abbc9bffe7a,9SI4,igb1_di1_salt0_st0,-16.7431,3001
62064a9f6b5d461a4c097abbc9bffe7a,9SI4,igb1_di1_salt0_st0.0072,-19.5251,3001
62064a9f6b5d461a4c097abbc9bffe7a,9SI4,igb1_di2_salt0.15_st0,-20.1099,3001
62064a9f6b5d461a4c097abbc9bffe7a,9SI4,igb1_di2_salt0.15_st0.0072,-22.892,3001
62064a9f6b5d461a4c097abbc9bffe7a,9SI4,igb1_di2_salt0_st0,-20.1343,3001
62064a9f6b5d461a4c097abbc9bffe7a,9SI4,igb1_di2_salt0_st0.0072,-22.9163,3001
62064a9f6b5d461a4c097abbc9bffe7a,9SI4,igb1_di4_salt0.15_st0,-21.8055,3001
62064a9f6b5d461a4c097abbc9bffe7a,9SI4,igb1_di4_salt0.15_st0.0072,-24.5875,3001
62064a9f6b5d461a4c097abbc9bffe7a,9SI4,igb1_di4_salt0_st0,-21.8297,3001
62064a9f6b5d461a4c097abbc9bffe7a,9SI4,igb1_di4_salt0_st0.0072,-24.6118,3001
62064a9f6b5d461a4c097abbc9bffe7a,9SI4,igb2_di1_salt0.15_st0,-13.5912,3001
62064a9f6b5d461a4c097abbc9bffe7a,9SI4,igb2_di1_salt0.15_st0.0072,-16.3731,3001
62064a9f6b5d461a4c097abbc9bffe7a,9SI4,igb2_di1_salt0_st0,-13.6177,3001
62064a9f6b5d461a4c097abbc9bffe7a,9SI4,igb2_di1_salt0_st0.0072,-16.3998,3001
62064a9f6b5d461a4c097abbc9bffe7a,9SI4,igb2_di2_salt0.15_st0,-18.5651,3001
62064a9f6b5d461a4c097abbc9bffe7a,9SI4,igb2_di2_salt0.15_st0.0072,-21.3471,3001
62064a9f6b5d461a4c097abbc9bffe7a,9SI4,igb2_di2_salt0_st0,-18.5917,3001
62064a9f6b5d461a4c097abbc9bffe7a,9SI4,igb2_di2_salt0_st0.0072,-21.3737,3001
62064a9f6b5d461a4c097abbc9bffe7a,9SI4,igb2_di4_salt0.15_st0,-21.0521,3001
62064a9f6b5d461a4c097abbc9bffe7a,9SI4,igb2_di4_salt0.15_st0.0072,-23.8342,3001
62064a9f6b5d461a4c097abbc9bffe7a,9SI4,igb2_di4_salt0_st0,-21.0787,3001
62064a9f6b5d461a4c097abbc9bffe7a,9SI4,igb2_di4_salt0_st0.0072,-23.8607,3001
62064a9f6b5d461a4c097abbc9bffe7a,9SI4,igb5_di1_salt0.15_st0,-13.3331,3001
62064a9f6b5d461a4c097abbc9bffe7a,9SI4,igb5_di1_salt0.15_st0.0072,-16.1152,3001
62064a9f6b5d461a4c097abbc9bffe7a,9SI4,igb5_di1_salt0_st0,-13.3643,3001
62064a9f6b5d461a4c097abbc9bffe7a,9SI4,igb5_di1_salt0_st0.0072,-16.1463,3001
62064a9f6b5d461a4c097abbc9bffe7a,9SI4,igb5_di2_salt0.15_st0,-18.4355,3001
62064a9f6b5d461a4c097abbc9bffe7a,9SI4,igb5_di2_salt0.15_st0.0072,-21.2175,3001
62064a9f6b5d461a4c097abbc9bffe7a,9SI4,igb5_di2_salt0_st0,-18.4667,3001
62064a9f6b5d461a4c097abbc9bffe7a,9SI4,igb5_di2_salt0_st0.0072,-21.2487,3001
62064a9f6b5d461a4c097abbc9bffe7a,9SI4,igb5_di4_salt0.15_st0,-20.9866,3001
62064a9f6b5d461a4c097abbc9bffe7a,9SI4,igb5_di4_salt0.15_st0.0072,-23.7686,3001
62064a9f6b5d461a4c097abbc9bffe7a,9SI4,igb5_di4_salt0_st0,-21.0178,3001
62064a9f6b5d461a4c097abbc9bffe7a,9SI4,igb5_di4_salt0_st0.0072,-23.7998,3001
62064a9f6b5d461a4c097abbc9bffe7a,9SI4,igb8_di1_salt0.15_st0,-12.1933,3001
62064a9f6b5d461a4c097abbc9bffe7a,9SI4,igb8_di1_salt0.15_st0.0072,-14.9753,3001
62064a9f6b5d461a4c097abbc9bffe7a,9SI4,igb8_di1_salt0_st0,-12.2178,3001
62064a9f6b5d461a4c097abbc9bffe7a,9SI4,igb8_di1_salt0_st0.0072,-14.9999,3001
62064a9f6b5d461a4c097abbc9bffe7a,9SI4,igb8_di2_salt0.15_st0,-17.8762,3001
62064a9f6b5d461a4c097abbc9bffe7a,9SI4,igb8_di2_salt0.15_st0.0072,-20.6583,3001
62064a9f6b5d461a4c097abbc9bffe7a,9SI4,igb8_di2_salt0_st0,-17.9008,3001
62064a9f6b5d461a4c097abbc9bffe7a,9SI4,igb8_di2_salt0_st0.0072,-20.6829,3001
62064a9f6b5d461a4c097abbc9bffe7a,9SI4,igb8_di4_salt0.15_st0,-20.7178,3001
62064a9f6b5d461a4c097abbc9bffe7a,9SI4,igb8_di4_salt0.15_st0.0072,-23.4999,3001
62064a9f6b5d461a4c097abbc9bffe7a,9SI4,igb8_di4_salt0_st0,-20.7422,3001
62064a9f6b5d461a4c097abbc9bffe7a,9SI4,igb8_di4_salt0_st0.0072,-23.5243,3001
642b2e0e340ac4d3adcf66589e7fd012,3I06,igb1_di1_salt0.15_st0,-16.3268,3001
642b2e0e340ac4d3adcf66589e7fd012,3I06,igb1_di1_salt0.15_st0.0072,-19.7769,3001
642b2e0e340ac4d3adcf66589e7fd012,3I06,igb1_di1_salt0_st0,-16.3057,3001
642b2e0e340ac4d3adcf66589e7fd012,3I06,igb1_di1_salt0_st0.0072,-19.7557,3001
642b2e0e340ac4d3adcf66589e7fd012,3I06,igb1_di2_salt0.15_st0,-20.9768,3001
642b2e0e340ac4d3adcf66589e7fd012,3I06,igb1_di2_salt0.15_st0.0072,-24.4268,3001
642b2e0e340ac4d3adcf66589e7fd012,3I06,igb1_di2_salt0_st0,-20.9557,3001
642b2e0e340ac4d3adcf66589e7fd012,3I06,igb1_di2_salt0_st0.0072,-24.4058,3001
642b2e0e340ac4d3adcf66589e7fd012,3I06,igb1_di4_salt0.15_st0,-23.3016,3001
642b2e0e340ac4d3adcf66589e7fd012,3I06,igb1_di4_salt0.15_st0.0072,-26.7519,3001
642b2e0e340ac4d3adcf66589e7fd012,3I06,igb1_di4_salt0_st0,-23.2806,3001
642b2e0e340ac4d3adcf66589e7fd012,3I06,igb1_di4_salt0_st0.0072,-26.7308,3001
642b2e0e340ac4d3adcf66589e7fd012,3I06,igb2_di1_salt0.15_st0,-13.7825,3001
642b2e0e340ac4d3adcf66589e7fd012,3I06,igb2_di1_salt0.15_st0.0072,-17.2327,3001
642b2e0e340ac4d3adcf66589e7fd012,3I06,igb2_di1_salt0_st0,-13.7616,3001
642b2e0e340ac4d3adcf66589e7fd012,3I06,igb2_di1_salt0_st0.0072,-17.2117,3001
642b2e0e340ac4d3adcf66589e7fd012,3I06,igb2_di2_salt0.15_st0,-19.721,3001
642b2e0e340ac4d3adcf66589e7fd012,3I06,igb2_di2_salt0.15_st0.0072,-23.1713,3001
642b2e0e340ac4d3adcf66589e7fd012,3I06,igb2_di2_salt0_st0,-19.6999,3001
642b2e0e340ac4d3adcf66589e7fd012,3I06,igb2_di2_salt0_st0.0072,-23.1502,3001
642b2e0e340ac4d3adcf66589e7fd012,3I06,igb2_di4_salt0.15_st0,-22.6904,3001
642b2e0e340ac4d3adcf66589e7fd012,3I06,igb2_di4_salt0.15_st0.0072,-26.1404,3001
642b2e0e340ac4d3adcf66589e7fd012,3I06,igb2_di4_salt0_st0,-22.6692,3001
642b2e0e340ac4d3adcf66589e7fd012,3I06,igb2_di4_salt0_st0.0072,-26.1195,3001
642b2e0e340ac4d3adcf66589e7fd012,3I06,igb5_di1_salt0.15_st0,-14.6029,3001
642b2e0e340ac4d3adcf66589e7fd012,3I06,igb5_di1_salt0.15_st0.0072,-18.0531,3001
642b2e0e340ac4d3adcf66589e7fd012,3I06,igb5_di1_salt0_st0,-14.5825,3001
642b2e0e340ac4d3adcf66589e7fd012,3I06,igb5_di1_salt0_st0.0072,-18.0328,3001
642b2e0e340ac4d3adcf66589e7fd012,3I06,igb5_di2_salt0.15_st0,-20.1256,3001
642b2e0e340ac4d3adcf66589e7fd012,3I06,igb5_di2_salt0.15_st0.0072,-23.5759,3001
642b2e0e340ac4d3adcf66589e7fd012,3I06,igb5_di2_salt0_st0,-20.1052,3001
642b2e0e340ac4d3adcf66589e7fd012,3I06,igb5_di2_salt0_st0.0072,-23.5552,3001
642b2e0e340ac4d3adcf66589e7fd012,3I06,igb5_di4_salt0.15_st0,-22.887,3001
642b2e0e340ac4d3adcf66589e7fd012,3I06,igb5_di4_salt0.15_st0.0072,-26.3371,3001
642b2e0e340ac4d3adcf66589e7fd012,3I06,igb5_di4_salt0_st0,-22.8666,3001
642b2e0e340ac4d3adcf66589e7fd012,3I06,igb5_di4_salt0_st0.0072,-26.3166,3001
642b2e0e340ac4d3adcf66589e7fd012,3I06,igb8_di1_salt0.15_st0,-11.4497,3001
642b2e0e340ac4d3adcf66589e7fd012,3I06,igb8_di1_salt0.15_st0.0072,-14.8999,3001
642b2e0e340ac4d3adcf66589e7fd012,3I06,igb8_di1_salt0_st0,-11.4463,3001
642b2e0e340ac4d3adcf66589e7fd012,3I06,igb8_di1_salt0_st0.0072,-14.8964,3001
642b2e0e340ac4d3adcf66589e7fd012,3I06,igb8_di2_salt0.15_st0,-18.5607,3001
642b2e0e340ac4d3adcf66589e7fd012,3I06,igb8_di2_salt0.15_st0.0072,-22.0109,3001
642b2e0e340ac4d3adcf66589e7fd012,3I06,igb8_di2_salt0_st0,-18.5573,3001
642b2e0e340ac4d3adcf66589e7fd012,3I06,igb8_di2_salt0_st0.0072,-22.0075,3001
642b2e0e340ac4d3adcf66589e7fd012,3I06,igb8_di4_salt0.15_st0,-22.1162,3001
642b2e0e340ac4d3adcf66589e7fd012,3I06,igb8_di4_salt0.15_st0.0072,-25.5664,3001
642b2e0e340ac4d3adcf66589e7fd012,3I06,igb8_di4_salt0_st0,-22.1128,3001
642b2e0e340ac4d3adcf66589e7fd012,3I06,igb8_di4_salt0_st0.0072,-25.5631,3001
65316367b1c7ba80511f9cb5fb2fd2a4,4QB3,igb1_di1_salt0.15_st0,-24.719,3001
65316367b1c7ba80511f9cb5fb2fd2a4,4QB3,igb1_di1_salt0.15_st0.0072,-29.3633,3001
65316367b1c7ba80511f9cb5fb2fd2a4,4QB3,igb1_di1_salt0_st0,-24.7323,3001
65316367b1c7ba80511f9cb5fb2fd2a4,4QB3,igb1_di1_salt0_st0.0072,-29.3768,3001
65316367b1c7ba80511f9cb5fb2fd2a4,4QB3,igb1_di2_salt0.15_st0,-30.7827,3001
65316367b1c7ba80511f9cb5fb2fd2a4,4QB3,igb1_di2_salt0.15_st0.0072,-35.4272,3001
65316367b1c7ba80511f9cb5fb2fd2a4,4QB3,igb1_di2_salt0_st0,-30.7961,3001
65316367b1c7ba80511f9cb5fb2fd2a4,4QB3,igb1_di2_salt0_st0.0072,-35.4404,3001
65316367b1c7ba80511f9cb5fb2fd2a4,4QB3,igb1_di4_salt0.15_st0,-33.8146,3001
65316367b1c7ba80511f9cb5fb2fd2a4,4QB3,igb1_di4_salt0.15_st0.0072,-38.459,3001
65316367b1c7ba80511f9cb5fb2fd2a4,4QB3,igb1_di4_salt0_st0,-33.8279,3001
65316367b1c7ba80511f9cb5fb2fd2a4,4QB3,igb1_di4_salt0_st0.0072,-38.4723,3001
65316367b1c7ba80511f9cb5fb2fd2a4,4QB3,igb2_di1_salt0.15_st0,-21.1332,3001
65316367b1c7ba80511f9cb5fb2fd2a4,4QB3,igb2_di1_salt0.15_st0.0072,-25.7777,3001
65316367b1c7ba80511f9cb5fb2fd2a4,4QB3,igb2_di1_salt0_st0,-21.1461,3001
65316367b1c7ba80511f9cb5fb2fd2a4,4QB3,igb2_di1_salt0_st0.0072,-25.7904,3001
65316367b1c7ba80511f9cb5fb2fd2a4,4QB3,igb2_di2_salt0.15_st0,-29.0134,3001
65316367b1c7ba80511f9cb5fb2fd2a4,4QB3,igb2_di2_salt0.15_st0.0072,-33.6577,3001
65316367b1c7ba80511f9cb5fb2fd2a4,4QB3,igb2_di2_salt0_st0,-29.0261,3001
65316367b1c7ba80511f9cb5fb2fd2a4,4QB3,igb2_di2_salt0_st0.0072,-33.6705,3001
65316367b1c7ba80511f9cb5fb2fd2a4,4QB3,igb2_di4_salt0.15_st0,-32.9533,3001
65316367b1c7ba80511f9cb5fb2fd2a4,4QB3,igb2_di4_salt0.15_st0.0072,-37.5977,3001
65316367b1c7ba80511f9cb5fb2fd2a4,4QB3,igb2_di4_salt0_st0,-32.966,3001
65316367b1c7ba80511f9cb5fb2fd2a4,4QB3,igb2_di4_salt0_st0.0072,-37.6105,3001
65316367b1c7ba80511f9cb5fb2fd2a4,4QB3,igb5_di1_salt0.15_st0,-21.7531,3001
65316367b1c7ba80511f9cb5fb2fd2a4,4QB3,igb5_di1_salt0.15_st0.0072,-26.3974,3001
65316367b1c7ba80511f9cb5fb2fd2a4,4QB3,igb5_di1_salt0_st0,-21.7654,3001
65316367b1c7ba80511f9cb5fb2fd2a4,4QB3,igb5_di1_salt0_st0.0072,-26.4098,3001
65316367b1c7ba80511f9cb5fb2fd2a4,4QB3,igb5_di2_salt0.15_st0,-29.3195,3001
65316367b1c7ba80511f9cb5fb2fd2a4,4QB3,igb5_di2_salt0.15_st0.0072,-33.9638,3001
65316367b1c7ba80511f9cb5fb2fd2a4,4QB3,igb5_di2_salt0_st0,-29.3317,3001
65316367b1c7ba80511f9cb5fb2fd2a4,4QB3,igb5_di2_salt0_st0.0072,-33.9762,3001
65316367b1c7ba80511f9cb5fb2fd2a4,4QB3,igb5_di4_salt0.15_st0,-33.1026,3001
65316367b1c7ba80511f9cb5fb2fd2a4,4QB3,igb5_di4_salt0.15_st0.0072,-37.747,3001
65316367b1c7ba80511f9cb5fb2fd2a4,4QB3,igb5_di4_salt0_st0,-33.1149,3001
65316367b1c7ba80511f9cb5fb2fd2a4,4QB3,igb5_di4_salt0_st0.0072,-37.7593,3001
65316367b1c7ba80511f9cb5fb2fd2a4,4QB3,igb8_di1_salt0.15_st0,-22.3357,3001
65316367b1c7ba80511f9cb5fb2fd2a4,4QB3,igb8_di1_salt0.15_st0.0072,-26.98,3001
65316367b1c7ba80511f9cb5fb2fd2a4,4QB3,igb8_di1_salt0_st0,-22.3474,3001
65316367b1c7ba80511f9cb5fb2fd2a4,4QB3,igb8_di1_salt0_st0.0072,-26.9919,3001
65316367b1c7ba80511f9cb5fb2fd2a4,4QB3,igb8_di2_salt0.15_st0,-29.6073,3001
65316367b1c7ba80511f9cb5fb2fd2a4,4QB3,igb8_di2_salt0.15_st0.0072,-34.2517,3001
65316367b1c7ba80511f9cb5fb2fd2a4,4QB3,igb8_di2_salt0_st0,-29.619,3001
65316367b1c7ba80511f9cb5fb2fd2a4,4QB3,igb8_di2_salt0_st0.0072,-34.2634,3001
65316367b1c7ba80511f9cb5fb2fd2a4,4QB3,igb8_di4_salt0.15_st0,-33.2431,3001
65316367b1c7ba80511f9cb5fb2fd2a4,4QB3,igb8_di4_salt0.15_st0.0072,-37.8875,3001
65316367b1c7ba80511f9cb5fb2fd2a4,4QB3,igb8_di4_salt0_st0,-33.2548,3001
65316367b1c7ba80511f9cb5fb2fd2a4,4QB3,igb8_di4_salt0_st0.0072,-37.8992,3001
6564af0e70be4d43388870363762e68c,9SI4,igb1_di1_salt0.15_st0,-14.7423,3001
6564af0e70be4d43388870363762e68c,9SI4,igb1_di1_salt0.15_st0.0072,-17.4951,3001
6564af0e70be4d43388870363762e68c,9SI4,igb1_di1_salt0_st0,-14.7483,3001
6564af0e70be4d43388870363762e68c,9SI4,igb1_di1_salt0_st0.0072,-17.5011,3001
6564af0e70be4d43388870363762e68c,9SI4,igb1_di2_salt0.15_st0,-17.9899,3001
6564af0e70be4d43388870363762e68c,9SI4,igb1_di2_salt0.15_st0.0072,-20.7427,3001
6564af0e70be4d43388870363762e68c,9SI4,igb1_di2_salt0_st0,-17.9958,3001
6564af0e70be4d43388870363762e68c,9SI4,igb1_di2_salt0_st0.0072,-20.7486,3001
6564af0e70be4d43388870363762e68c,9SI4,igb1_di4_salt0.15_st0,-19.6135,3001
6564af0e70be4d43388870363762e68c,9SI4,igb1_di4_salt0.15_st0.0072,-22.3664,3001
6564af0e70be4d43388870363762e68c,9SI4,igb1_di4_salt0_st0,-19.6195,3001
6564af0e70be4d43388870363762e68c,9SI4,igb1_di4_salt0_st0.0072,-22.3724,3001
6564af0e70be4d43388870363762e68c,9SI4,igb2_di1_salt0.15_st0,-12.0362,3001
6564af0e70be4d43388870363762e68c,9SI4,igb2_di1_salt0.15_st0.0072,-14.789,3001
6564af0e70be4d43388870363762e68c,9SI4,igb2_di1_salt0_st0,-12.0428,3001
6564af0e70be4d43388870363762e68c,9SI4,igb2_di1_salt0_st0.0072,-14.7956,3001
6564af0e70be4d43388870363762e68c,9SI4,igb2_di2_salt0.15_st0,-16.6539,3001
6564af0e70be4d43388870363762e68c,9SI4,igb2_di2_salt0.15_st0.0072,-19.4067,3001
6564af0e70be4d43388870363762e68c,9SI4,igb2_di2_salt0_st0,-16.6603,3001
6564af0e70be4d43388870363762e68c,9SI4,igb2_di2_salt0_st0.0072,-19.4132,3001
6564af0e70be4d43388870363762e68c,9SI4,igb2_di4_salt0.15_st0,-18.9628,3001
6564af0e70be4d43388870363762e68c,9SI4,igb2_di4_salt0.15_st0.0072,-21.7155,3001
6564af0e70be4d43388870363762e68c,9SI4,igb2_di4_salt0_st0,-18.9693,3001
6564af0e70be4d43388870363762e68c,9SI4,igb2_di4_salt0_st0.0072,-21.7221,3001
6564af0e70be4d43388870363762e68c,9SI4,igb5_di1_salt0.15_st0,-12.258,3001
6564af0e70be4d43388870363762e68c,9SI4,igb5_di1_salt0.15_st0.0072,-15.0109,3001
6564af0e70be4d43388870363762e68c,9SI4,igb5_di1_salt0_st0,-12.2657,3001
6564af0e70be4d43388870363762e68c,9SI4,igb5_di1_salt0_st0.0072,-15.0185,3001
6564af0e70be4d43388870363762e68c,9SI4,igb5_di2_salt0.15_st0,-16.7629,3001
6564af0e70be4d43388870363762e68c,9SI4,igb5_di2_salt0.15_st0.0072,-19.5156,3001
6564af0e70be4d43388870363762e68c,9SI4,igb5_di2_salt0_st0,-16.7705,3001
6564af0e70be4d43388870363762e68c,9SI4,igb5_di2_salt0_st0.0072,-19.5232,3001
6564af0e70be4d43388870363762e68c,9SI4,igb5_di4_salt0.15_st0,-19.0153,3001
6564af0e70be4d43388870363762e68c,9SI4,igb5_di4_salt0.15_st0.0072,-21.7681,3001
6564af0e70be4d43388870363762e68c,9SI4,igb5_di4_salt0_st0,-19.0228,3001
6564af0e70be4d43388870363762e68c,9SI4,igb5_di4_salt0_st0.0072,-21.7756,3001
6564af0e70be4d43388870363762e68c,9SI4,igb8_di1_salt0.15_st0,-10.4791,3001
6564af0e70be4d43388870363762e68c,9SI4,igb8_di1_salt0.15_st0.0072,-13.2319,3001
6564af0e70be4d43388870363762e68c,9SI4,igb8_di1_salt0_st0,-10.4857,3001
6564af0e70be4d43388870363762e68c,9SI4,igb8_di1_salt0_st0.0072,-13.2385,3001
6564af0e70be4d43388870363762e68c,9SI4,igb8_di2_salt0.15_st0,-15.8854,3001
6564af0e70be4d43388870363762e68c,9SI4,igb8_di2_salt0.15_st0.0072,-18.6382,3001
6564af0e70be4d43388870363762e68c,9SI4,igb8_di2_salt0_st0,-15.892,3001
6564af0e70be4d43388870363762e68c,9SI4,igb8_di2_salt0_st0.0072,-18.6448,3001
6564af0e70be4d43388870363762e68c,9SI4,igb8_di4_salt0.15_st0,-18.5886,3001
6564af0e70be4d43388870363762e68c,9SI4,igb8_di4_salt0.15_st0.0072,-21.3414,3001
6564af0e70be4d43388870363762e68c,9SI4,igb8_di4_salt0_st0,-18.5951,3001
6564af0e70be4d43388870363762e68c,9SI4,igb8_di4_salt0_st0.0072,-21.3479,3001
65fcca610b91676d473a89c0858c6ffc,9SI4,igb1_di1_salt0.15_st0,-7.737,3001
65fcca610b91676d473a89c0858c6ffc,9SI4,igb1_di1_salt0.15_st0.0072,-9.5823,3001
65fcca610b91676d473a89c0858c6ffc,9SI4,igb1_di1_salt0_st0,-7.7524,3001
65fcca610b91676d473a89c0858c6ffc,9SI4,igb1_di1_salt0_st0.0072,-9.5977,3001
65fcca610b91676d473a89c0858c6ffc,9SI4,igb1_di2_salt0.15_st0,-10.1873,3001
65fcca610b91676d473a89c0858c6ffc,9SI4,igb1_di2_salt0.15_st0.0072,-12.0326,3001
65fcca610b91676d473a89c0858c6ffc,9SI4,igb1_di2_salt0_st0,-10.2027,3001
65fcca610b91676d473a89c0858c6ffc,9SI4,igb1_di2_salt0_st0.0072,-12.0481,3001
65fcca610b91676d473a89c0858c6ffc,9SI4,igb1_di4_salt0.15_st0,-11.4125,3001
65fcca610b91676d473a89c0858c6ffc,9SI4,igb1_di4_salt0.15_st0.0072,-13.2577,3001
65fcca610b91676d473a89c0858c6ffc,9SI4,igb1_di4_salt0_st0,-11.4279,3001
65fcca610b91676d473a89c0858c6ffc,9SI4,igb1_di4_salt0_st0.0072,-13.2732,3001
65fcca610b91676d473a89c0858c6ffc,9SI4,igb2_di1_salt0.15_st0,-5.4835,3001
65fcca610b91676d473a89c0858c6ffc,9SI4,igb2_di1_salt0.15_st0.0072,-7.3289,3001
65fcca610b91676d473a89c0858c6ffc,9SI4,igb2_di1_salt0_st0,-5.4997,3001
65fcca610b91676d473a89c0858c6ffc,9SI4,igb2_di1_salt0_st0.0072,-7.345,3001
65fcca610b91676d473a89c0858c6ffc,9SI4,igb2_di2_salt0.15_st0,-9.0747,3001
65fcca610b91676d473a89c0858c6ffc,9SI4,igb2_di2_salt0.15_st0.0072,-10.9201,3001
65fcca610b91676d473a89c0858c6ffc,9SI4,igb2_di2_salt0_st0,-9.091,3001
65fcca610b91676d473a89c0858c6ffc,9SI4,igb2_di2_salt0_st0.0072,-10.9363,3001
65fcca610b91676d473a89c0858c6ffc,9SI4,igb2_di4_salt0.15_st0,-10.8704,3001
65fcca610b91676d473a89c0858c6ffc,9SI4,igb2_di4_salt0.15_st0.0072,-12.7158,3001
65fcca610b91676d473a89c0858c6ffc,9SI4,igb2_di4_salt0_st0,-10.8866,3001
65fcca610b91676d473a89c0858c6ffc,9SI4,igb2_di4_salt0_st0.0072,-12.7318,3001
65fcca610b91676d473a89c0858c6ffc,9SI4,igb5_di1_salt0.15_st0,-5.3775,3001
65fcca610b91676d473a89c0858c6ffc,9SI4,igb5_di1_salt0.15_st0.0072,-7.2227,3001
65fcca610b91676d473a89c0858c6ffc,9SI4,igb5_di1_salt0_st0,-5.3949,3001
65fcca610b91676d473a89c0858c6ffc,9SI4,igb5_di1_salt0_st0.0072,-7.2402,3001
65fcca610b91676d473a89c0858c6ffc,9SI4,igb5_di2_salt0.15_st0,-9.0217,3001
65fcca610b91676d473a89c0858c6ffc,9SI4,igb5_di2_salt0.15_st0.0072,-10.867,3001
65fcca610b91676d473a89c0858c6ffc,9SI4,igb5_di2_salt0_st0,-9.0392,3001
65fcca610b91676d473a89c0858c6ffc,9SI4,igb5_di2_salt0_st0.0072,-10.8845,3001
65fcca610b91676d473a89c0858c6ffc,9SI4,igb5_di4_salt0.15_st0,-10.8438,3001
65fcca610b91676d473a89c0858c6ffc,9SI4,igb5_di4_salt0.15_st0.0072,-12.6892,3001
65fcca610b91676d473a89c0858c6ffc,9SI4,igb5_di4_salt0_st0,-10.8613,3001
65fcca610b91676d473a89c0858c6ffc,9SI4,igb5_di4_salt0_st0.0072,-12.7067,3001
65fcca610b91676d473a89c0858c6ffc,9SI4,igb8_di1_salt0.15_st0,-4.6416,3001
65fcca610b91676d473a89c0858c6ffc,9SI4,igb8_di1_salt0.15_st0.0072,-6.487,3001
65fcca610b91676d473a89c0858c6ffc,9SI4,igb8_di1_salt0_st0,-4.6572,3001
65fcca610b91676d473a89c0858c6ffc,9SI4,igb8_di1_salt0_st0.0072,-6.5026,3001
65fcca610b91676d473a89c0858c6ffc,9SI4,igb8_di2_salt0.15_st0,-8.6595,3001
65fcca610b91676d473a89c0858c6ffc,9SI4,igb8_di2_salt0.15_st0.0072,-10.5048,3001
65fcca610b91676d473a89c0858c6ffc,9SI4,igb8_di2_salt0_st0,-8.6751,3001
65fcca610b91676d473a89c0858c6ffc,9SI4,igb8_di2_salt0_st0.0072,-10.5204,3001
65fcca610b91676d473a89c0858c6ffc,9SI4,igb8_di4_salt0.15_st0,-10.6684,3001
65fcca610b91676d473a89c0858c6ffc,9SI4,igb8_di4_salt0.15_st0.0072,-12.5137,3001
65fcca610b91676d473a89c0858c6ffc,9SI4,igb8_di4_salt0_st0,-10.6841,3001
65fcca610b91676d473a89c0858c6ffc,9SI4,igb8_di4_salt0_st0.0072,-12.5293,3001
6625c7dedbb9078036a34c78f2ad4182,5HU9,igb1_di1_salt0.15_st0,-22.3064,3001
6625c7dedbb9078036a34c78f2ad4182,5HU9,igb1_di1_salt0.15_st0.0072,-26.1171,3001
6625c7dedbb9078036a34c78f2ad4182,5HU9,igb1_di1_salt0_st0,-22.2927,3001
6625c7dedbb9078036a34c78f2ad4182,5HU9,igb1_di1_salt0_st0.0072,-26.1034,3001
6625c7dedbb9078036a34c78f2ad4182,5HU9,igb1_di2_salt0.15_st0,-26.9035,3001
6625c7dedbb9078036a34c78f2ad4182,5HU9,igb1_di2_salt0.15_st0.0072,-30.7141,3001
6625c7dedbb9078036a34c78f2ad4182,5HU9,igb1_di2_salt0_st0,-26.8898,3001
6625c7dedbb9078036a34c78f2ad4182,5HU9,igb1_di2_salt0_st0.0072,-30.7004,3001
6625c7dedbb9078036a34c78f2ad4182,5HU9,igb1_di4_salt0.15_st0,-29.202,3001
6625c7dedbb9078036a34c78f2ad4182,5HU9,igb1_di4_salt0.15_st0.0072,-33.0127,3001
6625c7dedbb9078036a34c78f2ad4182,5HU9,igb1_di4_salt0_st0,-29.1882,3001
6625c7dedbb9078036a34c78f2ad4182,5HU9,igb1_di4_salt0_st0.0072,-32.9989,3001
6625c7dedbb9078036a34c78f2ad4182,5HU9,igb2_di1_salt0.15_st0,-18.6931,3001
6625c7dedbb9078036a34c78f2ad4182,5HU9,igb2_di1_salt0.15_st0.0072,-22.5038,3001
6625c7dedbb9078036a34c78f2ad4182,5HU9,igb2_di1_salt0_st0,-18.6795,3001
6625c7dedbb9078036a34c78f2ad4182,5HU9,igb2_di1_salt0_st0.0072,-22.49,3001
6625c7dedbb9078036a34c78f2ad4182,5HU9,igb2_di2_salt0.15_st0,-25.1203,3001
6625c7dedbb9078036a34c78f2ad4182,5HU9,igb2_di2_salt0.15_st0.0072,-28.9309,3001
6625c7dedbb9078036a34c78f2ad4182,5HU9,igb2_di2_salt0_st0,-25.1065,3001
6625c7dedbb9078036a34c78f2ad4182,5HU9,igb2_di2_salt0_st0.0072,-28.917,3001
6625c7dedbb9078036a34c78f2ad4182,5HU9,igb2_di4_salt0.15_st0,-28.3337,3001
6625c7dedbb9078036a34c78f2ad4182,5HU9,igb2_di4_salt0.15_st0.0072,-32.1443,3001
6625c7dedbb9078036a34c78f2ad4182,5HU9,igb2_di4_salt0_st0,-28.3199,3001
6625c7dedbb9078036a34c78f2ad4182,5HU9,igb2_di4_salt0_st0.0072,-32.1306,3001
6625c7dedbb9078036a34c78f2ad4182,5HU9,igb5_di1_salt0.15_st0,-19.332,3001
6625c7dedbb9078036a34c78f2ad4182,5HU9,igb5_di1_salt0.15_st0.0072,-23.1428,3001
6625c7dedbb9078036a34c78f2ad4182,5HU9,igb5_di1_salt0_st0,-19.3187,3001
6625c7dedbb9078036a34c78f2ad4182,5HU9,igb5_di1_salt0_st0.0072,-23.1293,3001
6625c7dedbb9078036a34c78f2ad4182,5HU9,igb5_di2_salt0.15_st0,-25.4353,3001
6625c7dedbb9078036a34c78f2ad4182,5HU9,igb5_di2_salt0.15_st0.0072,-29.246,3001
6625c7dedbb9078036a34c78f2ad4182,5HU9,igb5_di2_salt0_st0,-25.4221,3001
6625c7dedbb9078036a34c78f2ad4182,5HU9,igb5_di2_salt0_st0.0072,-29.2326,3001
6625c7dedbb9078036a34c78f2ad4182,5HU9,igb5_di4_salt0.15_st0,-28.4868,3001
6625c7dedbb9078036a34c78f2ad4182,5HU9,igb5_di4_salt0.15_st0.0072,-32.2975,3001
6625c7dedbb9078036a34c78f2ad4182,5HU9,igb5_di4_salt0_st0,-28.4735,3001
6625c7dedbb9078036a34c78f2ad4182,5HU9,igb5_di4_salt0_st0.0072,-32.2842,3001
6625c7dedbb9078036a34c78f2ad4182,5HU9,igb8_di1_salt0.15_st0,-16.2415,3001
6625c7dedbb9078036a34c78f2ad4182,5HU9,igb8_di1_salt0.15_st0.0072,-20.0521,3001
6625c7dedbb9078036a34c78f2ad4182,5HU9,igb8_di1_salt0_st0,-16.2325,3001
6625c7dedbb9078036a34c78f2ad4182,5HU9,igb8_di1_salt0_st0.0072,-20.043,3001
6625c7dedbb9078036a34c78f2ad4182,5HU9,igb8_di2_salt0.15_st0,-23.9077,3001
6625c7dedbb9078036a34c78f2ad4182,5HU9,igb8_di2_salt0.15_st0.0072,-27.7183,3001
6625c7dedbb9078036a34c78f2ad4182,5HU9,igb8_di2_salt0_st0,-23.8987,3001
6625c7dedbb9078036a34c78f2ad4182,5HU9,igb8_di2_salt0_st0.0072,-27.7093,3001
6625c7dedbb9078036a34c78f2ad4182,5HU9,igb8_di4_salt0.15_st0,-27.7408,3001
6625c7dedbb9078036a34c78f2ad4182,5HU9,igb8_di4_salt0.15_st0.0072,-31.5514,3001
6625c7dedbb9078036a34c78f2ad4182,5HU9,igb8_di4_salt0_st0,-27.7319,3001
6625c7dedbb9078036a34c78f2ad4182,5HU9,igb8_di4_salt0_st0.0072,-31.5425,3001
69da907af4c1f2f8307d027d4ab80d72,9SI4,igb1_di1_salt0.15_st0,-17.5986,3001
69da907af4c1f2f8307d027d4ab80d72,9SI4,igb1_di1_salt0.15_st0.0072,-20.5673,3001
69da907af4c1f2f8307d027d4ab80d72,9SI4,igb1_di1_salt0_st0,-17.6197,3001
69da907af4c1f2f8307d027d4ab80d72,9SI4,igb1_di1_salt0_st0.0072,-20.5885,3001
69da907af4c1f2f8307d027d4ab80d72,9SI4,igb1_di2_salt0.15_st0,-21.5358,3001
69da907af4c1f2f8307d027d4ab80d72,9SI4,igb1_di2_salt0.15_st0.0072,-24.5047,3001
69da907af4c1f2f8307d027d4ab80d72,9SI4,igb1_di2_salt0_st0,-21.5569,3001
69da907af4c1f2f8307d027d4ab80d72,9SI4,igb1_di2_salt0_st0.0072,-24.5257,3001
69da907af4c1f2f8307d027d4ab80d72,9SI4,igb1_di4_salt0.15_st0,-23.5044,3001
69da907af4c1f2f8307d027d4ab80d72,9SI4,igb1_di4_salt0.15_st0.0072,-26.4732,3001
69da907af4c1f2f8307d027d4ab80d72,9SI4,igb1_di4_salt0_st0,-23.5254,3001
69da907af4c1f2f8307d027d4ab80d72,9SI4,igb1_di4_salt0_st0.0072,-26.4943,3001
69da907af4c1f2f8307d027d4ab80d72,9SI4,igb2_di1_salt0.15_st0,-14.7746,3001
69da907af4c1f2f8307d027d4ab80d72,9SI4,igb2_di1_salt0.15_st0.0072,-17.7434,3001
69da907af4c1f2f8307d027d4ab80d72,9SI4,igb2_di1_salt0_st0,-14.7963,3001
69da907af4c1f2f8307d027d4ab80d72,9SI4,igb2_di1_salt0_st0.0072,-17.7651,3001
69da907af4c1f2f8307d027d4ab80d72,9SI4,igb2_di2_salt0.15_st0,-20.1418,3001
69da907af4c1f2f8307d027d4ab80d72,9SI4,igb2_di2_salt0.15_st0.0072,-23.1106,3001
69da907af4c1f2f8307d027d4ab80d72,9SI4,igb2_di2_salt0_st0,-20.1634,3001
69da907af4c1f2f8307d027d4ab80d72,9SI4,igb2_di2_salt0_st0.0072,-23.1323,3001
69da907af4c1f2f8307d027d4ab80d72,9SI4,igb2_di4_salt0.15_st0,-22.8253,3001
69da907af4c1f2f8307d027d4ab80d72,9SI4,igb2_di4_salt0.15_st0.0072,-25.7942,3001
69da907af4c1f2f8307d027d4ab80d72,9SI4,igb2_di4_salt0_st0,-22.8471,3001
69da907af4c1f2f8307d027d4ab80d72,9SI4,igb2_di4_salt0_st0.0072,-25.8159,3001
69da907af4c1f2f8307d027d4ab80d72,9SI4,igb5_di1_salt0.15_st0,-15.2063,3001
69da907af4c1f2f8307d027d4ab80d72,9SI4,igb5_di1_salt0.15_st0.0072,-18.1752,3001
69da907af4c1f2f8307d027d4ab80d72,9SI4,igb5_di1_salt0_st0,-15.2301,3001
69da907af4c1f2f8307d027d4ab80d72,9SI4,igb5_di1_salt0_st0.0072,-18.1991,3001
69da907af4c1f2f8307d027d4ab80d72,9SI4,igb5_di2_salt0.15_st0,-20.3537,3001
69da907af4c1f2f8307d027d4ab80d72,9SI4,igb5_di2_salt0.15_st0.0072,-23.3226,3001
69da907af4c1f2f8307d027d4ab80d72,9SI4,igb5_di2_salt0_st0,-20.3775,3001
69da907af4c1f2f8307d027d4ab80d72,9SI4,igb5_di2_salt0_st0.0072,-23.3463,3001
69da907af4c1f2f8307d027d4ab80d72,9SI4,igb5_di4_salt0.15_st0,-22.9275,3001
69da907af4c1f2f8307d027d4ab80d72,9SI4,igb5_di4_salt0.15_st0.0072,-25.8962,3001
69da907af4c1f2f8307d027d4ab80d72,9SI4,igb5_di4_salt0_st0,-22.9514,3001
69da907af4c1f2f8307d027d4ab80d72,9SI4,igb5_di4_salt0_st0.0072,-25.9201,3001
69da907af4c1f2f8307d027d4ab80d72,9SI4,igb8_di1_salt0.15_st0,-11.8526,3001
69da907af4c1f2f8307d027d4ab80d72,9SI4,igb8_di1_salt0.15_st0.0072,-14.8214,3001
69da907af4c1f2f8307d027d4ab80d72,9SI4,igb8_di1_salt0_st0,-11.875,3001
69da907af4c1f2f8307d027d4ab80d72,9SI4,igb8_di1_salt0_st0.0072,-14.8439,3001
69da907af4c1f2f8307d027d4ab80d72,9SI4,igb8_di2_salt0.15_st0,-18.6994,3001
69da907af4c1f2f8307d027d4ab80d72,9SI4,igb8_di2_salt0.15_st0.0072,-21.6681,3001
69da907af4c1f2f8307d027d4ab80d72,9SI4,igb8_di2_salt0_st0,-18.7216,3001
69da907af4c1f2f8307d027d4ab80d72,9SI4,igb8_di2_salt0_st0.0072,-21.6905,3001
69da907af4c1f2f8307d027d4ab80d72,9SI4,igb8_di4_salt0.15_st0,-22.1226,3001
69da907af4c1f2f8307d027d4ab80d72,9SI4,igb8_di4_salt0.15_st0.0072,-25.0915,3001
69da907af4c1f2f8307d027d4ab80d72,9SI4,igb8_di4_salt0_st0,-22.1449,3001
69da907af4c1f2f8307d027d4ab80d72,9SI4,igb8_di4_salt0_st0.0072,-25.1137,3001
69ea6e3ad23ea569f4bbfa0263cb5bdc,9D9I,igb1_di1_salt0.15_st0,-25.1908,3001
69ea6e3ad23ea569f4bbfa0263cb5bdc,9D9I,igb1_di1_salt0.15_st0.0072,-30.688,3001
69ea6e3ad23ea569f4bbfa0263cb5bdc,9D9I,igb1_di1_salt0_st0,-25.1967,3001
69ea6e3ad23ea569f4bbfa0263cb5bdc,9D9I,igb1_di1_salt0_st0.0072,-30.6938,3001
69ea6e3ad23ea569f4bbfa0263cb5bdc,9D9I,igb1_di2_salt0.15_st0,-32.3139,3001
69ea6e3ad23ea569f4bbfa0263cb5bdc,9D9I,igb1_di2_salt0.15_st0.0072,-37.8111,3001
69ea6e3ad23ea569f4bbfa0263cb5bdc,9D9I,igb1_di2_salt0_st0,-32.3199,3001
69ea6e3ad23ea569f4bbfa0263cb5bdc,9D9I,igb1_di2_salt0_st0.0072,-37.8169,3001
69ea6e3ad23ea569f4bbfa0263cb5bdc,9D9I,igb1_di4_salt0.15_st0,-35.8755,3001
69ea6e3ad23ea569f4bbfa0263cb5bdc,9D9I,igb1_di4_salt0.15_st0.0072,-41.3726,3001
69ea6e3ad23ea569f4bbfa0263cb5bdc,9D9I,igb1_di4_salt0_st0,-35.8814,3001
69ea6e3ad23ea569f4bbfa0263cb5bdc,9D9I,igb1_di4_salt0_st0.0072,-41.3786,3001
69ea6e3ad23ea569f4bbfa0263cb5bdc,9D9I,igb2_di1_salt0.15_st0,-18.4919,3001
69ea6e3ad23ea569f4bbfa0263cb5bdc,9D9I,igb2_di1_salt0.15_st0.0072,-23.989,3001
69ea6e3ad23ea569f4bbfa0263cb5bdc,9D9I,igb2_di1_salt0_st0,-18.4975,3001
69ea6e3ad23ea569f4bbfa0263cb5bdc,9D9I,igb2_di1_salt0_st0.0072,-23.9945,3001
69ea6e3ad23ea569f4bbfa0263cb5bdc,9D9I,igb2_di2_salt0.15_st0,-29.0078,3001
69ea6e3ad23ea569f4bbfa0263cb5bdc,9D9I,igb2_di2_salt0.15_st0.0072,-34.5049,3001
69ea6e3ad23ea569f4bbfa0263cb5bdc,9D9I,igb2_di2_salt0_st0,-29.0134,3001
69ea6e3ad23ea569f4bbfa0263cb5bdc,9D9I,igb2_di2_salt0_st0.0072,-34.5105,3001
69ea6e3ad23ea569f4bbfa0263cb5bdc,9D9I,igb2_di4_salt0.15_st0,-34.2659,3001
69ea6e3ad23ea569f4bbfa0263cb5bdc,9D9I,igb2_di4_salt0.15_st0.0072,-39.7629,3001
69ea6e3ad23ea569f4bbfa0263cb5bdc,9D9I,igb2_di4_salt0_st0,-34.2714,3001
69ea6e3ad23ea569f4bbfa0263cb5bdc,9D9I,igb2_di4_salt0_st0.0072,-39.7685,3001
69ea6e3ad23ea569f4bbfa0263cb5bdc,9D9I,igb5_di1_salt0.15_st0,-20.6078,3001
69ea6e3ad23ea569f4bbfa0263cb5bdc,9D9I,igb5_di1_salt0.15_st0.0072,-26.1048,3001
69ea6e3ad23ea569f4bbfa0263cb5bdc,9D9I,igb5_di1_salt0_st0,-20.6141,3001
69ea6e3ad23ea569f4bbfa0263cb5bdc,9D9I,igb5_di1_salt0_st0.0072,-26.1111,3001
69ea6e3ad23ea569f4bbfa0263cb5bdc,9D9I,igb5_di2_salt0.15_st0,-30.0517,3001
69ea6e3ad23ea569f4bbfa0263cb5bdc,9D9I,igb5_di2_salt0.15_st0.0072,-35.5488,3001
69ea6e3ad23ea569f4bbfa0263cb5bdc,9D9I,igb5_di2_salt0_st0,-30.058,3001
69ea6e3ad23ea569f4bbfa0263cb5bdc,9D9I,igb5_di2_salt0_st0.0072,-35.5552,3001
69ea6e3ad23ea569f4bbfa0263cb5bdc,9D9I,igb5_di4_salt0.15_st0,-34.7737,3001
69ea6e3ad23ea569f4bbfa0263cb5bdc,9D9I,igb5_di4_salt0.15_st0.0072,-40.2708,3001
69ea6e3ad23ea569f4bbfa0263cb5bdc,9D9I,igb5_di4_salt0_st0,-34.7801,3001
69ea6e3ad23ea569f4bbfa0263cb5bdc,9D9I,igb5_di4_salt0_st0.0072,-40.2772,3001
69ea6e3ad23ea569f4bbfa0263cb5bdc,9D9I,igb8_di1_salt0.15_st0,-12.9326,3001
69ea6e3ad23ea569f4bbfa0263cb5bdc,9D9I,igb8_di1_salt0.15_st0.0072,-18.4297,3001
69ea6e3ad23ea569f4bbfa0263cb5bdc,9D9I,igb8_di1_salt0_st0,-12.9397,3001
69ea6e3ad23ea569f4bbfa0263cb5bdc,9D9I,igb8_di1_salt0_st0.0072,-18.4368,3001
69ea6e3ad23ea569f4bbfa0263cb5bdc,9D9I,igb8_di2_salt0.15_st0,-26.2633,3001
69ea6e3ad23ea569f4bbfa0263cb5bdc,9D9I,igb8_di2_salt0.15_st0.0072,-31.7605,3001
69ea6e3ad23ea569f4bbfa0263cb5bdc,9D9I,igb8_di2_salt0_st0,-26.2704,3001
69ea6e3ad23ea569f4bbfa0263cb5bdc,9D9I,igb8_di2_salt0_st0.0072,-31.7675,3001
69ea6e3ad23ea569f4bbfa0263cb5bdc,9D9I,igb8_di4_salt0.15_st0,-32.9287,3001
69ea6e3ad23ea569f4bbfa0263cb5bdc,9D9I,igb8_di4_salt0.15_st0.0072,-38.4258,3001
69ea6e3ad23ea569f4bbfa0263cb5bdc,9D9I,igb8_di4_salt0_st0,-32.9358,3001
69ea6e3ad23ea569f4bbfa0263cb5bdc,9D9I,igb8_di4_salt0_st0.0072,-38.433,3001
6b43e44fb3ada6de6c351a68d32eaa65,4QB3,igb1_di1_salt0.15_st0,-17.6202,3001
6b43e44fb3ada6de6c351a68d32eaa65,4QB3,igb1_di1_salt0.15_st0.0072,-21.9368,3001
6b43e44fb3ada6de6c351a68d32eaa65,4QB3,igb1_di1_salt0_st0,-17.6134,3001
6b43e44fb3ada6de6c351a68d32eaa65,4QB3,igb1_di1_salt0_st0.0072,-21.9302,3001
6b43e44fb3ada6de6c351a68d32eaa65,4QB3,igb1_di2_salt0.15_st0,-24.9592,3001
6b43e44fb3ada6de6c351a68d32eaa65,4QB3,igb1_di2_salt0.15_st0.0072,-29.2759,3001
6b43e44fb3ada6de6c351a68d32eaa65,4QB3,igb1_di2_salt0_st0,-24.9524,3001
6b43e44fb3ada6de6c351a68d32eaa65,4QB3,igb1_di2_salt0_st0.0072,-29.2691,3001
6b43e44fb3ada6de6c351a68d32eaa65,4QB3,igb1_di4_salt0.15_st0,-28.6287,3001
6b43e44fb3ada6de6c351a68d32eaa65,4QB3,igb1_di4_salt0.15_st0.0072,-32.9454,3001
6b43e44fb3ada6de6c351a68d32eaa65,4QB3,igb1_di4_salt0_st0,-28.6218,3001
6b43e44fb3ada6de6c351a68d32eaa65,4QB3,igb1_di4_salt0_st0.0072,-32.9386,3001
6b43e44fb3ada6de6c351a68d32eaa65,4QB3,igb2_di1_salt0.15_st0,-12.7521,3001
6b43e44fb3ada6de6c351a68d32eaa65,4QB3,igb2_di1_salt0.15_st0.0072,-17.069,3001
6b43e44fb3ada6de6c351a68d32eaa65,4QB3,igb2_di1_salt0_st0,-12.7455,3001
6b43e44fb3ada6de6c351a68d32eaa65,4QB3,igb2_di1_salt0_st0.0072,-17.0623,3001
6b43e44fb3ada6de6c351a68d32eaa65,4QB3,igb2_di2_salt0.15_st0,-22.5565,3001
6b43e44fb3ada6de6c351a68d32eaa65,4QB3,igb2_di2_salt0.15_st0.0072,-26.8733,3001
6b43e44fb3ada6de6c351a68d32eaa65,4QB3,igb2_di2_salt0_st0,-22.55,3001
6b43e44fb3ada6de6c351a68d32eaa65,4QB3,igb2_di2_salt0_st0.0072,-26.8666,3001
6b43e44fb3ada6de6c351a68d32eaa65,4QB3,igb2_di4_salt0.15_st0,-27.4587,3001
6b43e44fb3ada6de6c351a68d32eaa65,4QB3,igb2_di4_salt0.15_st0.0072,-31.7755,3001
6b43e44fb3ada6de6c351a68d32eaa65,4QB3,igb2_di4_salt0_st0,-27.452,3001
6b43e44fb3ada6de6c351a68d32eaa65,4QB3,igb2_di4_salt0_st0.0072,-31.7688,3001
6b43e44fb3ada6de6c351a68d32eaa65,4QB3,igb5_di1_salt0.15_st0,-13.6318,3001
6b43e44fb3ada6de6c351a68d32eaa65,4QB3,igb5_di1_salt0.15_st0.0072,-17.9484,3001
6b43e44fb3ada6de6c351a68d32eaa65,4QB3,igb5_di1_salt0_st0,-13.6245,3001
6b43e44fb3ada6de6c351a68d32eaa65,4QB3,igb5_di1_salt0_st0.0072,-17.9412,3001
6b43e44fb3ada6de6c351a68d32eaa65,4QB3,igb5_di2_salt0.15_st0,-22.9909,3001
6b43e44fb3ada6de6c351a68d32eaa65,4QB3,igb5_di2_salt0.15_st0.0072,-27.3075,3001
6b43e44fb3ada6de6c351a68d32eaa65,4QB3,igb5_di2_salt0_st0,-22.9838,3001
6b43e44fb3ada6de6c351a68d32eaa65,4QB3,igb5_di2_salt0_st0.0072,-27.3004,3001
6b43e44fb3ada6de6c351a68d32eaa65,4QB3,igb5_di4_salt0.15_st0,-27.6704,3001
6b43e44fb3ada6de6c351a68d32eaa65,4QB3,igb5_di4_salt0.15_st0.0072,-31.9871,3001
6b43e44fb3ada6de6c351a68d32eaa65,4QB3,igb5_di4_salt0_st0,-27.6633,3001
6b43e44fb3ada6de6c351a68d32eaa65,4QB3,igb5_di4_salt0_st0.0072,-31.9801,3001
6b43e44fb3ada6de6c351a68d32eaa65,4QB3,igb8_di1_salt0.15_st0,-13.7569,3001
6b43e44fb3ada6de6c351a68d32eaa65,4QB3,igb8_di1_salt0.15_st0.0072,-18.0737,3001
6b43e44fb3ada6de6c351a68d32eaa65,4QB3,igb8_di1_salt0_st0,-13.7484,3001
6b43e44fb3ada6de6c351a68d32eaa65,4QB3,igb8_di1_salt0_st0.0072,-18.0651,3001
6b43e44fb3ada6de6c351a68d32eaa65,4QB3,igb8_di2_salt0.15_st0,-23.0534,3001
6b43e44fb3ada6de6c351a68d32eaa65,4QB3,igb8_di2_salt0.15_st0.0072,-27.3701,3001
6b43e44fb3ada6de6c351a68d32eaa65,4QB3,igb8_di2_salt0_st0,-23.0448,3001
6b43e44fb3ada6de6c351a68d32eaa65,4QB3,igb8_di2_salt0_st0.0072,-27.3616,3001
6b43e44fb3ada6de6c351a68d32eaa65,4QB3,igb8_di4_salt0.15_st0,-27.7017,3001
6b43e44fb3ada6de6c351a68d32eaa65,4QB3,igb8_di4_salt0.15_st0.0072,-32.0184,3001
6b43e44fb3ada6de6c351a68d32eaa65,4QB3,igb8_di4_salt0_st0,-27.6932,3001
6b43e44fb3ada6de6c351a68d32eaa65,4QB3,igb8_di4_salt0_st0.0072,-32.0098,3001
6e359d9430a2de705d89d808ead7c331,8ELC,igb1_di1_salt0.15_st0,-26.6188,3001
6e359d9430a2de705d89d808ead7c331,8ELC,igb1_di1_salt0.15_st0.0072,-31.6594,3001
6e359d9430a2de705d89d808ead7c331,8ELC,igb1_di1_salt0_st0,-26.6228,3001
6e359d9430a2de705d89d808ead7c331,8ELC,igb1_di1_salt0_st0.0072,-31.6634,3001
6e359d9430a2de705d89d808ead7c331,8ELC,igb1_di2_salt0.15_st0,-32.437,3001
6e359d9430a2de705d89d808ead7c331,8ELC,igb1_di2_salt0.15_st0.0072,-37.4777,3001
6e359d9430a2de705d89d808ead7c331,8ELC,igb1_di2_salt0_st0,-32.441,3001
6e359d9430a2de705d89d808ead7c331,8ELC,igb1_di2_salt0_st0.0072,-37.4818,3001
6e359d9430a2de705d89d808ead7c331,8ELC,igb1_di4_salt0.15_st0,-35.3461,3001
6e359d9430a2de705d89d808ead7c331,8ELC,igb1_di4_salt0.15_st0.0072,-40.3868,3001
6e359d9430a2de705d89d808ead7c331,8ELC,igb1_di4_salt0_st0,-35.3501,3001
6e359d9430a2de705d89d808ead7c331,8ELC,igb1_di4_salt0_st0.0072,-40.3908,3001
6e359d9430a2de705d89d808ead7c331,8ELC,igb2_di1_salt0.15_st0,-21.9399,3001
6e359d9430a2de705d89d808ead7c331,8ELC,igb2_di1_salt0.15_st0.0072,-26.9806,3001
6e359d9430a2de705d89d808ead7c331,8ELC,igb2_di1_salt0_st0,-21.9446,3001
6e359d9430a2de705d89d808ead7c331,8ELC,igb2_di1_salt0_st0.0072,-26.9852,3001
6e359d9430a2de705d89d808ead7c331,8ELC,igb2_di2_salt0.15_st0,-30.1273,3001
6e359d9430a2de705d89d808ead7c331,8ELC,igb2_di2_salt0.15_st0.0072,-35.1681,3001
6e359d9430a2de705d89d808ead7c331,8ELC,igb2_di2_salt0_st0,-30.1322,3001
6e359d9430a2de705d89d808ead7c331,8ELC,igb2_di2_salt0_st0.0072,-35.1727,3001
6e359d9430a2de705d89d808ead7c331,8ELC,igb2_di4_salt0.15_st0,-34.2211,3001
6e359d9430a2de705d89d808ead7c331,8ELC,igb2_di4_salt0.15_st0.0072,-39.2618,3001
6e359d9430a2de705d89d808ead7c331,8ELC,igb2_di4_salt0_st0,-34.2258,3001
6e359d9430a2de705d89d808ead7c331,8ELC,igb2_di4_salt0_st0.0072,-39.2665,3001
6e359d9430a2de705d89d808ead7c331,8ELC,igb5_di1_salt0.15_st0,-22.0944,3001
6e359d9430a2de705d89d808ead7c331,8ELC,igb5_di1_salt0.15_st0.0072,-27.135,3001
6e359d9430a2de705d89d808ead7c331,8ELC,igb5_di1_salt0_st0,-22.1027,3001
6e359d9430a2de705d89d808ead7c331,8ELC,igb5_di1_salt0_st0.0072,-27.1432,3001
6e359d9430a2de705d89d808ead7c331,8ELC,igb5_di2_salt0.15_st0,-30.202,3001
6e359d9430a2de705d89d808ead7c331,8ELC,igb5_di2_salt0.15_st0.0072,-35.2426,3001
6e359d9430a2de705d89d808ead7c331,8ELC,igb5_di2_salt0_st0,-30.2102,3001
6e359d9430a2de705d89d808ead7c331,8ELC,igb5_di2_salt0_st0.0072,-35.2508,3001
6e359d9430a2de705d89d808ead7c331,8ELC,igb5_di4_salt0.15_st0,-34.2555,3001
6e359d9430a2de705d89d808ead7c331,8ELC,igb5_di4_salt0.15_st0.0072,-39.2964,3001
6e359d9430a2de705d89d808ead7c331,8ELC,igb5_di4_salt0_st0,-34.2637,3001
6e359d9430a2de705d89d808ead7c331,8ELC,igb5_di4_salt0_st0.0072,-39.3045,3001
6e359d9430a2de705d89d808ead7c331,8ELC,igb8_di1_salt0.15_st0,-19.4477,3001
6e359d9430a2de705d89d808ead7c331,8ELC,igb8_di1_salt0.15_st0.0072,-24.4883,3001
6e359d9430a2de705d89d808ead7c331,8ELC,igb8_di1_salt0_st0,-19.454,3001
6e359d9430a2de705d89d808ead7c331,8ELC,igb8_di1_salt0_st0.0072,-24.4948,3001
6e359d9430a2de705d89d808ead7c331,8ELC,igb8_di2_salt0.15_st0,-28.8965,3001
6e359d9430a2de705d89d808ead7c331,8ELC,igb8_di2_salt0.15_st0.0072,-33.9372,3001
6e359d9430a2de705d89d808ead7c331,8ELC,igb8_di2_salt0_st0,-28.9029,3001
6e359d9430a2de705d89d808ead7c331,8ELC,igb8_di2_salt0_st0.0072,-33.9435,3001
6e359d9430a2de705d89d808ead7c331,8ELC,igb8_di4_salt0.15_st0,-33.621,3001
6e359d9430a2de705d89d808ead7c331,8ELC,igb8_di4_salt0.15_st0.0072,-38.6616,3001
6e359d9430a2de705d89d808ead7c331,8ELC,igb8_di4_salt0_st0,-33.6273,3001
6e359d9430a2de705d89d808ead7c331,8ELC,igb8_di4_salt0_st0.0072,-38.668,3001
6ed539a8e565bc920be9f146e577ce98,4L7G,igb1_di1_salt0.15_st0,-12.7693,3001
6ed539a8e565bc920be9f146e577ce98,4L7G,igb1_di1_salt0.15_st0.0072,-16.5783,3001
6ed539a8e565bc920be9f146e577ce98,4L7G,igb1_di1_salt0_st0,-12.7247,3001
6ed539a8e565bc920be9f146e577ce98,4L7G,igb1_di1_salt0_st0.0072,-16.5336,3001
6ed539a8e565bc920be9f146e577ce98,4L7G,igb1_di2_salt0.15_st0,-19.4081,3001
6ed539a8e565bc920be9f146e577ce98,4L7G,igb1_di2_salt0.15_st0.0072,-23.217,3001
6ed539a8e565bc920be9f146e577ce98,4L7G,igb1_di2_salt0_st0,-19.3635,3001
6ed539a8e565bc920be9f146e577ce98,4L7G,igb1_di2_salt0_st0.0072,-23.1723,3001
6ed539a8e565bc920be9f146e577ce98,4L7G,igb1_di4_salt0.15_st0,-22.7275,3001
6ed539a8e565bc920be9f146e577ce98,4L7G,igb1_di4_salt0.15_st0.0072,-26.5364,3001
6ed539a8e565bc920be9f146e577ce98,4L7G,igb1_di4_salt0_st0,-22.6828,3001
6ed539a8e565bc920be9f146e577ce98,4L7G,igb1_di4_salt0_st0.0072,-26.4919,3001
6ed539a8e565bc920be9f146e577ce98,4L7G,igb2_di1_salt0.15_st0,-7.9421,3001
6ed539a8e565bc920be9f146e577ce98,4L7G,igb2_di1_salt0.15_st0.0072,-11.7511,3001
6ed539a8e565bc920be9f146e577ce98,4L7G,igb2_di1_salt0_st0,-7.8983,3001
6ed539a8e565bc920be9f146e577ce98,4L7G,igb2_di1_salt0_st0.0072,-11.7072,3001
6ed539a8e565bc920be9f146e577ce98,4L7G,igb2_di2_salt0.15_st0,-17.0252,3001
6ed539a8e565bc920be9f146e577ce98,4L7G,igb2_di2_salt0.15_st0.0072,-20.8342,3001
6ed539a8e565bc920be9f146e577ce98,4L7G,igb2_di2_salt0_st0,-16.9814,3001
6ed539a8e565bc920be9f146e577ce98,4L7G,igb2_di2_salt0_st0.0072,-20.7904,3001
6ed539a8e565bc920be9f146e577ce98,4L7G,igb2_di4_salt0.15_st0,-21.5668,3001
6ed539a8e565bc920be9f146e577ce98,4L7G,igb2_di4_salt0.15_st0.0072,-25.3756,3001
6ed539a8e565bc920be9f146e577ce98,4L7G,igb2_di4_salt0_st0,-21.5229,3001
6ed539a8e565bc920be9f146e577ce98,4L7G,igb2_di4_salt0_st0.0072,-25.3319,3001
6ed539a8e565bc920be9f146e577ce98,4L7G,igb5_di1_salt0.15_st0,-8.2275,3001
6ed539a8e565bc920be9f146e577ce98,4L7G,igb5_di1_salt0.15_st0.0072,-12.0365,3001
6ed539a8e565bc920be9f146e577ce98,4L7G,igb5_di1_salt0_st0,-8.1854,3001
6ed539a8e565bc920be9f146e577ce98,4L7G,igb5_di1_salt0_st0.0072,-11.9944,3001
6ed539a8e565bc920be9f146e577ce98,4L7G,igb5_di2_salt0.15_st0,-17.1652,3001
6ed539a8e565bc920be9f146e577ce98,4L7G,igb5_di2_salt0.15_st0.0072,-20.9742,3001
6ed539a8e565bc920be9f146e577ce98,4L7G,igb5_di2_salt0_st0,-17.1232,3001
6ed539a8e565bc920be9f146e577ce98,4L7G,igb5_di2_salt0_st0.0072,-20.932,3001
6ed539a8e565bc920be9f146e577ce98,4L7G,igb5_di4_salt0.15_st0,-21.6339,3001
6ed539a8e565bc920be9f146e577ce98,4L7G,igb5_di4_salt0.15_st0.0072,-25.4429,3001
6ed539a8e565bc920be9f146e577ce98,4L7G,igb5_di4_salt0_st0,-21.5919,3001
6ed539a8e565bc920be9f146e577ce98,4L7G,igb5_di4_salt0_st0.0072,-25.401,3001
6ed539a8e565bc920be9f146e577ce98,4L7G,igb8_di1_salt0.15_st0,-6.4705,3001
6ed539a8e565bc920be9f146e577ce98,4L7G,igb8_di1_salt0.15_st0.0072,-10.2796,3001
6ed539a8e565bc920be9f146e577ce98,4L7G,igb8_di1_salt0_st0,-6.4266,3001
6ed539a8e565bc920be9f146e577ce98,4L7G,igb8_di1_salt0_st0.0072,-10.2356,3001
6ed539a8e565bc920be9f146e577ce98,4L7G,igb8_di2_salt0.15_st0,-16.2989,3001
6ed539a8e565bc920be9f146e577ce98,4L7G,igb8_di2_salt0.15_st0.0072,-20.108,3001
6ed539a8e565bc920be9f146e577ce98,4L7G,igb8_di2_salt0_st0,-16.2551,3001
6ed539a8e565bc920be9f146e577ce98,4L7G,igb8_di2_salt0_st0.0072,-20.0639,3001
6ed539a8e565bc920be9f146e577ce98,4L7G,igb8_di4_salt0.15_st0,-21.2131,3001
6ed539a8e565bc920be9f146e577ce98,4L7G,igb8_di4_salt0.15_st0.0072,-25.0222,3001
6ed539a8e565bc920be9f146e577ce98,4L7G,igb8_di4_salt0_st0,-21.1692,3001
6ed539a8e565bc920be9f146e577ce98,4L7G,igb8_di4_salt0_st0.0072,-24.9782,3001
6ef67d129dcb37a0be630ca24c321f02,2XU3,igb1_di1_salt0.15_st0,-19.2757,3001
6ef67d129dcb37a0be630ca24c321f02,2XU3,igb1_di1_salt0.15_st0.0072,-22.7921,3001
6ef67d129dcb37a0be630ca24c321f02,2XU3,igb1_di1_salt0_st0,-19.27,3001
6ef67d129dcb37a0be630ca24c321f02,2XU3,igb1_di1_salt0_st0.0072,-22.7864,3001
6ef67d129dcb37a0be630ca24c321f02,2XU3,igb1_di2_salt0.15_st0,-23.6528,3001
6ef67d129dcb37a0be630ca24c321f02,2XU3,igb1_di2_salt0.15_st0.0072,-27.1692,3001
6ef67d129dcb37a0be630ca24c321f02,2XU3,igb1_di2_salt0_st0,-23.6471,3001
6ef67d129dcb37a0be630ca24c321f02,2XU3,igb1_di2_salt0_st0.0072,-27.1635,3001
6ef67d129dcb37a0be630ca24c321f02,2XU3,igb1_di4_salt0.15_st0,-25.8413,3001
6ef67d129dcb37a0be630ca24c321f02,2XU3,igb1_di4_salt0.15_st0.0072,-29.3578,3001
6ef67d129dcb37a0be630ca24c321f02,2XU3,igb1_di4_salt0_st0,-25.8355,3001
6ef67d129dcb37a0be630ca24c321f02,2XU3,igb1_di4_salt0_st0.0072,-29.3521,3001
6ef67d129dcb37a0be630ca24c321f02,2XU3,igb2_di1_salt0.15_st0,-16.6698,3001
6ef67d129dcb37a0be630ca24c321f02,2XU3,igb2_di1_salt0.15_st0.0072,-20.1864,3001
6ef67d129dcb37a0be630ca24c321f02,2XU3,igb2_di1_salt0_st0,-16.664,3001
6ef67d129dcb37a0be630ca24c321f02,2XU3,igb2_di1_salt0_st0.0072,-20.1804,3001
6ef67d129dcb37a0be630ca24c321f02,2XU3,igb2_di2_salt0.15_st0,-22.3669,3001
6ef67d129dcb37a0be630ca24c321f02,2XU3,igb2_di2_salt0.15_st0.0072,-25.8833,3001
6ef67d129dcb37a0be630ca24c321f02,2XU3,igb2_di2_salt0_st0,-22.3608,3001
6ef67d129dcb37a0be630ca24c321f02,2XU3,igb2_di2_salt0_st0.0072,-25.8774,3001
6ef67d129dcb37a0be630ca24c321f02,2XU3,igb2_di4_salt0.15_st0,-25.2153,3001
6ef67d129dcb37a0be630ca24c321f02,2XU3,igb2_di4_salt0.15_st0.0072,-28.7317,3001
6ef67d129dcb37a0be630ca24c321f02,2XU3,igb2_di4_salt0_st0,-25.2094,3001
6ef67d129dcb37a0be630ca24c321f02,2XU3,igb2_di4_salt0_st0.0072,-28.7258,3001
6ef67d129dcb37a0be630ca24c321f02,2XU3,igb5_di1_salt0.15_st0,-17.7623,3001
6ef67d129dcb37a0be630ca24c321f02,2XU3,igb5_di1_salt0.15_st0.0072,-21.2789,3001
6ef67d129dcb37a0be630ca24c321f02,2XU3,igb5_di1_salt0_st0,-17.7558,3001
6ef67d129dcb37a0be630ca24c321f02,2XU3,igb5_di1_salt0_st0.0072,-21.2722,3001
6ef67d129dcb37a0be630ca24c321f02,2XU3,igb5_di2_salt0.15_st0,-22.9063,3001
6ef67d129dcb37a0be630ca24c321f02,2XU3,igb5_di2_salt0.15_st0.0072,-26.4228,3001
6ef67d129dcb37a0be630ca24c321f02,2XU3,igb5_di2_salt0_st0,-22.8997,3001
6ef67d129dcb37a0be630ca24c321f02,2XU3,igb5_di2_salt0_st0.0072,-26.4162,3001
6ef67d129dcb37a0be630ca24c321f02,2XU3,igb5_di4_salt0.15_st0,-25.4784,3001
6ef67d129dcb37a0be630ca24c321f02,2XU3,igb5_di4_salt0.15_st0.0072,-28.9949,3001
6ef67d129dcb37a0be630ca24c321f02,2XU3,igb5_di4_salt0_st0,-25.4717,3001
6ef67d129dcb37a0be630ca24c321f02,2XU3,igb5_di4_salt0_st0.0072,-28.9883,3001
6ef67d129dcb37a0be630ca24c321f02,2XU3,igb8_di1_salt0.15_st0,-18.1835,3001
6ef67d129dcb37a0be630ca24c321f02,2XU3,igb8_di1_salt0.15_st0.0072,-21.7,3001
6ef67d129dcb37a0be630ca24c321f02,2XU3,igb8_di1_salt0_st0,-18.1756,3001
6ef67d129dcb37a0be630ca24c321f02,2XU3,igb8_di1_salt0_st0.0072,-21.6921,3001
6ef67d129dcb37a0be630ca24c321f02,2XU3,igb8_di2_salt0.15_st0,-23.1147,3001
6ef67d129dcb37a0be630ca24c321f02,2XU3,igb8_di2_salt0.15_st0.0072,-26.6313,3001
6ef67d129dcb37a0be630ca24c321f02,2XU3,igb8_di2_salt0_st0,-23.1069,3001
6ef67d129dcb37a0be630ca24c321f02,2XU3,igb8_di2_salt0_st0.0072,-26.6234,3001
6ef67d129dcb37a0be630ca24c321f02,2XU3,igb8_di4_salt0.15_st0,-25.5804,3001
6ef67d129dcb37a0be630ca24c321f02,2XU3,igb8_di4_salt0.15_st0.0072,-29.0969,3001
6ef67d129dcb37a0be630ca24c321f02,2XU3,igb8_di4_salt0_st0,-25.5726,3001
6ef67d129dcb37a0be630ca24c321f02,2XU3,igb8_di4_salt0_st0.0072,-29.0892,3001
6f6836389edc435ef5de6a0ca5c25474,8ELC,igb1_di1_salt0.15_st0,-18.7377,3001
6f6836389edc435ef5de6a0ca5c25474,8ELC,igb1_di1_salt0.15_st0.0072,-22.4546,3001
6f6836389edc435ef5de6a0ca5c25474,8ELC,igb1_di1_salt0_st0,-18.7286,3001
6f6836389edc435ef5de6a0ca5c25474,8ELC,igb1_di1_salt0_st0.0072,-22.4456,3001
6f6836389edc435ef5de6a0ca5c25474,8ELC,igb1_di2_salt0.15_st0,-22.5235,3001
6f6836389edc435ef5de6a0ca5c25474,8ELC,igb1_di2_salt0.15_st0.0072,-26.2404,3001
6f6836389edc435ef5de6a0ca5c25474,8ELC,igb1_di2_salt0_st0,-22.5146,3001
6f6836389edc435ef5de6a0ca5c25474,8ELC,igb1_di2_salt0_st0.0072,-26.2314,3001
6f6836389edc435ef5de6a0ca5c25474,8ELC,igb1_di4_salt0.15_st0,-24.4164,3001
6f6836389edc435ef5de6a0ca5c25474,8ELC,igb1_di4_salt0.15_st0.0072,-28.1333,3001
6f6836389edc435ef5de6a0ca5c25474,8ELC,igb1_di4_salt0_st0,-24.4075,3001
6f6836389edc435ef5de6a0ca5c25474,8ELC,igb1_di4_salt0_st0.0072,-28.1243,3001
6f6836389edc435ef5de6a0ca5c25474,8ELC,igb2_di1_salt0.15_st0,-16.3324,3001
6f6836389edc435ef5de6a0ca5c25474,8ELC,igb2_di1_salt0.15_st0.0072,-20.0492,3001
6f6836389edc435ef5de6a0ca5c25474,8ELC,igb2_di1_salt0_st0,-16.3227,3001
6f6836389edc435ef5de6a0ca5c25474,8ELC,igb2_di1_salt0_st0.0072,-20.0395,3001
6f6836389edc435ef5de6a0ca5c25474,8ELC,igb2_di2_salt0.15_st0,-21.3368,3001
6f6836389edc435ef5de6a0ca5c25474,8ELC,igb2_di2_salt0.15_st0.0072,-25.0535,3001
6f6836389edc435ef5de6a0ca5c25474,8ELC,igb2_di2_salt0_st0,-21.3272,3001
6f6836389edc435ef5de6a0ca5c25474,8ELC,igb2_di2_salt0_st0.0072,-25.044,3001
6f6836389edc435ef5de6a0ca5c25474,8ELC,igb2_di4_salt0.15_st0,-23.8389,3001
6f6836389edc435ef5de6a0ca5c25474,8ELC,igb2_di4_salt0.15_st0.0072,-27.5558,3001
6f6836389edc435ef5de6a0ca5c25474,8ELC,igb2_di4_salt0_st0,-23.8292,3001
6f6836389edc435ef5de6a0ca5c25474,8ELC,igb2_di4_salt0_st0.0072,-27.5462,3001
6f6836389edc435ef5de6a0ca5c25474,8ELC,igb5_di1_salt0.15_st0,-18.1254,3001
6f6836389edc435ef5de6a0ca5c25474,8ELC,igb5_di1_salt0.15_st0.0072,-21.8422,3001
6f6836389edc435ef5de6a0ca5c25474,8ELC,igb5_di1_salt0_st0,-18.116,3001
6f6836389edc435ef5de6a0ca5c25474,8ELC,igb5_di1_salt0_st0.0072,-21.8328,3001
6f6836389edc435ef5de6a0ca5c25474,8ELC,igb5_di2_salt0.15_st0,-22.2216,3001
6f6836389edc435ef5de6a0ca5c25474,8ELC,igb5_di2_salt0.15_st0.0072,-25.9384,3001
6f6836389edc435ef5de6a0ca5c25474,8ELC,igb5_di2_salt0_st0,-22.2121,3001
6f6836389edc435ef5de6a0ca5c25474,8ELC,igb5_di2_salt0_st0.0072,-25.9289,3001
6f6836389edc435ef5de6a0ca5c25474,8ELC,igb5_di4_salt0.15_st0,-24.2696,3001
6f6836389edc435ef5de6a0ca5c25474,8ELC,igb5_di4_salt0.15_st0.0072,-27.9865,3001
6f6836389edc435ef5de6a0ca5c25474,8ELC,igb5_di4_salt0_st0,-24.2602,3001
6f6836389edc435ef5de6a0ca5c25474,8ELC,igb5_di4_salt0_st0.0072,-27.9771,3001
6f6836389edc435ef5de6a0ca5c25474,8ELC,igb8_di1_salt0.15_st0,-14.4645,3001
6f6836389edc435ef5de6a0ca5c25474,8ELC,igb8_di1_salt0.15_st0.0072,-18.1813,3001
6f6836389edc435ef5de6a0ca5c25474,8ELC,igb8_di1_salt0_st0,-14.4564,3001
6f6836389edc435ef5de6a0ca5c25474,8ELC,igb8_di1_salt0_st0.0072,-18.1731,3001
6f6836389edc435ef5de6a0ca5c25474,8ELC,igb8_di2_salt0.15_st0,-20.414,3001
6f6836389edc435ef5de6a0ca5c25474,8ELC,igb8_di2_salt0.15_st0.0072,-24.1309,3001
6f6836389edc435ef5de6a0ca5c25474,8ELC,igb8_di2_salt0_st0,-20.406,3001
6f6836389edc435ef5de6a0ca5c25474,8ELC,igb8_di2_salt0_st0.0072,-24.1228,3001
6f6836389edc435ef5de6a0ca5c25474,8ELC,igb8_di4_salt0.15_st0,-23.3888,3001
6f6836389edc435ef5de6a0ca5c25474,8ELC,igb8_di4_salt0.15_st0.0072,-27.1056,3001
6f6836389edc435ef5de6a0ca5c25474,8ELC,igb8_di4_salt0_st0,-23.3807,3001
6f6836389edc435ef5de6a0ca5c25474,8ELC,igb8_di4_salt0_st0.0072,-27.0977,3001
6f8f3139923f55cc6cf8ceaccedb3aa4,4QB3,igb1_di1_salt0.15_st0,-28.0869,3001
6f8f3139923f55cc6cf8ceaccedb3aa4,4QB3,igb1_di1_salt0.15_st0.0072,-33.7979,3001
6f8f3139923f55cc6cf8ceaccedb3aa4,4QB3,igb1_di1_salt0_st0,-28.103,3001
6f8f3139923f55cc6cf8ceaccedb3aa4,4QB3,igb1_di1_salt0_st0.0072,-33.814,3001
6f8f3139923f55cc6cf8ceaccedb3aa4,4QB3,igb1_di2_salt0.15_st0,-34.6718,3001
6f8f3139923f55cc6cf8ceaccedb3aa4,4QB3,igb1_di2_salt0.15_st0.0072,-40.3828,3001
6f8f3139923f55cc6cf8ceaccedb3aa4,4QB3,igb1_di2_salt0_st0,-34.6878,3001
6f8f3139923f55cc6cf8ceaccedb3aa4,4QB3,igb1_di2_salt0_st0.0072,-40.399,3001
6f8f3139923f55cc6cf8ceaccedb3aa4,4QB3,igb1_di4_salt0.15_st0,-37.9641,3001
6f8f3139923f55cc6cf8ceaccedb3aa4,4QB3,igb1_di4_salt0.15_st0.0072,-43.6752,3001
6f8f3139923f55cc6cf8ceaccedb3aa4,4QB3,igb1_di4_salt0_st0,-37.9803,3001
6f8f3139923f55cc6cf8ceaccedb3aa4,4QB3,igb1_di4_salt0_st0.0072,-43.6913,3001
6f8f3139923f55cc6cf8ceaccedb3aa4,4QB3,igb2_di1_salt0.15_st0,-23.4864,3001
6f8f3139923f55cc6cf8ceaccedb3aa4,4QB3,igb2_di1_salt0.15_st0.0072,-29.1974,3001
6f8f3139923f55cc6cf8ceaccedb3aa4,4QB3,igb2_di1_salt0_st0,-23.502,3001
6f8f3139923f55cc6cf8ceaccedb3aa4,4QB3,igb2_di1_salt0_st0.0072,-29.2129,3001
6f8f3139923f55cc6cf8ceaccedb3aa4,4QB3,igb2_di2_salt0.15_st0,-32.4014,3001
6f8f3139923f55cc6cf8ceaccedb3aa4,4QB3,igb2_di2_salt0.15_st0.0072,-38.1125,3001
6f8f3139923f55cc6cf8ceaccedb3aa4,4QB3,igb2_di2_salt0_st0,-32.4171,3001
6f8f3139923f55cc6cf8ceaccedb3aa4,4QB3,igb2_di2_salt0_st0.0072,-38.1281,3001
6f8f3139923f55cc6cf8ceaccedb3aa4,4QB3,igb2_di4_salt0.15_st0,-36.859,3001
6f8f3139923f55cc6cf8ceaccedb3aa4,4QB3,igb2_di4_salt0.15_st0.0072,-42.5701,3001
6f8f3139923f55cc6cf8ceaccedb3aa4,4QB3,igb2_di4_salt0_st0,-36.8746,3001
6f8f3139923f55cc6cf8ceaccedb3aa4,4QB3,igb2_di4_salt0_st0.0072,-42.5856,3001
6f8f3139923f55cc6cf8ceaccedb3aa4,4QB3,igb5_di1_salt0.15_st0,-24.6284,3001
6f8f3139923f55cc6cf8ceaccedb3aa4,4QB3,igb5_di1_salt0.15_st0.0072,-30.3394,3001
6f8f3139923f55cc6cf8ceaccedb3aa4,4QB3,igb5_di1_salt0_st0,-24.6433,3001
6f8f3139923f55cc6cf8ceaccedb3aa4,4QB3,igb5_di1_salt0_st0.0072,-30.3544,3001
6f8f3139923f55cc6cf8ceaccedb3aa4,4QB3,igb5_di2_salt0.15_st0,-32.9654,3001
6f8f3139923f55cc6cf8ceaccedb3aa4,4QB3,igb5_di2_salt0.15_st0.0072,-38.6764,3001
6f8f3139923f55cc6cf8ceaccedb3aa4,4QB3,igb5_di2_salt0_st0,-32.9804,3001
6f8f3139923f55cc6cf8ceaccedb3aa4,4QB3,igb5_di2_salt0_st0.0072,-38.6913,3001
6f8f3139923f55cc6cf8ceaccedb3aa4,4QB3,igb5_di4_salt0.15_st0,-37.1339,3001
6f8f3139923f55cc6cf8ceaccedb3aa4,4QB3,igb5_di4_salt0.15_st0.0072,-42.8449,3001
6f8f3139923f55cc6cf8ceaccedb3aa4,4QB3,igb5_di4_salt0_st0,-37.1489,3001
6f8f3139923f55cc6cf8ceaccedb3aa4,4QB3,igb5_di4_salt0_st0.0072,-42.8599,3001
6f8f3139923f55cc6cf8ceaccedb3aa4,4QB3,igb8_di1_salt0.15_st0,-21.9165,3001
6f8f3139923f55cc6cf8ceaccedb3aa4,4QB3,igb8_di1_salt0.15_st0.0072,-27.6275,3001
6f8f3139923f55cc6cf8ceaccedb3aa4,4QB3,igb8_di1_salt0_st0,-21.9596,3001
6f8f3139923f55cc6cf8ceaccedb3aa4,4QB3,igb8_di1_salt0_st0.0072,-27.6708,3001
6f8f3139923f55cc6cf8ceaccedb3aa4,4QB3,igb8_di2_salt0.15_st0,-31.6126,3001
6f8f3139923f55cc6cf8ceaccedb3aa4,4QB3,igb8_di2_salt0.15_st0.0072,-37.3238,3001
6f8f3139923f55cc6cf8ceaccedb3aa4,4QB3,igb8_di2_salt0_st0,-31.6558,3001
6f8f3139923f55cc6cf8ceaccedb3aa4,4QB3,igb8_di2_salt0_st0.0072,-37.3669,3001
6f8f3139923f55cc6cf8ceaccedb3aa4,4QB3,igb8_di4_salt0.15_st0,-36.4607,3001
6f8f3139923f55cc6cf8ceaccedb3aa4,4QB3,igb8_di4_salt0.15_st0.0072,-42.1718,3001
6f8f3139923f55cc6cf8ceaccedb3aa4,4QB3,igb8_di4_salt0_st0,-36.504,3001
6f8f3139923f55cc6cf8ceaccedb3aa4,4QB3,igb8_di4_salt0_st0.0072,-42.2149,3001
6fe2e1378b320a53571e4688376156bc,5HU9,igb1_di1_salt0.15_st0,-12.276,3001
6fe2e1378b320a53571e4688376156bc,5HU9,igb1_di1_salt0.15_st0.0072,-14.4563,3001
6fe2e1378b320a53571e4688376156bc,5HU9,igb1_di1_salt0_st0,-12.2727,3001
6fe2e1378b320a53571e4688376156bc,5HU9,igb1_di1_salt0_st0.0072,-14.453,3001
6fe2e1378b320a53571e4688376156bc,5HU9,igb1_di2_salt0.15_st0,-14.5444,3001
6fe2e1378b320a53571e4688376156bc,5HU9,igb1_di2_salt0.15_st0.0072,-16.7247,3001
6fe2e1378b320a53571e4688376156bc,5HU9,igb1_di2_salt0_st0,-14.5412,3001
6fe2e1378b320a53571e4688376156bc,5HU9,igb1_di2_salt0_st0.0072,-16.7214,3001
6fe2e1378b320a53571e4688376156bc,5HU9,igb1_di4_salt0.15_st0,-15.6785,3001
6fe2e1378b320a53571e4688376156bc,5HU9,igb1_di4_salt0.15_st0.0072,-17.8589,3001
6fe2e1378b320a53571e4688376156bc,5HU9,igb1_di4_salt0_st0,-15.6754,3001
6fe2e1378b320a53571e4688376156bc,5HU9,igb1_di4_salt0_st0.0072,-17.8557,3001
6fe2e1378b320a53571e4688376156bc,5HU9,igb2_di1_salt0.15_st0,-10.2695,3001
6fe2e1378b320a53571e4688376156bc,5HU9,igb2_di1_salt0.15_st0.0072,-12.45,3001
6fe2e1378b320a53571e4688376156bc,5HU9,igb2_di1_salt0_st0,-10.2664,3001
6fe2e1378b320a53571e4688376156bc,5HU9,igb2_di1_salt0_st0.0072,-12.4466,3001
6fe2e1378b320a53571e4688376156bc,5HU9,igb2_di2_salt0.15_st0,-13.5542,3001
6fe2e1378b320a53571e4688376156bc,5HU9,igb2_di2_salt0.15_st0.0072,-15.7345,3001
6fe2e1378b320a53571e4688376156bc,5HU9,igb2_di2_salt0_st0,-13.5509,3001
6fe2e1378b320a53571e4688376156bc,5HU9,igb2_di2_salt0_st0.0072,-15.7312,3001
6fe2e1378b320a53571e4688376156bc,5HU9,igb2_di4_salt0.15_st0,-15.1965,3001
6fe2e1378b320a53571e4688376156bc,5HU9,igb2_di4_salt0.15_st0.0072,-17.3767,3001
6fe2e1378b320a53571e4688376156bc,5HU9,igb2_di4_salt0_st0,-15.1932,3001
6fe2e1378b320a53571e4688376156bc,5HU9,igb2_di4_salt0_st0.0072,-17.3736,3001
6fe2e1378b320a53571e4688376156bc,5HU9,igb5_di1_salt0.15_st0,-10.6129,3001
6fe2e1378b320a53571e4688376156bc,5HU9,igb5_di1_salt0.15_st0.0072,-12.7932,3001
6fe2e1378b320a53571e4688376156bc,5HU9,igb5_di1_salt0_st0,-10.6097,3001
6fe2e1378b320a53571e4688376156bc,5HU9,igb5_di1_salt0_st0.0072,-12.79,3001
6fe2e1378b320a53571e4688376156bc,5HU9,igb5_di2_salt0.15_st0,-13.7236,3001
6fe2e1378b320a53571e4688376156bc,5HU9,igb5_di2_salt0.15_st0.0072,-15.9038,3001
6fe2e1378b320a53571e4688376156bc,5HU9,igb5_di2_salt0_st0,-13.7204,3001
6fe2e1378b320a53571e4688376156bc,5HU9,igb5_di2_salt0_st0.0072,-15.9008,3001
6fe2e1378b320a53571e4688376156bc,5HU9,igb5_di4_salt0.15_st0,-15.2788,3001
6fe2e1378b320a53571e4688376156bc,5HU9,igb5_di4_salt0.15_st0.0072,-17.4591,3001
6fe2e1378b320a53571e4688376156bc,5HU9,igb5_di4_salt0_st0,-15.2757,3001
6fe2e1378b320a53571e4688376156bc,5HU9,igb5_di4_salt0_st0.0072,-17.4561,3001
6fe2e1378b320a53571e4688376156bc,5HU9,igb8_di1_salt0.15_st0,-10.0063,3001
6fe2e1378b320a53571e4688376156bc,5HU9,igb8_di1_salt0.15_st0.0072,-12.1867,3001
6fe2e1378b320a53571e4688376156bc,5HU9,igb8_di1_salt0_st0,-10.0036,3001
6fe2e1378b320a53571e4688376156bc,5HU9,igb8_di1_salt0_st0.0072,-12.1838,3001
6fe2e1378b320a53571e4688376156bc,5HU9,igb8_di2_salt0.15_st0,-13.4241,3001
6fe2e1378b320a53571e4688376156bc,5HU9,igb8_di2_salt0.15_st0.0072,-15.6045,3001
6fe2e1378b320a53571e4688376156bc,5HU9,igb8_di2_salt0_st0,-13.4213,3001
6fe2e1378b320a53571e4688376156bc,5HU9,igb8_di2_salt0_st0.0072,-15.6015,3001
6fe2e1378b320a53571e4688376156bc,5HU9,igb8_di4_salt0.15_st0,-15.1329,3001
6fe2e1378b320a53571e4688376156bc,5HU9,igb8_di4_salt0.15_st0.0072,-17.3133,3001
6fe2e1378b320a53571e4688376156bc,5HU9,igb8_di4_salt0_st0,-15.13,3001
6fe2e1378b320a53571e4688376156bc,5HU9,igb8_di4_salt0_st0.0072,-17.3103,3001
7024d698ad06da1b887b5df50f7728d3,3I06,igb1_di1_salt0.15_st0,-15.7232,3001
7024d698ad06da1b887b5df50f7728d3,3I06,igb1_di1_salt0.15_st0.0072,-19.3119,3001
7024d698ad06da1b887b5df50f7728d3,3I06,igb1_di1_salt0_st0,-15.7142,3001
7024d698ad06da1b887b5df50f7728d3,3I06,igb1_di1_salt0_st0.0072,-19.3029,3001
7024d698ad06da1b887b5df50f7728d3,3I06,igb1_di2_salt0.15_st0,-21.5446,3001
7024d698ad06da1b887b5df50f7728d3,3I06,igb1_di2_salt0.15_st0.0072,-25.1333,3001
7024d698ad06da1b887b5df50f7728d3,3I06,igb1_di2_salt0_st0,-21.5355,3001
7024d698ad06da1b887b5df50f7728d3,3I06,igb1_di2_salt0_st0.0072,-25.1242,3001
7024d698ad06da1b887b5df50f7728d3,3I06,igb1_di4_salt0.15_st0,-24.4552,3001
7024d698ad06da1b887b5df50f7728d3,3I06,igb1_di4_salt0.15_st0.0072,-28.0438,3001
7024d698ad06da1b887b5df50f7728d3,3I06,igb1_di4_salt0_st0,-24.4462,3001
7024d698ad06da1b887b5df50f7728d3,3I06,igb1_di4_salt0_st0.0072,-28.0349,3001
7024d698ad06da1b887b5df50f7728d3,3I06,igb2_di1_salt0.15_st0,-12.3479,3001
7024d698ad06da1b887b5df50f7728d3,3I06,igb2_di1_salt0.15_st0.0072,-15.9365,3001
7024d698ad06da1b887b5df50f7728d3,3I06,igb2_di1_salt0_st0,-12.339,3001
7024d698ad06da1b887b5df50f7728d3,3I06,igb2_di1_salt0_st0.0072,-15.9277,3001
7024d698ad06da1b887b5df50f7728d3,3I06,igb2_di2_salt0.15_st0,-19.8785,3001
7024d698ad06da1b887b5df50f7728d3,3I06,igb2_di2_salt0.15_st0.0072,-23.4671,3001
7024d698ad06da1b887b5df50f7728d3,3I06,igb2_di2_salt0_st0,-19.8698,3001
7024d698ad06da1b887b5df50f7728d3,3I06,igb2_di2_salt0_st0.0072,-23.4584,3001
7024d698ad06da1b887b5df50f7728d3,3I06,igb2_di4_salt0.15_st0,-23.6439,3001
7024d698ad06da1b887b5df50f7728d3,3I06,igb2_di4_salt0.15_st0.0072,-27.2325,3001
7024d698ad06da1b887b5df50f7728d3,3I06,igb2_di4_salt0_st0,-23.6352,3001
7024d698ad06da1b887b5df50f7728d3,3I06,igb2_di4_salt0_st0.0072,-27.2237,3001
7024d698ad06da1b887b5df50f7728d3,3I06,igb5_di1_salt0.15_st0,-13.0105,3001
7024d698ad06da1b887b5df50f7728d3,3I06,igb5_di1_salt0.15_st0.0072,-16.5991,3001
7024d698ad06da1b887b5df50f7728d3,3I06,igb5_di1_salt0_st0,-13.003,3001
7024d698ad06da1b887b5df50f7728d3,3I06,igb5_di1_salt0_st0.0072,-16.5917,3001
7024d698ad06da1b887b5df50f7728d3,3I06,igb5_di2_salt0.15_st0,-20.2049,3001
7024d698ad06da1b887b5df50f7728d3,3I06,igb5_di2_salt0.15_st0.0072,-23.7935,3001
7024d698ad06da1b887b5df50f7728d3,3I06,igb5_di2_salt0_st0,-20.1974,3001
7024d698ad06da1b887b5df50f7728d3,3I06,igb5_di2_salt0_st0.0072,-23.7862,3001
7024d698ad06da1b887b5df50f7728d3,3I06,igb5_di4_salt0.15_st0,-23.8021,3001
7024d698ad06da1b887b5df50f7728d3,3I06,igb5_di4_salt0.15_st0.0072,-27.3907,3001
7024d698ad06da1b887b5df50f7728d3,3I06,igb5_di4_salt0_st0,-23.7947,3001
7024d698ad06da1b887b5df50f7728d3,3I06,igb5_di4_salt0_st0.0072,-27.3834,3001
7024d698ad06da1b887b5df50f7728d3,3I06,igb8_di1_salt0.15_st0,-9.9953,3001
7024d698ad06da1b887b5df50f7728d3,3I06,igb8_di1_salt0.15_st0.0072,-13.5838,3001
7024d698ad06da1b887b5df50f7728d3,3I06,igb8_di1_salt0_st0,-10.0031,3001
7024d698ad06da1b887b5df50f7728d3,3I06,igb8_di1_salt0_st0.0072,-13.5917,3001
7024d698ad06da1b887b5df50f7728d3,3I06,igb8_di2_salt0.15_st0,-18.709,3001
7024d698ad06da1b887b5df50f7728d3,3I06,igb8_di2_salt0.15_st0.0072,-22.2976,3001
7024d698ad06da1b887b5df50f7728d3,3I06,igb8_di2_salt0_st0,-18.7169,3001
7024d698ad06da1b887b5df50f7728d3,3I06,igb8_di2_salt0_st0.0072,-22.3056,3001
7024d698ad06da1b887b5df50f7728d3,3I06,igb8_di4_salt0.15_st0,-23.0659,3001
7024d698ad06da1b887b5df50f7728d3,3I06,igb8_di4_salt0.15_st0.0072,-26.6545,3001
7024d698ad06da1b887b5df50f7728d3,3I06,igb8_di4_salt0_st0,-23.0737,3001
7024d698ad06da1b887b5df50f7728d3,3I06,igb8_di4_salt0_st0.0072,-26.6623,3001
70ccfc52bf05ee3830737995c6d93f9c,8ELC,igb1_di1_salt0.15_st0,-21.8393,3001
70ccfc52bf05ee3830737995c6d93f9c,8ELC,igb1_di1_salt0.15_st0.0072,-25.753,3001
70ccfc52bf05ee3830737995c6d93f9c,8ELC,igb1_di1_salt0_st0,-21.8459,3001
70ccfc52bf05ee3830737995c6d93f9c,8ELC,igb1_di1_salt0_st0.0072,-25.7596,3001
70ccfc52bf05ee3830737995c6d93f9c,8ELC,igb1_di2_salt0.15_st0,-26.1446,3001
70ccfc52bf05ee3830737995c6d93f9c,8ELC,igb1_di2_salt0.15_st0.0072,-30.0583,3001
70ccfc52bf05ee3830737995c6d93f9c,8ELC,igb1_di2_salt0_st0,-26.1512,3001
70ccfc52bf05ee3830737995c6d93f9c,8ELC,igb1_di2_salt0_st0.0072,-30.0649,3001
70ccfc52bf05ee3830737995c6d93f9c,8ELC,igb1_di4_salt0.15_st0,-28.2972,3001
70ccfc52bf05ee3830737995c6d93f9c,8ELC,igb1_di4_salt0.15_st0.0072,-32.2109,3001
70ccfc52bf05ee3830737995c6d93f9c,8ELC,igb1_di4_salt0_st0,-28.3037,3001
70ccfc52bf05ee3830737995c6d93f9c,8ELC,igb1_di4_salt0_st0.0072,-32.2176,3001
70ccfc52bf05ee3830737995c6d93f9c,8ELC,igb2_di1_salt0.15_st0,-19.5227,3001
70ccfc52bf05ee3830737995c6d93f9c,8ELC,igb2_di1_salt0.15_st0.0072,-23.4363,3001
70ccfc52bf05ee3830737995c6d93f9c,8ELC,igb2_di1_salt0_st0,-19.5268,3001
70ccfc52bf05ee3830737995c6d93f9c,8ELC,igb2_di1_salt0_st0.0072,-23.4405,3001
70ccfc52bf05ee3830737995c6d93f9c,8ELC,igb2_di2_salt0.15_st0,-25.0025,3001
70ccfc52bf05ee3830737995c6d93f9c,8ELC,igb2_di2_salt0.15_st0.0072,-28.9162,3001
70ccfc52bf05ee3830737995c6d93f9c,8ELC,igb2_di2_salt0_st0,-25.0065,3001
70ccfc52bf05ee3830737995c6d93f9c,8ELC,igb2_di2_salt0_st0.0072,-28.9202,3001
70ccfc52bf05ee3830737995c6d93f9c,8ELC,igb2_di4_salt0.15_st0,-27.7424,3001
70ccfc52bf05ee3830737995c6d93f9c,8ELC,igb2_di4_salt0.15_st0.0072,-31.6561,3001
70ccfc52bf05ee3830737995c6d93f9c,8ELC,igb2_di4_salt0_st0,-27.7464,3001
70ccfc52bf05ee3830737995c6d93f9c,8ELC,igb2_di4_salt0_st0.0072,-31.6601,3001
70ccfc52bf05ee3830737995c6d93f9c,8ELC,igb5_di1_salt0.15_st0,-21.9774,3001
70ccfc52bf05ee3830737995c6d93f9c,8ELC,igb5_di1_salt0.15_st0.0072,-25.891,3001
70ccfc52bf05ee3830737995c6d93f9c,8ELC,igb5_di1_salt0_st0,-21.9798,3001
70ccfc52bf05ee3830737995c6d93f9c,8ELC,igb5_di1_salt0_st0.0072,-25.8935,3001
70ccfc52bf05ee3830737995c6d93f9c,8ELC,igb5_di2_salt0.15_st0,-26.2149,3001
70ccfc52bf05ee3830737995c6d93f9c,8ELC,igb5_di2_salt0.15_st0.0072,-30.1286,3001
70ccfc52bf05ee3830737995c6d93f9c,8ELC,igb5_di2_salt0_st0,-26.2172,3001
70ccfc52bf05ee3830737995c6d93f9c,8ELC,igb5_di2_salt0_st0.0072,-30.1309,3001
70ccfc52bf05ee3830737995c6d93f9c,8ELC,igb5_di4_salt0.15_st0,-28.3336,3001
70ccfc52bf05ee3830737995c6d93f9c,8ELC,igb5_di4_salt0.15_st0.0072,-32.2473,3001
70ccfc52bf05ee3830737995c6d93f9c,8ELC,igb5_di4_salt0_st0,-28.3358,3001
70ccfc52bf05ee3830737995c6d93f9c,8ELC,igb5_di4_salt0_st0.0072,-32.2497,3001
70ccfc52bf05ee3830737995c6d93f9c,8ELC,igb8_di1_salt0.15_st0,-17.4675,3001
70ccfc52bf05ee3830737995c6d93f9c,8ELC,igb8_di1_salt0.15_st0.0072,-21.3813,3001
70ccfc52bf05ee3830737995c6d93f9c,8ELC,igb8_di1_salt0_st0,-17.4748,3001
70ccfc52bf05ee3830737995c6d93f9c,8ELC,igb8_di1_salt0_st0.0072,-21.3885,3001
70ccfc52bf05ee3830737995c6d93f9c,8ELC,igb8_di2_salt0.15_st0,-23.9865,3001
70ccfc52bf05ee3830737995c6d93f9c,8ELC,igb8_di2_salt0.15_st0.0072,-27.9003,3001
70ccfc52bf05ee3830737995c6d93f9c,8ELC,igb8_di2_salt0_st0,-23.9937,3001
70ccfc52bf05ee3830737995c6d93f9c,8ELC,igb8_di2_salt0_st0.0072,-27.9075,3001
70ccfc52bf05ee3830737995c6d93f9c,8ELC,igb8_di4_salt0.15_st0,-27.2461,3001
70ccfc52bf05ee3830737995c6d93f9c,8ELC,igb8_di4_salt0.15_st0.0072,-31.1599,3001
70ccfc52bf05ee3830737995c6d93f9c,8ELC,igb8_di4_salt0_st0,-27.2533,3001
70ccfc52bf05ee3830737995c6d93f9c,8ELC,igb8_di4_salt0_st0.0072,-31.1669,3001
71610ced88f2d058ad64b79635b26b20,4QB3,igb1_di1_salt0.15_st0,-15.9016,3001
71610ced88f2d058ad64b79635b26b20,4QB3,igb1_di1_salt0.15_st0.0072,-18.9518,3001
71610ced88f2d058ad64b79635b26b20,4QB3,igb1_di1_salt0_st0,-15.891,3001
71610ced88f2d058ad64b79635b26b20,4QB3,igb1_di1_salt0_st0.0072,-18.941,3001
71610ced88f2d058ad64b79635b26b20,4QB3,igb1_di2_salt0.15_st0,-20.1996,3001
71610ced88f2d058ad64b79635b26b20,4QB3,igb1_di2_salt0.15_st0.0072,-23.2498,3001
71610ced88f2d058ad64b79635b26b20,4QB3,igb1_di2_salt0_st0,-20.189,3001
71610ced88f2d058ad64b79635b26b20,4QB3,igb1_di2_salt0_st0.0072,-23.2392,3001
71610ced88f2d058ad64b79635b26b20,4QB3,igb1_di4_salt0.15_st0,-22.3486,3001
71610ced88f2d058ad64b79635b26b20,4QB3,igb1_di4_salt0.15_st0.0072,-25.3989,3001
71610ced88f2d058ad64b79635b26b20,4QB3,igb1_di4_salt0_st0,-22.338,3001
71610ced88f2d058ad64b79635b26b20,4QB3,igb1_di4_salt0_st0.0072,-25.3884,3001
71610ced88f2d058ad64b79635b26b20,4QB3,igb2_di1_salt0.15_st0,-13.88,3001
71610ced88f2d058ad64b79635b26b20,4QB3,igb2_di1_salt0.15_st0.0072,-16.9302,3001
71610ced88f2d058ad64b79635b26b20,4QB3,igb2_di1_salt0_st0,-13.8689,3001
71610ced88f2d058ad64b79635b26b20,4QB3,igb2_di1_salt0_st0.0072,-16.9192,3001
71610ced88f2d058ad64b79635b26b20,4QB3,igb2_di2_salt0.15_st0,-19.2021,3001
71610ced88f2d058ad64b79635b26b20,4QB3,igb2_di2_salt0.15_st0.0072,-22.2523,3001
71610ced88f2d058ad64b79635b26b20,4QB3,igb2_di2_salt0_st0,-19.191,3001
71610ced88f2d058ad64b79635b26b20,4QB3,igb2_di2_salt0_st0.0072,-22.2414,3001
71610ced88f2d058ad64b79635b26b20,4QB3,igb2_di4_salt0.15_st0,-21.8632,3001
71610ced88f2d058ad64b79635b26b20,4QB3,igb2_di4_salt0.15_st0.0072,-24.9134,3001
71610ced88f2d058ad64b79635b26b20,4QB3,igb2_di4_salt0_st0,-21.852,3001
71610ced88f2d058ad64b79635b26b20,4QB3,igb2_di4_salt0_st0.0072,-24.9024,3001
71610ced88f2d058ad64b79635b26b20,4QB3,igb5_di1_salt0.15_st0,-14.2403,3001
71610ced88f2d058ad64b79635b26b20,4QB3,igb5_di1_salt0.15_st0.0072,-17.2906,3001
71610ced88f2d058ad64b79635b26b20,4QB3,igb5_di1_salt0_st0,-14.2286,3001
71610ced88f2d058ad64b79635b26b20,4QB3,igb5_di1_salt0_st0.0072,-17.2788,3001
71610ced88f2d058ad64b79635b26b20,4QB3,igb5_di2_salt0.15_st0,-19.3803,3001
71610ced88f2d058ad64b79635b26b20,4QB3,igb5_di2_salt0.15_st0.0072,-22.4304,3001
71610ced88f2d058ad64b79635b26b20,4QB3,igb5_di2_salt0_st0,-19.3685,3001
71610ced88f2d058ad64b79635b26b20,4QB3,igb5_di2_salt0_st0.0072,-22.4187,3001
71610ced88f2d058ad64b79635b26b20,4QB3,igb5_di4_salt0.15_st0,-21.9503,3001
71610ced88f2d058ad64b79635b26b20,4QB3,igb5_di4_salt0.15_st0.0072,-25.0005,3001
71610ced88f2d058ad64b79635b26b20,4QB3,igb5_di4_salt0_st0,-21.9385,3001
71610ced88f2d058ad64b79635b26b20,4QB3,igb5_di4_salt0_st0.0072,-24.9887,3001
71610ced88f2d058ad64b79635b26b20,4QB3,igb8_di1_salt0.15_st0,-14.5092,3001
71610ced88f2d058ad64b79635b26b20,4QB3,igb8_di1_salt0.15_st0.0072,-17.5593,3001
71610ced88f2d058ad64b79635b26b20,4QB3,igb8_di1_salt0_st0,-14.4986,3001
71610ced88f2d058ad64b79635b26b20,4QB3,igb8_di1_salt0_st0.0072,-17.5488,3001
71610ced88f2d058ad64b79635b26b20,4QB3,igb8_di2_salt0.15_st0,-19.5123,3001
71610ced88f2d058ad64b79635b26b20,4QB3,igb8_di2_salt0.15_st0.0072,-22.5626,3001
71610ced88f2d058ad64b79635b26b20,4QB3,igb8_di2_salt0_st0,-19.5018,3001
71610ced88f2d058ad64b79635b26b20,4QB3,igb8_di2_salt0_st0.0072,-22.5521,3001
71610ced88f2d058ad64b79635b26b20,4QB3,igb8_di4_salt0.15_st0,-22.0139,3001
71610ced88f2d058ad64b79635b26b20,4QB3,igb8_di4_salt0.15_st0.0072,-25.0642,3001
71610ced88f2d058ad64b79635b26b20,4QB3,igb8_di4_salt0_st0,-22.0034,3001
71610ced88f2d058ad64b79635b26b20,4QB3,igb8_di4_salt0_st0.0072,-25.0536,3001
71d81c144a98e11bef7a990464b30910,4L7G,igb1_di1_salt0.15_st0,-29.6041,3001
71d81c144a98e11bef7a990464b30910,4L7G,igb1_di1_salt0.15_st0.0072,-35.7177,3001
71d81c144a98e11bef7a990464b30910,4L7G,igb1_di1_salt0_st0,-29.6301,3001
71d81c144a98e11bef7a990464b30910,4L7G,igb1_di1_salt0_st0.0072,-35.7438,3001
71d81c144a98e11bef7a990464b30910,4L7G,igb1_di2_salt0.15_st0,-34.7165,3001
71d81c144a98e11bef7a990464b30910,4L7G,igb1_di2_salt0.15_st0.0072,-40.8301,3001
71d81c144a98e11bef7a990464b30910,4L7G,igb1_di2_salt0_st0,-34.7425,3001
71d81c144a98e11bef7a990464b30910,4L7G,igb1_di2_salt0_st0.0072,-40.8561,3001
71d81c144a98e11bef7a990464b30910,4L7G,igb1_di4_salt0.15_st0,-37.2728,3001
71d81c144a98e11bef7a990464b30910,4L7G,igb1_di4_salt0.15_st0.0072,-43.3863,3001
71d81c144a98e11bef7a990464b30910,4L7G,igb1_di4_salt0_st0,-37.2988,3001
71d81c144a98e11bef7a990464b30910,4L7G,igb1_di4_salt0_st0.0072,-43.4123,3001
71d81c144a98e11bef7a990464b30910,4L7G,igb2_di1_salt0.15_st0,-21.9938,3001
71d81c144a98e11bef7a990464b30910,4L7G,igb2_di1_salt0.15_st0.0072,-28.1074,3001
71d81c144a98e11bef7a990464b30910,4L7G,igb2_di1_salt0_st0,-22.0206,3001
71d81c144a98e11bef7a990464b30910,4L7G,igb2_di1_salt0_st0.0072,-28.1341,3001
71d81c144a98e11bef7a990464b30910,4L7G,igb2_di2_salt0.15_st0,-30.9601,3001
71d81c144a98e11bef7a990464b30910,4L7G,igb2_di2_salt0.15_st0.0072,-37.0737,3001
71d81c144a98e11bef7a990464b30910,4L7G,igb2_di2_salt0_st0,-30.9869,3001
71d81c144a98e11bef7a990464b30910,4L7G,igb2_di2_salt0_st0.0072,-37.1005,3001
71d81c144a98e11bef7a990464b30910,4L7G,igb2_di4_salt0.15_st0,-35.4433,3001
71d81c144a98e11bef7a990464b30910,4L7G,igb2_di4_salt0.15_st0.0072,-41.5568,3001
71d81c144a98e11bef7a990464b30910,4L7G,igb2_di4_salt0_st0,-35.47,3001
71d81c144a98e11bef7a990464b30910,4L7G,igb2_di4_salt0_st0.0072,-41.5836,3001
71d81c144a98e11bef7a990464b30910,4L7G,igb5_di1_salt0.15_st0,-22.8595,3001
71d81c144a98e11bef7a990464b30910,4L7G,igb5_di1_salt0.15_st0.0072,-28.9731,3001
71d81c144a98e11bef7a990464b30910,4L7G,igb5_di1_salt0_st0,-22.8872,3001
71d81c144a98e11bef7a990464b30910,4L7G,igb5_di1_salt0_st0.0072,-29.0007,3001
71d81c144a98e11bef7a990464b30910,4L7G,igb5_di2_salt0.15_st0,-31.387,3001
71d81c144a98e11bef7a990464b30910,4L7G,igb5_di2_salt0.15_st0.0072,-37.5006,3001
71d81c144a98e11bef7a990464b30910,4L7G,igb5_di2_salt0_st0,-31.4146,3001
71d81c144a98e11bef7a990464b30910,4L7G,igb5_di2_salt0_st0.0072,-37.5281,3001
71d81c144a98e11bef7a990464b30910,4L7G,igb5_di4_salt0.15_st0,-35.6507,3001
71d81c144a98e11bef7a990464b30910,4L7G,igb5_di4_salt0.15_st0.0072,-41.7641,3001
71d81c144a98e11bef7a990464b30910,4L7G,igb5_di4_salt0_st0,-35.6785,3001
71d81c144a98e11bef7a990464b30910,4L7G,igb5_di4_salt0_st0.0072,-41.7919,3001
71d81c144a98e11bef7a990464b30910,4L7G,igb8_di1_salt0.15_st0,-18.2806,3001
71d81c144a98e11bef7a990464b30910,4L7G,igb8_di1_salt0.15_st0.0072,-24.3941,3001
71d81c144a98e11bef7a990464b30910,4L7G,igb8_di1_salt0_st0,-18.3086,3001
71d81c144a98e11bef7a990464b30910,4L7G,igb8_di1_salt0_st0.0072,-24.4222,3001
71d81c144a98e11bef7a990464b30910,4L7G,igb8_di2_salt0.15_st0,-29.1267,3001
71d81c144a98e11bef7a990464b30910,4L7G,igb8_di2_salt0.15_st0.0072,-35.2403,3001
71d81c144a98e11bef7a990464b30910,4L7G,igb8_di2_salt0_st0,-29.1549,3001
71d81c144a98e11bef7a990464b30910,4L7G,igb8_di2_salt0_st0.0072,-35.2684,3001
71d81c144a98e11bef7a990464b30910,4L7G,igb8_di4_salt0.15_st0,-34.5498,3001
71d81c144a98e11bef7a990464b30910,4L7G,igb8_di4_salt0.15_st0.0072,-40.6634,3001
71d81c144a98e11bef7a990464b30910,4L7G,igb8_di4_salt0_st0,-34.578,3001
71d81c144a98e11bef7a990464b30910,4L7G,igb8_di4_salt0_st0.0072,-40.6915,3001
737df570b627d06e92101677b4e3da21,9SI4,igb1_di1_salt0.15_st0,-20.3647,3001
737df570b627d06e92101677b4e3da21,9SI4,igb1_di1_salt0.15_st0.0072,-23.4706,3001
737df570b627d06e92101677b4e3da21,9SI4,igb1_di1_salt0_st0,-20.3861,3001
737df570b627d06e92101677b4e3da21,9SI4,igb1_di1_salt0_st0.0072,-23.4921,3001
737df570b627d06e92101677b4e3da21,9SI4,igb1_di2_salt0.15_st0,-23.7152,3001
737df570b627d06e92101677b4e3da21,9SI4,igb1_di2_salt0.15_st0.0072,-26.8212,3001
737df570b627d06e92101677b4e3da21,9SI4,igb1_di2_salt0_st0,-23.7365,3001
737df570b627d06e92101677b4e3da21,9SI4,igb1_di2_salt0_st0.0072,-26.8424,3001
737df570b627d06e92101677b4e3da21,9SI4,igb1_di4_salt0.15_st0,-25.3905,3001
737df570b627d06e92101677b4e3da21,9SI4,igb1_di4_salt0.15_st0.0072,-28.4963,3001
737df570b627d06e92101677b4e3da21,9SI4,igb1_di4_salt0_st0,-25.4119,3001
737df570b627d06e92101677b4e3da21,9SI4,igb1_di4_salt0_st0.0072,-28.5178,3001
737df570b627d06e92101677b4e3da21,9SI4,igb2_di1_salt0.15_st0,-16.8048,3001
737df570b627d06e92101677b4e3da21,9SI4,igb2_di1_salt0.15_st0.0072,-19.9108,3001
737df570b627d06e92101677b4e3da21,9SI4,igb2_di1_salt0_st0,-16.8291,3001
737df570b627d06e92101677b4e3da21,9SI4,igb2_di1_salt0_st0.0072,-19.9351,3001
737df570b627d06e92101677b4e3da21,9SI4,igb2_di2_salt0.15_st0,-21.9567,3001
737df570b627d06e92101677b4e3da21,9SI4,igb2_di2_salt0.15_st0.0072,-25.0626,3001
737df570b627d06e92101677b4e3da21,9SI4,igb2_di2_salt0_st0,-21.981,3001
737df570b627d06e92101677b4e3da21,9SI4,igb2_di2_salt0_st0.0072,-25.0871,3001
737df570b627d06e92101677b4e3da21,9SI4,igb2_di4_salt0.15_st0,-24.5325,3001
737df570b627d06e92101677b4e3da21,9SI4,igb2_di4_salt0.15_st0.0072,-27.6385,3001
737df570b627d06e92101677b4e3da21,9SI4,igb2_di4_salt0_st0,-24.5571,3001
737df570b627d06e92101677b4e3da21,9SI4,igb2_di4_salt0_st0.0072,-27.663,3001
737df570b627d06e92101677b4e3da21,9SI4,igb5_di1_salt0.15_st0,-15.8851,3001
737df570b627d06e92101677b4e3da21,9SI4,igb5_di1_salt0.15_st0.0072,-18.9911,3001
737df570b627d06e92101677b4e3da21,9SI4,igb5_di1_salt0_st0,-15.9162,3001
737df570b627d06e92101677b4e3da21,9SI4,igb5_di1_salt0_st0.0072,-19.0222,3001
737df570b627d06e92101677b4e3da21,9SI4,igb5_di2_salt0.15_st0,-21.4995,3001
737df570b627d06e92101677b4e3da21,9SI4,igb5_di2_salt0.15_st0.0072,-24.6053,3001
737df570b627d06e92101677b4e3da21,9SI4,igb5_di2_salt0_st0,-21.5305,3001
737df570b627d06e92101677b4e3da21,9SI4,igb5_di2_salt0_st0.0072,-24.6364,3001
737df570b627d06e92101677b4e3da21,9SI4,igb5_di4_salt0.15_st0,-24.3065,3001
737df570b627d06e92101677b4e3da21,9SI4,igb5_di4_salt0.15_st0.0072,-27.4125,3001
737df570b627d06e92101677b4e3da21,9SI4,igb5_di4_salt0_st0,-24.3375,3001
737df570b627d06e92101677b4e3da21,9SI4,igb5_di4_salt0_st0.0072,-27.4436,3001
737df570b627d06e92101677b4e3da21,9SI4,igb8_di1_salt0.15_st0,-14.0784,3001
737df570b627d06e92101677b4e3da21,9SI4,igb8_di1_salt0.15_st0.0072,-17.1843,3001
737df570b627d06e92101677b4e3da21,9SI4,igb8_di1_salt0_st0,-14.1007,3001
737df570b627d06e92101677b4e3da21,9SI4,igb8_di1_salt0_st0.0072,-17.2067,3001
737df570b627d06e92101677b4e3da21,9SI4,igb8_di2_salt0.15_st0,-20.612,3001
737df570b627d06e92101677b4e3da21,9SI4,igb8_di2_salt0.15_st0.0072,-23.718,3001
737df570b627d06e92101677b4e3da21,9SI4,igb8_di2_salt0_st0,-20.6343,3001
737df570b627d06e92101677b4e3da21,9SI4,igb8_di2_salt0_st0.0072,-23.7403,3001
737df570b627d06e92101677b4e3da21,9SI4,igb8_di4_salt0.15_st0,-23.8789,3001
737df570b627d06e92101677b4e3da21,9SI4,igb8_di4_salt0.15_st0.0072,-26.9848,3001
737df570b627d06e92101677b4e3da21,9SI4,igb8_di4_salt0_st0,-23.9014,3001
737df570b627d06e92101677b4e3da21,9SI4,igb8_di4_salt0_st0.0072,-27.0073,3001
73ee76fa0a7cddc97ed2eb037810cd66,8ELC,igb1_di1_salt0.15_st0,-19.6919,3001
73ee76fa0a7cddc97ed2eb037810cd66,8ELC,igb1_di1_salt0.15_st0.0072,-23.5933,3001
73ee76fa0a7cddc97ed2eb037810cd66,8ELC,igb1_di1_salt0_st0,-19.6934,3001
73ee76fa0a7cddc97ed2eb037810cd66,8ELC,igb1_di1_salt0_st0.0072,-23.595,3001
73ee76fa0a7cddc97ed2eb037810cd66,8ELC,igb1_di2_salt0.15_st0,-25.3352,3001
73ee76fa0a7cddc97ed2eb037810cd66,8ELC,igb1_di2_salt0.15_st0.0072,-29.2368,3001
73ee76fa0a7cddc97ed2eb037810cd66,8ELC,igb1_di2_salt0_st0,-25.3368,3001
73ee76fa0a7cddc97ed2eb037810cd66,8ELC,igb1_di2_salt0_st0.0072,-29.2383,3001
73ee76fa0a7cddc97ed2eb037810cd66,8ELC,igb1_di4_salt0.15_st0,-28.157,3001
73ee76fa0a7cddc97ed2eb037810cd66,8ELC,igb1_di4_salt0.15_st0.0072,-32.0584,3001
73ee76fa0a7cddc97ed2eb037810cd66,8ELC,igb1_di4_salt0_st0,-28.1585,3001
73ee76fa0a7cddc97ed2eb037810cd66,8ELC,igb1_di4_salt0_st0.0072,-32.06,3001
73ee76fa0a7cddc97ed2eb037810cd66,8ELC,igb2_di1_salt0.15_st0,-17.3271,3001
73ee76fa0a7cddc97ed2eb037810cd66,8ELC,igb2_di1_salt0.15_st0.0072,-21.2287,3001
73ee76fa0a7cddc97ed2eb037810cd66,8ELC,igb2_di1_salt0_st0,-17.3267,3001
73ee76fa0a7cddc97ed2eb037810cd66,8ELC,igb2_di1_salt0_st0.0072,-21.2282,3001
73ee76fa0a7cddc97ed2eb037810cd66,8ELC,igb2_di2_salt0.15_st0,-24.1692,3001
73ee76fa0a7cddc97ed2eb037810cd66,8ELC,igb2_di2_salt0.15_st0.0072,-28.0706,3001
73ee76fa0a7cddc97ed2eb037810cd66,8ELC,igb2_di2_salt0_st0,-24.1687,3001
73ee76fa0a7cddc97ed2eb037810cd66,8ELC,igb2_di2_salt0_st0.0072,-28.0702,3001
73ee76fa0a7cddc97ed2eb037810cd66,8ELC,igb2_di4_salt0.15_st0,-27.5901,3001
73ee76fa0a7cddc97ed2eb037810cd66,8ELC,igb2_di4_salt0.15_st0.0072,-31.4916,3001
73ee76fa0a7cddc97ed2eb037810cd66,8ELC,igb2_di4_salt0_st0,-27.5897,3001
73ee76fa0a7cddc97ed2eb037810cd66,8ELC,igb2_di4_salt0_st0.0072,-31.4911,3001
73ee76fa0a7cddc97ed2eb037810cd66,8ELC,igb5_di1_salt0.15_st0,-18.9386,3001
73ee76fa0a7cddc97ed2eb037810cd66,8ELC,igb5_di1_salt0.15_st0.0072,-22.84,3001
73ee76fa0a7cddc97ed2eb037810cd66,8ELC,igb5_di1_salt0_st0,-18.9363,3001
73ee76fa0a7cddc97ed2eb037810cd66,8ELC,igb5_di1_salt0_st0.0072,-22.8376,3001
73ee76fa0a7cddc97ed2eb037810cd66,8ELC,igb5_di2_salt0.15_st0,-24.9653,3001
73ee76fa0a7cddc97ed2eb037810cd66,8ELC,igb5_di2_salt0.15_st0.0072,-28.8669,3001
73ee76fa0a7cddc97ed2eb037810cd66,8ELC,igb5_di2_salt0_st0,-24.963,3001
73ee76fa0a7cddc97ed2eb037810cd66,8ELC,igb5_di2_salt0_st0.0072,-28.8646,3001
73ee76fa0a7cddc97ed2eb037810cd66,8ELC,igb5_di4_salt0.15_st0,-27.9787,3001
73ee76fa0a7cddc97ed2eb037810cd66,8ELC,igb5_di4_salt0.15_st0.0072,-31.8803,3001
73ee76fa0a7cddc97ed2eb037810cd66,8ELC,igb5_di4_salt0_st0,-27.9766,3001
73ee76fa0a7cddc97ed2eb037810cd66,8ELC,igb5_di4_salt0_st0.0072,-31.878,3001
73ee76fa0a7cddc97ed2eb037810cd66,8ELC,igb8_di1_salt0.15_st0,-13.683,3001
73ee76fa0a7cddc97ed2eb037810cd66,8ELC,igb8_di1_salt0.15_st0.0072,-17.5844,3001
73ee76fa0a7cddc97ed2eb037810cd66,8ELC,igb8_di1_salt0_st0,-13.6863,3001
73ee76fa0a7cddc97ed2eb037810cd66,8ELC,igb8_di1_salt0_st0.0072,-17.5878,3001
73ee76fa0a7cddc97ed2eb037810cd66,8ELC,igb8_di2_salt0.15_st0,-22.3686,3001
73ee76fa0a7cddc97ed2eb037810cd66,8ELC,igb8_di2_salt0.15_st0.0072,-26.27,3001
73ee76fa0a7cddc97ed2eb037810cd66,8ELC,igb8_di2_salt0_st0,-22.3722,3001
73ee76fa0a7cddc97ed2eb037810cd66,8ELC,igb8_di2_salt0_st0.0072,-26.2735,3001
73ee76fa0a7cddc97ed2eb037810cd66,8ELC,igb8_di4_salt0.15_st0,-26.7116,3001
73ee76fa0a7cddc97ed2eb037810cd66,8ELC,igb8_di4_salt0.15_st0.0072,-30.613,3001
73ee76fa0a7cddc97ed2eb037810cd66,8ELC,igb8_di4_salt0_st0,-26.7149,3001
73ee76fa0a7cddc97ed2eb037810cd66,8ELC,igb8_di4_salt0_st0.0072,-30.6163,3001
749b421329101fb34bf4c33daa32ff2e,4QB3,igb1_di1_salt0.15_st0,-12.904,3001
749b421329101fb34bf4c33daa32ff2e,4QB3,igb1_di1_salt0.15_st0.0072,-15.4102,3001
749b421329101fb34bf4c33daa32ff2e,4QB3,igb1_di1_salt0_st0,-12.9118,3001
749b421329101fb34bf4c33daa32ff2e,4QB3,igb1_di1_salt0_st0.0072,-15.4179,3001
749b421329101fb34bf4c33daa32ff2e,4QB3,igb1_di2_salt0.15_st0,-16.7744,3001
749b421329101fb34bf4c33daa32ff2e,4QB3,igb1_di2_salt0.15_st0.0072,-19.2805,3001
749b421329101fb34bf4c33daa32ff2e,4QB3,igb1_di2_salt0_st0,-16.782,3001
749b421329101fb34bf4c33daa32ff2e,4QB3,igb1_di2_salt0_st0.0072,-19.2881,3001
749b421329101fb34bf4c33daa32ff2e,4QB3,igb1_di4_salt0.15_st0,-18.7095,3001
749b421329101fb34bf4c33daa32ff2e,4QB3,igb1_di4_salt0.15_st0.0072,-21.2156,3001
749b421329101fb34bf4c33daa32ff2e,4QB3,igb1_di4_salt0_st0,-18.7173,3001
749b421329101fb34bf4c33daa32ff2e,4QB3,igb1_di4_salt0_st0.0072,-21.2232,3001
749b421329101fb34bf4c33daa32ff2e,4QB3,igb2_di1_salt0.15_st0,-10.4067,3001
749b421329101fb34bf4c33daa32ff2e,4QB3,igb2_di1_salt0.15_st0.0072,-12.9127,3001
749b421329101fb34bf4c33daa32ff2e,4QB3,igb2_di1_salt0_st0,-10.4145,3001
749b421329101fb34bf4c33daa32ff2e,4QB3,igb2_di1_salt0_st0.0072,-12.9204,3001
749b421329101fb34bf4c33daa32ff2e,4QB3,igb2_di2_salt0.15_st0,-15.5418,3001
749b421329101fb34bf4c33daa32ff2e,4QB3,igb2_di2_salt0.15_st0.0072,-18.0479,3001
749b421329101fb34bf4c33daa32ff2e,4QB3,igb2_di2_salt0_st0,-15.5495,3001
749b421329101fb34bf4c33daa32ff2e,4QB3,igb2_di2_salt0_st0.0072,-18.0556,3001
749b421329101fb34bf4c33daa32ff2e,4QB3,igb2_di4_salt0.15_st0,-18.1093,3001
749b421329101fb34bf4c33daa32ff2e,4QB3,igb2_di4_salt0.15_st0.0072,-20.6154,3001
749b421329101fb34bf4c33daa32ff2e,4QB3,igb2_di4_salt0_st0,-18.1171,3001
749b421329101fb34bf4c33daa32ff2e,4QB3,igb2_di4_salt0_st0.0072,-20.6232,3001
749b421329101fb34bf4c33daa32ff2e,4QB3,igb5_di1_salt0.15_st0,-11.2022,3001
749b421329101fb34bf4c33daa32ff2e,4QB3,igb5_di1_salt0.15_st0.0072,-13.7082,3001
749b421329101fb34bf4c33daa32ff2e,4QB3,igb5_di1_salt0_st0,-11.2091,3001
749b421329101fb34bf4c33daa32ff2e,4QB3,igb5_di1_salt0_st0.0072,-13.7152,3001
749b421329101fb34bf4c33daa32ff2e,4QB3,igb5_di2_salt0.15_st0,-15.9349,3001
749b421329101fb34bf4c33daa32ff2e,4QB3,igb5_di2_salt0.15_st0.0072,-18.4409,3001
749b421329101fb34bf4c33daa32ff2e,4QB3,igb5_di2_salt0_st0,-15.9418,3001
749b421329101fb34bf4c33daa32ff2e,4QB3,igb5_di2_salt0_st0.0072,-18.4479,3001
749b421329101fb34bf4c33daa32ff2e,4QB3,igb5_di4_salt0.15_st0,-18.3011,3001
749b421329101fb34bf4c33daa32ff2e,4QB3,igb5_di4_salt0.15_st0.0072,-20.8072,3001
749b421329101fb34bf4c33daa32ff2e,4QB3,igb5_di4_salt0_st0,-18.3081,3001
749b421329101fb34bf4c33daa32ff2e,4QB3,igb5_di4_salt0_st0.0072,-20.8142,3001
749b421329101fb34bf4c33daa32ff2e,4QB3,igb8_di1_salt0.15_st0,-10.898,3001
749b421329101fb34bf4c33daa32ff2e,4QB3,igb8_di1_salt0.15_st0.0072,-13.404,3001
749b421329101fb34bf4c33daa32ff2e,4QB3,igb8_di1_salt0_st0,-10.9062,3001
749b421329101fb34bf4c33daa32ff2e,4QB3,igb8_di1_salt0_st0.0072,-13.4123,3001
749b421329101fb34bf4c33daa32ff2e,4QB3,igb8_di2_salt0.15_st0,-15.784,3001
749b421329101fb34bf4c33daa32ff2e,4QB3,igb8_di2_salt0.15_st0.0072,-18.29,3001
749b421329101fb34bf4c33daa32ff2e,4QB3,igb8_di2_salt0_st0,-15.7923,3001
749b421329101fb34bf4c33daa32ff2e,4QB3,igb8_di2_salt0_st0.0072,-18.2982,3001
749b421329101fb34bf4c33daa32ff2e,4QB3,igb8_di4_salt0.15_st0,-18.2271,3001
749b421329101fb34bf4c33daa32ff2e,4QB3,igb8_di4_salt0.15_st0.0072,-20.733,3001
749b421329101fb34bf4c33daa32ff2e,4QB3,igb8_di4_salt0_st0,-18.2352,3001
749b421329101fb34bf4c33daa32ff2e,4QB3,igb8_di4_salt0_st0.0072,-20.7413,3001
752f05c1f66a8f4b3b1789ec136a4c33,3I06,igb1_di1_salt0.15_st0,-10.6552,3001
752f05c1f66a8f4b3b1789ec136a4c33,3I06,igb1_di1_salt0.15_st0.0072,-12.7642,3001
752f05c1f66a8f4b3b1789ec136a4c33,3I06,igb1_di1_salt0_st0,-10.6614,3001
752f05c1f66a8f4b3b1789ec136a4c33,3I06,igb1_di1_salt0_st0.0072,-12.7703,3001
752f05c1f66a8f4b3b1789ec136a4c33,3I06,igb1_di2_salt0.15_st0,-13.4733,3001
752f05c1f66a8f4b3b1789ec136a4c33,3I06,igb1_di2_salt0.15_st0.0072,-15.5823,3001
752f05c1f66a8f4b3b1789ec136a4c33,3I06,igb1_di2_salt0_st0,-13.4796,3001
752f05c1f66a8f4b3b1789ec136a4c33,3I06,igb1_di2_salt0_st0.0072,-15.5885,3001
752f05c1f66a8f4b3b1789ec136a4c33,3I06,igb1_di4_salt0.15_st0,-14.8825,3001
752f05c1f66a8f4b3b1789ec136a4c33,3I06,igb1_di4_salt0.15_st0.0072,-16.9914,3001
752f05c1f66a8f4b3b1789ec136a4c33,3I06,igb1_di4_salt0_st0,-14.8887,3001
752f05c1f66a8f4b3b1789ec136a4c33,3I06,igb1_di4_salt0_st0.0072,-16.9977,3001
752f05c1f66a8f4b3b1789ec136a4c33,3I06,igb2_di1_salt0.15_st0,-8.8142,3001
752f05c1f66a8f4b3b1789ec136a4c33,3I06,igb2_di1_salt0.15_st0.0072,-10.9231,3001
752f05c1f66a8f4b3b1789ec136a4c33,3I06,igb2_di1_salt0_st0,-8.8204,3001
752f05c1f66a8f4b3b1789ec136a4c33,3I06,igb2_di1_salt0_st0.0072,-10.9294,3001
752f05c1f66a8f4b3b1789ec136a4c33,3I06,igb2_di2_salt0.15_st0,-12.5646,3001
752f05c1f66a8f4b3b1789ec136a4c33,3I06,igb2_di2_salt0.15_st0.0072,-14.6737,3001
752f05c1f66a8f4b3b1789ec136a4c33,3I06,igb2_di2_salt0_st0,-12.571,3001
752f05c1f66a8f4b3b1789ec136a4c33,3I06,igb2_di2_salt0_st0.0072,-14.68,3001
752f05c1f66a8f4b3b1789ec136a4c33,3I06,igb2_di4_salt0.15_st0,-14.4401,3001
752f05c1f66a8f4b3b1789ec136a4c33,3I06,igb2_di4_salt0.15_st0.0072,-16.5491,3001
752f05c1f66a8f4b3b1789ec136a4c33,3I06,igb2_di4_salt0_st0,-14.4463,3001
752f05c1f66a8f4b3b1789ec136a4c33,3I06,igb2_di4_salt0_st0.0072,-16.5553,3001
752f05c1f66a8f4b3b1789ec136a4c33,3I06,igb5_di1_salt0.15_st0,-9.1537,3001
752f05c1f66a8f4b3b1789ec136a4c33,3I06,igb5_di1_salt0.15_st0.0072,-11.2627,3001
752f05c1f66a8f4b3b1789ec136a4c33,3I06,igb5_di1_salt0_st0,-9.1602,3001
752f05c1f66a8f4b3b1789ec136a4c33,3I06,igb5_di1_salt0_st0.0072,-11.2693,3001
752f05c1f66a8f4b3b1789ec136a4c33,3I06,igb5_di2_salt0.15_st0,-12.7322,3001
752f05c1f66a8f4b3b1789ec136a4c33,3I06,igb5_di2_salt0.15_st0.0072,-14.8412,3001
752f05c1f66a8f4b3b1789ec136a4c33,3I06,igb5_di2_salt0_st0,-12.7388,3001
752f05c1f66a8f4b3b1789ec136a4c33,3I06,igb5_di2_salt0_st0.0072,-14.8477,3001
752f05c1f66a8f4b3b1789ec136a4c33,3I06,igb5_di4_salt0.15_st0,-14.5213,3001
752f05c1f66a8f4b3b1789ec136a4c33,3I06,igb5_di4_salt0.15_st0.0072,-16.6303,3001
752f05c1f66a8f4b3b1789ec136a4c33,3I06,igb5_di4_salt0_st0,-14.528,3001
752f05c1f66a8f4b3b1789ec136a4c33,3I06,igb5_di4_salt0_st0.0072,-16.637,3001
752f05c1f66a8f4b3b1789ec136a4c33,3I06,igb8_di1_salt0.15_st0,-7.7629,3001
752f05c1f66a8f4b3b1789ec136a4c33,3I06,igb8_di1_salt0.15_st0.0072,-9.8718,3001
752f05c1f66a8f4b3b1789ec136a4c33,3I06,igb8_di1_salt0_st0,-7.7778,3001
752f05c1f66a8f4b3b1789ec136a4c33,3I06,igb8_di1_salt0_st0.0072,-9.8868,3001
752f05c1f66a8f4b3b1789ec136a4c33,3I06,igb8_di2_salt0.15_st0,-12.0415,3001
752f05c1f66a8f4b3b1789ec136a4c33,3I06,igb8_di2_salt0.15_st0.0072,-14.1503,3001
752f05c1f66a8f4b3b1789ec136a4c33,3I06,igb8_di2_salt0_st0,-12.0564,3001
752f05c1f66a8f4b3b1789ec136a4c33,3I06,igb8_di2_salt0_st0.0072,-14.1655,3001
752f05c1f66a8f4b3b1789ec136a4c33,3I06,igb8_di4_salt0.15_st0,-14.1807,3001
752f05c1f66a8f4b3b1789ec136a4c33,3I06,igb8_di4_salt0.15_st0.0072,-16.2896,3001
752f05c1f66a8f4b3b1789ec136a4c33,3I06,igb8_di4_salt0_st0,-14.1957,3001
752f05c1f66a8f4b3b1789ec136a4c33,3I06,igb8_di4_salt0_st0.0072,-16.3047,3001
77b75df8109925be76df5616a3e1c899,3I06,igb1_di1_salt0.15_st0,-15.8821,3001
77b75df8109925be76df5616a3e1c899,3I06,igb1_di1_salt0.15_st0.0072,-19.2079,3001
77b75df8109925be76df5616a3e1c899,3I06,igb1_di1_salt0_st0,-15.8801,3001
77b75df8109925be76df5616a3e1c899,3I06,igb1_di1_salt0_st0.0072,-19.2059,3001
77b75df8109925be76df5616a3e1c899,3I06,igb1_di2_salt0.15_st0,-20.1804,3001
77b75df8109925be76df5616a3e1c899,3I06,igb1_di2_salt0.15_st0.0072,-23.5062,3001
77b75df8109925be76df5616a3e1c899,3I06,igb1_di2_salt0_st0,-20.1784,3001
77b75df8109925be76df5616a3e1c899,3I06,igb1_di2_salt0_st0.0072,-23.5042,3001
77b75df8109925be76df5616a3e1c899,3I06,igb1_di4_salt0.15_st0,-22.3296,3001
77b75df8109925be76df5616a3e1c899,3I06,igb1_di4_salt0.15_st0.0072,-25.6553,3001
77b75df8109925be76df5616a3e1c899,3I06,igb1_di4_salt0_st0,-22.3276,3001
77b75df8109925be76df5616a3e1c899,3I06,igb1_di4_salt0_st0.0072,-25.6534,3001
77b75df8109925be76df5616a3e1c899,3I06,igb2_di1_salt0.15_st0,-12.7365,3001
77b75df8109925be76df5616a3e1c899,3I06,igb2_di1_salt0.15_st0.0072,-16.0623,3001
77b75df8109925be76df5616a3e1c899,3I06,igb2_di1_salt0_st0,-12.7347,3001
77b75df8109925be76df5616a3e1c899,3I06,igb2_di1_salt0_st0.0072,-16.0605,3001
77b75df8109925be76df5616a3e1c899,3I06,igb2_di2_salt0.15_st0,-18.6277,3001
77b75df8109925be76df5616a3e1c899,3I06,igb2_di2_salt0.15_st0.0072,-21.9537,3001
77b75df8109925be76df5616a3e1c899,3I06,igb2_di2_salt0_st0,-18.626,3001
77b75df8109925be76df5616a3e1c899,3I06,igb2_di2_salt0_st0.0072,-21.9519,3001
77b75df8109925be76df5616a3e1c899,3I06,igb2_di4_salt0.15_st0,-21.5735,3001
77b75df8109925be76df5616a3e1c899,3I06,igb2_di4_salt0.15_st0.0072,-24.8992,3001
77b75df8109925be76df5616a3e1c899,3I06,igb2_di4_salt0_st0,-21.5717,3001
77b75df8109925be76df5616a3e1c899,3I06,igb2_di4_salt0_st0.0072,-24.8975,3001
77b75df8109925be76df5616a3e1c899,3I06,igb5_di1_salt0.15_st0,-13.15,3001
77b75df8109925be76df5616a3e1c899,3I06,igb5_di1_salt0.15_st0.0072,-16.4758,3001
77b75df8109925be76df5616a3e1c899,3I06,igb5_di1_salt0_st0,-13.1498,3001
77b75df8109925be76df5616a3e1c899,3I06,igb5_di1_salt0_st0.0072,-16.4757,3001
77b75df8109925be76df5616a3e1c899,3I06,igb5_di2_salt0.15_st0,-18.831,3001
77b75df8109925be76df5616a3e1c899,3I06,igb5_di2_salt0.15_st0.0072,-22.1568,3001
77b75df8109925be76df5616a3e1c899,3I06,igb5_di2_salt0_st0,-18.8309,3001
77b75df8109925be76df5616a3e1c899,3I06,igb5_di2_salt0_st0.0072,-22.1567,3001
77b75df8109925be76df5616a3e1c899,3I06,igb5_di4_salt0.15_st0,-21.6716,3001
77b75df8109925be76df5616a3e1c899,3I06,igb5_di4_salt0.15_st0.0072,-24.9974,3001
77b75df8109925be76df5616a3e1c899,3I06,igb5_di4_salt0_st0,-21.6715,3001
77b75df8109925be76df5616a3e1c899,3I06,igb5_di4_salt0_st0.0072,-24.9972,3001
77b75df8109925be76df5616a3e1c899,3I06,igb8_di1_salt0.15_st0,-11.3603,3001
77b75df8109925be76df5616a3e1c899,3I06,igb8_di1_salt0.15_st0.0072,-14.6862,3001
77b75df8109925be76df5616a3e1c899,3I06,igb8_di1_salt0_st0,-11.3643,3001
77b75df8109925be76df5616a3e1c899,3I06,igb8_di1_salt0_st0.0072,-14.6903,3001
77b75df8109925be76df5616a3e1c899,3I06,igb8_di2_salt0.15_st0,-17.9456,3001
77b75df8109925be76df5616a3e1c899,3I06,igb8_di2_salt0.15_st0.0072,-21.2714,3001
77b75df8109925be76df5616a3e1c899,3I06,igb8_di2_salt0_st0,-17.9497,3001
77b75df8109925be76df5616a3e1c899,3I06,igb8_di2_salt0_st0.0072,-21.2756,3001
77b75df8109925be76df5616a3e1c899,3I06,igb8_di4_salt0.15_st0,-21.2381,3001
77b75df8109925be76df5616a3e1c899,3I06,igb8_di4_salt0.15_st0.0072,-24.5642,3001
77b75df8109925be76df5616a3e1c899,3I06,igb8_di4_salt0_st0,-21.2424,3001
77b75df8109925be76df5616a3e1c899,3I06,igb8_di4_salt0_st0.0072,-24.5682,3001
7969946fa4a7d73df90d5fadcdef4b59,2XU3,igb1_di1_salt0.15_st0,-29.9403,3001
7969946fa4a7d73df90d5fadcdef4b59,2XU3,igb1_di1_salt0.15_st0.0072,-34.7874,3001
7969946fa4a7d73df90d5fadcdef4b59,2XU3,igb1_di1_salt0_st0,-29.9224,3001
7969946fa4a7d73df90d5fadcdef4b59,2XU3,igb1_di1_salt0_st0.0072,-34.7696,3001
7969946fa4a7d73df90d5fadcdef4b59,2XU3,igb1_di2_salt0.15_st0,-32.7556,3001
7969946fa4a7d73df90d5fadcdef4b59,2XU3,igb1_di2_salt0.15_st0.0072,-37.6027,3001
7969946fa4a7d73df90d5fadcdef4b59,2XU3,igb1_di2_salt0_st0,-32.7377,3001
7969946fa4a7d73df90d5fadcdef4b59,2XU3,igb1_di2_salt0_st0.0072,-37.5848,3001
7969946fa4a7d73df90d5fadcdef4b59,2XU3,igb1_di4_salt0.15_st0,-34.1631,3001
7969946fa4a7d73df90d5fadcdef4b59,2XU3,igb1_di4_salt0.15_st0.0072,-39.0101,3001
7969946fa4a7d73df90d5fadcdef4b59,2XU3,igb1_di4_salt0_st0,-34.1453,3001
7969946fa4a7d73df90d5fadcdef4b59,2XU3,igb1_di4_salt0_st0.0072,-38.9924,3001
7969946fa4a7d73df90d5fadcdef4b59,2XU3,igb2_di1_salt0.15_st0,-25.7511,3001
7969946fa4a7d73df90d5fadcdef4b59,2XU3,igb2_di1_salt0.15_st0.0072,-30.5982,3001
7969946fa4a7d73df90d5fadcdef4b59,2XU3,igb2_di1_salt0_st0,-25.7323,3001
7969946fa4a7d73df90d5fadcdef4b59,2XU3,igb2_di1_salt0_st0.0072,-30.5794,3001
7969946fa4a7d73df90d5fadcdef4b59,2XU3,igb2_di2_salt0.15_st0,-30.6885,3001
7969946fa4a7d73df90d5fadcdef4b59,2XU3,igb2_di2_salt0.15_st0.0072,-35.5356,3001
7969946fa4a7d73df90d5fadcdef4b59,2XU3,igb2_di2_salt0_st0,-30.6696,3001
7969946fa4a7d73df90d5fadcdef4b59,2XU3,igb2_di2_salt0_st0.0072,-35.5167,3001
7969946fa4a7d73df90d5fadcdef4b59,2XU3,igb2_di4_salt0.15_st0,-33.1571,3001
7969946fa4a7d73df90d5fadcdef4b59,2XU3,igb2_di4_salt0.15_st0.0072,-38.0042,3001
7969946fa4a7d73df90d5fadcdef4b59,2XU3,igb2_di4_salt0_st0,-33.1383,3001
7969946fa4a7d73df90d5fadcdef4b59,2XU3,igb2_di4_salt0_st0.0072,-37.9854,3001
7969946fa4a7d73df90d5fadcdef4b59,2XU3,igb5_di1_salt0.15_st0,-27.5216,3001
7969946fa4a7d73df90d5fadcdef4b59,2XU3,igb5_di1_salt0.15_st0.0072,-32.3686,3001
7969946fa4a7d73df90d5fadcdef4b59,2XU3,igb5_di1_salt0_st0,-27.5021,3001
7969946fa4a7d73df90d5fadcdef4b59,2XU3,igb5_di1_salt0_st0.0072,-32.3492,3001
7969946fa4a7d73df90d5fadcdef4b59,2XU3,igb5_di2_salt0.15_st0,-31.5626,3001
7969946fa4a7d73df90d5fadcdef4b59,2XU3,igb5_di2_salt0.15_st0.0072,-36.4097,3001
7969946fa4a7d73df90d5fadcdef4b59,2XU3,igb5_di2_salt0_st0,-31.5431,3001
7969946fa4a7d73df90d5fadcdef4b59,2XU3,igb5_di2_salt0_st0.0072,-36.3902,3001
7969946fa4a7d73df90d5fadcdef4b59,2XU3,igb5_di4_salt0.15_st0,-33.5831,3001
7969946fa4a7d73df90d5fadcdef4b59,2XU3,igb5_di4_salt0.15_st0.0072,-38.4303,3001
7969946fa4a7d73df90d5fadcdef4b59,2XU3,igb5_di4_salt0_st0,-33.5635,3001
7969946fa4a7d73df90d5fadcdef4b59,2XU3,igb5_di4_salt0_st0.0072,-38.4107,3001
7969946fa4a7d73df90d5fadcdef4b59,2XU3,igb8_di1_salt0.15_st0,-25.6322,3001
7969946fa4a7d73df90d5fadcdef4b59,2XU3,igb8_di1_salt0.15_st0.0072,-30.4792,3001
7969946fa4a7d73df90d5fadcdef4b59,2XU3,igb8_di1_salt0_st0,-25.6177,3001
7969946fa4a7d73df90d5fadcdef4b59,2XU3,igb8_di1_salt0_st0.0072,-30.4649,3001
7969946fa4a7d73df90d5fadcdef4b59,2XU3,igb8_di2_salt0.15_st0,-30.6275,3001
7969946fa4a7d73df90d5fadcdef4b59,2XU3,igb8_di2_salt0.15_st0.0072,-35.4746,3001
7969946fa4a7d73df90d5fadcdef4b59,2XU3,igb8_di2_salt0_st0,-30.6131,3001
7969946fa4a7d73df90d5fadcdef4b59,2XU3,igb8_di2_salt0_st0.0072,-35.4602,3001
7969946fa4a7d73df90d5fadcdef4b59,2XU3,igb8_di4_salt0.15_st0,-33.1252,3001
7969946fa4a7d73df90d5fadcdef4b59,2XU3,igb8_di4_salt0.15_st0.0072,-37.9723,3001
7969946fa4a7d73df90d5fadcdef4b59,2XU3,igb8_di4_salt0_st0,-33.1108,3001
7969946fa4a7d73df90d5fadcdef4b59,2XU3,igb8_di4_salt0_st0.0072,-37.9578,3001
79ff013c97a88f8bec1adfae42218746,4QB3,igb1_di1_salt0.15_st0,-29.6418,3001
79ff013c97a88f8bec1adfae42218746,4QB3,igb1_di1_salt0.15_st0.0072,-35.2742,3001
79ff013c97a88f8bec1adfae42218746,4QB3,igb1_di1_salt0_st0,-29.64,3001
79ff013c97a88f8bec1adfae42218746,4QB3,igb1_di1_salt0_st0.0072,-35.2722,3001
79ff013c97a88f8bec1adfae42218746,4QB3,igb1_di2_salt0.15_st0,-35.6196,3001
79ff013c97a88f8bec1adfae42218746,4QB3,igb1_di2_salt0.15_st0.0072,-41.2519,3001
79ff013c97a88f8bec1adfae42218746,4QB3,igb1_di2_salt0_st0,-35.6178,3001
79ff013c97a88f8bec1adfae42218746,4QB3,igb1_di2_salt0_st0.0072,-41.2501,3001
79ff013c97a88f8bec1adfae42218746,4QB3,igb1_di4_salt0.15_st0,-38.6085,3001
79ff013c97a88f8bec1adfae42218746,4QB3,igb1_di4_salt0.15_st0.0072,-44.2408,3001
79ff013c97a88f8bec1adfae42218746,4QB3,igb1_di4_salt0_st0,-38.6066,3001
79ff013c97a88f8bec1adfae42218746,4QB3,igb1_di4_salt0_st0.0072,-44.239,3001
79ff013c97a88f8bec1adfae42218746,4QB3,igb2_di1_salt0.15_st0,-26.3657,3001
79ff013c97a88f8bec1adfae42218746,4QB3,igb2_di1_salt0.15_st0.0072,-31.9981,3001
79ff013c97a88f8bec1adfae42218746,4QB3,igb2_di1_salt0_st0,-26.3631,3001
79ff013c97a88f8bec1adfae42218746,4QB3,igb2_di1_salt0_st0.0072,-31.9955,3001
79ff013c97a88f8bec1adfae42218746,4QB3,igb2_di2_salt0.15_st0,-34.0032,3001
79ff013c97a88f8bec1adfae42218746,4QB3,igb2_di2_salt0.15_st0.0072,-39.6355,3001
79ff013c97a88f8bec1adfae42218746,4QB3,igb2_di2_salt0_st0,-34.0005,3001
79ff013c97a88f8bec1adfae42218746,4QB3,igb2_di2_salt0_st0.0072,-39.6328,3001
79ff013c97a88f8bec1adfae42218746,4QB3,igb2_di4_salt0.15_st0,-37.8217,3001
79ff013c97a88f8bec1adfae42218746,4QB3,igb2_di4_salt0.15_st0.0072,-43.4542,3001
79ff013c97a88f8bec1adfae42218746,4QB3,igb2_di4_salt0_st0,-37.8192,3001
79ff013c97a88f8bec1adfae42218746,4QB3,igb2_di4_salt0_st0.0072,-43.4515,3001
79ff013c97a88f8bec1adfae42218746,4QB3,igb5_di1_salt0.15_st0,-27.3305,3001
79ff013c97a88f8bec1adfae42218746,4QB3,igb5_di1_salt0.15_st0.0072,-32.963,3001
79ff013c97a88f8bec1adfae42218746,4QB3,igb5_di1_salt0_st0,-27.3273,3001
79ff013c97a88f8bec1adfae42218746,4QB3,igb5_di1_salt0_st0.0072,-32.9596,3001
79ff013c97a88f8bec1adfae42218746,4QB3,igb5_di2_salt0.15_st0,-34.4797,3001
79ff013c97a88f8bec1adfae42218746,4QB3,igb5_di2_salt0.15_st0.0072,-40.112,3001
79ff013c97a88f8bec1adfae42218746,4QB3,igb5_di2_salt0_st0,-34.4763,3001
79ff013c97a88f8bec1adfae42218746,4QB3,igb5_di2_salt0_st0.0072,-40.1087,3001
79ff013c97a88f8bec1adfae42218746,4QB3,igb5_di4_salt0.15_st0,-38.0542,3001
79ff013c97a88f8bec1adfae42218746,4QB3,igb5_di4_salt0.15_st0.0072,-43.6866,3001
79ff013c97a88f8bec1adfae42218746,4QB3,igb5_di4_salt0_st0,-38.0508,3001
79ff013c97a88f8bec1adfae42218746,4QB3,igb5_di4_salt0_st0.0072,-43.6833,3001
79ff013c97a88f8bec1adfae42218746,4QB3,igb8_di1_salt0.15_st0,-27.1694,3001
79ff013c97a88f8bec1adfae42218746,4QB3,igb8_di1_salt0.15_st0.0072,-32.8017,3001
79ff013c97a88f8bec1adfae42218746,4QB3,igb8_di1_salt0_st0,-27.1978,3001
79ff013c97a88f8bec1adfae42218746,4QB3,igb8_di1_salt0_st0.0072,-32.8302,3001
79ff013c97a88f8bec1adfae42218746,4QB3,igb8_di2_salt0.15_st0,-34.384,3001
79ff013c97a88f8bec1adfae42218746,4QB3,igb8_di2_salt0.15_st0.0072,-40.0163,3001
79ff013c97a88f8bec1adfae42218746,4QB3,igb8_di2_salt0_st0,-34.4125,3001
79ff013c97a88f8bec1adfae42218746,4QB3,igb8_di2_salt0_st0.0072,-40.0449,3001
79ff013c97a88f8bec1adfae42218746,4QB3,igb8_di4_salt0.15_st0,-37.9914,3001
79ff013c97a88f8bec1adfae42218746,4QB3,igb8_di4_salt0.15_st0.0072,-43.6238,3001
79ff013c97a88f8bec1adfae42218746,4QB3,igb8_di4_salt0_st0,-38.0198,3001
79ff013c97a88f8bec1adfae42218746,4QB3,igb8_di4_salt0_st0.0072,-43.6522,3001
7f401a529b655f4a54438d8f5d6f0225,9D9I,igb1_di1_salt0.15_st0,-26.6459,3001
7f401a529b655f4a54438d8f5d6f0225,9D9I,igb1_di1_salt0.15_st0.0072,-31.675,3001
7f401a529b655f4a54438d8f5d6f0225,9D9I,igb1_di1_salt0_st0,-26.6496,3001
7f401a529b655f4a54438d8f5d6f0225,9D9I,igb1_di1_salt0_st0.0072,-31.6785,3001
7f401a529b655f4a54438d8f5d6f0225,9D9I,igb1_di2_salt0.15_st0,-31.8036,3001
7f401a529b655f4a54438d8f5d6f0225,9D9I,igb1_di2_salt0.15_st0.0072,-36.8326,3001
7f401a529b655f4a54438d8f5d6f0225,9D9I,igb1_di2_salt0_st0,-31.8071,3001
7f401a529b655f4a54438d8f5d6f0225,9D9I,igb1_di2_salt0_st0.0072,-36.8362,3001
7f401a529b655f4a54438d8f5d6f0225,9D9I,igb1_di4_salt0.15_st0,-34.3824,3001
7f401a529b655f4a54438d8f5d6f0225,9D9I,igb1_di4_salt0.15_st0.0072,-39.4112,3001
7f401a529b655f4a54438d8f5d6f0225,9D9I,igb1_di4_salt0_st0,-34.3859,3001
7f401a529b655f4a54438d8f5d6f0225,9D9I,igb1_di4_salt0_st0.0072,-39.415,3001
7f401a529b655f4a54438d8f5d6f0225,9D9I,igb2_di1_salt0.15_st0,-21.9919,3001
7f401a529b655f4a54438d8f5d6f0225,9D9I,igb2_di1_salt0.15_st0.0072,-27.0209,3001
7f401a529b655f4a54438d8f5d6f0225,9D9I,igb2_di1_salt0_st0,-21.995,3001
7f401a529b655f4a54438d8f5d6f0225,9D9I,igb2_di1_salt0_st0.0072,-27.024,3001
7f401a529b655f4a54438d8f5d6f0225,9D9I,igb2_di2_salt0.15_st0,-29.5067,3001
7f401a529b655f4a54438d8f5d6f0225,9D9I,igb2_di2_salt0.15_st0.0072,-34.5357,3001
7f401a529b655f4a54438d8f5d6f0225,9D9I,igb2_di2_salt0_st0,-29.5099,3001
7f401a529b655f4a54438d8f5d6f0225,9D9I,igb2_di2_salt0_st0.0072,-34.5388,3001
7f401a529b655f4a54438d8f5d6f0225,9D9I,igb2_di4_salt0.15_st0,-33.2642,3001
7f401a529b655f4a54438d8f5d6f0225,9D9I,igb2_di4_salt0.15_st0.0072,-38.2932,3001
7f401a529b655f4a54438d8f5d6f0225,9D9I,igb2_di4_salt0_st0,-33.2674,3001
7f401a529b655f4a54438d8f5d6f0225,9D9I,igb2_di4_salt0_st0.0072,-38.2963,3001
7f401a529b655f4a54438d8f5d6f0225,9D9I,igb5_di1_salt0.15_st0,-23.4488,3001
7f401a529b655f4a54438d8f5d6f0225,9D9I,igb5_di1_salt0.15_st0.0072,-28.4778,3001
7f401a529b655f4a54438d8f5d6f0225,9D9I,igb5_di1_salt0_st0,-23.4527,3001
7f401a529b655f4a54438d8f5d6f0225,9D9I,igb5_di1_salt0_st0.0072,-28.4817,3001
7f401a529b655f4a54438d8f5d6f0225,9D9I,igb5_di2_salt0.15_st0,-30.2254,3001
7f401a529b655f4a54438d8f5d6f0225,9D9I,igb5_di2_salt0.15_st0.0072,-35.2544,3001
7f401a529b655f4a54438d8f5d6f0225,9D9I,igb5_di2_salt0_st0,-30.2294,3001
7f401a529b655f4a54438d8f5d6f0225,9D9I,igb5_di2_salt0_st0.0072,-35.2584,3001
7f401a529b655f4a54438d8f5d6f0225,9D9I,igb5_di4_salt0.15_st0,-33.6137,3001
7f401a529b655f4a54438d8f5d6f0225,9D9I,igb5_di4_salt0.15_st0.0072,-38.6427,3001
7f401a529b655f4a54438d8f5d6f0225,9D9I,igb5_di4_salt0_st0,-33.6176,3001
7f401a529b655f4a54438d8f5d6f0225,9D9I,igb5_di4_salt0_st0.0072,-38.6466,3001
7f401a529b655f4a54438d8f5d6f0225,9D9I,igb8_di1_salt0.15_st0,-17.6801,3001
7f401a529b655f4a54438d8f5d6f0225,9D9I,igb8_di1_salt0.15_st0.0072,-22.709,3001
7f401a529b655f4a54438d8f5d6f0225,9D9I,igb8_di1_salt0_st0,-17.6884,3001
7f401a529b655f4a54438d8f5d6f0225,9D9I,igb8_di1_salt0_st0.0072,-22.7173,3001
7f401a529b655f4a54438d8f5d6f0225,9D9I,igb8_di2_salt0.15_st0,-27.3761,3001
7f401a529b655f4a54438d8f5d6f0225,9D9I,igb8_di2_salt0.15_st0.0072,-32.4051,3001
7f401a529b655f4a54438d8f5d6f0225,9D9I,igb8_di2_salt0_st0,-27.3843,3001
7f401a529b655f4a54438d8f5d6f0225,9D9I,igb8_di2_salt0_st0.0072,-32.4132,3001
7f401a529b655f4a54438d8f5d6f0225,9D9I,igb8_di4_salt0.15_st0,-32.224,3001
7f401a529b655f4a54438d8f5d6f0225,9D9I,igb8_di4_salt0.15_st0.0072,-37.253,3001
7f401a529b655f4a54438d8f5d6f0225,9D9I,igb8_di4_salt0_st0,-32.2324,3001
7f401a529b655f4a54438d8f5d6f0225,9D9I,igb8_di4_salt0_st0.0072,-37.2614,3001
7f8c5f877cc7df732365ed9f3035e71a,4L7G,igb1_di1_salt0.15_st0,-10.4755,3001
7f8c5f877cc7df732365ed9f3035e71a,4L7G,igb1_di1_salt0.15_st0.0072,-13.2213,3001
7f8c5f877cc7df732365ed9f3035e71a,4L7G,igb1_di1_salt0_st0,-10.4654,3001
7f8c5f877cc7df732365ed9f3035e71a,4L7G,igb1_di1_salt0_st0.0072,-13.2112,3001
7f8c5f877cc7df732365ed9f3035e71a,4L7G,igb1_di2_salt0.15_st0,-14.6306,3001
7f8c5f877cc7df732365ed9f3035e71a,4L7G,igb1_di2_salt0.15_st0.0072,-17.3764,3001
7f8c5f877cc7df732365ed9f3035e71a,4L7G,igb1_di2_salt0_st0,-14.6206,3001
7f8c5f877cc7df732365ed9f3035e71a,4L7G,igb1_di2_salt0_st0.0072,-17.3664,3001
7f8c5f877cc7df732365ed9f3035e71a,4L7G,igb1_di4_salt0.15_st0,-16.7082,3001
7f8c5f877cc7df732365ed9f3035e71a,4L7G,igb1_di4_salt0.15_st0.0072,-19.454,3001
7f8c5f877cc7df732365ed9f3035e71a,4L7G,igb1_di4_salt0_st0,-16.6981,3001
7f8c5f877cc7df732365ed9f3035e71a,4L7G,igb1_di4_salt0_st0.0072,-19.4438,3001
7f8c5f877cc7df732365ed9f3035e71a,4L7G,igb2_di1_salt0.15_st0,-6.3227,3001
7f8c5f877cc7df732365ed9f3035e71a,4L7G,igb2_di1_salt0.15_st0.0072,-9.0687,3001
7f8c5f877cc7df732365ed9f3035e71a,4L7G,igb2_di1_salt0_st0,-6.3138,3001
7f8c5f877cc7df732365ed9f3035e71a,4L7G,igb2_di1_salt0_st0.0072,-9.0595,3001
7f8c5f877cc7df732365ed9f3035e71a,4L7G,igb2_di2_salt0.15_st0,-12.5806,3001
7f8c5f877cc7df732365ed9f3035e71a,4L7G,igb2_di2_salt0.15_st0.0072,-15.3264,3001
7f8c5f877cc7df732365ed9f3035e71a,4L7G,igb2_di2_salt0_st0,-12.5715,3001
7f8c5f877cc7df732365ed9f3035e71a,4L7G,igb2_di2_salt0_st0.0072,-15.3173,3001
7f8c5f877cc7df732365ed9f3035e71a,4L7G,igb2_di4_salt0.15_st0,-15.7094,3001
7f8c5f877cc7df732365ed9f3035e71a,4L7G,igb2_di4_salt0.15_st0.0072,-18.4553,3001
7f8c5f877cc7df732365ed9f3035e71a,4L7G,igb2_di4_salt0_st0,-15.7002,3001
7f8c5f877cc7df732365ed9f3035e71a,4L7G,igb2_di4_salt0_st0.0072,-18.4461,3001
7f8c5f877cc7df732365ed9f3035e71a,4L7G,igb5_di1_salt0.15_st0,-6.3601,3001
7f8c5f877cc7df732365ed9f3035e71a,4L7G,igb5_di1_salt0.15_st0.0072,-9.106,3001
7f8c5f877cc7df732365ed9f3035e71a,4L7G,igb5_di1_salt0_st0,-6.3526,3001
7f8c5f877cc7df732365ed9f3035e71a,4L7G,igb5_di1_salt0_st0.0072,-9.0984,3001
7f8c5f877cc7df732365ed9f3035e71a,4L7G,igb5_di2_salt0.15_st0,-12.5981,3001
7f8c5f877cc7df732365ed9f3035e71a,4L7G,igb5_di2_salt0.15_st0.0072,-15.344,3001
7f8c5f877cc7df732365ed9f3035e71a,4L7G,igb5_di2_salt0_st0,-12.5905,3001
7f8c5f877cc7df732365ed9f3035e71a,4L7G,igb5_di2_salt0_st0.0072,-15.3364,3001
7f8c5f877cc7df732365ed9f3035e71a,4L7G,igb5_di4_salt0.15_st0,-15.7171,3001
7f8c5f877cc7df732365ed9f3035e71a,4L7G,igb5_di4_salt0.15_st0.0072,-18.463,3001
7f8c5f877cc7df732365ed9f3035e71a,4L7G,igb5_di4_salt0_st0,-15.7097,3001
7f8c5f877cc7df732365ed9f3035e71a,4L7G,igb5_di4_salt0_st0.0072,-18.4554,3001
7f8c5f877cc7df732365ed9f3035e71a,4L7G,igb8_di1_salt0.15_st0,-7.3444,3001
7f8c5f877cc7df732365ed9f3035e71a,4L7G,igb8_di1_salt0.15_st0.0072,-10.0903,3001
7f8c5f877cc7df732365ed9f3035e71a,4L7G,igb8_di1_salt0_st0,-7.3365,3001
7f8c5f877cc7df732365ed9f3035e71a,4L7G,igb8_di1_salt0_st0.0072,-10.0824,3001
7f8c5f877cc7df732365ed9f3035e71a,4L7G,igb8_di2_salt0.15_st0,-13.0842,3001
7f8c5f877cc7df732365ed9f3035e71a,4L7G,igb8_di2_salt0.15_st0.0072,-15.83,3001
7f8c5f877cc7df732365ed9f3035e71a,4L7G,igb8_di2_salt0_st0,-13.0761,3001
7f8c5f877cc7df732365ed9f3035e71a,4L7G,igb8_di2_salt0_st0.0072,-15.822,3001
7f8c5f877cc7df732365ed9f3035e71a,4L7G,igb8_di4_salt0.15_st0,-15.9541,3001
7f8c5f877cc7df732365ed9f3035e71a,4L7G,igb8_di4_salt0.15_st0.0072,-18.7,3001
7f8c5f877cc7df732365ed9f3035e71a,4L7G,igb8_di4_salt0_st0,-15.9462,3001
7f8c5f877cc7df732365ed9f3035e71a,4L7G,igb8_di4_salt0_st0.0072,-18.692,3001
8016222bad11f4d65a8f6f4e49b5cd67,4QB3,igb1_di1_salt0.15_st0,-22.8875,3001
8016222bad11f4d65a8f6f4e49b5cd67,4QB3,igb1_di1_salt0.15_st0.0072,-27.7929,3001
8016222bad11f4d65a8f6f4e49b5cd67,4QB3,igb1_di1_salt0_st0,-22.9027,3001
8016222bad11f4d65a8f6f4e49b5cd67,4QB3,igb1_di1_salt0_st0.0072,-27.8082,3001
8016222bad11f4d65a8f6f4e49b5cd67,4QB3,igb1_di2_salt0.15_st0,-29.7663,3001
8016222bad11f4d65a8f6f4e49b5cd67,4QB3,igb1_di2_salt0.15_st0.0072,-34.6717,3001
8016222bad11f4d65a8f6f4e49b5cd67,4QB3,igb1_di2_salt0_st0,-29.7815,3001
8016222bad11f4d65a8f6f4e49b5cd67,4QB3,igb1_di2_salt0_st0.0072,-34.6869,3001
8016222bad11f4d65a8f6f4e49b5cd67,4QB3,igb1_di4_salt0.15_st0,-33.2056,3001
8016222bad11f4d65a8f6f4e49b5cd67,4QB3,igb1_di4_salt0.15_st0.0072,-38.1111,3001
8016222bad11f4d65a8f6f4e49b5cd67,4QB3,igb1_di4_salt0_st0,-33.2208,3001
8016222bad11f4d65a8f6f4e49b5cd67,4QB3,igb1_di4_salt0_st0.0072,-38.1265,3001
8016222bad11f4d65a8f6f4e49b5cd67,4QB3,igb2_di1_salt0.15_st0,-18.8694,3001
8016222bad11f4d65a8f6f4e49b5cd67,4QB3,igb2_di1_salt0.15_st0.0072,-23.7748,3001
8016222bad11f4d65a8f6f4e49b5cd67,4QB3,igb2_di1_salt0_st0,-18.8847,3001
8016222bad11f4d65a8f6f4e49b5cd67,4QB3,igb2_di1_salt0_st0.0072,-23.7902,3001
8016222bad11f4d65a8f6f4e49b5cd67,4QB3,igb2_di2_salt0.15_st0,-27.7832,3001
8016222bad11f4d65a8f6f4e49b5cd67,4QB3,igb2_di2_salt0.15_st0.0072,-32.6886,3001
8016222bad11f4d65a8f6f4e49b5cd67,4QB3,igb2_di2_salt0_st0,-27.7983,3001
8016222bad11f4d65a8f6f4e49b5cd67,4QB3,igb2_di2_salt0_st0.0072,-32.7039,3001
8016222bad11f4d65a8f6f4e49b5cd67,4QB3,igb2_di4_salt0.15_st0,-32.24,3001
8016222bad11f4d65a8f6f4e49b5cd67,4QB3,igb2_di4_salt0.15_st0.0072,-37.1454,3001
8016222bad11f4d65a8f6f4e49b5cd67,4QB3,igb2_di4_salt0_st0,-32.2553,3001
8016222bad11f4d65a8f6f4e49b5cd67,4QB3,igb2_di4_salt0_st0.0072,-37.1608,3001
8016222bad11f4d65a8f6f4e49b5cd67,4QB3,igb5_di1_salt0.15_st0,-19.7653,3001
8016222bad11f4d65a8f6f4e49b5cd67,4QB3,igb5_di1_salt0.15_st0.0072,-24.6708,3001
8016222bad11f4d65a8f6f4e49b5cd67,4QB3,igb5_di1_salt0_st0,-19.78,3001
8016222bad11f4d65a8f6f4e49b5cd67,4QB3,igb5_di1_salt0_st0.0072,-24.6855,3001
8016222bad11f4d65a8f6f4e49b5cd67,4QB3,igb5_di2_salt0.15_st0,-28.2257,3001
8016222bad11f4d65a8f6f4e49b5cd67,4QB3,igb5_di2_salt0.15_st0.0072,-33.1311,3001
8016222bad11f4d65a8f6f4e49b5cd67,4QB3,igb5_di2_salt0_st0,-28.2403,3001
8016222bad11f4d65a8f6f4e49b5cd67,4QB3,igb5_di2_salt0_st0.0072,-33.1458,3001
8016222bad11f4d65a8f6f4e49b5cd67,4QB3,igb5_di4_salt0.15_st0,-32.4559,3001
8016222bad11f4d65a8f6f4e49b5cd67,4QB3,igb5_di4_salt0.15_st0.0072,-37.3613,3001
8016222bad11f4d65a8f6f4e49b5cd67,4QB3,igb5_di4_salt0_st0,-32.4704,3001
8016222bad11f4d65a8f6f4e49b5cd67,4QB3,igb5_di4_salt0_st0.0072,-37.3759,3001
8016222bad11f4d65a8f6f4e49b5cd67,4QB3,igb8_di1_salt0.15_st0,-18.9382,3001
8016222bad11f4d65a8f6f4e49b5cd67,4QB3,igb8_di1_salt0.15_st0.0072,-23.8436,3001
8016222bad11f4d65a8f6f4e49b5cd67,4QB3,igb8_di1_salt0_st0,-18.9583,3001
8016222bad11f4d65a8f6f4e49b5cd67,4QB3,igb8_di1_salt0_st0.0072,-23.8639,3001
8016222bad11f4d65a8f6f4e49b5cd67,4QB3,igb8_di2_salt0.15_st0,-27.8146,3001
8016222bad11f4d65a8f6f4e49b5cd67,4QB3,igb8_di2_salt0.15_st0.0072,-32.7201,3001
8016222bad11f4d65a8f6f4e49b5cd67,4QB3,igb8_di2_salt0_st0,-27.8347,3001
8016222bad11f4d65a8f6f4e49b5cd67,4QB3,igb8_di2_salt0_st0.0072,-32.7402,3001
8016222bad11f4d65a8f6f4e49b5cd67,4QB3,igb8_di4_salt0.15_st0,-32.2529,3001
8016222bad11f4d65a8f6f4e49b5cd67,4QB3,igb8_di4_salt0.15_st0.0072,-37.1584,3001
8016222bad11f4d65a8f6f4e49b5cd67,4QB3,igb8_di4_salt0_st0,-32.2729,3001
8016222bad11f4d65a8f6f4e49b5cd67,4QB3,igb8_di4_salt0_st0.0072,-37.1785,3001
8072d1cd9b9a836cbeec520610c1f9bd,4QB3,igb1_di1_salt0.15_st0,-16.0089,3001
8072d1cd9b9a836cbeec520610c1f9bd,4QB3,igb1_di1_salt0.15_st0.0072,-19.6505,3001
8072d1cd9b9a836cbeec520610c1f9bd,4QB3,igb1_di1_salt0_st0,-16.0083,3001
8072d1cd9b9a836cbeec520610c1f9bd,4QB3,igb1_di1_salt0_st0.0072,-19.6497,3001
8072d1cd9b9a836cbeec520610c1f9bd,4QB3,igb1_di2_salt0.15_st0,-21.2305,3001
8072d1cd9b9a836cbeec520610c1f9bd,4QB3,igb1_di2_salt0.15_st0.0072,-24.872,3001
8072d1cd9b9a836cbeec520610c1f9bd,4QB3,igb1_di2_salt0_st0,-21.2298,3001
8072d1cd9b9a836cbeec520610c1f9bd,4QB3,igb1_di2_salt0_st0.0072,-24.8713,3001
8072d1cd9b9a836cbeec520610c1f9bd,4QB3,igb1_di4_salt0.15_st0,-23.8413,3001
8072d1cd9b9a836cbeec520610c1f9bd,4QB3,igb1_di4_salt0.15_st0.0072,-27.4829,3001
8072d1cd9b9a836cbeec520610c1f9bd,4QB3,igb1_di4_salt0_st0,-23.8406,3001
8072d1cd9b9a836cbeec520610c1f9bd,4QB3,igb1_di4_salt0_st0.0072,-27.4822,3001
8072d1cd9b9a836cbeec520610c1f9bd,4QB3,igb2_di1_salt0.15_st0,-13.4901,3001
8072d1cd9b9a836cbeec520610c1f9bd,4QB3,igb2_di1_salt0.15_st0.0072,-17.1317,3001
8072d1cd9b9a836cbeec520610c1f9bd,4QB3,igb2_di1_salt0_st0,-13.4887,3001
8072d1cd9b9a836cbeec520610c1f9bd,4QB3,igb2_di1_salt0_st0.0072,-17.1302,3001
8072d1cd9b9a836cbeec520610c1f9bd,4QB3,igb2_di2_salt0.15_st0,-19.9877,3001
8072d1cd9b9a836cbeec520610c1f9bd,4QB3,igb2_di2_salt0.15_st0.0072,-23.6293,3001
8072d1cd9b9a836cbeec520610c1f9bd,4QB3,igb2_di2_salt0_st0,-19.9864,3001
8072d1cd9b9a836cbeec520610c1f9bd,4QB3,igb2_di2_salt0_st0.0072,-23.6279,3001
8072d1cd9b9a836cbeec520610c1f9bd,4QB3,igb2_di4_salt0.15_st0,-23.2365,3001
8072d1cd9b9a836cbeec520610c1f9bd,4QB3,igb2_di4_salt0.15_st0.0072,-26.8781,3001
8072d1cd9b9a836cbeec520610c1f9bd,4QB3,igb2_di4_salt0_st0,-23.2351,3001
8072d1cd9b9a836cbeec520610c1f9bd,4QB3,igb2_di4_salt0_st0.0072,-26.8767,3001
8072d1cd9b9a836cbeec520610c1f9bd,4QB3,igb5_di1_salt0.15_st0,-13.8246,3001
8072d1cd9b9a836cbeec520610c1f9bd,4QB3,igb5_di1_salt0.15_st0.0072,-17.4663,3001
8072d1cd9b9a836cbeec520610c1f9bd,4QB3,igb5_di1_salt0_st0,-13.8224,3001
8072d1cd9b9a836cbeec520610c1f9bd,4QB3,igb5_di1_salt0_st0.0072,-17.4637,3001
8072d1cd9b9a836cbeec520610c1f9bd,4QB3,igb5_di2_salt0.15_st0,-20.1533,3001
8072d1cd9b9a836cbeec520610c1f9bd,4QB3,igb5_di2_salt0.15_st0.0072,-23.7949,3001
8072d1cd9b9a836cbeec520610c1f9bd,4QB3,igb5_di2_salt0_st0,-20.151,3001
8072d1cd9b9a836cbeec520610c1f9bd,4QB3,igb5_di2_salt0_st0.0072,-23.7925,3001
8072d1cd9b9a836cbeec520610c1f9bd,4QB3,igb5_di4_salt0.15_st0,-23.3177,3001
8072d1cd9b9a836cbeec520610c1f9bd,4QB3,igb5_di4_salt0.15_st0.0072,-26.9592,3001
8072d1cd9b9a836cbeec520610c1f9bd,4QB3,igb5_di4_salt0_st0,-23.3153,3001
8072d1cd9b9a836cbeec520610c1f9bd,4QB3,igb5_di4_salt0_st0.0072,-26.9568,3001
8072d1cd9b9a836cbeec520610c1f9bd,4QB3,igb8_di1_salt0.15_st0,-15.4367,3001
8072d1cd9b9a836cbeec520610c1f9bd,4QB3,igb8_di1_salt0.15_st0.0072,-19.0781,3001
8072d1cd9b9a836cbeec520610c1f9bd,4QB3,igb8_di1_salt0_st0,-15.4344,3001
8072d1cd9b9a836cbeec520610c1f9bd,4QB3,igb8_di1_salt0_st0.0072,-19.0762,3001
8072d1cd9b9a836cbeec520610c1f9bd,4QB3,igb8_di2_salt0.15_st0,-20.9487,3001
8072d1cd9b9a836cbeec520610c1f9bd,4QB3,igb8_di2_salt0.15_st0.0072,-24.5902,3001
8072d1cd9b9a836cbeec520610c1f9bd,4QB3,igb8_di2_salt0_st0,-20.9467,3001
8072d1cd9b9a836cbeec520610c1f9bd,4QB3,igb8_di2_salt0_st0.0072,-24.5882,3001
8072d1cd9b9a836cbeec520610c1f9bd,4QB3,igb8_di4_salt0.15_st0,-23.7048,3001
8072d1cd9b9a836cbeec520610c1f9bd,4QB3,igb8_di4_salt0.15_st0.0072,-27.3463,3001
8072d1cd9b9a836cbeec520610c1f9bd,4QB3,igb8_di4_salt0_st0,-23.7028,3001
8072d1cd9b9a836cbeec520610c1f9bd,4QB3,igb8_di4_salt0_st0.0072,-27.3444,3001
80b0fe984d15b87a9da0bed91ab28b29,4QB3,igb1_di1_salt0.15_st0,-33.6905,3001
80b0fe984d15b87a9da0bed91ab28b29,4QB3,igb1_di1_salt0.15_st0.0072,-39.6097,3001
80b0fe984d15b87a9da0bed91ab28b29,4QB3,igb1_di1_salt0_st0,-33.6938,3001
80b0fe984d15b87a9da0bed91ab28b29,4QB3,igb1_di1_salt0_st0.0072,-39.6128,3001
80b0fe984d15b87a9da0bed91ab28b29,4QB3,igb1_di2_salt0.15_st0,-37.6479,3001
80b0fe984d15b87a9da0bed91ab28b29,4QB3,igb1_di2_salt0.15_st0.0072,-43.5669,3001
80b0fe984d15b87a9da0bed91ab28b29,4QB3,igb1_di2_salt0_st0,-37.6511,3001
80b0fe984d15b87a9da0bed91ab28b29,4QB3,igb1_di2_salt0_st0.0072,-43.5703,3001
80b0fe984d15b87a9da0bed91ab28b29,4QB3,igb1_di4_salt0.15_st0,-39.6266,3001
80b0fe984d15b87a9da0bed91ab28b29,4QB3,igb1_di4_salt0.15_st0.0072,-45.5457,3001
80b0fe984d15b87a9da0bed91ab28b29,4QB3,igb1_di4_salt0_st0,-39.6299,3001
80b0fe984d15b87a9da0bed91ab28b29,4QB3,igb1_di4_salt0_st0.0072,-45.5489,3001
80b0fe984d15b87a9da0bed91ab28b29,4QB3,igb2_di1_salt0.15_st0,-28.7384,3001
80b0fe984d15b87a9da0bed91ab28b29,4QB3,igb2_di1_salt0.15_st0.0072,-34.6576,3001
80b0fe984d15b87a9da0bed91ab28b29,4QB3,igb2_di1_salt0_st0,-28.741,3001
80b0fe984d15b87a9da0bed91ab28b29,4QB3,igb2_di1_salt0_st0.0072,-34.6601,3001
80b0fe984d15b87a9da0bed91ab28b29,4QB3,igb2_di2_salt0.15_st0,-35.2043,3001
80b0fe984d15b87a9da0bed91ab28b29,4QB3,igb2_di2_salt0.15_st0.0072,-41.1233,3001
80b0fe984d15b87a9da0bed91ab28b29,4QB3,igb2_di2_salt0_st0,-35.2067,3001
80b0fe984d15b87a9da0bed91ab28b29,4QB3,igb2_di2_salt0_st0.0072,-41.1259,3001
80b0fe984d15b87a9da0bed91ab28b29,4QB3,igb2_di4_salt0.15_st0,-38.437,3001
80b0fe984d15b87a9da0bed91ab28b29,4QB3,igb2_di4_salt0.15_st0.0072,-44.3562,3001
80b0fe984d15b87a9da0bed91ab28b29,4QB3,igb2_di4_salt0_st0,-38.4397,3001
80b0fe984d15b87a9da0bed91ab28b29,4QB3,igb2_di4_salt0_st0.0072,-44.3586,3001
80b0fe984d15b87a9da0bed91ab28b29,4QB3,igb5_di1_salt0.15_st0,-31.2194,3001
80b0fe984d15b87a9da0bed91ab28b29,4QB3,igb5_di1_salt0.15_st0.0072,-37.1385,3001
80b0fe984d15b87a9da0bed91ab28b29,4QB3,igb5_di1_salt0_st0,-31.2204,3001
80b0fe984d15b87a9da0bed91ab28b29,4QB3,igb5_di1_salt0_st0.0072,-37.1395,3001
80b0fe984d15b87a9da0bed91ab28b29,4QB3,igb5_di2_salt0.15_st0,-36.4294,3001
80b0fe984d15b87a9da0bed91ab28b29,4QB3,igb5_di2_salt0.15_st0.0072,-42.3485,3001
80b0fe984d15b87a9da0bed91ab28b29,4QB3,igb5_di2_salt0_st0,-36.4305,3001
80b0fe984d15b87a9da0bed91ab28b29,4QB3,igb5_di2_salt0_st0.0072,-42.3496,3001
80b0fe984d15b87a9da0bed91ab28b29,4QB3,igb5_di4_salt0.15_st0,-39.0345,3001
80b0fe984d15b87a9da0bed91ab28b29,4QB3,igb5_di4_salt0.15_st0.0072,-44.9536,3001
80b0fe984d15b87a9da0bed91ab28b29,4QB3,igb5_di4_salt0_st0,-39.0355,3001
80b0fe984d15b87a9da0bed91ab28b29,4QB3,igb5_di4_salt0_st0.0072,-44.9546,3001
80b0fe984d15b87a9da0bed91ab28b29,4QB3,igb8_di1_salt0.15_st0,-25.1825,3001
80b0fe984d15b87a9da0bed91ab28b29,4QB3,igb8_di1_salt0.15_st0.0072,-31.1018,3001
80b0fe984d15b87a9da0bed91ab28b29,4QB3,igb8_di1_salt0_st0,-25.1862,3001
80b0fe984d15b87a9da0bed91ab28b29,4QB3,igb8_di1_salt0_st0.0072,-31.1054,3001
80b0fe984d15b87a9da0bed91ab28b29,4QB3,igb8_di2_salt0.15_st0,-33.4488,3001
80b0fe984d15b87a9da0bed91ab28b29,4QB3,igb8_di2_salt0.15_st0.0072,-39.3677,3001
80b0fe984d15b87a9da0bed91ab28b29,4QB3,igb8_di2_salt0_st0,-33.4524,3001
80b0fe984d15b87a9da0bed91ab28b29,4QB3,igb8_di2_salt0_st0.0072,-39.3713,3001
80b0fe984d15b87a9da0bed91ab28b29,4QB3,igb8_di4_salt0.15_st0,-37.5819,3001
80b0fe984d15b87a9da0bed91ab28b29,4QB3,igb8_di4_salt0.15_st0.0072,-43.5009,3001
80b0fe984d15b87a9da0bed91ab28b29,4QB3,igb8_di4_salt0_st0,-37.5853,3001
80b0fe984d15b87a9da0bed91ab28b29,4QB3,igb8_di4_salt0_st0.0072,-43.5044,3001
824df1fae448411a738d6987cd933d7b,4L7G,igb1_di1_salt0.15_st0,-15.101,3001
824df1fae448411a738d6987cd933d7b,4L7G,igb1_di1_salt0.15_st0.0072,-18.7435,3001
824df1fae448411a738d6987cd933d7b,4L7G,igb1_di1_salt0_st0,-15.1474,3001
824df1fae448411a738d6987cd933d7b,4L7G,igb1_di1_salt0_st0.0072,-18.7899,3001
824df1fae448411a738d6987cd933d7b,4L7G,igb1_di2_salt0.15_st0,-21.0139,3001
824df1fae448411a738d6987cd933d7b,4L7G,igb1_di2_salt0.15_st0.0072,-24.6564,3001
824df1fae448411a738d6987cd933d7b,4L7G,igb1_di2_salt0_st0,-21.0604,3001
824df1fae448411a738d6987cd933d7b,4L7G,igb1_di2_salt0_st0.0072,-24.703,3001
824df1fae448411a738d6987cd933d7b,4L7G,igb1_di4_salt0.15_st0,-23.9705,3001
824df1fae448411a738d6987cd933d7b,4L7G,igb1_di4_salt0.15_st0.0072,-27.613,3001
824df1fae448411a738d6987cd933d7b,4L7G,igb1_di4_salt0_st0,-24.017,3001
824df1fae448411a738d6987cd933d7b,4L7G,igb1_di4_salt0_st0.0072,-27.6594,3001
824df1fae448411a738d6987cd933d7b,4L7G,igb2_di1_salt0.15_st0,-10.0567,3001
824df1fae448411a738d6987cd933d7b,4L7G,igb2_di1_salt0.15_st0.0072,-13.6994,3001
824df1fae448411a738d6987cd933d7b,4L7G,igb2_di1_salt0_st0,-10.1039,3001
824df1fae448411a738d6987cd933d7b,4L7G,igb2_di1_salt0_st0.0072,-13.7463,3001
824df1fae448411a738d6987cd933d7b,4L7G,igb2_di2_salt0.15_st0,-18.524,3001
824df1fae448411a738d6987cd933d7b,4L7G,igb2_di2_salt0.15_st0.0072,-22.1667,3001
824df1fae448411a738d6987cd933d7b,4L7G,igb2_di2_salt0_st0,-18.5711,3001
824df1fae448411a738d6987cd933d7b,4L7G,igb2_di2_salt0_st0.0072,-22.2137,3001
824df1fae448411a738d6987cd933d7b,4L7G,igb2_di4_salt0.15_st0,-22.7578,3001
824df1fae448411a738d6987cd933d7b,4L7G,igb2_di4_salt0.15_st0.0072,-26.4004,3001
824df1fae448411a738d6987cd933d7b,4L7G,igb2_di4_salt0_st0,-22.8049,3001
824df1fae448411a738d6987cd933d7b,4L7G,igb2_di4_salt0_st0.0072,-26.4473,3001
824df1fae448411a738d6987cd933d7b,4L7G,igb5_di1_salt0.15_st0,-10.4232,3001
824df1fae448411a738d6987cd933d7b,4L7G,igb5_di1_salt0.15_st0.0072,-14.0658,3001
824df1fae448411a738d6987cd933d7b,4L7G,igb5_di1_salt0_st0,-10.4712,3001
824df1fae448411a738d6987cd933d7b,4L7G,igb5_di1_salt0_st0.0072,-14.1137,3001
824df1fae448411a738d6987cd933d7b,4L7G,igb5_di2_salt0.15_st0,-18.7045,3001
824df1fae448411a738d6987cd933d7b,4L7G,igb5_di2_salt0.15_st0.0072,-22.3469,3001
824df1fae448411a738d6987cd933d7b,4L7G,igb5_di2_salt0_st0,-18.7524,3001
824df1fae448411a738d6987cd933d7b,4L7G,igb5_di2_salt0_st0.0072,-22.395,3001
824df1fae448411a738d6987cd933d7b,4L7G,igb5_di4_salt0.15_st0,-22.8452,3001
824df1fae448411a738d6987cd933d7b,4L7G,igb5_di4_salt0.15_st0.0072,-26.4876,3001
824df1fae448411a738d6987cd933d7b,4L7G,igb5_di4_salt0_st0,-22.893,3001
824df1fae448411a738d6987cd933d7b,4L7G,igb5_di4_salt0_st0.0072,-26.5357,3001
824df1fae448411a738d6987cd933d7b,4L7G,igb8_di1_salt0.15_st0,-9.6662,3001
824df1fae448411a738d6987cd933d7b,4L7G,igb8_di1_salt0.15_st0.0072,-13.3089,3001
824df1fae448411a738d6987cd933d7b,4L7G,igb8_di1_salt0_st0,-9.7141,3001
824df1fae448411a738d6987cd933d7b,4L7G,igb8_di1_salt0_st0.0072,-13.3565,3001
824df1fae448411a738d6987cd933d7b,4L7G,igb8_di2_salt0.15_st0,-18.3313,3001
824df1fae448411a738d6987cd933d7b,4L7G,igb8_di2_salt0.15_st0.0072,-21.9737,3001
824df1fae448411a738d6987cd933d7b,4L7G,igb8_di2_salt0_st0,-18.3788,3001
824df1fae448411a738d6987cd933d7b,4L7G,igb8_di2_salt0_st0.0072,-22.0214,3001
824df1fae448411a738d6987cd933d7b,4L7G,igb8_di4_salt0.15_st0,-22.6635,3001
824df1fae448411a738d6987cd933d7b,4L7G,igb8_di4_salt0.15_st0.0072,-26.306,3001
824df1fae448411a738d6987cd933d7b,4L7G,igb8_di4_salt0_st0,-22.7111,3001
824df1fae448411a738d6987cd933d7b,4L7G,igb8_di4_salt0_st0.0072,-26.3537,3001
8334c32de8facb541aeda11ba000b299,8ELC,igb1_di1_salt0.15_st0,-23.3448,3001
8334c32de8facb541aeda11ba000b299,8ELC,igb1_di1_salt0.15_st0.0072,-27.6281,3001
8334c32de8facb541aeda11ba000b299,8ELC,igb1_di1_salt0_st0,-23.3478,3001
8334c32de8facb541aeda11ba000b299,8ELC,igb1_di1_salt0_st0.0072,-27.6309,3001
8334c32de8facb541aeda11ba000b299,8ELC,igb1_di2_salt0.15_st0,-28.0918,3001
8334c32de8facb541aeda11ba000b299,8ELC,igb1_di2_salt0.15_st0.0072,-32.3751,3001
8334c32de8facb541aeda11ba000b299,8ELC,igb1_di2_salt0_st0,-28.0948,3001
8334c32de8facb541aeda11ba000b299,8ELC,igb1_di2_salt0_st0.0072,-32.378,3001
8334c32de8facb541aeda11ba000b299,8ELC,igb1_di4_salt0.15_st0,-30.4653,3001
8334c32de8facb541aeda11ba000b299,8ELC,igb1_di4_salt0.15_st0.0072,-34.7486,3001
8334c32de8facb541aeda11ba000b299,8ELC,igb1_di4_salt0_st0,-30.4683,3001
8334c32de8facb541aeda11ba000b299,8ELC,igb1_di4_salt0_st0.0072,-34.7514,3001
8334c32de8facb541aeda11ba000b299,8ELC,igb2_di1_salt0.15_st0,-19.5637,3001
8334c32de8facb541aeda11ba000b299,8ELC,igb2_di1_salt0.15_st0.0072,-23.847,3001
8334c32de8facb541aeda11ba000b299,8ELC,igb2_di1_salt0_st0,-19.5669,3001
8334c32de8facb541aeda11ba000b299,8ELC,igb2_di1_salt0_st0.0072,-23.8502,3001
8334c32de8facb541aeda11ba000b299,8ELC,igb2_di2_salt0.15_st0,-26.2257,3001
8334c32de8facb541aeda11ba000b299,8ELC,igb2_di2_salt0.15_st0.0072,-30.5088,3001
8334c32de8facb541aeda11ba000b299,8ELC,igb2_di2_salt0_st0,-26.2287,3001
8334c32de8facb541aeda11ba000b299,8ELC,igb2_di2_salt0_st0.0072,-30.512,3001
8334c32de8facb541aeda11ba000b299,8ELC,igb2_di4_salt0.15_st0,-29.5564,3001
8334c32de8facb541aeda11ba000b299,8ELC,igb2_di4_salt0.15_st0.0072,-33.8397,3001
8334c32de8facb541aeda11ba000b299,8ELC,igb2_di4_salt0_st0,-29.5597,3001
8334c32de8facb541aeda11ba000b299,8ELC,igb2_di4_salt0_st0.0072,-33.8429,3001
8334c32de8facb541aeda11ba000b299,8ELC,igb5_di1_salt0.15_st0,-20.2917,3001
8334c32de8facb541aeda11ba000b299,8ELC,igb5_di1_salt0.15_st0.0072,-24.5749,3001
8334c32de8facb541aeda11ba000b299,8ELC,igb5_di1_salt0_st0,-20.2978,3001
8334c32de8facb541aeda11ba000b299,8ELC,igb5_di1_salt0_st0.0072,-24.5811,3001
8334c32de8facb541aeda11ba000b299,8ELC,igb5_di2_salt0.15_st0,-26.5834,3001
8334c32de8facb541aeda11ba000b299,8ELC,igb5_di2_salt0.15_st0.0072,-30.8666,3001
8334c32de8facb541aeda11ba000b299,8ELC,igb5_di2_salt0_st0,-26.5895,3001
8334c32de8facb541aeda11ba000b299,8ELC,igb5_di2_salt0_st0.0072,-30.8728,3001
8334c32de8facb541aeda11ba000b299,8ELC,igb5_di4_salt0.15_st0,-29.7291,3001
8334c32de8facb541aeda11ba000b299,8ELC,igb5_di4_salt0.15_st0.0072,-34.0124,3001
8334c32de8facb541aeda11ba000b299,8ELC,igb5_di4_salt0_st0,-29.7353,3001
8334c32de8facb541aeda11ba000b299,8ELC,igb5_di4_salt0_st0.0072,-34.0186,3001
8334c32de8facb541aeda11ba000b299,8ELC,igb8_di1_salt0.15_st0,-17.3703,3001
8334c32de8facb541aeda11ba000b299,8ELC,igb8_di1_salt0.15_st0.0072,-21.6535,3001
8334c32de8facb541aeda11ba000b299,8ELC,igb8_di1_salt0_st0,-17.3737,3001
8334c32de8facb541aeda11ba000b299,8ELC,igb8_di1_salt0_st0.0072,-21.657,3001
8334c32de8facb541aeda11ba000b299,8ELC,igb8_di2_salt0.15_st0,-25.1429,3001
8334c32de8facb541aeda11ba000b299,8ELC,igb8_di2_salt0.15_st0.0072,-29.4262,3001
8334c32de8facb541aeda11ba000b299,8ELC,igb8_di2_salt0_st0,-25.1463,3001
8334c32de8facb541aeda11ba000b299,8ELC,igb8_di2_salt0_st0.0072,-29.4295,3001
8334c32de8facb541aeda11ba000b299,8ELC,igb8_di4_salt0.15_st0,-29.0292,3001
8334c32de8facb541aeda11ba000b299,8ELC,igb8_di4_salt0.15_st0.0072,-33.3124,3001
8334c32de8facb541aeda11ba000b299,8ELC,igb8_di4_salt0_st0,-29.0326,3001
8334c32de8facb541aeda11ba000b299,8ELC,igb8_di4_salt0_st0.0072,-33.3158,3001
83426a9786b17364e36e1efe6db37be6,5HU9,igb1_di1_salt0.15_st0,-19.9258,3001
83426a9786b17364e36e1efe6db37be6,5HU9,igb1_di1_salt0.15_st0.0072,-22.9341,3001
83426a9786b17364e36e1efe6db37be6,5HU9,igb1_di1_salt0_st0,-19.9094,3001
83426a9786b17364e36e1efe6db37be6,5HU9,igb1_di1_salt0_st0.0072,-22.9177,3001
83426a9786b17364e36e1efe6db37be6,5HU9,igb1_di2_salt0.15_st0,-23.0691,3001
83426a9786b17364e36e1efe6db37be6,5HU9,igb1_di2_salt0.15_st0.0072,-26.0773,3001
83426a9786b17364e36e1efe6db37be6,5HU9,igb1_di2_salt0_st0,-23.0528,3001
83426a9786b17364e36e1efe6db37be6,5HU9,igb1_di2_salt0_st0.0072,-26.061,3001
83426a9786b17364e36e1efe6db37be6,5HU9,igb1_di4_salt0.15_st0,-24.6407,3001
83426a9786b17364e36e1efe6db37be6,5HU9,igb1_di4_salt0.15_st0.0072,-27.6491,3001
83426a9786b17364e36e1efe6db37be6,5HU9,igb1_di4_salt0_st0,-24.6243,3001
83426a9786b17364e36e1efe6db37be6,5HU9,igb1_di4_salt0_st0.0072,-27.6326,3001
83426a9786b17364e36e1efe6db37be6,5HU9,igb2_di1_salt0.15_st0,-16.8798,3001
83426a9786b17364e36e1efe6db37be6,5HU9,igb2_di1_salt0.15_st0.0072,-19.888,3001
83426a9786b17364e36e1efe6db37be6,5HU9,igb2_di1_salt0_st0,-16.8632,3001
83426a9786b17364e36e1efe6db37be6,5HU9,igb2_di1_salt0_st0.0072,-19.8714,3001
83426a9786b17364e36e1efe6db37be6,5HU9,igb2_di2_salt0.15_st0,-21.566,3001
83426a9786b17364e36e1efe6db37be6,5HU9,igb2_di2_salt0.15_st0.0072,-24.5742,3001
83426a9786b17364e36e1efe6db37be6,5HU9,igb2_di2_salt0_st0,-21.5492,3001
83426a9786b17364e36e1efe6db37be6,5HU9,igb2_di2_salt0_st0.0072,-24.5575,3001
83426a9786b17364e36e1efe6db37be6,5HU9,igb2_di4_salt0.15_st0,-23.9089,3001
83426a9786b17364e36e1efe6db37be6,5HU9,igb2_di4_salt0.15_st0.0072,-26.9173,3001
83426a9786b17364e36e1efe6db37be6,5HU9,igb2_di4_salt0_st0,-23.8922,3001
83426a9786b17364e36e1efe6db37be6,5HU9,igb2_di4_salt0_st0.0072,-26.9005,3001
83426a9786b17364e36e1efe6db37be6,5HU9,igb5_di1_salt0.15_st0,-17.607,3001
83426a9786b17364e36e1efe6db37be6,5HU9,igb5_di1_salt0.15_st0.0072,-20.6152,3001
83426a9786b17364e36e1efe6db37be6,5HU9,igb5_di1_salt0_st0,-17.5902,3001
83426a9786b17364e36e1efe6db37be6,5HU9,igb5_di1_salt0_st0.0072,-20.5987,3001
83426a9786b17364e36e1efe6db37be6,5HU9,igb5_di2_salt0.15_st0,-21.9248,3001
83426a9786b17364e36e1efe6db37be6,5HU9,igb5_di2_salt0.15_st0.0072,-24.9331,3001
83426a9786b17364e36e1efe6db37be6,5HU9,igb5_di2_salt0_st0,-21.9081,3001
83426a9786b17364e36e1efe6db37be6,5HU9,igb5_di2_salt0_st0.0072,-24.9164,3001
83426a9786b17364e36e1efe6db37be6,5HU9,igb5_di4_salt0.15_st0,-24.0837,3001
83426a9786b17364e36e1efe6db37be6,5HU9,igb5_di4_salt0.15_st0.0072,-27.092,3001
83426a9786b17364e36e1efe6db37be6,5HU9,igb5_di4_salt0_st0,-24.0671,3001
83426a9786b17364e36e1efe6db37be6,5HU9,igb5_di4_salt0_st0.0072,-27.0754,3001
83426a9786b17364e36e1efe6db37be6,5HU9,igb8_di1_salt0.15_st0,-13.613,3001
83426a9786b17364e36e1efe6db37be6,5HU9,igb8_di1_salt0.15_st0.0072,-16.6212,3001
83426a9786b17364e36e1efe6db37be6,5HU9,igb8_di1_salt0_st0,-13.6028,3001
83426a9786b17364e36e1efe6db37be6,5HU9,igb8_di1_salt0_st0.0072,-16.6111,3001
83426a9786b17364e36e1efe6db37be6,5HU9,igb8_di2_salt0.15_st0,-19.9502,3001
83426a9786b17364e36e1efe6db37be6,5HU9,igb8_di2_salt0.15_st0.0072,-22.9585,3001
83426a9786b17364e36e1efe6db37be6,5HU9,igb8_di2_salt0_st0,-19.9402,3001
83426a9786b17364e36e1efe6db37be6,5HU9,igb8_di2_salt0_st0.0072,-22.9484,3001
83426a9786b17364e36e1efe6db37be6,5HU9,igb8_di4_salt0.15_st0,-23.1189,3001
83426a9786b17364e36e1efe6db37be6,5HU9,igb8_di4_salt0.15_st0.0072,-26.1272,3001
83426a9786b17364e36e1efe6db37be6,5HU9,igb8_di4_salt0_st0,-23.1087,3001
83426a9786b17364e36e1efe6db37be6,5HU9,igb8_di4_salt0_st0.0072,-26.1171,3001
88de53427c78a4f8890a2b946385d70b,2XU3,igb1_di1_salt0.15_st0,-11.3376,3001
88de53427c78a4f8890a2b946385d70b,2XU3,igb1_di1_salt0.15_st0.0072,-13.8763,3001
88de53427c78a4f8890a2b946385d70b,2XU3,igb1_di1_salt0_st0,-11.3384,3001
88de53427c78a4f8890a2b946385d70b,2XU3,igb1_di1_salt0_st0.0072,-13.877,3001
88de53427c78a4f8890a2b946385d70b,2XU3,igb1_di2_salt0.15_st0,-15.4008,3001
88de53427c78a4f8890a2b946385d70b,2XU3,igb1_di2_salt0.15_st0.0072,-17.9394,3001
88de53427c78a4f8890a2b946385d70b,2XU3,igb1_di2_salt0_st0,-15.4014,3001
88de53427c78a4f8890a2b946385d70b,2XU3,igb1_di2_salt0_st0.0072,-17.9402,3001
88de53427c78a4f8890a2b946385d70b,2XU3,igb1_di4_salt0.15_st0,-17.4323,3001
88de53427c78a4f8890a2b946385d70b,2XU3,igb1_di4_salt0.15_st0.0072,-19.971,3001
88de53427c78a4f8890a2b946385d70b,2XU3,igb1_di4_salt0_st0,-17.433,3001
88de53427c78a4f8890a2b946385d70b,2XU3,igb1_di4_salt0_st0.0072,-19.9717,3001
88de53427c78a4f8890a2b946385d70b,2XU3,igb2_di1_salt0.15_st0,-9.5149,3001
88de53427c78a4f8890a2b946385d70b,2XU3,igb2_di1_salt0.15_st0.0072,-12.0535,3001
88de53427c78a4f8890a2b946385d70b,2XU3,igb2_di1_salt0_st0,-9.5153,3001
88de53427c78a4f8890a2b946385d70b,2XU3,igb2_di1_salt0_st0.0072,-12.054,3001
88de53427c78a4f8890a2b946385d70b,2XU3,igb2_di2_salt0.15_st0,-14.5012,3001
88de53427c78a4f8890a2b946385d70b,2XU3,igb2_di2_salt0.15_st0.0072,-17.0399,3001
88de53427c78a4f8890a2b946385d70b,2XU3,igb2_di2_salt0_st0,-14.5018,3001
88de53427c78a4f8890a2b946385d70b,2XU3,igb2_di2_salt0_st0.0072,-17.0404,3001
88de53427c78a4f8890a2b946385d70b,2XU3,igb2_di4_salt0.15_st0,-16.9944,3001
88de53427c78a4f8890a2b946385d70b,2XU3,igb2_di4_salt0.15_st0.0072,-19.5331,3001
88de53427c78a4f8890a2b946385d70b,2XU3,igb2_di4_salt0_st0,-16.9949,3001
88de53427c78a4f8890a2b946385d70b,2XU3,igb2_di4_salt0_st0.0072,-19.5335,3001
88de53427c78a4f8890a2b946385d70b,2XU3,igb5_di1_salt0.15_st0,-9.9733,3001
88de53427c78a4f8890a2b946385d70b,2XU3,igb5_di1_salt0.15_st0.0072,-12.512,3001
88de53427c78a4f8890a2b946385d70b,2XU3,igb5_di1_salt0_st0,-9.9737,3001
88de53427c78a4f8890a2b946385d70b,2XU3,igb5_di1_salt0_st0.0072,-12.5124,3001
88de53427c78a4f8890a2b946385d70b,2XU3,igb5_di2_salt0.15_st0,-14.7275,3001
88de53427c78a4f8890a2b946385d70b,2XU3,igb5_di2_salt0.15_st0.0072,-17.2661,3001
88de53427c78a4f8890a2b946385d70b,2XU3,igb5_di2_salt0_st0,-14.7279,3001
88de53427c78a4f8890a2b946385d70b,2XU3,igb5_di2_salt0_st0.0072,-17.2666,3001
88de53427c78a4f8890a2b946385d70b,2XU3,igb5_di4_salt0.15_st0,-17.1046,3001
88de53427c78a4f8890a2b946385d70b,2XU3,igb5_di4_salt0.15_st0.0072,-19.6432,3001
88de53427c78a4f8890a2b946385d70b,2XU3,igb5_di4_salt0_st0,-17.105,3001
88de53427c78a4f8890a2b946385d70b,2XU3,igb5_di4_salt0_st0.0072,-19.6438,3001
88de53427c78a4f8890a2b946385d70b,2XU3,igb8_di1_salt0.15_st0,-10.5311,3001
88de53427c78a4f8890a2b946385d70b,2XU3,igb8_di1_salt0.15_st0.0072,-13.07,3001
88de53427c78a4f8890a2b946385d70b,2XU3,igb8_di1_salt0_st0,-10.532,3001
88de53427c78a4f8890a2b946385d70b,2XU3,igb8_di1_salt0_st0.0072,-13.0706,3001
88de53427c78a4f8890a2b946385d70b,2XU3,igb8_di2_salt0.15_st0,-15.0026,3001
88de53427c78a4f8890a2b946385d70b,2XU3,igb8_di2_salt0.15_st0.0072,-17.5414,3001
88de53427c78a4f8890a2b946385d70b,2XU3,igb8_di2_salt0_st0,-15.0034,3001
88de53427c78a4f8890a2b946385d70b,2XU3,igb8_di2_salt0_st0.0072,-17.5421,3001
88de53427c78a4f8890a2b946385d70b,2XU3,igb8_di4_salt0.15_st0,-17.2384,3001
88de53427c78a4f8890a2b946385d70b,2XU3,igb8_di4_salt0.15_st0.0072,-19.7771,3001
88de53427c78a4f8890a2b946385d70b,2XU3,igb8_di4_salt0_st0,-17.2393,3001
88de53427c78a4f8890a2b946385d70b,2XU3,igb8_di4_salt0_st0.0072,-19.7778,3001
8a909432391c80b5414f2aed6279b942,4QB3,igb1_di1_salt0.15_st0,-29.6499,3001
8a909432391c80b5414f2aed6279b942,4QB3,igb1_di1_salt0.15_st0.0072,-34.8832,3001
8a909432391c80b5414f2aed6279b942,4QB3,igb1_di1_salt0_st0,-29.6449,3001
8a909432391c80b5414f2aed6279b942,4QB3,igb1_di1_salt0_st0.0072,-34.8785,3001
8a909432391c80b5414f2aed6279b942,4QB3,igb1_di2_salt0.15_st0,-34.2928,3001
8a909432391c80b5414f2aed6279b942,4QB3,igb1_di2_salt0.15_st0.0072,-39.5261,3001
8a909432391c80b5414f2aed6279b942,4QB3,igb1_di2_salt0_st0,-34.2879,3001
8a909432391c80b5414f2aed6279b942,4QB3,igb1_di2_salt0_st0.0072,-39.5213,3001
8a909432391c80b5414f2aed6279b942,4QB3,igb1_di4_salt0.15_st0,-36.6142,3001
8a909432391c80b5414f2aed6279b942,4QB3,igb1_di4_salt0.15_st0.0072,-41.8476,3001
8a909432391c80b5414f2aed6279b942,4QB3,igb1_di4_salt0_st0,-36.6093,3001
8a909432391c80b5414f2aed6279b942,4QB3,igb1_di4_salt0_st0.0072,-41.8428,3001
8a909432391c80b5414f2aed6279b942,4QB3,igb2_di1_salt0.15_st0,-25.7172,3001
8a909432391c80b5414f2aed6279b942,4QB3,igb2_di1_salt0.15_st0.0072,-30.9507,3001
8a909432391c80b5414f2aed6279b942,4QB3,igb2_di1_salt0_st0,-25.7119,3001
8a909432391c80b5414f2aed6279b942,4QB3,igb2_di1_salt0_st0.0072,-30.9451,3001
8a909432391c80b5414f2aed6279b942,4QB3,igb2_di2_salt0.15_st0,-32.352,3001
8a909432391c80b5414f2aed6279b942,4QB3,igb2_di2_salt0.15_st0.0072,-37.5855,3001
8a909432391c80b5414f2aed6279b942,4QB3,igb2_di2_salt0_st0,-32.3467,3001
8a909432391c80b5414f2aed6279b942,4QB3,igb2_di2_salt0_st0.0072,-37.5801,3001
8a909432391c80b5414f2aed6279b942,4QB3,igb2_di4_salt0.15_st0,-35.6696,3001
8a909432391c80b5414f2aed6279b942,4QB3,igb2_di4_salt0.15_st0.0072,-40.9031,3001
8a909432391c80b5414f2aed6279b942,4QB3,igb2_di4_salt0_st0,-35.6641,3001
8a909432391c80b5414f2aed6279b942,4QB3,igb2_di4_salt0_st0.0072,-40.8975,3001
8a909432391c80b5414f2aed6279b942,4QB3,igb5_di1_salt0.15_st0,-27.0559,3001
8a909432391c80b5414f2aed6279b942,4QB3,igb5_di1_salt0.15_st0.0072,-32.2891,3001
8a909432391c80b5414f2aed6279b942,4QB3,igb5_di1_salt0_st0,-27.0502,3001
8a909432391c80b5414f2aed6279b942,4QB3,igb5_di1_salt0_st0.0072,-32.2836,3001
8a909432391c80b5414f2aed6279b942,4QB3,igb5_di2_salt0.15_st0,-33.0128,3001
8a909432391c80b5414f2aed6279b942,4QB3,igb5_di2_salt0.15_st0.0072,-38.2463,3001
8a909432391c80b5414f2aed6279b942,4QB3,igb5_di2_salt0_st0,-33.0072,3001
8a909432391c80b5414f2aed6279b942,4QB3,igb5_di2_salt0_st0.0072,-38.2406,3001
8a909432391c80b5414f2aed6279b942,4QB3,igb5_di4_salt0.15_st0,-35.9914,3001
8a909432391c80b5414f2aed6279b942,4QB3,igb5_di4_salt0.15_st0.0072,-41.2247,3001
8a909432391c80b5414f2aed6279b942,4QB3,igb5_di4_salt0_st0,-35.9858,3001
8a909432391c80b5414f2aed6279b942,4QB3,igb5_di4_salt0_st0.0072,-41.2192,3001
8a909432391c80b5414f2aed6279b942,4QB3,igb8_di1_salt0.15_st0,-25.5987,3001
8a909432391c80b5414f2aed6279b942,4QB3,igb8_di1_salt0.15_st0.0072,-30.8322,3001
8a909432391c80b5414f2aed6279b942,4QB3,igb8_di1_salt0_st0,-25.5943,3001
8a909432391c80b5414f2aed6279b942,4QB3,igb8_di1_salt0_st0.0072,-30.8279,3001
8a909432391c80b5414f2aed6279b942,4QB3,igb8_di2_salt0.15_st0,-32.2931,3001
8a909432391c80b5414f2aed6279b942,4QB3,igb8_di2_salt0.15_st0.0072,-37.5266,3001
8a909432391c80b5414f2aed6279b942,4QB3,igb8_di2_salt0_st0,-32.2887,3001
8a909432391c80b5414f2aed6279b942,4QB3,igb8_di2_salt0_st0.0072,-37.5222,3001
8a909432391c80b5414f2aed6279b942,4QB3,igb8_di4_salt0.15_st0,-35.6403,3001
8a909432391c80b5414f2aed6279b942,4QB3,igb8_di4_salt0.15_st0.0072,-40.8736,3001
8a909432391c80b5414f2aed6279b942,4QB3,igb8_di4_salt0_st0,-35.6359,3001
8a909432391c80b5414f2aed6279b942,4QB3,igb8_di4_salt0_st0.0072,-40.8693,3001
8aec869639fd159e3c91d77b4fcc4e79,3I06,igb1_di1_salt0.15_st0,-8.2632,3001
8aec869639fd159e3c91d77b4fcc4e79,3I06,igb1_di1_salt0.15_st0.0072,-10.3923,3001
8aec869639fd159e3c91d77b4fcc4e79,3I06,igb1_di1_salt0_st0,-8.2555,3001
8aec869639fd159e3c91d77b4fcc4e79,3I06,igb1_di1_salt0_st0.0072,-10.3848,3001
8aec869639fd159e3c91d77b4fcc4e79,3I06,igb1_di2_salt0.15_st0,-11.8525,3001
8aec869639fd159e3c91d77b4fcc4e79,3I06,igb1_di2_salt0.15_st0.0072,-13.9818,3001
8aec869639fd159e3c91d77b4fcc4e79,3I06,igb1_di2_salt0_st0,-11.845,3001
8aec869639fd159e3c91d77b4fcc4e79,3I06,igb1_di2_salt0_st0.0072,-13.9743,3001
8aec869639fd159e3c91d77b4fcc4e79,3I06,igb1_di4_salt0.15_st0,-13.6472,3001
8aec869639fd159e3c91d77b4fcc4e79,3I06,igb1_di4_salt0.15_st0.0072,-15.7765,3001
8aec869639fd159e3c91d77b4fcc4e79,3I06,igb1_di4_salt0_st0,-13.6395,3001
8aec869639fd159e3c91d77b4fcc4e79,3I06,igb1_di4_salt0_st0.0072,-15.7689,3001
8aec869639fd159e3c91d77b4fcc4e79,3I06,igb2_di1_salt0.15_st0,-6.3801,3001
8aec869639fd159e3c91d77b4fcc4e79,3I06,igb2_di1_salt0.15_st0.0072,-8.5092,3001
8aec869639fd159e3c91d77b4fcc4e79,3I06,igb2_di1_salt0_st0,-6.3726,3001
8aec869639fd159e3c91d77b4fcc4e79,3I06,igb2_di1_salt0_st0.0072,-8.5018,3001
8aec869639fd159e3c91d77b4fcc4e79,3I06,igb2_di2_salt0.15_st0,-10.9232,3001
8aec869639fd159e3c91d77b4fcc4e79,3I06,igb2_di2_salt0.15_st0.0072,-13.0524,3001
8aec869639fd159e3c91d77b4fcc4e79,3I06,igb2_di2_salt0_st0,-10.9155,3001
8aec869639fd159e3c91d77b4fcc4e79,3I06,igb2_di2_salt0_st0.0072,-13.0448,3001
8aec869639fd159e3c91d77b4fcc4e79,3I06,igb2_di4_salt0.15_st0,-13.1948,3001
8aec869639fd159e3c91d77b4fcc4e79,3I06,igb2_di4_salt0.15_st0.0072,-15.3239,3001
8aec869639fd159e3c91d77b4fcc4e79,3I06,igb2_di4_salt0_st0,-13.1872,3001
8aec869639fd159e3c91d77b4fcc4e79,3I06,igb2_di4_salt0_st0.0072,-15.3164,3001
8aec869639fd159e3c91d77b4fcc4e79,3I06,igb5_di1_salt0.15_st0,-6.8568,3001
8aec869639fd159e3c91d77b4fcc4e79,3I06,igb5_di1_salt0.15_st0.0072,-8.9861,3001
8aec869639fd159e3c91d77b4fcc4e79,3I06,igb5_di1_salt0_st0,-6.849,3001
8aec869639fd159e3c91d77b4fcc4e79,3I06,igb5_di1_salt0_st0.0072,-8.9783,3001
8aec869639fd159e3c91d77b4fcc4e79,3I06,igb5_di2_salt0.15_st0,-11.1585,3001
8aec869639fd159e3c91d77b4fcc4e79,3I06,igb5_di2_salt0.15_st0.0072,-13.2877,3001
8aec869639fd159e3c91d77b4fcc4e79,3I06,igb5_di2_salt0_st0,-11.1507,3001
8aec869639fd159e3c91d77b4fcc4e79,3I06,igb5_di2_salt0_st0.0072,-13.28,3001
8aec869639fd159e3c91d77b4fcc4e79,3I06,igb5_di4_salt0.15_st0,-13.3094,3001
8aec869639fd159e3c91d77b4fcc4e79,3I06,igb5_di4_salt0.15_st0.0072,-15.4386,3001
8aec869639fd159e3c91d77b4fcc4e79,3I06,igb5_di4_salt0_st0,-13.3015,3001
8aec869639fd159e3c91d77b4fcc4e79,3I06,igb5_di4_salt0_st0.0072,-15.4308,3001
8aec869639fd159e3c91d77b4fcc4e79,3I06,igb8_di1_salt0.15_st0,-7.1056,3001
8aec869639fd159e3c91d77b4fcc4e79,3I06,igb8_di1_salt0.15_st0.0072,-9.2349,3001
8aec869639fd159e3c91d77b4fcc4e79,3I06,igb8_di1_salt0_st0,-7.1091,3001
8aec869639fd159e3c91d77b4fcc4e79,3I06,igb8_di1_salt0_st0.0072,-9.2382,3001
8aec869639fd159e3c91d77b4fcc4e79,3I06,igb8_di2_salt0.15_st0,-11.2756,3001
8aec869639fd159e3c91d77b4fcc4e79,3I06,igb8_di2_salt0.15_st0.0072,-13.4048,3001
8aec869639fd159e3c91d77b4fcc4e79,3I06,igb8_di2_salt0_st0,-11.2791,3001
8aec869639fd159e3c91d77b4fcc4e79,3I06,igb8_di2_salt0_st0.0072,-13.4083,3001
8aec869639fd159e3c91d77b4fcc4e79,3I06,igb8_di4_salt0.15_st0,-13.3607,3001
8aec869639fd159e3c91d77b4fcc4e79,3I06,igb8_di4_salt0.15_st0.0072,-15.4899,3001
8aec869639fd159e3c91d77b4fcc4e79,3I06,igb8_di4_salt0_st0,-13.3642,3001
8aec869639fd159e3c91d77b4fcc4e79,3I06,igb8_di4_salt0_st0.0072,-15.4933,3001
8b7977f1eab9ea4074744154d19bfa8d,5HU9,igb1_di1_salt0.15_st0,-15.6422,3001
8b7977f1eab9ea4074744154d19bfa8d,5HU9,igb1_di1_salt0.15_st0.0072,-19.122,3001
8b7977f1eab9ea4074744154d19bfa8d,5HU9,igb1_di1_salt0_st0,-15.6453,3001
8b7977f1eab9ea4074744154d19bfa8d,5HU9,igb1_di1_salt0_st0.0072,-19.1251,3001
8b7977f1eab9ea4074744154d19bfa8d,5HU9,igb1_di2_salt0.15_st0,-20.8295,3001
8b7977f1eab9ea4074744154d19bfa8d,5HU9,igb1_di2_salt0.15_st0.0072,-24.3093,3001
8b7977f1eab9ea4074744154d19bfa8d,5HU9,igb1_di2_salt0_st0,-20.8326,3001
8b7977f1eab9ea4074744154d19bfa8d,5HU9,igb1_di2_salt0_st0.0072,-24.3124,3001
8b7977f1eab9ea4074744154d19bfa8d,5HU9,igb1_di4_salt0.15_st0,-23.4232,3001
8b7977f1eab9ea4074744154d19bfa8d,5HU9,igb1_di4_salt0.15_st0.0072,-26.9028,3001
8b7977f1eab9ea4074744154d19bfa8d,5HU9,igb1_di4_salt0_st0,-23.4263,3001
8b7977f1eab9ea4074744154d19bfa8d,5HU9,igb1_di4_salt0_st0.0072,-26.9061,3001
8b7977f1eab9ea4074744154d19bfa8d,5HU9,igb2_di1_salt0.15_st0,-13.1584,3001
8b7977f1eab9ea4074744154d19bfa8d,5HU9,igb2_di1_salt0.15_st0.0072,-16.6382,3001
8b7977f1eab9ea4074744154d19bfa8d,5HU9,igb2_di1_salt0_st0,-13.1614,3001
8b7977f1eab9ea4074744154d19bfa8d,5HU9,igb2_di1_salt0_st0.0072,-16.6413,3001
8b7977f1eab9ea4074744154d19bfa8d,5HU9,igb2_di2_salt0.15_st0,-19.6037,3001
8b7977f1eab9ea4074744154d19bfa8d,5HU9,igb2_di2_salt0.15_st0.0072,-23.0834,3001
8b7977f1eab9ea4074744154d19bfa8d,5HU9,igb2_di2_salt0_st0,-19.6067,3001
8b7977f1eab9ea4074744154d19bfa8d,5HU9,igb2_di2_salt0_st0.0072,-23.0866,3001
8b7977f1eab9ea4074744154d19bfa8d,5HU9,igb2_di4_salt0.15_st0,-22.8263,3001
8b7977f1eab9ea4074744154d19bfa8d,5HU9,igb2_di4_salt0.15_st0.0072,-26.306,3001
8b7977f1eab9ea4074744154d19bfa8d,5HU9,igb2_di4_salt0_st0,-22.8294,3001
8b7977f1eab9ea4074744154d19bfa8d,5HU9,igb2_di4_salt0_st0.0072,-26.3092,3001
8b7977f1eab9ea4074744154d19bfa8d,5HU9,igb5_di1_salt0.15_st0,-13.2237,3001
8b7977f1eab9ea4074744154d19bfa8d,5HU9,igb5_di1_salt0.15_st0.0072,-16.7034,3001
8b7977f1eab9ea4074744154d19bfa8d,5HU9,igb5_di1_salt0_st0,-13.2272,3001
8b7977f1eab9ea4074744154d19bfa8d,5HU9,igb5_di1_salt0_st0.0072,-16.7071,3001
8b7977f1eab9ea4074744154d19bfa8d,5HU9,igb5_di2_salt0.15_st0,-19.6356,3001
8b7977f1eab9ea4074744154d19bfa8d,5HU9,igb5_di2_salt0.15_st0.0072,-23.1153,3001
8b7977f1eab9ea4074744154d19bfa8d,5HU9,igb5_di2_salt0_st0,-19.6392,3001
8b7977f1eab9ea4074744154d19bfa8d,5HU9,igb5_di2_salt0_st0.0072,-23.1189,3001
8b7977f1eab9ea4074744154d19bfa8d,5HU9,igb5_di4_salt0.15_st0,-22.8415,3001
8b7977f1eab9ea4074744154d19bfa8d,5HU9,igb5_di4_salt0.15_st0.0072,-26.3212,3001
8b7977f1eab9ea4074744154d19bfa8d,5HU9,igb5_di4_salt0_st0,-22.8451,3001
8b7977f1eab9ea4074744154d19bfa8d,5HU9,igb5_di4_salt0_st0.0072,-26.325,3001
8b7977f1eab9ea4074744154d19bfa8d,5HU9,igb8_di1_salt0.15_st0,-11.2386,3001
8b7977f1eab9ea4074744154d19bfa8d,5HU9,igb8_di1_salt0.15_st0.0072,-14.7185,3001
8b7977f1eab9ea4074744154d19bfa8d,5HU9,igb8_di1_salt0_st0,-11.2479,3001
8b7977f1eab9ea4074744154d19bfa8d,5HU9,igb8_di1_salt0_st0.0072,-14.7277,3001
8b7977f1eab9ea4074744154d19bfa8d,5HU9,igb8_di2_salt0.15_st0,-18.653,3001
8b7977f1eab9ea4074744154d19bfa8d,5HU9,igb8_di2_salt0.15_st0.0072,-22.1328,3001
8b7977f1eab9ea4074744154d19bfa8d,5HU9,igb8_di2_salt0_st0,-18.6623,3001
8b7977f1eab9ea4074744154d19bfa8d,5HU9,igb8_di2_salt0_st0.0072,-22.1421,3001
8b7977f1eab9ea4074744154d19bfa8d,5HU9,igb8_di4_salt0.15_st0,-22.3602,3001
8b7977f1eab9ea4074744154d19bfa8d,5HU9,igb8_di4_salt0.15_st0.0072,-25.84,3001
8b7977f1eab9ea4074744154d19bfa8d,5HU9,igb8_di4_salt0_st0,-22.3695,3001
8b7977f1eab9ea4074744154d19bfa8d,5HU9,igb8_di4_salt0_st0.0072,-25.8493,3001
8dcaa68c20948305aa767048b2da4ec2,8ELC,igb1_di1_salt0.15_st0,-24.375,3001
8dcaa68c20948305aa767048b2da4ec2,8ELC,igb1_di1_salt0.15_st0.0072,-28.5795,3001
8dcaa68c20948305aa767048b2da4ec2,8ELC,igb1_di1_salt0_st0,-24.3832,3001
8dcaa68c20948305aa767048b2da4ec2,8ELC,igb1_di1_salt0_st0.0072,-28.5879,3001
8dcaa68c20948305aa767048b2da4ec2,8ELC,igb1_di2_salt0.15_st0,-29.4242,3001
8dcaa68c20948305aa767048b2da4ec2,8ELC,igb1_di2_salt0.15_st0.0072,-33.629,3001
8dcaa68c20948305aa767048b2da4ec2,8ELC,igb1_di2_salt0_st0,-29.4326,3001
8dcaa68c20948305aa767048b2da4ec2,8ELC,igb1_di2_salt0_st0.0072,-33.6373,3001
8dcaa68c20948305aa767048b2da4ec2,8ELC,igb1_di4_salt0.15_st0,-31.9489,3001
8dcaa68c20948305aa767048b2da4ec2,8ELC,igb1_di4_salt0.15_st0.0072,-36.1537,3001
8dcaa68c20948305aa767048b2da4ec2,8ELC,igb1_di4_salt0_st0,-31.9573,3001
8dcaa68c20948305aa767048b2da4ec2,8ELC,igb1_di4_salt0_st0.0072,-36.1621,3001
8dcaa68c20948305aa767048b2da4ec2,8ELC,igb2_di1_salt0.15_st0,-20.3099,3001
8dcaa68c20948305aa767048b2da4ec2,8ELC,igb2_di1_salt0.15_st0.0072,-24.5144,3001
8dcaa68c20948305aa767048b2da4ec2,8ELC,igb2_di1_salt0_st0,-20.3187,3001
8dcaa68c20948305aa767048b2da4ec2,8ELC,igb2_di1_salt0_st0.0072,-24.5235,3001
8dcaa68c20948305aa767048b2da4ec2,8ELC,igb2_di2_salt0.15_st0,-27.4177,3001
8dcaa68c20948305aa767048b2da4ec2,8ELC,igb2_di2_salt0.15_st0.0072,-31.6223,3001
8dcaa68c20948305aa767048b2da4ec2,8ELC,igb2_di2_salt0_st0,-27.4266,3001
8dcaa68c20948305aa767048b2da4ec2,8ELC,igb2_di2_salt0_st0.0072,-31.6313,3001
8dcaa68c20948305aa767048b2da4ec2,8ELC,igb2_di4_salt0.15_st0,-30.9716,3001
8dcaa68c20948305aa767048b2da4ec2,8ELC,igb2_di4_salt0.15_st0.0072,-35.1763,3001
8dcaa68c20948305aa767048b2da4ec2,8ELC,igb2_di4_salt0_st0,-30.9805,3001
8dcaa68c20948305aa767048b2da4ec2,8ELC,igb2_di4_salt0_st0.0072,-35.1852,3001
8dcaa68c20948305aa767048b2da4ec2,8ELC,igb5_di1_salt0.15_st0,-20.7021,3001
8dcaa68c20948305aa767048b2da4ec2,8ELC,igb5_di1_salt0.15_st0.0072,-24.9068,3001
8dcaa68c20948305aa767048b2da4ec2,8ELC,igb5_di1_salt0_st0,-20.7147,3001
8dcaa68c20948305aa767048b2da4ec2,8ELC,igb5_di1_salt0_st0.0072,-24.9194,3001
8dcaa68c20948305aa767048b2da4ec2,8ELC,igb5_di2_salt0.15_st0,-27.6095,3001
8dcaa68c20948305aa767048b2da4ec2,8ELC,igb5_di2_salt0.15_st0.0072,-31.8142,3001
8dcaa68c20948305aa767048b2da4ec2,8ELC,igb5_di2_salt0_st0,-27.622,3001
8dcaa68c20948305aa767048b2da4ec2,8ELC,igb5_di2_salt0_st0.0072,-31.8267,3001
8dcaa68c20948305aa767048b2da4ec2,8ELC,igb5_di4_salt0.15_st0,-31.0632,3001
8dcaa68c20948305aa767048b2da4ec2,8ELC,igb5_di4_salt0.15_st0.0072,-35.2678,3001
8dcaa68c20948305aa767048b2da4ec2,8ELC,igb5_di4_salt0_st0,-31.0756,3001
8dcaa68c20948305aa767048b2da4ec2,8ELC,igb5_di4_salt0_st0.0072,-35.2804,3001
8dcaa68c20948305aa767048b2da4ec2,8ELC,igb8_di1_salt0.15_st0,-17.1604,3001
8dcaa68c20948305aa767048b2da4ec2,8ELC,igb8_di1_salt0.15_st0.0072,-21.3651,3001
8dcaa68c20948305aa767048b2da4ec2,8ELC,igb8_di1_salt0_st0,-17.1704,3001
8dcaa68c20948305aa767048b2da4ec2,8ELC,igb8_di1_salt0_st0.0072,-21.3751,3001
8dcaa68c20948305aa767048b2da4ec2,8ELC,igb8_di2_salt0.15_st0,-25.8627,3001
8dcaa68c20948305aa767048b2da4ec2,8ELC,igb8_di2_salt0.15_st0.0072,-30.0673,3001
8dcaa68c20948305aa767048b2da4ec2,8ELC,igb8_di2_salt0_st0,-25.8728,3001
8dcaa68c20948305aa767048b2da4ec2,8ELC,igb8_di2_salt0_st0.0072,-30.0775,3001
8dcaa68c20948305aa767048b2da4ec2,8ELC,igb8_di4_salt0.15_st0,-30.2138,3001
8dcaa68c20948305aa767048b2da4ec2,8ELC,igb8_di4_salt0.15_st0.0072,-34.4186,3001
8dcaa68c20948305aa767048b2da4ec2,8ELC,igb8_di4_salt0_st0,-30.2239,3001
8dcaa68c20948305aa767048b2da4ec2,8ELC,igb8_di4_salt0_st0.0072,-34.4286,3001
8f625b232d5b3f24ef0fccc5663f85b7,5HU9,igb1_di1_salt0.15_st0,-11.8218,3001
8f625b232d5b3f24ef0fccc5663f85b7,5HU9,igb1_di1_salt0.15_st0.0072,-14.2133,3001
8f625b232d5b3f24ef0fccc5663f85b7,5HU9,igb1_di1_salt0_st0,-11.8166,3001
8f625b232d5b3f24ef0fccc5663f85b7,5HU9,igb1_di1_salt0_st0.0072,-14.2079,3001
8f625b232d5b3f24ef0fccc5663f85b7,5HU9,igb1_di2_salt0.15_st0,-15.3751,3001
8f625b232d5b3f24ef0fccc5663f85b7,5HU9,igb1_di2_salt0.15_st0.0072,-17.7665,3001
8f625b232d5b3f24ef0fccc5663f85b7,5HU9,igb1_di2_salt0_st0,-15.3697,3001
8f625b232d5b3f24ef0fccc5663f85b7,5HU9,igb1_di2_salt0_st0.0072,-17.7612,3001
8f625b232d5b3f24ef0fccc5663f85b7,5HU9,igb1_di4_salt0.15_st0,-17.1517,3001
8f625b232d5b3f24ef0fccc5663f85b7,5HU9,igb1_di4_salt0.15_st0.0072,-19.543,3001
8f625b232d5b3f24ef0fccc5663f85b7,5HU9,igb1_di4_salt0_st0,-17.1464,3001
8f625b232d5b3f24ef0fccc5663f85b7,5HU9,igb1_di4_salt0_st0.0072,-19.5377,3001
8f625b232d5b3f24ef0fccc5663f85b7,5HU9,igb2_di1_salt0.15_st0,-9.2202,3001
8f625b232d5b3f24ef0fccc5663f85b7,5HU9,igb2_di1_salt0.15_st0.0072,-11.6116,3001
8f625b232d5b3f24ef0fccc5663f85b7,5HU9,igb2_di1_salt0_st0,-9.215,3001
8f625b232d5b3f24ef0fccc5663f85b7,5HU9,igb2_di1_salt0_st0.0072,-11.6065,3001
8f625b232d5b3f24ef0fccc5663f85b7,5HU9,igb2_di2_salt0.15_st0,-14.0908,3001
8f625b232d5b3f24ef0fccc5663f85b7,5HU9,igb2_di2_salt0.15_st0.0072,-16.4823,3001
8f625b232d5b3f24ef0fccc5663f85b7,5HU9,igb2_di2_salt0_st0,-14.0858,3001
8f625b232d5b3f24ef0fccc5663f85b7,5HU9,igb2_di2_salt0_st0.0072,-16.4773,3001
8f625b232d5b3f24ef0fccc5663f85b7,5HU9,igb2_di4_salt0.15_st0,-16.5261,3001
8f625b232d5b3f24ef0fccc5663f85b7,5HU9,igb2_di4_salt0.15_st0.0072,-18.9177,3001
8f625b232d5b3f24ef0fccc5663f85b7,5HU9,igb2_di4_salt0_st0,-16.5211,3001
8f625b232d5b3f24ef0fccc5663f85b7,5HU9,igb2_di4_salt0_st0.0072,-18.9126,3001
8f625b232d5b3f24ef0fccc5663f85b7,5HU9,igb5_di1_salt0.15_st0,-9.7388,3001
8f625b232d5b3f24ef0fccc5663f85b7,5HU9,igb5_di1_salt0.15_st0.0072,-12.1303,3001
8f625b232d5b3f24ef0fccc5663f85b7,5HU9,igb5_di1_salt0_st0,-9.7336,3001
8f625b232d5b3f24ef0fccc5663f85b7,5HU9,igb5_di1_salt0_st0.0072,-12.1251,3001
8f625b232d5b3f24ef0fccc5663f85b7,5HU9,igb5_di2_salt0.15_st0,-14.3469,3001
8f625b232d5b3f24ef0fccc5663f85b7,5HU9,igb5_di2_salt0.15_st0.0072,-16.7384,3001
8f625b232d5b3f24ef0fccc5663f85b7,5HU9,igb5_di2_salt0_st0,-14.3418,3001
8f625b232d5b3f24ef0fccc5663f85b7,5HU9,igb5_di2_salt0_st0.0072,-16.7332,3001
8f625b232d5b3f24ef0fccc5663f85b7,5HU9,igb5_di4_salt0.15_st0,-16.6509,3001
8f625b232d5b3f24ef0fccc5663f85b7,5HU9,igb5_di4_salt0.15_st0.0072,-19.0424,3001
8f625b232d5b3f24ef0fccc5663f85b7,5HU9,igb5_di4_salt0_st0,-16.6457,3001
8f625b232d5b3f24ef0fccc5663f85b7,5HU9,igb5_di4_salt0_st0.0072,-19.0372,3001
8f625b232d5b3f24ef0fccc5663f85b7,5HU9,igb8_di1_salt0.15_st0,-8.2742,3001
8f625b232d5b3f24ef0fccc5663f85b7,5HU9,igb8_di1_salt0.15_st0.0072,-10.6657,3001
8f625b232d5b3f24ef0fccc5663f85b7,5HU9,igb8_di1_salt0_st0,-8.2694,3001
8f625b232d5b3f24ef0fccc5663f85b7,5HU9,igb8_di1_salt0_st0.0072,-10.6609,3001
8f625b232d5b3f24ef0fccc5663f85b7,5HU9,igb8_di2_salt0.15_st0,-13.6239,3001
8f625b232d5b3f24ef0fccc5663f85b7,5HU9,igb8_di2_salt0.15_st0.0072,-16.0153,3001
8f625b232d5b3f24ef0fccc5663f85b7,5HU9,igb8_di2_salt0_st0,-13.6191,3001
8f625b232d5b3f24ef0fccc5663f85b7,5HU9,igb8_di2_salt0_st0.0072,-16.0105,3001
8f625b232d5b3f24ef0fccc5663f85b7,5HU9,igb8_di4_salt0.15_st0,-16.2987,3001
8f625b232d5b3f24ef0fccc5663f85b7,5HU9,igb8_di4_salt0.15_st0.0072,-18.6901,3001
8f625b232d5b3f24ef0fccc5663f85b7,5HU9,igb8_di4_salt0_st0,-16.2938,3001
8f625b232d5b3f24ef0fccc5663f85b7,5HU9,igb8_di4_salt0_st0.0072,-18.6854,3001
909628c1d41006cf8bdc95b988228e4f,9D9I,igb1_di1_salt0.15_st0,-21.255,3001
909628c1d41006cf8bdc95b988228e4f,9D9I,igb1_di1_salt0.15_st0.0072,-25.1677,3001
909628c1d41006cf8bdc95b988228e4f,9D9I,igb1_di1_salt0_st0,-21.2535,3001
909628c1d41006cf8bdc95b988228e4f,9D9I,igb1_di1_salt0_st0.0072,-25.1662,3001
909628c1d41006cf8bdc95b988228e4f,9D9I,igb1_di2_salt0.15_st0,-25.2676,3001
909628c1d41006cf8bdc95b988228e4f,9D9I,igb1_di2_salt0.15_st0.0072,-29.1803,3001
909628c1d41006cf8bdc95b988228e4f,9D9I,igb1_di2_salt0_st0,-25.266,3001
909628c1d41006cf8bdc95b988228e4f,9D9I,igb1_di2_salt0_st0.0072,-29.1789,3001
909628c1d41006cf8bdc95b988228e4f,9D9I,igb1_di4_salt0.15_st0,-27.2738,3001
909628c1d41006cf8bdc95b988228e4f,9D9I,igb1_di4_salt0.15_st0.0072,-31.1866,3001
909628c1d41006cf8bdc95b988228e4f,9D9I,igb1_di4_salt0_st0,-27.2724,3001
909628c1d41006cf8bdc95b988228e4f,9D9I,igb1_di4_salt0_st0.0072,-31.1852,3001
909628c1d41006cf8bdc95b988228e4f,9D9I,igb2_di1_salt0.15_st0,-18.0164,3001
909628c1d41006cf8bdc95b988228e4f,9D9I,igb2_di1_salt0.15_st0.0072,-21.9292,3001
909628c1d41006cf8bdc95b988228e4f,9D9I,igb2_di1_salt0_st0,-18.0152,3001
909628c1d41006cf8bdc95b988228e4f,9D9I,igb2_di1_salt0_st0.0072,-21.9279,3001
909628c1d41006cf8bdc95b988228e4f,9D9I,igb2_di2_salt0.15_st0,-23.669,3001
909628c1d41006cf8bdc95b988228e4f,9D9I,igb2_di2_salt0.15_st0.0072,-27.5818,3001
909628c1d41006cf8bdc95b988228e4f,9D9I,igb2_di2_salt0_st0,-23.6679,3001
909628c1d41006cf8bdc95b988228e4f,9D9I,igb2_di2_salt0_st0.0072,-27.5806,3001
909628c1d41006cf8bdc95b988228e4f,9D9I,igb2_di4_salt0.15_st0,-26.4954,3001
909628c1d41006cf8bdc95b988228e4f,9D9I,igb2_di4_salt0.15_st0.0072,-30.4082,3001
909628c1d41006cf8bdc95b988228e4f,9D9I,igb2_di4_salt0_st0,-26.4941,3001
909628c1d41006cf8bdc95b988228e4f,9D9I,igb2_di4_salt0_st0.0072,-30.407,3001
909628c1d41006cf8bdc95b988228e4f,9D9I,igb5_di1_salt0.15_st0,-18.6515,3001
909628c1d41006cf8bdc95b988228e4f,9D9I,igb5_di1_salt0.15_st0.0072,-22.5642,3001
909628c1d41006cf8bdc95b988228e4f,9D9I,igb5_di1_salt0_st0,-18.6522,3001
909628c1d41006cf8bdc95b988228e4f,9D9I,igb5_di1_salt0_st0.0072,-22.565,3001
909628c1d41006cf8bdc95b988228e4f,9D9I,igb5_di2_salt0.15_st0,-23.9816,3001
909628c1d41006cf8bdc95b988228e4f,9D9I,igb5_di2_salt0.15_st0.0072,-27.8943,3001
909628c1d41006cf8bdc95b988228e4f,9D9I,igb5_di2_salt0_st0,-23.9822,3001
909628c1d41006cf8bdc95b988228e4f,9D9I,igb5_di2_salt0_st0.0072,-27.8949,3001
909628c1d41006cf8bdc95b988228e4f,9D9I,igb5_di4_salt0.15_st0,-26.6465,3001
909628c1d41006cf8bdc95b988228e4f,9D9I,igb5_di4_salt0.15_st0.0072,-30.5593,3001
909628c1d41006cf8bdc95b988228e4f,9D9I,igb5_di4_salt0_st0,-26.6473,3001
909628c1d41006cf8bdc95b988228e4f,9D9I,igb5_di4_salt0_st0.0072,-30.5601,3001
909628c1d41006cf8bdc95b988228e4f,9D9I,igb8_di1_salt0.15_st0,-14.2697,3001
909628c1d41006cf8bdc95b988228e4f,9D9I,igb8_di1_salt0.15_st0.0072,-18.1824,3001
909628c1d41006cf8bdc95b988228e4f,9D9I,igb8_di1_salt0_st0,-14.272,3001
909628c1d41006cf8bdc95b988228e4f,9D9I,igb8_di1_salt0_st0.0072,-18.1849,3001
909628c1d41006cf8bdc95b988228e4f,9D9I,igb8_di2_salt0.15_st0,-21.8181,3001
909628c1d41006cf8bdc95b988228e4f,9D9I,igb8_di2_salt0.15_st0.0072,-25.7309,3001
909628c1d41006cf8bdc95b988228e4f,9D9I,igb8_di2_salt0_st0,-21.8205,3001
909628c1d41006cf8bdc95b988228e4f,9D9I,igb8_di2_salt0_st0.0072,-25.7331,3001
909628c1d41006cf8bdc95b988228e4f,9D9I,igb8_di4_salt0.15_st0,-25.5923,3001
909628c1d41006cf8bdc95b988228e4f,9D9I,igb8_di4_salt0.15_st0.0072,-29.505,3001
909628c1d41006cf8bdc95b988228e4f,9D9I,igb8_di4_salt0_st0,-25.5947,3001
909628c1d41006cf8bdc95b988228e4f,9D9I,igb8_di4_salt0_st0.0072,-29.5073,3001
922db9175a15e6a2d34d02717b0de6ab,3I06,igb1_di1_salt0.15_st0,-11.3856,3001
922db9175a15e6a2d34d02717b0de6ab,3I06,igb1_di1_salt0.15_st0.0072,-14.3241,3001
922db9175a15e6a2d34d02717b0de6ab,3I06,igb1_di1_salt0_st0,-11.3808,3001
922db9175a15e6a2d34d02717b0de6ab,3I06,igb1_di1_salt0_st0.0072,-14.3192,3001
922db9175a15e6a2d34d02717b0de6ab,3I06,igb1_di2_salt0.15_st0,-15.8969,3001
922db9175a15e6a2d34d02717b0de6ab,3I06,igb1_di2_salt0.15_st0.0072,-18.8353,3001
922db9175a15e6a2d34d02717b0de6ab,3I06,igb1_di2_salt0_st0,-15.892,3001
922db9175a15e6a2d34d02717b0de6ab,3I06,igb1_di2_salt0_st0.0072,-18.8304,3001
922db9175a15e6a2d34d02717b0de6ab,3I06,igb1_di4_salt0.15_st0,-18.1526,3001
922db9175a15e6a2d34d02717b0de6ab,3I06,igb1_di4_salt0.15_st0.0072,-21.0909,3001
922db9175a15e6a2d34d02717b0de6ab,3I06,igb1_di4_salt0_st0,-18.1476,3001
922db9175a15e6a2d34d02717b0de6ab,3I06,igb1_di4_salt0_st0.0072,-21.0861,3001
922db9175a15e6a2d34d02717b0de6ab,3I06,igb2_di1_salt0.15_st0,-9.1059,3001
922db9175a15e6a2d34d02717b0de6ab,3I06,igb2_di1_salt0.15_st0.0072,-12.0443,3001
922db9175a15e6a2d34d02717b0de6ab,3I06,igb2_di1_salt0_st0,-9.101,3001
922db9175a15e6a2d34d02717b0de6ab,3I06,igb2_di1_salt0_st0.0072,-12.0394,3001
922db9175a15e6a2d34d02717b0de6ab,3I06,igb2_di2_salt0.15_st0,-14.7718,3001
922db9175a15e6a2d34d02717b0de6ab,3I06,igb2_di2_salt0.15_st0.0072,-17.7102,3001
922db9175a15e6a2d34d02717b0de6ab,3I06,igb2_di2_salt0_st0,-14.7668,3001
922db9175a15e6a2d34d02717b0de6ab,3I06,igb2_di2_salt0_st0.0072,-17.7052,3001
922db9175a15e6a2d34d02717b0de6ab,3I06,igb2_di4_salt0.15_st0,-17.6046,3001
922db9175a15e6a2d34d02717b0de6ab,3I06,igb2_di4_salt0.15_st0.0072,-20.5431,3001
922db9175a15e6a2d34d02717b0de6ab,3I06,igb2_di4_salt0_st0,-17.5998,3001
922db9175a15e6a2d34d02717b0de6ab,3I06,igb2_di4_salt0_st0.0072,-20.5381,3001
922db9175a15e6a2d34d02717b0de6ab,3I06,igb5_di1_salt0.15_st0,-9.5901,3001
922db9175a15e6a2d34d02717b0de6ab,3I06,igb5_di1_salt0.15_st0.0072,-12.5287,3001
922db9175a15e6a2d34d02717b0de6ab,3I06,igb5_di1_salt0_st0,-9.5853,3001
922db9175a15e6a2d34d02717b0de6ab,3I06,igb5_di1_salt0_st0.0072,-12.5237,3001
922db9175a15e6a2d34d02717b0de6ab,3I06,igb5_di2_salt0.15_st0,-15.0108,3001
922db9175a15e6a2d34d02717b0de6ab,3I06,igb5_di2_salt0.15_st0.0072,-17.9491,3001
922db9175a15e6a2d34d02717b0de6ab,3I06,igb5_di2_salt0_st0,-15.0058,3001
922db9175a15e6a2d34d02717b0de6ab,3I06,igb5_di2_salt0_st0.0072,-17.9443,3001
922db9175a15e6a2d34d02717b0de6ab,3I06,igb5_di4_salt0.15_st0,-17.721,3001
922db9175a15e6a2d34d02717b0de6ab,3I06,igb5_di4_salt0.15_st0.0072,-20.6594,3001
922db9175a15e6a2d34d02717b0de6ab,3I06,igb5_di4_salt0_st0,-17.7161,3001
922db9175a15e6a2d34d02717b0de6ab,3I06,igb5_di4_salt0_st0.0072,-20.6545,3001
922db9175a15e6a2d34d02717b0de6ab,3I06,igb8_di1_salt0.15_st0,-8.2426,3001
922db9175a15e6a2d34d02717b0de6ab,3I06,igb8_di1_salt0.15_st0.0072,-11.1809,3001
922db9175a15e6a2d34d02717b0de6ab,3I06,igb8_di1_salt0_st0,-8.2529,3001
922db9175a15e6a2d34d02717b0de6ab,3I06,igb8_di1_salt0_st0.0072,-11.1914,3001
922db9175a15e6a2d34d02717b0de6ab,3I06,igb8_di2_salt0.15_st0,-14.3378,3001
922db9175a15e6a2d34d02717b0de6ab,3I06,igb8_di2_salt0.15_st0.0072,-17.2763,3001
922db9175a15e6a2d34d02717b0de6ab,3I06,igb8_di2_salt0_st0,-14.3483,3001
922db9175a15e6a2d34d02717b0de6ab,3I06,igb8_di2_salt0_st0.0072,-17.2866,3001
922db9175a15e6a2d34d02717b0de6ab,3I06,igb8_di4_salt0.15_st0,-17.3856,3001
922db9175a15e6a2d34d02717b0de6ab,3I06,igb8_di4_salt0.15_st0.0072,-20.324,3001
922db9175a15e6a2d34d02717b0de6ab,3I06,igb8_di4_salt0_st0,-17.3958,3001
922db9175a15e6a2d34d02717b0de6ab,3I06,igb8_di4_salt0_st0.0072,-20.3343,3001
9510387a41d9428f814f1e8a487e626d,4L7G,igb1_di1_salt0.15_st0,-11.6787,3001
9510387a41d9428f814f1e8a487e626d,4L7G,igb1_di1_salt0.15_st0.0072,-15.1114,3001
9510387a41d9428f814f1e8a487e626d,4L7G,igb1_di1_salt0_st0,-11.6806,3001
9510387a41d9428f814f1e8a487e626d,4L7G,igb1_di1_salt0_st0.0072,-15.1131,3001
9510387a41d9428f814f1e8a487e626d,4L7G,igb1_di2_salt0.15_st0,-17.9064,3001
9510387a41d9428f814f1e8a487e626d,4L7G,igb1_di2_salt0.15_st0.0072,-21.339,3001
9510387a41d9428f814f1e8a487e626d,4L7G,igb1_di2_salt0_st0,-17.908,3001
9510387a41d9428f814f1e8a487e626d,4L7G,igb1_di2_salt0_st0.0072,-21.3406,3001
9510387a41d9428f814f1e8a487e626d,4L7G,igb1_di4_salt0.15_st0,-21.0201,3001
9510387a41d9428f814f1e8a487e626d,4L7G,igb1_di4_salt0.15_st0.0072,-24.4527,3001
9510387a41d9428f814f1e8a487e626d,4L7G,igb1_di4_salt0_st0,-21.0218,3001
9510387a41d9428f814f1e8a487e626d,4L7G,igb1_di4_salt0_st0.0072,-24.4544,3001
9510387a41d9428f814f1e8a487e626d,4L7G,igb2_di1_salt0.15_st0,-6.1086,3001
9510387a41d9428f814f1e8a487e626d,4L7G,igb2_di1_salt0.15_st0.0072,-9.5414,3001
9510387a41d9428f814f1e8a487e626d,4L7G,igb2_di1_salt0_st0,-6.1121,3001
9510387a41d9428f814f1e8a487e626d,4L7G,igb2_di1_salt0_st0.0072,-9.5448,3001
9510387a41d9428f814f1e8a487e626d,4L7G,igb2_di2_salt0.15_st0,-15.1563,3001
9510387a41d9428f814f1e8a487e626d,4L7G,igb2_di2_salt0.15_st0.0072,-18.589,3001
9510387a41d9428f814f1e8a487e626d,4L7G,igb2_di2_salt0_st0,-15.1597,3001
9510387a41d9428f814f1e8a487e626d,4L7G,igb2_di2_salt0_st0.0072,-18.5923,3001
9510387a41d9428f814f1e8a487e626d,4L7G,igb2_di4_salt0.15_st0,-19.6802,3001
9510387a41d9428f814f1e8a487e626d,4L7G,igb2_di4_salt0.15_st0.0072,-23.1128,3001
9510387a41d9428f814f1e8a487e626d,4L7G,igb2_di4_salt0_st0,-19.6836,3001
9510387a41d9428f814f1e8a487e626d,4L7G,igb2_di4_salt0_st0.0072,-23.1162,3001
9510387a41d9428f814f1e8a487e626d,4L7G,igb5_di1_salt0.15_st0,-6.0405,3001
9510387a41d9428f814f1e8a487e626d,4L7G,igb5_di1_salt0.15_st0.0072,-9.4731,3001
9510387a41d9428f814f1e8a487e626d,4L7G,igb5_di1_salt0_st0,-6.0473,3001
9510387a41d9428f814f1e8a487e626d,4L7G,igb5_di1_salt0_st0.0072,-9.48,3001
9510387a41d9428f814f1e8a487e626d,4L7G,igb5_di2_salt0.15_st0,-15.1209,3001
9510387a41d9428f814f1e8a487e626d,4L7G,igb5_di2_salt0.15_st0.0072,-18.5536,3001
9510387a41d9428f814f1e8a487e626d,4L7G,igb5_di2_salt0_st0,-15.1277,3001
9510387a41d9428f814f1e8a487e626d,4L7G,igb5_di2_salt0_st0.0072,-18.5604,3001
9510387a41d9428f814f1e8a487e626d,4L7G,igb5_di4_salt0.15_st0,-19.6612,3001
9510387a41d9428f814f1e8a487e626d,4L7G,igb5_di4_salt0.15_st0.0072,-23.0938,3001
9510387a41d9428f814f1e8a487e626d,4L7G,igb5_di4_salt0_st0,-19.668,3001
9510387a41d9428f814f1e8a487e626d,4L7G,igb5_di4_salt0_st0.0072,-23.1006,3001
9510387a41d9428f814f1e8a487e626d,4L7G,igb8_di1_salt0.15_st0,-4.9182,3001
9510387a41d9428f814f1e8a487e626d,4L7G,igb8_di1_salt0.15_st0.0072,-8.351,3001
9510387a41d9428f814f1e8a487e626d,4L7G,igb8_di1_salt0_st0,-4.9217,3001
9510387a41d9428f814f1e8a487e626d,4L7G,igb8_di1_salt0_st0.0072,-8.3544,3001
9510387a41d9428f814f1e8a487e626d,4L7G,igb8_di2_salt0.15_st0,-14.5688,3001
9510387a41d9428f814f1e8a487e626d,4L7G,igb8_di2_salt0.15_st0.0072,-18.0014,3001
9510387a41d9428f814f1e8a487e626d,4L7G,igb8_di2_salt0_st0,-14.5722,3001
9510387a41d9428f814f1e8a487e626d,4L7G,igb8_di2_salt0_st0.0072,-18.0049,3001
9510387a41d9428f814f1e8a487e626d,4L7G,igb8_di4_salt0.15_st0,-19.394,3001
9510387a41d9428f814f1e8a487e626d,4L7G,igb8_di4_salt0.15_st0.0072,-22.8266,3001
9510387a41d9428f814f1e8a487e626d,4L7G,igb8_di4_salt0_st0,-19.3975,3001
9510387a41d9428f814f1e8a487e626d,4L7G,igb8_di4_salt0_st0.0072,-22.8301,3001
971c944ef6916e2840b6d63b8f00425e,4QB3,igb1_di1_salt0.15_st0,-17.9421,3001
971c944ef6916e2840b6d63b8f00425e,4QB3,igb1_di1_salt0.15_st0.0072,-21.7675,3001
971c944ef6916e2840b6d63b8f00425e,4QB3,igb1_di1_salt0_st0,-17.9365,3001
971c944ef6916e2840b6d63b8f00425e,4QB3,igb1_di1_salt0_st0.0072,-21.7619,3001
971c944ef6916e2840b6d63b8f00425e,4QB3,igb1_di2_salt0.15_st0,-23.2117,3001
971c944ef6916e2840b6d63b8f00425e,4QB3,igb1_di2_salt0.15_st0.0072,-27.037,3001
971c944ef6916e2840b6d63b8f00425e,4QB3,igb1_di2_salt0_st0,-23.206,3001
971c944ef6916e2840b6d63b8f00425e,4QB3,igb1_di2_salt0_st0.0072,-27.0314,3001
971c944ef6916e2840b6d63b8f00425e,4QB3,igb1_di4_salt0.15_st0,-25.8464,3001
971c944ef6916e2840b6d63b8f00425e,4QB3,igb1_di4_salt0.15_st0.0072,-29.6719,3001
971c944ef6916e2840b6d63b8f00425e,4QB3,igb1_di4_salt0_st0,-25.8407,3001
971c944ef6916e2840b6d63b8f00425e,4QB3,igb1_di4_salt0_st0.0072,-29.6661,3001
971c944ef6916e2840b6d63b8f00425e,4QB3,igb2_di1_salt0.15_st0,-15.5004,3001
971c944ef6916e2840b6d63b8f00425e,4QB3,igb2_di1_salt0.15_st0.0072,-19.3258,3001
971c944ef6916e2840b6d63b8f00425e,4QB3,igb2_di1_salt0_st0,-15.4938,3001
971c944ef6916e2840b6d63b8f00425e,4QB3,igb2_di1_salt0_st0.0072,-19.3191,3001
971c944ef6916e2840b6d63b8f00425e,4QB3,igb2_di2_salt0.15_st0,-22.007,3001
971c944ef6916e2840b6d63b8f00425e,4QB3,igb2_di2_salt0.15_st0.0072,-25.8324,3001
971c944ef6916e2840b6d63b8f00425e,4QB3,igb2_di2_salt0_st0,-22.0003,3001
971c944ef6916e2840b6d63b8f00425e,4QB3,igb2_di2_salt0_st0.0072,-25.8257,3001
971c944ef6916e2840b6d63b8f00425e,4QB3,igb2_di4_salt0.15_st0,-25.2603,3001
971c944ef6916e2840b6d63b8f00425e,4QB3,igb2_di4_salt0.15_st0.0072,-29.0856,3001
971c944ef6916e2840b6d63b8f00425e,4QB3,igb2_di4_salt0_st0,-25.2538,3001
971c944ef6916e2840b6d63b8f00425e,4QB3,igb2_di4_salt0_st0.0072,-29.079,3001
971c944ef6916e2840b6d63b8f00425e,4QB3,igb5_di1_salt0.15_st0,-16.2105,3001
971c944ef6916e2840b6d63b8f00425e,4QB3,igb5_di1_salt0.15_st0.0072,-20.0358,3001
971c944ef6916e2840b6d63b8f00425e,4QB3,igb5_di1_salt0_st0,-16.2024,3001
971c944ef6916e2840b6d63b8f00425e,4QB3,igb5_di1_salt0_st0.0072,-20.0278,3001
971c944ef6916e2840b6d63b8f00425e,4QB3,igb5_di2_salt0.15_st0,-22.3582,3001
971c944ef6916e2840b6d63b8f00425e,4QB3,igb5_di2_salt0.15_st0.0072,-26.1836,3001
971c944ef6916e2840b6d63b8f00425e,4QB3,igb5_di2_salt0_st0,-22.3501,3001
971c944ef6916e2840b6d63b8f00425e,4QB3,igb5_di2_salt0_st0.0072,-26.1755,3001
971c944ef6916e2840b6d63b8f00425e,4QB3,igb5_di4_salt0.15_st0,-25.4321,3001
971c944ef6916e2840b6d63b8f00425e,4QB3,igb5_di4_salt0.15_st0.0072,-29.2575,3001
971c944ef6916e2840b6d63b8f00425e,4QB3,igb5_di4_salt0_st0,-25.424,3001
971c944ef6916e2840b6d63b8f00425e,4QB3,igb5_di4_salt0_st0.0072,-29.2494,3001
971c944ef6916e2840b6d63b8f00425e,4QB3,igb8_di1_salt0.15_st0,-17.423,3001
971c944ef6916e2840b6d63b8f00425e,4QB3,igb8_di1_salt0.15_st0.0072,-21.2484,3001
971c944ef6916e2840b6d63b8f00425e,4QB3,igb8_di1_salt0_st0,-17.4157,3001
971c944ef6916e2840b6d63b8f00425e,4QB3,igb8_di1_salt0_st0.0072,-21.2411,3001
971c944ef6916e2840b6d63b8f00425e,4QB3,igb8_di2_salt0.15_st0,-22.9562,3001
971c944ef6916e2840b6d63b8f00425e,4QB3,igb8_di2_salt0.15_st0.0072,-26.7816,3001
971c944ef6916e2840b6d63b8f00425e,4QB3,igb8_di2_salt0_st0,-22.9489,3001
971c944ef6916e2840b6d63b8f00425e,4QB3,igb8_di2_salt0_st0.0072,-26.7742,3001
971c944ef6916e2840b6d63b8f00425e,4QB3,igb8_di4_salt0.15_st0,-25.7228,3001
971c944ef6916e2840b6d63b8f00425e,4QB3,igb8_di4_salt0.15_st0.0072,-29.5483,3001
971c944ef6916e2840b6d63b8f00425e,4QB3,igb8_di4_salt0_st0,-25.7155,3001
971c944ef6916e2840b6d63b8f00425e,4QB3,igb8_di4_salt0_st0.0072,-29.5409,3001
98cf559a50ee84d38e7648c91b0c564d,2XU3,igb1_di1_salt0.15_st0,-13.1415,3001
98cf559a50ee84d38e7648c91b0c564d,2XU3,igb1_di1_salt0.15_st0.0072,-16.4518,3001
98cf559a50ee84d38e7648c91b0c564d,2XU3,igb1_di1_salt0_st0,-13.1426,3001
98cf559a50ee84d38e7648c91b0c564d,2XU3,igb1_di1_salt0_st0.0072,-16.4531,3001
98cf559a50ee84d38e7648c91b0c564d,2XU3,igb1_di2_salt0.15_st0,-17.5153,3001
98cf559a50ee84d38e7648c91b0c564d,2XU3,igb1_di2_salt0.15_st0.0072,-20.8257,3001
98cf559a50ee84d38e7648c91b0c564d,2XU3,igb1_di2_salt0_st0,-17.5165,3001
98cf559a50ee84d38e7648c91b0c564d,2XU3,igb1_di2_salt0_st0.0072,-20.827,3001
98cf559a50ee84d38e7648c91b0c564d,2XU3,igb1_di4_salt0.15_st0,-19.7023,3001
98cf559a50ee84d38e7648c91b0c564d,2XU3,igb1_di4_salt0.15_st0.0072,-23.0127,3001
98cf559a50ee84d38e7648c91b0c564d,2XU3,igb1_di4_salt0_st0,-19.7034,3001
98cf559a50ee84d38e7648c91b0c564d,2XU3,igb1_di4_salt0_st0.0072,-23.0139,3001
98cf559a50ee84d38e7648c91b0c564d,2XU3,igb2_di1_salt0.15_st0,-10.3003,3001
98cf559a50ee84d38e7648c91b0c564d,2XU3,igb2_di1_salt0.15_st0.0072,-13.6107,3001
98cf559a50ee84d38e7648c91b0c564d,2XU3,igb2_di1_salt0_st0,-10.3012,3001
98cf559a50ee84d38e7648c91b0c564d,2XU3,igb2_di1_salt0_st0.0072,-13.6115,3001
98cf559a50ee84d38e7648c91b0c564d,2XU3,igb2_di2_salt0.15_st0,-16.1132,3001
98cf559a50ee84d38e7648c91b0c564d,2XU3,igb2_di2_salt0.15_st0.0072,-19.4237,3001
98cf559a50ee84d38e7648c91b0c564d,2XU3,igb2_di2_salt0_st0,-16.1141,3001
98cf559a50ee84d38e7648c91b0c564d,2XU3,igb2_di2_salt0_st0.0072,-19.4245,3001
98cf559a50ee84d38e7648c91b0c564d,2XU3,igb2_di4_salt0.15_st0,-19.0198,3001
98cf559a50ee84d38e7648c91b0c564d,2XU3,igb2_di4_salt0.15_st0.0072,-22.3302,3001
98cf559a50ee84d38e7648c91b0c564d,2XU3,igb2_di4_salt0_st0,-19.0205,3001
98cf559a50ee84d38e7648c91b0c564d,2XU3,igb2_di4_salt0_st0.0072,-22.3309,3001
98cf559a50ee84d38e7648c91b0c564d,2XU3,igb5_di1_salt0.15_st0,-10.9618,3001
98cf559a50ee84d38e7648c91b0c564d,2XU3,igb5_di1_salt0.15_st0.0072,-14.2724,3001
98cf559a50ee84d38e7648c91b0c564d,2XU3,igb5_di1_salt0_st0,-10.9632,3001
98cf559a50ee84d38e7648c91b0c564d,2XU3,igb5_di1_salt0_st0.0072,-14.2736,3001
98cf559a50ee84d38e7648c91b0c564d,2XU3,igb5_di2_salt0.15_st0,-16.4396,3001
98cf559a50ee84d38e7648c91b0c564d,2XU3,igb5_di2_salt0.15_st0.0072,-19.75,3001
98cf559a50ee84d38e7648c91b0c564d,2XU3,igb5_di2_salt0_st0,-16.4408,3001
98cf559a50ee84d38e7648c91b0c564d,2XU3,igb5_di2_salt0_st0.0072,-19.7512,3001
98cf559a50ee84d38e7648c91b0c564d,2XU3,igb5_di4_salt0.15_st0,-19.1782,3001
98cf559a50ee84d38e7648c91b0c564d,2XU3,igb5_di4_salt0.15_st0.0072,-22.4887,3001
98cf559a50ee84d38e7648c91b0c564d,2XU3,igb5_di4_salt0_st0,-19.1797,3001
98cf559a50ee84d38e7648c91b0c564d,2XU3,igb5_di4_salt0_st0.0072,-22.49,3001
98cf559a50ee84d38e7648c91b0c564d,2XU3,igb8_di1_salt0.15_st0,-10.8828,3001
98cf559a50ee84d38e7648c91b0c564d,2XU3,igb8_di1_salt0.15_st0.0072,-14.1933,3001
98cf559a50ee84d38e7648c91b0c564d,2XU3,igb8_di1_salt0_st0,-10.8849,3001
98cf559a50ee84d38e7648c91b0c564d,2XU3,igb8_di1_salt0_st0.0072,-14.1954,3001
98cf559a50ee84d38e7648c91b0c564d,2XU3,igb8_di2_salt0.15_st0,-16.4001,3001
98cf559a50ee84d38e7648c91b0c564d,2XU3,igb8_di2_salt0.15_st0.0072,-19.7105,3001
98cf559a50ee84d38e7648c91b0c564d,2XU3,igb8_di2_salt0_st0,-16.4022,3001
98cf559a50ee84d38e7648c91b0c564d,2XU3,igb8_di2_salt0_st0.0072,-19.7126,3001
98cf559a50ee84d38e7648c91b0c564d,2XU3,igb8_di4_salt0.15_st0,-19.1587,3001
98cf559a50ee84d38e7648c91b0c564d,2XU3,igb8_di4_salt0.15_st0.0072,-22.4691,3001
98cf559a50ee84d38e7648c91b0c564d,2XU3,igb8_di4_salt0_st0,-19.1609,3001
98cf559a50ee84d38e7648c91b0c564d,2XU3,igb8_di4_salt0_st0.0072,-22.4713,3001
9962e35d818f378081860dfde6088db5,9SI4,igb1_di1_salt0.15_st0,-13.0382,3001
9962e35d818f378081860dfde6088db5,9SI4,igb1_di1_salt0.15_st0.0072,-15.5911,3001
9962e35d818f378081860dfde6088db5,9SI4,igb1_di1_salt0_st0,-13.0713,3001
9962e35d818f378081860dfde6088db5,9SI4,igb1_di1_salt0_st0.0072,-15.6242,3001
9962e35d818f378081860dfde6088db5,9SI4,igb1_di2_salt0.15_st0,-16.7105,3001
9962e35d818f378081860dfde6088db5,9SI4,igb1_di2_salt0.15_st0.0072,-19.2634,3001
9962e35d818f378081860dfde6088db5,9SI4,igb1_di2_salt0_st0,-16.7435,3001
9962e35d818f378081860dfde6088db5,9SI4,igb1_di2_salt0_st0.0072,-19.2964,3001
9962e35d818f378081860dfde6088db5,9SI4,igb1_di4_salt0.15_st0,-18.5467,3001
9962e35d818f378081860dfde6088db5,9SI4,igb1_di4_salt0.15_st0.0072,-21.0995,3001
9962e35d818f378081860dfde6088db5,9SI4,igb1_di4_salt0_st0,-18.5798,3001
9962e35d818f378081860dfde6088db5,9SI4,igb1_di4_salt0_st0.0072,-21.1326,3001
9962e35d818f378081860dfde6088db5,9SI4,igb2_di1_salt0.15_st0,-10.2877,3001
9962e35d818f378081860dfde6088db5,9SI4,igb2_di1_salt0.15_st0.0072,-12.8405,3001
9962e35d818f378081860dfde6088db5,9SI4,igb2_di1_salt0_st0,-10.3213,3001
9962e35d818f378081860dfde6088db5,9SI4,igb2_di1_salt0_st0.0072,-12.8743,3001
9962e35d818f378081860dfde6088db5,9SI4,igb2_di2_salt0.15_st0,-15.3527,3001
9962e35d818f378081860dfde6088db5,9SI4,igb2_di2_salt0.15_st0.0072,-17.9056,3001
9962e35d818f378081860dfde6088db5,9SI4,igb2_di2_salt0_st0,-15.3863,3001
9962e35d818f378081860dfde6088db5,9SI4,igb2_di2_salt0_st0.0072,-17.9393,3001
9962e35d818f378081860dfde6088db5,9SI4,igb2_di4_salt0.15_st0,-17.8853,3001
9962e35d818f378081860dfde6088db5,9SI4,igb2_di4_salt0.15_st0.0072,-20.4381,3001
9962e35d818f378081860dfde6088db5,9SI4,igb2_di4_salt0_st0,-17.919,3001
9962e35d818f378081860dfde6088db5,9SI4,igb2_di4_salt0_st0.0072,-20.4718,3001
9962e35d818f378081860dfde6088db5,9SI4,igb5_di1_salt0.15_st0,-10.6461,3001
9962e35d818f378081860dfde6088db5,9SI4,igb5_di1_salt0.15_st0.0072,-13.1988,3001
9962e35d818f378081860dfde6088db5,9SI4,igb5_di1_salt0_st0,-10.6807,3001
9962e35d818f378081860dfde6088db5,9SI4,igb5_di1_salt0_st0.0072,-13.2335,3001
9962e35d818f378081860dfde6088db5,9SI4,igb5_di2_salt0.15_st0,-15.529,3001
9962e35d818f378081860dfde6088db5,9SI4,igb5_di2_salt0.15_st0.0072,-18.0819,3001
9962e35d818f378081860dfde6088db5,9SI4,igb5_di2_salt0_st0,-15.5637,3001
9962e35d818f378081860dfde6088db5,9SI4,igb5_di2_salt0_st0.0072,-18.1166,3001
9962e35d818f378081860dfde6088db5,9SI4,igb5_di4_salt0.15_st0,-17.9706,3001
9962e35d818f378081860dfde6088db5,9SI4,igb5_di4_salt0.15_st0.0072,-20.5235,3001
9962e35d818f378081860dfde6088db5,9SI4,igb5_di4_salt0_st0,-18.0053,3001
9962e35d818f378081860dfde6088db5,9SI4,igb5_di4_salt0_st0.0072,-20.5582,3001
9962e35d818f378081860dfde6088db5,9SI4,igb8_di1_salt0.15_st0,-9.2722,3001
9962e35d818f378081860dfde6088db5,9SI4,igb8_di1_salt0.15_st0.0072,-11.8251,3001
9962e35d818f378081860dfde6088db5,9SI4,igb8_di1_salt0_st0,-9.3058,3001
9962e35d818f378081860dfde6088db5,9SI4,igb8_di1_salt0_st0.0072,-11.8586,3001
9962e35d818f378081860dfde6088db5,9SI4,igb8_di2_salt0.15_st0,-14.8516,3001
9962e35d818f378081860dfde6088db5,9SI4,igb8_di2_salt0.15_st0.0072,-17.4045,3001
9962e35d818f378081860dfde6088db5,9SI4,igb8_di2_salt0_st0,-14.8851,3001
9962e35d818f378081860dfde6088db5,9SI4,igb8_di2_salt0_st0.0072,-17.438,3001
9962e35d818f378081860dfde6088db5,9SI4,igb8_di4_salt0.15_st0,-17.6413,3001
9962e35d818f378081860dfde6088db5,9SI4,igb8_di4_salt0.15_st0.0072,-20.1942,3001
9962e35d818f378081860dfde6088db5,9SI4,igb8_di4_salt0_st0,-17.6748,3001
9962e35d818f378081860dfde6088db5,9SI4,igb8_di4_salt0_st0.0072,-20.2278,3001
99c9a8dee8fadf56676d8f90e6848e58,2XU3,igb1_di1_salt0.15_st0,-23.686,3001
99c9a8dee8fadf56676d8f90e6848e58,2XU3,igb1_di1_salt0.15_st0.0072,-27.9648,3001
99c9a8dee8fadf56676d8f90e6848e58,2XU3,igb1_di1_salt0_st0,-23.6779,3001
99c9a8dee8fadf56676d8f90e6848e58,2XU3,igb1_di1_salt0_st0.0072,-27.9568,3001
99c9a8dee8fadf56676d8f90e6848e58,2XU3,igb1_di2_salt0.15_st0,-26.4278,3001
99c9a8dee8fadf56676d8f90e6848e58,2XU3,igb1_di2_salt0.15_st0.0072,-30.7066,3001
99c9a8dee8fadf56676d8f90e6848e58,2XU3,igb1_di2_salt0_st0,-26.4198,3001
99c9a8dee8fadf56676d8f90e6848e58,2XU3,igb1_di2_salt0_st0.0072,-30.6987,3001
99c9a8dee8fadf56676d8f90e6848e58,2XU3,igb1_di4_salt0.15_st0,-27.7989,3001
99c9a8dee8fadf56676d8f90e6848e58,2XU3,igb1_di4_salt0.15_st0.0072,-32.0777,3001
99c9a8dee8fadf56676d8f90e6848e58,2XU3,igb1_di4_salt0_st0,-27.7908,3001
99c9a8dee8fadf56676d8f90e6848e58,2XU3,igb1_di4_salt0_st0.0072,-32.0697,3001
99c9a8dee8fadf56676d8f90e6848e58,2XU3,igb2_di1_salt0.15_st0,-19.7535,3001
99c9a8dee8fadf56676d8f90e6848e58,2XU3,igb2_di1_salt0.15_st0.0072,-24.0324,3001
99c9a8dee8fadf56676d8f90e6848e58,2XU3,igb2_di1_salt0_st0,-19.7446,3001
99c9a8dee8fadf56676d8f90e6848e58,2XU3,igb2_di1_salt0_st0.0072,-24.0234,3001
99c9a8dee8fadf56676d8f90e6848e58,2XU3,igb2_di2_salt0.15_st0,-24.4874,3001
99c9a8dee8fadf56676d8f90e6848e58,2XU3,igb2_di2_salt0.15_st0.0072,-28.7663,3001
99c9a8dee8fadf56676d8f90e6848e58,2XU3,igb2_di2_salt0_st0,-24.4786,3001
99c9a8dee8fadf56676d8f90e6848e58,2XU3,igb2_di2_salt0_st0.0072,-28.7574,3001
99c9a8dee8fadf56676d8f90e6848e58,2XU3,igb2_di4_salt0.15_st0,-26.8544,3001
99c9a8dee8fadf56676d8f90e6848e58,2XU3,igb2_di4_salt0.15_st0.0072,-31.1332,3001
99c9a8dee8fadf56676d8f90e6848e58,2XU3,igb2_di4_salt0_st0,-26.8455,3001
99c9a8dee8fadf56676d8f90e6848e58,2XU3,igb2_di4_salt0_st0.0072,-31.1244,3001
99c9a8dee8fadf56676d8f90e6848e58,2XU3,igb5_di1_salt0.15_st0,-21.1501,3001
99c9a8dee8fadf56676d8f90e6848e58,2XU3,igb5_di1_salt0.15_st0.0072,-25.4289,3001
99c9a8dee8fadf56676d8f90e6848e58,2XU3,igb5_di1_salt0_st0,-21.1411,3001
99c9a8dee8fadf56676d8f90e6848e58,2XU3,igb5_di1_salt0_st0.0072,-25.42,3001
99c9a8dee8fadf56676d8f90e6848e58,2XU3,igb5_di2_salt0.15_st0,-25.1768,3001
99c9a8dee8fadf56676d8f90e6848e58,2XU3,igb5_di2_salt0.15_st0.0072,-29.4556,3001
99c9a8dee8fadf56676d8f90e6848e58,2XU3,igb5_di2_salt0_st0,-25.1677,3001
99c9a8dee8fadf56676d8f90e6848e58,2XU3,igb5_di2_salt0_st0.0072,-29.4466,3001
99c9a8dee8fadf56676d8f90e6848e58,2XU3,igb5_di4_salt0.15_st0,-27.1902,3001
99c9a8dee8fadf56676d8f90e6848e58,2XU3,igb5_di4_salt0.15_st0.0072,-31.469,3001
99c9a8dee8fadf56676d8f90e6848e58,2XU3,igb5_di4_salt0_st0,-27.1812,3001
99c9a8dee8fadf56676d8f90e6848e58,2XU3,igb5_di4_salt0_st0.0072,-31.46,3001
99c9a8dee8fadf56676d8f90e6848e58,2XU3,igb8_di1_salt0.15_st0,-20.7331,3001
99c9a8dee8fadf56676d8f90e6848e58,2XU3,igb8_di1_salt0.15_st0.0072,-25.0119,3001
99c9a8dee8fadf56676d8f90e6848e58,2XU3,igb8_di1_salt0_st0,-20.7269,3001
99c9a8dee8fadf56676d8f90e6848e58,2XU3,igb8_di1_salt0_st0.0072,-25.0058,3001
99c9a8dee8fadf56676d8f90e6848e58,2XU3,igb8_di2_salt0.15_st0,-24.9695,3001
99c9a8dee8fadf56676d8f90e6848e58,2XU3,igb8_di2_salt0.15_st0.0072,-29.2483,3001
99c9a8dee8fadf56676d8f90e6848e58,2XU3,igb8_di2_salt0_st0,-24.9635,3001
99c9a8dee8fadf56676d8f90e6848e58,2XU3,igb8_di2_salt0_st0.0072,-29.2422,3001
99c9a8dee8fadf56676d8f90e6848e58,2XU3,igb8_di4_salt0.15_st0,-27.0878,3001
99c9a8dee8fadf56676d8f90e6848e58,2XU3,igb8_di4_salt0.15_st0.0072,-31.3665,3001
99c9a8dee8fadf56676d8f90e6848e58,2XU3,igb8_di4_salt0_st0,-27.0816,3001
99c9a8dee8fadf56676d8f90e6848e58,2XU3,igb8_di4_salt0_st0.0072,-31.3605,3001
9c39d3ac13c2b5c81959b897757d862d,5HU9,igb1_di1_salt0.15_st0,-20.5046,3001
9c39d3ac13c2b5c81959b897757d862d,5HU9,igb1_di1_salt0.15_st0.0072,-23.4905,3001
9c39d3ac13c2b5c81959b897757d862d,5HU9,igb1_di1_salt0_st0,-20.5172,3001
9c39d3ac13c2b5c81959b897757d862d,5HU9,igb1_di1_salt0_st0.0072,-23.5031,3001
9c39d3ac13c2b5c81959b897757d862d,5HU9,igb1_di2_salt0.15_st0,-21.6529,3001
9c39d3ac13c2b5c81959b897757d862d,5HU9,igb1_di2_salt0.15_st0.0072,-24.6388,3001
9c39d3ac13c2b5c81959b897757d862d,5HU9,igb1_di2_salt0_st0,-21.6655,3001
9c39d3ac13c2b5c81959b897757d862d,5HU9,igb1_di2_salt0_st0.0072,-24.6514,3001
9c39d3ac13c2b5c81959b897757d862d,5HU9,igb1_di4_salt0.15_st0,-22.2271,3001
9c39d3ac13c2b5c81959b897757d862d,5HU9,igb1_di4_salt0.15_st0.0072,-25.213,3001
9c39d3ac13c2b5c81959b897757d862d,5HU9,igb1_di4_salt0_st0,-22.2398,3001
9c39d3ac13c2b5c81959b897757d862d,5HU9,igb1_di4_salt0_st0.0072,-25.2256,3001
9c39d3ac13c2b5c81959b897757d862d,5HU9,igb2_di1_salt0.15_st0,-17.3236,3001
9c39d3ac13c2b5c81959b897757d862d,5HU9,igb2_di1_salt0.15_st0.0072,-20.3094,3001
9c39d3ac13c2b5c81959b897757d862d,5HU9,igb2_di1_salt0_st0,-17.3362,3001
9c39d3ac13c2b5c81959b897757d862d,5HU9,igb2_di1_salt0_st0.0072,-20.3222,3001
9c39d3ac13c2b5c81959b897757d862d,5HU9,igb2_di2_salt0.15_st0,-20.0829,3001
9c39d3ac13c2b5c81959b897757d862d,5HU9,igb2_di2_salt0.15_st0.0072,-23.0687,3001
9c39d3ac13c2b5c81959b897757d862d,5HU9,igb2_di2_salt0_st0,-20.0956,3001
9c39d3ac13c2b5c81959b897757d862d,5HU9,igb2_di2_salt0_st0.0072,-23.0815,3001
9c39d3ac13c2b5c81959b897757d862d,5HU9,igb2_di4_salt0.15_st0,-21.4626,3001
9c39d3ac13c2b5c81959b897757d862d,5HU9,igb2_di4_salt0.15_st0.0072,-24.4483,3001
9c39d3ac13c2b5c81959b897757d862d,5HU9,igb2_di4_salt0_st0,-21.4753,3001
9c39d3ac13c2b5c81959b897757d862d,5HU9,igb2_di4_salt0_st0.0072,-24.4611,3001
9c39d3ac13c2b5c81959b897757d862d,5HU9,igb5_di1_salt0.15_st0,-17.9038,3001
9c39d3ac13c2b5c81959b897757d862d,5HU9,igb5_di1_salt0.15_st0.0072,-20.8897,3001
9c39d3ac13c2b5c81959b897757d862d,5HU9,igb5_di1_salt0_st0,-17.9168,3001
9c39d3ac13c2b5c81959b897757d862d,5HU9,igb5_di1_salt0_st0.0072,-20.9025,3001
9c39d3ac13c2b5c81959b897757d862d,5HU9,igb5_di2_salt0.15_st0,-20.3691,3001
9c39d3ac13c2b5c81959b897757d862d,5HU9,igb5_di2_salt0.15_st0.0072,-23.3551,3001
9c39d3ac13c2b5c81959b897757d862d,5HU9,igb5_di2_salt0_st0,-20.382,3001
9c39d3ac13c2b5c81959b897757d862d,5HU9,igb5_di2_salt0_st0.0072,-23.3679,3001
9c39d3ac13c2b5c81959b897757d862d,5HU9,igb5_di4_salt0.15_st0,-21.6018,3001
9c39d3ac13c2b5c81959b897757d862d,5HU9,igb5_di4_salt0.15_st0.0072,-24.5877,3001
9c39d3ac13c2b5c81959b897757d862d,5HU9,igb5_di4_salt0_st0,-21.6148,3001
9c39d3ac13c2b5c81959b897757d862d,5HU9,igb5_di4_salt0_st0.0072,-24.6006,3001
9c39d3ac13c2b5c81959b897757d862d,5HU9,igb8_di1_salt0.15_st0,-15.595,3001
9c39d3ac13c2b5c81959b897757d862d,5HU9,igb8_di1_salt0.15_st0.0072,-18.5808,3001
9c39d3ac13c2b5c81959b897757d862d,5HU9,igb8_di1_salt0_st0,-15.6107,3001
9c39d3ac13c2b5c81959b897757d862d,5HU9,igb8_di1_salt0_st0.0072,-18.5965,3001
9c39d3ac13c2b5c81959b897757d862d,5HU9,igb8_di2_salt0.15_st0,-19.2283,3001
9c39d3ac13c2b5c81959b897757d862d,5HU9,igb8_di2_salt0.15_st0.0072,-22.2141,3001
9c39d3ac13c2b5c81959b897757d862d,5HU9,igb8_di2_salt0_st0,-19.244,3001
9c39d3ac13c2b5c81959b897757d862d,5HU9,igb8_di2_salt0_st0.0072,-22.2298,3001
9c39d3ac13c2b5c81959b897757d862d,5HU9,igb8_di4_salt0.15_st0,-21.0449,3001
9c39d3ac13c2b5c81959b897757d862d,5HU9,igb8_di4_salt0.15_st0.0072,-24.0307,3001
9c39d3ac13c2b5c81959b897757d862d,5HU9,igb8_di4_salt0_st0,-21.0606,3001
9c39d3ac13c2b5c81959b897757d862d,5HU9,igb8_di4_salt0_st0.0072,-24.0465,3001
9c772b2f96c879dc662e5f137990844f,2XU3,igb1_di1_salt0.15_st0,-13.1094,3001
9c772b2f96c879dc662e5f137990844f,2XU3,igb1_di1_salt0.15_st0.0072,-15.8196,3001
9c772b2f96c879dc662e5f137990844f,2XU3,igb1_di1_salt0_st0,-13.1151,3001
9c772b2f96c879dc662e5f137990844f,2XU3,igb1_di1_salt0_st0.0072,-15.8253,3001
9c772b2f96c879dc662e5f137990844f,2XU3,igb1_di2_salt0.15_st0,-17.1102,3001
9c772b2f96c879dc662e5f137990844f,2XU3,igb1_di2_salt0.15_st0.0072,-19.8204,3001
9c772b2f96c879dc662e5f137990844f,2XU3,igb1_di2_salt0_st0,-17.1158,3001
9c772b2f96c879dc662e5f137990844f,2XU3,igb1_di2_salt0_st0.0072,-19.826,3001
9c772b2f96c879dc662e5f137990844f,2XU3,igb1_di4_salt0.15_st0,-19.1106,3001
9c772b2f96c879dc662e5f137990844f,2XU3,igb1_di4_salt0.15_st0.0072,-21.8207,3001
9c772b2f96c879dc662e5f137990844f,2XU3,igb1_di4_salt0_st0,-19.1163,3001
9c772b2f96c879dc662e5f137990844f,2XU3,igb1_di4_salt0_st0.0072,-21.8265,3001
9c772b2f96c879dc662e5f137990844f,2XU3,igb2_di1_salt0.15_st0,-11.2342,3001
9c772b2f96c879dc662e5f137990844f,2XU3,igb2_di1_salt0.15_st0.0072,-13.9444,3001
9c772b2f96c879dc662e5f137990844f,2XU3,igb2_di1_salt0_st0,-11.2399,3001
9c772b2f96c879dc662e5f137990844f,2XU3,igb2_di1_salt0_st0.0072,-13.9501,3001
9c772b2f96c879dc662e5f137990844f,2XU3,igb2_di2_salt0.15_st0,-16.1846,3001
9c772b2f96c879dc662e5f137990844f,2XU3,igb2_di2_salt0.15_st0.0072,-18.8949,3001
9c772b2f96c879dc662e5f137990844f,2XU3,igb2_di2_salt0_st0,-16.1903,3001
9c772b2f96c879dc662e5f137990844f,2XU3,igb2_di2_salt0_st0.0072,-18.9006,3001
9c772b2f96c879dc662e5f137990844f,2XU3,igb2_di4_salt0.15_st0,-18.6599,3001
9c772b2f96c879dc662e5f137990844f,2XU3,igb2_di4_salt0.15_st0.0072,-21.3702,3001
9c772b2f96c879dc662e5f137990844f,2XU3,igb2_di4_salt0_st0,-18.6656,3001
9c772b2f96c879dc662e5f137990844f,2XU3,igb2_di4_salt0_st0.0072,-21.3758,3001
9c772b2f96c879dc662e5f137990844f,2XU3,igb5_di1_salt0.15_st0,-11.4987,3001
9c772b2f96c879dc662e5f137990844f,2XU3,igb5_di1_salt0.15_st0.0072,-14.209,3001
9c772b2f96c879dc662e5f137990844f,2XU3,igb5_di1_salt0_st0,-11.5046,3001
9c772b2f96c879dc662e5f137990844f,2XU3,igb5_di1_salt0_st0.0072,-14.215,3001
9c772b2f96c879dc662e5f137990844f,2XU3,igb5_di2_salt0.15_st0,-16.3151,3001
9c772b2f96c879dc662e5f137990844f,2XU3,igb5_di2_salt0.15_st0.0072,-19.0253,3001
9c772b2f96c879dc662e5f137990844f,2XU3,igb5_di2_salt0_st0,-16.3211,3001
9c772b2f96c879dc662e5f137990844f,2XU3,igb5_di2_salt0_st0.0072,-19.0313,3001
9c772b2f96c879dc662e5f137990844f,2XU3,igb5_di4_salt0.15_st0,-18.7232,3001
9c772b2f96c879dc662e5f137990844f,2XU3,igb5_di4_salt0.15_st0.0072,-21.4334,3001
9c772b2f96c879dc662e5f137990844f,2XU3,igb5_di4_salt0_st0,-18.7292,3001
9c772b2f96c879dc662e5f137990844f,2XU3,igb5_di4_salt0_st0.0072,-21.4394,3001
9c772b2f96c879dc662e5f137990844f,2XU3,igb8_di1_salt0.15_st0,-11.0848,3001
9c772b2f96c879dc662e5f137990844f,2XU3,igb8_di1_salt0.15_st0.0072,-13.795,3001
9c772b2f96c879dc662e5f137990844f,2XU3,igb8_di1_salt0_st0,-11.0909,3001
9c772b2f96c879dc662e5f137990844f,2XU3,igb8_di1_salt0_st0.0072,-13.8011,3001
9c772b2f96c879dc662e5f137990844f,2XU3,igb8_di2_salt0.15_st0,-16.1108,3001
9c772b2f96c879dc662e5f137990844f,2XU3,igb8_di2_salt0.15_st0.0072,-18.821,3001
9c772b2f96c879dc662e5f137990844f,2XU3,igb8_di2_salt0_st0,-16.1168,3001
9c772b2f96c879dc662e5f137990844f,2XU3,igb8_di2_salt0_st0.0072,-18.827,3001
9c772b2f96c879dc662e5f137990844f,2XU3,igb8_di4_salt0.15_st0,-18.6238,3001
9c772b2f96c879dc662e5f137990844f,2XU3,igb8_di4_salt0.15_st0.0072,-21.334,3001
9c772b2f96c879dc662e5f137990844f,2XU3,igb8_di4_salt0_st0,-18.6297,3001
9c772b2f96c879dc662e5f137990844f,2XU3,igb8_di4_salt0_st0.0072,-21.34,3001
9c898bacf201efb96fbd136bddcadbcd,8ELC,igb1_di1_salt0.15_st0,-18.7574,3001
9c898bacf201efb96fbd136bddcadbcd,8ELC,igb1_di1_salt0.15_st0.0072,-22.4906,3001
9c898bacf201efb96fbd136bddcadbcd,8ELC,igb1_di1_salt0_st0,-18.7632,3001
9c898bacf201efb96fbd136bddcadbcd,8ELC,igb1_di1_salt0_st0.0072,-22.4965,3001
9c898bacf201efb96fbd136bddcadbcd,8ELC,igb1_di2_salt0.15_st0,-22.4611,3001
9c898bacf201efb96fbd136bddcadbcd,8ELC,igb1_di2_salt0.15_st0.0072,-26.1943,3001
9c898bacf201efb96fbd136bddcadbcd,8ELC,igb1_di2_salt0_st0,-22.4669,3001
9c898bacf201efb96fbd136bddcadbcd,8ELC,igb1_di2_salt0_st0.0072,-26.2002,3001
9c898bacf201efb96fbd136bddcadbcd,8ELC,igb1_di4_salt0.15_st0,-24.313,3001
9c898bacf201efb96fbd136bddcadbcd,8ELC,igb1_di4_salt0.15_st0.0072,-28.0462,3001
9c898bacf201efb96fbd136bddcadbcd,8ELC,igb1_di4_salt0_st0,-24.3189,3001
9c898bacf201efb96fbd136bddcadbcd,8ELC,igb1_di4_salt0_st0.0072,-28.052,3001
9c898bacf201efb96fbd136bddcadbcd,8ELC,igb2_di1_salt0.15_st0,-15.6648,3001
9c898bacf201efb96fbd136bddcadbcd,8ELC,igb2_di1_salt0.15_st0.0072,-19.3981,3001
9c898bacf201efb96fbd136bddcadbcd,8ELC,igb2_di1_salt0_st0,-15.67,3001
9c898bacf201efb96fbd136bddcadbcd,8ELC,igb2_di1_salt0_st0.0072,-19.4033,3001
9c898bacf201efb96fbd136bddcadbcd,8ELC,igb2_di2_salt0.15_st0,-20.9351,3001
9c898bacf201efb96fbd136bddcadbcd,8ELC,igb2_di2_salt0.15_st0.0072,-24.6685,3001
9c898bacf201efb96fbd136bddcadbcd,8ELC,igb2_di2_salt0_st0,-20.9401,3001
9c898bacf201efb96fbd136bddcadbcd,8ELC,igb2_di2_salt0_st0.0072,-24.6736,3001
9c898bacf201efb96fbd136bddcadbcd,8ELC,igb2_di4_salt0.15_st0,-23.5704,3001
9c898bacf201efb96fbd136bddcadbcd,8ELC,igb2_di4_salt0.15_st0.0072,-27.3035,3001
9c898bacf201efb96fbd136bddcadbcd,8ELC,igb2_di4_salt0_st0,-23.5753,3001
9c898bacf201efb96fbd136bddcadbcd,8ELC,igb2_di4_salt0_st0.0072,-27.3086,3001
9c898bacf201efb96fbd136bddcadbcd,8ELC,igb5_di1_salt0.15_st0,-16.6476,3001
9c898bacf201efb96fbd136bddcadbcd,8ELC,igb5_di1_salt0.15_st0.0072,-20.3808,3001
9c898bacf201efb96fbd136bddcadbcd,8ELC,igb5_di1_salt0_st0,-16.6538,3001
9c898bacf201efb96fbd136bddcadbcd,8ELC,igb5_di1_salt0_st0.0072,-20.387,3001
9c898bacf201efb96fbd136bddcadbcd,8ELC,igb5_di2_salt0.15_st0,-21.4195,3001
9c898bacf201efb96fbd136bddcadbcd,8ELC,igb5_di2_salt0.15_st0.0072,-25.1527,3001
9c898bacf201efb96fbd136bddcadbcd,8ELC,igb5_di2_salt0_st0,-21.4258,3001
9c898bacf201efb96fbd136bddcadbcd,8ELC,igb5_di2_salt0_st0.0072,-25.159,3001
9c898bacf201efb96fbd136bddcadbcd,8ELC,igb5_di4_salt0.15_st0,-23.8056,3001
9c898bacf201efb96fbd136bddcadbcd,8ELC,igb5_di4_salt0.15_st0.0072,-27.5388,3001
9c898bacf201efb96fbd136bddcadbcd,8ELC,igb5_di4_salt0_st0,-23.8119,3001
9c898bacf201efb96fbd136bddcadbcd,8ELC,igb5_di4_salt0_st0.0072,-27.545,3001
9c898bacf201efb96fbd136bddcadbcd,8ELC,igb8_di1_salt0.15_st0,-13.6593,3001
9c898bacf201efb96fbd136bddcadbcd,8ELC,igb8_di1_salt0.15_st0.0072,-17.3925,3001
9c898bacf201efb96fbd136bddcadbcd,8ELC,igb8_di1_salt0_st0,-13.6658,3001
9c898bacf201efb96fbd136bddcadbcd,8ELC,igb8_di1_salt0_st0.0072,-17.3992,3001
9c898bacf201efb96fbd136bddcadbcd,8ELC,igb8_di2_salt0.15_st0,-19.9446,3001
9c898bacf201efb96fbd136bddcadbcd,8ELC,igb8_di2_salt0.15_st0.0072,-23.6777,3001
9c898bacf201efb96fbd136bddcadbcd,8ELC,igb8_di2_salt0_st0,-19.9512,3001
9c898bacf201efb96fbd136bddcadbcd,8ELC,igb8_di2_salt0_st0.0072,-23.6844,3001
9c898bacf201efb96fbd136bddcadbcd,8ELC,igb8_di4_salt0.15_st0,-23.0871,3001
9c898bacf201efb96fbd136bddcadbcd,8ELC,igb8_di4_salt0.15_st0.0072,-26.8204,3001
9c898bacf201efb96fbd136bddcadbcd,8ELC,igb8_di4_salt0_st0,-23.0936,3001
9c898bacf201efb96fbd136bddcadbcd,8ELC,igb8_di4_salt0_st0.0072,-26.827,3001
9dff198666f179b8a182da3e203eae73,3I06,igb1_di1_salt0.15_st0,-20.9561,3001
9dff198666f179b8a182da3e203eae73,3I06,igb1_di1_salt0.15_st0.0072,-24.9536,3001
9dff198666f179b8a182da3e203eae73,3I06,igb1_di1_salt0_st0,-20.9683,3001
9dff198666f179b8a182da3e203eae73,3I06,igb1_di1_salt0_st0.0072,-24.9658,3001
9dff198666f179b8a182da3e203eae73,3I06,igb1_di2_salt0.15_st0,-26.308,3001
9dff198666f179b8a182da3e203eae73,3I06,igb1_di2_salt0.15_st0.0072,-30.3054,3001
9dff198666f179b8a182da3e203eae73,3I06,igb1_di2_salt0_st0,-26.3203,3001
9dff198666f179b8a182da3e203eae73,3I06,igb1_di2_salt0_st0.0072,-30.3176,3001
9dff198666f179b8a182da3e203eae73,3I06,igb1_di4_salt0.15_st0,-28.9838,3001
9dff198666f179b8a182da3e203eae73,3I06,igb1_di4_salt0.15_st0.0072,-32.9814,3001
9dff198666f179b8a182da3e203eae73,3I06,igb1_di4_salt0_st0,-28.9962,3001
9dff198666f179b8a182da3e203eae73,3I06,igb1_di4_salt0_st0.0072,-32.9937,3001
9dff198666f179b8a182da3e203eae73,3I06,igb2_di1_salt0.15_st0,-18.1142,3001
9dff198666f179b8a182da3e203eae73,3I06,igb2_di1_salt0.15_st0.0072,-22.1116,3001
9dff198666f179b8a182da3e203eae73,3I06,igb2_di1_salt0_st0,-18.1264,3001
9dff198666f179b8a182da3e203eae73,3I06,igb2_di1_salt0_st0.0072,-22.1239,3001
9dff198666f179b8a182da3e203eae73,3I06,igb2_di2_salt0.15_st0,-24.9053,3001
9dff198666f179b8a182da3e203eae73,3I06,igb2_di2_salt0.15_st0.0072,-28.9028,3001
9dff198666f179b8a182da3e203eae73,3I06,igb2_di2_salt0_st0,-24.9175,3001
9dff198666f179b8a182da3e203eae73,3I06,igb2_di2_salt0_st0.0072,-28.9152,3001
9dff198666f179b8a182da3e203eae73,3I06,igb2_di4_salt0.15_st0,-28.301,3001
9dff198666f179b8a182da3e203eae73,3I06,igb2_di4_salt0.15_st0.0072,-32.2984,3001
9dff198666f179b8a182da3e203eae73,3I06,igb2_di4_salt0_st0,-28.3132,3001
9dff198666f179b8a182da3e203eae73,3I06,igb2_di4_salt0_st0.0072,-32.3106,3001
9dff198666f179b8a182da3e203eae73,3I06,igb5_di1_salt0.15_st0,-19.2978,3001
9dff198666f179b8a182da3e203eae73,3I06,igb5_di1_salt0.15_st0.0072,-23.2953,3001
9dff198666f179b8a182da3e203eae73,3I06,igb5_di1_salt0_st0,-19.3097,3001
9dff198666f179b8a182da3e203eae73,3I06,igb5_di1_salt0_st0.0072,-23.3072,3001
9dff198666f179b8a182da3e203eae73,3I06,igb5_di2_salt0.15_st0,-25.4897,3001
9dff198666f179b8a182da3e203eae73,3I06,igb5_di2_salt0.15_st0.0072,-29.4872,3001
9dff198666f179b8a182da3e203eae73,3I06,igb5_di2_salt0_st0,-25.5017,3001
9dff198666f179b8a182da3e203eae73,3I06,igb5_di2_salt0_st0.0072,-29.499,3001
9dff198666f179b8a182da3e203eae73,3I06,igb5_di4_salt0.15_st0,-28.5856,3001
9dff198666f179b8a182da3e203eae73,3I06,igb5_di4_salt0.15_st0.0072,-32.5832,3001
9dff198666f179b8a182da3e203eae73,3I06,igb5_di4_salt0_st0,-28.5977,3001
9dff198666f179b8a182da3e203eae73,3I06,igb5_di4_salt0_st0.0072,-32.5951,3001
9dff198666f179b8a182da3e203eae73,3I06,igb8_di1_salt0.15_st0,-17.8399,3001
9dff198666f179b8a182da3e203eae73,3I06,igb8_di1_salt0.15_st0.0072,-21.8375,3001
9dff198666f179b8a182da3e203eae73,3I06,igb8_di1_salt0_st0,-17.8722,3001
9dff198666f179b8a182da3e203eae73,3I06,igb8_di1_salt0_st0.0072,-21.8696,3001
9dff198666f179b8a182da3e203eae73,3I06,igb8_di2_salt0.15_st0,-24.7598,3001
9dff198666f179b8a182da3e203eae73,3I06,igb8_di2_salt0.15_st0.0072,-28.7573,3001
9dff198666f179b8a182da3e203eae73,3I06,igb8_di2_salt0_st0,-24.7922,3001
9dff198666f179b8a182da3e203eae73,3I06,igb8_di2_salt0_st0.0072,-28.7897,3001
9dff198666f179b8a182da3e203eae73,3I06,igb8_di4_salt0.15_st0,-28.2199,3001
9dff198666f179b8a182da3e203eae73,3I06,igb8_di4_salt0.15_st0.0072,-32.2173,3001
9dff198666f179b8a182da3e203eae73,3I06,igb8_di4_salt0_st0,-28.2521,3001
9dff198666f179b8a182da3e203eae73,3I06,igb8_di4_salt0_st0.0072,-32.2496,3001
9e7607ef3d929c5fd46ea0dc7f23f535,9SI4,igb1_di1_salt0.15_st0,-19.8632,3001
9e7607ef3d929c5fd46ea0dc7f23f535,9SI4,igb1_di1_salt0.15_st0.0072,-23.6173,3001
9e7607ef3d929c5fd46ea0dc7f23f535,9SI4,igb1_di1_salt0_st0,-19.8722,3001
9e7607ef3d929c5fd46ea0dc7f23f535,9SI4,igb1_di1_salt0_st0.0072,-23.6263,3001
9e7607ef3d929c5fd46ea0dc7f23f535,9SI4,igb1_di2_salt0.15_st0,-23.9207,3001
9e7607ef3d929c5fd46ea0dc7f23f535,9SI4,igb1_di2_salt0.15_st0.0072,-27.6746,3001
9e7607ef3d929c5fd46ea0dc7f23f535,9SI4,igb1_di2_salt0_st0,-23.9297,3001
9e7607ef3d929c5fd46ea0dc7f23f535,9SI4,igb1_di2_salt0_st0.0072,-27.6836,3001
9e7607ef3d929c5fd46ea0dc7f23f535,9SI4,igb1_di4_salt0.15_st0,-25.9494,3001
9e7607ef3d929c5fd46ea0dc7f23f535,9SI4,igb1_di4_salt0.15_st0.0072,-29.7035,3001
9e7607ef3d929c5fd46ea0dc7f23f535,9SI4,igb1_di4_salt0_st0,-25.9584,3001
9e7607ef3d929c5fd46ea0dc7f23f535,9SI4,igb1_di4_salt0_st0.0072,-29.7125,3001
9e7607ef3d929c5fd46ea0dc7f23f535,9SI4,igb2_di1_salt0.15_st0,-15.9237,3001
9e7607ef3d929c5fd46ea0dc7f23f535,9SI4,igb2_di1_salt0.15_st0.0072,-19.6778,3001
9e7607ef3d929c5fd46ea0dc7f23f535,9SI4,igb2_di1_salt0_st0,-15.935,3001
9e7607ef3d929c5fd46ea0dc7f23f535,9SI4,igb2_di1_salt0_st0.0072,-19.6889,3001
9e7607ef3d929c5fd46ea0dc7f23f535,9SI4,igb2_di2_salt0.15_st0,-21.9751,3001
9e7607ef3d929c5fd46ea0dc7f23f535,9SI4,igb2_di2_salt0.15_st0.0072,-25.7292,3001
9e7607ef3d929c5fd46ea0dc7f23f535,9SI4,igb2_di2_salt0_st0,-21.9864,3001
9e7607ef3d929c5fd46ea0dc7f23f535,9SI4,igb2_di2_salt0_st0.0072,-25.7405,3001
9e7607ef3d929c5fd46ea0dc7f23f535,9SI4,igb2_di4_salt0.15_st0,-25.0009,3001
9e7607ef3d929c5fd46ea0dc7f23f535,9SI4,igb2_di4_salt0.15_st0.0072,-28.7549,3001
9e7607ef3d929c5fd46ea0dc7f23f535,9SI4,igb2_di4_salt0_st0,-25.0122,3001
9e7607ef3d929c5fd46ea0dc7f23f535,9SI4,igb2_di4_salt0_st0.0072,-28.7661,3001
9e7607ef3d929c5fd46ea0dc7f23f535,9SI4,igb5_di1_salt0.15_st0,-15.6084,3001
9e7607ef3d929c5fd46ea0dc7f23f535,9SI4,igb5_di1_salt0.15_st0.0072,-19.3625,3001
9e7607ef3d929c5fd46ea0dc7f23f535,9SI4,igb5_di1_salt0_st0,-15.6245,3001
9e7607ef3d929c5fd46ea0dc7f23f535,9SI4,igb5_di1_salt0_st0.0072,-19.3786,3001
9e7607ef3d929c5fd46ea0dc7f23f535,9SI4,igb5_di2_salt0.15_st0,-21.817,3001
9e7607ef3d929c5fd46ea0dc7f23f535,9SI4,igb5_di2_salt0.15_st0.0072,-25.5712,3001
9e7607ef3d929c5fd46ea0dc7f23f535,9SI4,igb5_di2_salt0_st0,-21.8331,3001
9e7607ef3d929c5fd46ea0dc7f23f535,9SI4,igb5_di2_salt0_st0.0072,-25.5872,3001
9e7607ef3d929c5fd46ea0dc7f23f535,9SI4,igb5_di4_salt0.15_st0,-24.9214,3001
9e7607ef3d929c5fd46ea0dc7f23f535,9SI4,igb5_di4_salt0.15_st0.0072,-28.6755,3001
9e7607ef3d929c5fd46ea0dc7f23f535,9SI4,igb5_di4_salt0_st0,-24.9375,3001
9e7607ef3d929c5fd46ea0dc7f23f535,9SI4,igb5_di4_salt0_st0.0072,-28.6916,3001
9e7607ef3d929c5fd46ea0dc7f23f535,9SI4,igb8_di1_salt0.15_st0,-14.1971,3001
9e7607ef3d929c5fd46ea0dc7f23f535,9SI4,igb8_di1_salt0.15_st0.0072,-17.9512,3001
9e7607ef3d929c5fd46ea0dc7f23f535,9SI4,igb8_di1_salt0_st0,-14.2067,3001
9e7607ef3d929c5fd46ea0dc7f23f535,9SI4,igb8_di1_salt0_st0.0072,-17.9608,3001
9e7607ef3d929c5fd46ea0dc7f23f535,9SI4,igb8_di2_salt0.15_st0,-21.124,3001
9e7607ef3d929c5fd46ea0dc7f23f535,9SI4,igb8_di2_salt0.15_st0.0072,-24.878,3001
9e7607ef3d929c5fd46ea0dc7f23f535,9SI4,igb8_di2_salt0_st0,-21.1334,3001
9e7607ef3d929c5fd46ea0dc7f23f535,9SI4,igb8_di2_salt0_st0.0072,-24.8875,3001
9e7607ef3d929c5fd46ea0dc7f23f535,9SI4,igb8_di4_salt0.15_st0,-24.5872,3001
9e7607ef3d929c5fd46ea0dc7f23f535,9SI4,igb8_di4_salt0.15_st0.0072,-28.3413,3001
9e7607ef3d929c5fd46ea0dc7f23f535,9SI4,igb8_di4_salt0_st0,-24.5969,3001
9e7607ef3d929c5fd46ea0dc7f23f535,9SI4,igb8_di4_salt0_st0.0072,-28.3509,3001
9fdebd3e36d16344b05f496394363d9c,9SI4,igb1_di1_salt0.15_st0,-20.4037,3001
9fdebd3e36d16344b05f496394363d9c,9SI4,igb1_di1_salt0.15_st0.0072,-23.767,3001
9fdebd3e36d16344b05f496394363d9c,9SI4,igb1_di1_salt0_st0,-20.4329,3001
9fdebd3e36d16344b05f496394363d9c,9SI4,igb1_di1_salt0_st0.0072,-23.7962,3001
9fdebd3e36d16344b05f496394363d9c,9SI4,igb1_di2_salt0.15_st0,-24.3708,3001
9fdebd3e36d16344b05f496394363d9c,9SI4,igb1_di2_salt0.15_st0.0072,-27.734,3001
9fdebd3e36d16344b05f496394363d9c,9SI4,igb1_di2_salt0_st0,-24.3999,3001
9fdebd3e36d16344b05f496394363d9c,9SI4,igb1_di2_salt0_st0.0072,-27.7632,3001
9fdebd3e36d16344b05f496394363d9c,9SI4,igb1_di4_salt0.15_st0,-26.3544,3001
9fdebd3e36d16344b05f496394363d9c,9SI4,igb1_di4_salt0.15_st0.0072,-29.7175,3001
9fdebd3e36d16344b05f496394363d9c,9SI4,igb1_di4_salt0_st0,-26.3834,3001
9fdebd3e36d16344b05f496394363d9c,9SI4,igb1_di4_salt0_st0.0072,-29.7466,3001
9fdebd3e36d16344b05f496394363d9c,9SI4,igb2_di1_salt0.15_st0,-17.3376,3001
9fdebd3e36d16344b05f496394363d9c,9SI4,igb2_di1_salt0.15_st0.0072,-20.701,3001
9fdebd3e36d16344b05f496394363d9c,9SI4,igb2_di1_salt0_st0,-17.3669,3001
9fdebd3e36d16344b05f496394363d9c,9SI4,igb2_di1_salt0_st0.0072,-20.7301,3001
9fdebd3e36d16344b05f496394363d9c,9SI4,igb2_di2_salt0.15_st0,-22.8575,3001
9fdebd3e36d16344b05f496394363d9c,9SI4,igb2_di2_salt0.15_st0.0072,-26.2207,3001
9fdebd3e36d16344b05f496394363d9c,9SI4,igb2_di2_salt0_st0,-22.8866,3001
9fdebd3e36d16344b05f496394363d9c,9SI4,igb2_di2_salt0_st0.0072,-26.2498,3001
9fdebd3e36d16344b05f496394363d9c,9SI4,igb2_di4_salt0.15_st0,-25.6174,3001
9fdebd3e36d16344b05f496394363d9c,9SI4,igb2_di4_salt0.15_st0.0072,-28.9806,3001
9fdebd3e36d16344b05f496394363d9c,9SI4,igb2_di4_salt0_st0,-25.6466,3001
9fdebd3e36d16344b05f496394363d9c,9SI4,igb2_di4_salt0_st0.0072,-29.0099,3001
9fdebd3e36d16344b05f496394363d9c,9SI4,igb5_di1_salt0.15_st0,-18.4865,3001
9fdebd3e36d16344b05f496394363d9c,9SI4,igb5_di1_salt0.15_st0.0072,-21.8497,3001
9fdebd3e36d16344b05f496394363d9c,9SI4,igb5_di1_salt0_st0,-18.517,3001
9fdebd3e36d16344b05f496394363d9c,9SI4,igb5_di1_salt0_st0.0072,-21.8802,3001
9fdebd3e36d16344b05f496394363d9c,9SI4,igb5_di2_salt0.15_st0,-23.4238,3001
9fdebd3e36d16344b05f496394363d9c,9SI4,igb5_di2_salt0.15_st0.0072,-26.7871,3001
9fdebd3e36d16344b05f496394363d9c,9SI4,igb5_di2_salt0_st0,-23.4543,3001
9fdebd3e36d16344b05f496394363d9c,9SI4,igb5_di2_salt0_st0.0072,-26.8175,3001
9fdebd3e36d16344b05f496394363d9c,9SI4,igb5_di4_salt0.15_st0,-25.8923,3001
9fdebd3e36d16344b05f496394363d9c,9SI4,igb5_di4_salt0.15_st0.0072,-29.2557,3001
9fdebd3e36d16344b05f496394363d9c,9SI4,igb5_di4_salt0_st0,-25.923,3001
9fdebd3e36d16344b05f496394363d9c,9SI4,igb5_di4_salt0_st0.0072,-29.2862,3001
9fdebd3e36d16344b05f496394363d9c,9SI4,igb8_di1_salt0.15_st0,-13.87,3001
9fdebd3e36d16344b05f496394363d9c,9SI4,igb8_di1_salt0.15_st0.0072,-17.2333,3001
9fdebd3e36d16344b05f496394363d9c,9SI4,igb8_di1_salt0_st0,-13.9005,3001
9fdebd3e36d16344b05f496394363d9c,9SI4,igb8_di1_salt0_st0.0072,-17.2638,3001
9fdebd3e36d16344b05f496394363d9c,9SI4,igb8_di2_salt0.15_st0,-21.1453,3001
9fdebd3e36d16344b05f496394363d9c,9SI4,igb8_di2_salt0.15_st0.0072,-24.5086,3001
9fdebd3e36d16344b05f496394363d9c,9SI4,igb8_di2_salt0_st0,-21.1759,3001
9fdebd3e36d16344b05f496394363d9c,9SI4,igb8_di2_salt0_st0.0072,-24.5391,3001
9fdebd3e36d16344b05f496394363d9c,9SI4,igb8_di4_salt0.15_st0,-24.783,3001
9fdebd3e36d16344b05f496394363d9c,9SI4,igb8_di4_salt0.15_st0.0072,-28.1463,3001
9fdebd3e36d16344b05f496394363d9c,9SI4,igb8_di4_salt0_st0,-24.8135,3001
9fdebd3e36d16344b05f496394363d9c,9SI4,igb8_di4_salt0_st0.0072,-28.1767,3001
a1409d89193dd0a7a4a54efb7c4b0b88,2XU3,igb1_di1_salt0.15_st0,-28.3397,3001
a1409d89193dd0a7a4a54efb7c4b0b88,2XU3,igb1_di1_salt0.15_st0.0072,-33.3137,3001
a1409d89193dd0a7a4a54efb7c4b0b88,2XU3,igb1_di1_salt0_st0,-28.3377,3001
a1409d89193dd0a7a4a54efb7c4b0b88,2XU3,igb1_di1_salt0_st0.0072,-33.3118,3001
a1409d89193dd0a7a4a54efb7c4b0b88,2XU3,igb1_di2_salt0.15_st0,-31.9049,3001
a1409d89193dd0a7a4a54efb7c4b0b88,2XU3,igb1_di2_salt0.15_st0.0072,-36.8789,3001
a1409d89193dd0a7a4a54efb7c4b0b88,2XU3,igb1_di2_salt0_st0,-31.903,3001
a1409d89193dd0a7a4a54efb7c4b0b88,2XU3,igb1_di2_salt0_st0.0072,-36.8771,3001
a1409d89193dd0a7a4a54efb7c4b0b88,2XU3,igb1_di4_salt0.15_st0,-33.6875,3001
a1409d89193dd0a7a4a54efb7c4b0b88,2XU3,igb1_di4_salt0.15_st0.0072,-38.6616,3001
a1409d89193dd0a7a4a54efb7c4b0b88,2XU3,igb1_di4_salt0_st0,-33.6857,3001
a1409d89193dd0a7a4a54efb7c4b0b88,2XU3,igb1_di4_salt0_st0.0072,-38.6597,3001
a1409d89193dd0a7a4a54efb7c4b0b88,2XU3,igb2_di1_salt0.15_st0,-23.576,3001
a1409d89193dd0a7a4a54efb7c4b0b88,2XU3,igb2_di1_salt0.15_st0.0072,-28.5502,3001
a1409d89193dd0a7a4a54efb7c4b0b88,2XU3,igb2_di1_salt0_st0,-23.5737,3001
a1409d89193dd0a7a4a54efb7c4b0b88,2XU3,igb2_di1_salt0_st0.0072,-28.5477,3001
a1409d89193dd0a7a4a54efb7c4b0b88,2XU3,igb2_di2_salt0.15_st0,-29.5542,3001
a1409d89193dd0a7a4a54efb7c4b0b88,2XU3,igb2_di2_salt0.15_st0.0072,-34.5281,3001
a1409d89193dd0a7a4a54efb7c4b0b88,2XU3,igb2_di2_salt0_st0,-29.5518,3001
a1409d89193dd0a7a4a54efb7c4b0b88,2XU3,igb2_di2_salt0_st0.0072,-34.5258,3001
a1409d89193dd0a7a4a54efb7c4b0b88,2XU3,igb2_di4_salt0.15_st0,-32.5431,3001
a1409d89193dd0a7a4a54efb7c4b0b88,2XU3,igb2_di4_salt0.15_st0.0072,-37.5172,3001
a1409d89193dd0a7a4a54efb7c4b0b88,2XU3,igb2_di4_salt0_st0,-32.5409,3001
a1409d89193dd0a7a4a54efb7c4b0b88,2XU3,igb2_di4_salt0_st0.0072,-37.5148,3001
a1409d89193dd0a7a4a54efb7c4b0b88,2XU3,igb5_di1_salt0.15_st0,-24.9665,3001
a1409d89193dd0a7a4a54efb7c4b0b88,2XU3,igb5_di1_salt0.15_st0.0072,-29.9406,3001
a1409d89193dd0a7a4a54efb7c4b0b88,2XU3,igb5_di1_salt0_st0,-24.9645,3001
a1409d89193dd0a7a4a54efb7c4b0b88,2XU3,igb5_di1_salt0_st0.0072,-29.9386,3001
a1409d89193dd0a7a4a54efb7c4b0b88,2XU3,igb5_di2_salt0.15_st0,-30.24,3001
a1409d89193dd0a7a4a54efb7c4b0b88,2XU3,igb5_di2_salt0.15_st0.0072,-35.214,3001
a1409d89193dd0a7a4a54efb7c4b0b88,2XU3,igb5_di2_salt0_st0,-30.2382,3001
a1409d89193dd0a7a4a54efb7c4b0b88,2XU3,igb5_di2_salt0_st0.0072,-35.2123,3001
a1409d89193dd0a7a4a54efb7c4b0b88,2XU3,igb5_di4_salt0.15_st0,-32.8769,3001
a1409d89193dd0a7a4a54efb7c4b0b88,2XU3,igb5_di4_salt0.15_st0.0072,-37.8509,3001
a1409d89193dd0a7a4a54efb7c4b0b88,2XU3,igb5_di4_salt0_st0,-32.875,3001
a1409d89193dd0a7a4a54efb7c4b0b88,2XU3,igb5_di4_salt0_st0.0072,-37.8491,3001
a1409d89193dd0a7a4a54efb7c4b0b88,2XU3,igb8_di1_salt0.15_st0,-20.6922,3001
a1409d89193dd0a7a4a54efb7c4b0b88,2XU3,igb8_di1_salt0.15_st0.0072,-25.6663,3001
a1409d89193dd0a7a4a54efb7c4b0b88,2XU3,igb8_di1_salt0_st0,-20.716,3001
a1409d89193dd0a7a4a54efb7c4b0b88,2XU3,igb8_di1_salt0_st0.0072,-25.69,3001
a1409d89193dd0a7a4a54efb7c4b0b88,2XU3,igb8_di2_salt0.15_st0,-28.1176,3001
a1409d89193dd0a7a4a54efb7c4b0b88,2XU3,igb8_di2_salt0.15_st0.0072,-33.0915,3001
a1409d89193dd0a7a4a54efb7c4b0b88,2XU3,igb8_di2_salt0_st0,-28.1414,3001
a1409d89193dd0a7a4a54efb7c4b0b88,2XU3,igb8_di2_salt0_st0.0072,-33.1154,3001
a1409d89193dd0a7a4a54efb7c4b0b88,2XU3,igb8_di4_salt0.15_st0,-31.8302,3001
a1409d89193dd0a7a4a54efb7c4b0b88,2XU3,igb8_di4_salt0.15_st0.0072,-36.8043,3001
a1409d89193dd0a7a4a54efb7c4b0b88,2XU3,igb8_di4_salt0_st0,-31.854,3001
a1409d89193dd0a7a4a54efb7c4b0b88,2XU3,igb8_di4_salt0_st0.0072,-36.828,3001
a2698e5db085c1959923b7b6eca55067,8ELC,igb1_di1_salt0.15_st0,-27.4588,3001
a2698e5db085c1959923b7b6eca55067,8ELC,igb1_di1_salt0.15_st0.0072,-33.7484,3001
a2698e5db085c1959923b7b6eca55067,8ELC,igb1_di1_salt0_st0,-27.4654,3001
a2698e5db085c1959923b7b6eca55067,8ELC,igb1_di1_salt0_st0.0072,-33.7549,3001
a2698e5db085c1959923b7b6eca55067,8ELC,igb1_di2_salt0.15_st0,-35.2786,3001
a2698e5db085c1959923b7b6eca55067,8ELC,igb1_di2_salt0.15_st0.0072,-41.568,3001
a2698e5db085c1959923b7b6eca55067,8ELC,igb1_di2_salt0_st0,-35.2851,3001
a2698e5db085c1959923b7b6eca55067,8ELC,igb1_di2_salt0_st0.0072,-41.5746,3001
a2698e5db085c1959923b7b6eca55067,8ELC,igb1_di4_salt0.15_st0,-39.1884,3001
a2698e5db085c1959923b7b6eca55067,8ELC,igb1_di4_salt0.15_st0.0072,-45.4779,3001
a2698e5db085c1959923b7b6eca55067,8ELC,igb1_di4_salt0_st0,-39.1949,3001
a2698e5db085c1959923b7b6eca55067,8ELC,igb1_di4_salt0_st0.0072,-45.4845,3001
a2698e5db085c1959923b7b6eca55067,8ELC,igb2_di1_salt0.15_st0,-20.102,3001
a2698e5db085c1959923b7b6eca55067,8ELC,igb2_di1_salt0.15_st0.0072,-26.3915,3001
a2698e5db085c1959923b7b6eca55067,8ELC,igb2_di1_salt0_st0,-20.1098,3001
a2698e5db085c1959923b7b6eca55067,8ELC,igb2_di1_salt0_st0.0072,-26.3992,3001
a2698e5db085c1959923b7b6eca55067,8ELC,igb2_di2_salt0.15_st0,-31.6469,3001
a2698e5db085c1959923b7b6eca55067,8ELC,igb2_di2_salt0.15_st0.0072,-37.9365,3001
a2698e5db085c1959923b7b6eca55067,8ELC,igb2_di2_salt0_st0,-31.6547,3001
a2698e5db085c1959923b7b6eca55067,8ELC,igb2_di2_salt0_st0.0072,-37.9443,3001
a2698e5db085c1959923b7b6eca55067,8ELC,igb2_di4_salt0.15_st0,-37.4194,3001
a2698e5db085c1959923b7b6eca55067,8ELC,igb2_di4_salt0.15_st0.0072,-43.7089,3001
a2698e5db085c1959923b7b6eca55067,8ELC,igb2_di4_salt0_st0,-37.4273,3001
a2698e5db085c1959923b7b6eca55067,8ELC,igb2_di4_salt0_st0.0072,-43.7167,3001
a2698e5db085c1959923b7b6eca55067,8ELC,igb5_di1_salt0.15_st0,-21.2979,3001
a2698e5db085c1959923b7b6eca55067,8ELC,igb5_di1_salt0.15_st0.0072,-27.5873,3001
a2698e5db085c1959923b7b6eca55067,8ELC,igb5_di1_salt0_st0,-21.3098,3001
a2698e5db085c1959923b7b6eca55067,8ELC,igb5_di1_salt0_st0.0072,-27.5993,3001
a2698e5db085c1959923b7b6eca55067,8ELC,igb5_di2_salt0.15_st0,-32.2351,3001
a2698e5db085c1959923b7b6eca55067,8ELC,igb5_di2_salt0.15_st0.0072,-38.5246,3001
a2698e5db085c1959923b7b6eca55067,8ELC,igb5_di2_salt0_st0,-32.2471,3001
a2698e5db085c1959923b7b6eca55067,8ELC,igb5_di2_salt0_st0.0072,-38.5366,3001
a2698e5db085c1959923b7b6eca55067,8ELC,igb5_di4_salt0.15_st0,-37.7038,3001
a2698e5db085c1959923b7b6eca55067,8ELC,igb5_di4_salt0.15_st0.0072,-43.9933,3001
a2698e5db085c1959923b7b6eca55067,8ELC,igb5_di4_salt0_st0,-37.7157,3001
a2698e5db085c1959923b7b6eca55067,8ELC,igb5_di4_salt0_st0.0072,-44.0051,3001
a2698e5db085c1959923b7b6eca55067,8ELC,igb8_di1_salt0.15_st0,-13.558,3001
a2698e5db085c1959923b7b6eca55067,8ELC,igb8_di1_salt0.15_st0.0072,-19.8474,3001
a2698e5db085c1959923b7b6eca55067,8ELC,igb8_di1_salt0_st0,-13.5695,3001
a2698e5db085c1959923b7b6eca55067,8ELC,igb8_di1_salt0_st0.0072,-19.8589,3001
a2698e5db085c1959923b7b6eca55067,8ELC,igb8_di2_salt0.15_st0,-28.4155,3001
a2698e5db085c1959923b7b6eca55067,8ELC,igb8_di2_salt0.15_st0.0072,-34.7049,3001
a2698e5db085c1959923b7b6eca55067,8ELC,igb8_di2_salt0_st0,-28.4269,3001
a2698e5db085c1959923b7b6eca55067,8ELC,igb8_di2_salt0_st0.0072,-34.7163,3001
a2698e5db085c1959923b7b6eca55067,8ELC,igb8_di4_salt0.15_st0,-35.8441,3001
a2698e5db085c1959923b7b6eca55067,8ELC,igb8_di4_salt0.15_st0.0072,-42.1335,3001
a2698e5db085c1959923b7b6eca55067,8ELC,igb8_di4_salt0_st0,-35.8554,3001
a2698e5db085c1959923b7b6eca55067,8ELC,igb8_di4_salt0_st0.0072,-42.145,3001
a5b2fb04b878e9fff4b764e79cf06db2,9SI4,igb1_di1_salt0.15_st0,-22.1387,3001
a5b2fb04b878e9fff4b764e79cf06db2,9SI4,igb1_di1_salt0.15_st0.0072,-25.9394,3001
a5b2fb04b878e9fff4b764e79cf06db2,9SI4,igb1_di1_salt0_st0,-22.141,3001
a5b2fb04b878e9fff4b764e79cf06db2,9SI4,igb1_di1_salt0_st0.0072,-25.9415,3001
a5b2fb04b878e9fff4b764e79cf06db2,9SI4,igb1_di2_salt0.15_st0,-25.9446,3001
a5b2fb04b878e9fff4b764e79cf06db2,9SI4,igb1_di2_salt0.15_st0.0072,-29.7451,3001
a5b2fb04b878e9fff4b764e79cf06db2,9SI4,igb1_di2_salt0_st0,-25.9469,3001
a5b2fb04b878e9fff4b764e79cf06db2,9SI4,igb1_di2_salt0_st0.0072,-29.7475,3001
a5b2fb04b878e9fff4b764e79cf06db2,9SI4,igb1_di4_salt0.15_st0,-27.8475,3001
a5b2fb04b878e9fff4b764e79cf06db2,9SI4,igb1_di4_salt0.15_st0.0072,-31.6481,3001
a5b2fb04b878e9fff4b764e79cf06db2,9SI4,igb1_di4_salt0_st0,-27.8499,3001
a5b2fb04b878e9fff4b764e79cf06db2,9SI4,igb1_di4_salt0_st0.0072,-31.6505,3001
a5b2fb04b878e9fff4b764e79cf06db2,9SI4,igb2_di1_salt0.15_st0,-17.6812,3001
a5b2fb04b878e9fff4b764e79cf06db2,9SI4,igb2_di1_salt0.15_st0.0072,-21.4818,3001
a5b2fb04b878e9fff4b764e79cf06db2,9SI4,igb2_di1_salt0_st0,-17.6854,3001
a5b2fb04b878e9fff4b764e79cf06db2,9SI4,igb2_di1_salt0_st0.0072,-21.486,3001
a5b2fb04b878e9fff4b764e79cf06db2,9SI4,igb2_di2_salt0.15_st0,-23.7436,3001
a5b2fb04b878e9fff4b764e79cf06db2,9SI4,igb2_di2_salt0.15_st0.0072,-27.5443,3001
a5b2fb04b878e9fff4b764e79cf06db2,9SI4,igb2_di2_salt0_st0,-23.7478,3001
a5b2fb04b878e9fff4b764e79cf06db2,9SI4,igb2_di2_salt0_st0.0072,-27.5486,3001
a5b2fb04b878e9fff4b764e79cf06db2,9SI4,igb2_di4_salt0.15_st0,-26.7748,3001
a5b2fb04b878e9fff4b764e79cf06db2,9SI4,igb2_di4_salt0.15_st0.0072,-30.5755,3001
a5b2fb04b878e9fff4b764e79cf06db2,9SI4,igb2_di4_salt0_st0,-26.779,3001
a5b2fb04b878e9fff4b764e79cf06db2,9SI4,igb2_di4_salt0_st0.0072,-30.5797,3001
a5b2fb04b878e9fff4b764e79cf06db2,9SI4,igb5_di1_salt0.15_st0,-18.0375,3001
a5b2fb04b878e9fff4b764e79cf06db2,9SI4,igb5_di1_salt0.15_st0.0072,-21.8381,3001
a5b2fb04b878e9fff4b764e79cf06db2,9SI4,igb5_di1_salt0_st0,-18.0462,3001
a5b2fb04b878e9fff4b764e79cf06db2,9SI4,igb5_di1_salt0_st0.0072,-21.8467,3001
a5b2fb04b878e9fff4b764e79cf06db2,9SI4,igb5_di2_salt0.15_st0,-23.9173,3001
a5b2fb04b878e9fff4b764e79cf06db2,9SI4,igb5_di2_salt0.15_st0.0072,-27.718,3001
a5b2fb04b878e9fff4b764e79cf06db2,9SI4,igb5_di2_salt0_st0,-23.9258,3001
a5b2fb04b878e9fff4b764e79cf06db2,9SI4,igb5_di2_salt0_st0.0072,-27.7265,3001
a5b2fb04b878e9fff4b764e79cf06db2,9SI4,igb5_di4_salt0.15_st0,-26.8572,3001
a5b2fb04b878e9fff4b764e79cf06db2,9SI4,igb5_di4_salt0.15_st0.0072,-30.6579,3001
a5b2fb04b878e9fff4b764e79cf06db2,9SI4,igb5_di4_salt0_st0,-26.8657,3001
a5b2fb04b878e9fff4b764e79cf06db2,9SI4,igb5_di4_salt0_st0.0072,-30.6663,3001
a5b2fb04b878e9fff4b764e79cf06db2,9SI4,igb8_di1_salt0.15_st0,-15.3901,3001
a5b2fb04b878e9fff4b764e79cf06db2,9SI4,igb8_di1_salt0.15_st0.0072,-19.1905,3001
a5b2fb04b878e9fff4b764e79cf06db2,9SI4,igb8_di1_salt0_st0,-15.393,3001
a5b2fb04b878e9fff4b764e79cf06db2,9SI4,igb8_di1_salt0_st0.0072,-19.1937,3001
a5b2fb04b878e9fff4b764e79cf06db2,9SI4,igb8_di2_salt0.15_st0,-22.6134,3001
a5b2fb04b878e9fff4b764e79cf06db2,9SI4,igb8_di2_salt0.15_st0.0072,-26.4139,3001
a5b2fb04b878e9fff4b764e79cf06db2,9SI4,igb8_di2_salt0_st0,-22.6165,3001
a5b2fb04b878e9fff4b764e79cf06db2,9SI4,igb8_di2_salt0_st0.0072,-26.417,3001
a5b2fb04b878e9fff4b764e79cf06db2,9SI4,igb8_di4_salt0.15_st0,-26.225,3001
a5b2fb04b878e9fff4b764e79cf06db2,9SI4,igb8_di4_salt0.15_st0.0072,-30.0257,3001
a5b2fb04b878e9fff4b764e79cf06db2,9SI4,igb8_di4_salt0_st0,-26.2282,3001
a5b2fb04b878e9fff4b764e79cf06db2,9SI4,igb8_di4_salt0_st0.0072,-30.0288,3001
a864b4e510a4a9f05aa2438e3cebd634,2XU3,igb1_di1_salt0.15_st0,-22.6296,3001
a864b4e510a4a9f05aa2438e3cebd634,2XU3,igb1_di1_salt0.15_st0.0072,-26.8862,3001
a864b4e510a4a9f05aa2438e3cebd634,2XU3,igb1_di1_salt0_st0,-22.6701,3001
a864b4e510a4a9f05aa2438e3cebd634,2XU3,igb1_di1_salt0_st0.0072,-26.9265,3001
a864b4e510a4a9f05aa2438e3cebd634,2XU3,igb1_di2_salt0.15_st0,-26.3298,3001
a864b4e510a4a9f05aa2438e3cebd634,2XU3,igb1_di2_salt0.15_st0.0072,-30.5862,3001
a864b4e510a4a9f05aa2438e3cebd634,2XU3,igb1_di2_salt0_st0,-26.3701,3001
a864b4e510a4a9f05aa2438e3cebd634,2XU3,igb1_di2_salt0_st0.0072,-30.6265,3001
a864b4e510a4a9f05aa2438e3cebd634,2XU3,igb1_di4_salt0.15_st0,-28.1798,3001
a864b4e510a4a9f05aa2438e3cebd634,2XU3,igb1_di4_salt0.15_st0.0072,-32.4363,3001
a864b4e510a4a9f05aa2438e3cebd634,2XU3,igb1_di4_salt0_st0,-28.2201,3001
a864b4e510a4a9f05aa2438e3cebd634,2XU3,igb1_di4_salt0_st0.0072,-32.4766,3001
a864b4e510a4a9f05aa2438e3cebd634,2XU3,igb2_di1_salt0.15_st0,-18.0247,3001
a864b4e510a4a9f05aa2438e3cebd634,2XU3,igb2_di1_salt0.15_st0.0072,-22.2811,3001
a864b4e510a4a9f05aa2438e3cebd634,2XU3,igb2_di1_salt0_st0,-18.0645,3001
a864b4e510a4a9f05aa2438e3cebd634,2XU3,igb2_di1_salt0_st0.0072,-22.3209,3001
a864b4e510a4a9f05aa2438e3cebd634,2XU3,igb2_di2_salt0.15_st0,-24.0572,3001
a864b4e510a4a9f05aa2438e3cebd634,2XU3,igb2_di2_salt0.15_st0.0072,-28.3137,3001
a864b4e510a4a9f05aa2438e3cebd634,2XU3,igb2_di2_salt0_st0,-24.097,3001
a864b4e510a4a9f05aa2438e3cebd634,2XU3,igb2_di2_salt0_st0.0072,-28.3535,3001
a864b4e510a4a9f05aa2438e3cebd634,2XU3,igb2_di4_salt0.15_st0,-27.0735,3001
a864b4e510a4a9f05aa2438e3cebd634,2XU3,igb2_di4_salt0.15_st0.0072,-31.3299,3001
a864b4e510a4a9f05aa2438e3cebd634,2XU3,igb2_di4_salt0_st0,-27.1133,3001
a864b4e510a4a9f05aa2438e3cebd634,2XU3,igb2_di4_salt0_st0.0072,-31.3696,3001
a864b4e510a4a9f05aa2438e3cebd634,2XU3,igb5_di1_salt0.15_st0,-19.0522,3001
a864b4e510a4a9f05aa2438e3cebd634,2XU3,igb5_di1_salt0.15_st0.0072,-23.3084,3001
a864b4e510a4a9f05aa2438e3cebd634,2XU3,igb5_di1_salt0_st0,-19.0919,3001
a864b4e510a4a9f05aa2438e3cebd634,2XU3,igb5_di1_salt0_st0.0072,-23.3483,3001
a864b4e510a4a9f05aa2438e3cebd634,2XU3,igb5_di2_salt0.15_st0,-24.5642,3001
a864b4e510a4a9f05aa2438e3cebd634,2XU3,igb5_di2_salt0.15_st0.0072,-28.8207,3001
a864b4e510a4a9f05aa2438e3cebd634,2XU3,igb5_di2_salt0_st0,-24.6042,3001
a864b4e510a4a9f05aa2438e3cebd634,2XU3,igb5_di2_salt0_st0.0072,-28.8605,3001
a864b4e510a4a9f05aa2438e3cebd634,2XU3,igb5_di4_salt0.15_st0,-27.3203,3001
a864b4e510a4a9f05aa2438e3cebd634,2XU3,igb5_di4_salt0.15_st0.0072,-31.5768,3001
a864b4e510a4a9f05aa2438e3cebd634,2XU3,igb5_di4_salt0_st0,-27.3602,3001
a864b4e510a4a9f05aa2438e3cebd634,2XU3,igb5_di4_salt0_st0.0072,-31.6166,3001
a864b4e510a4a9f05aa2438e3cebd634,2XU3,igb8_di1_salt0.15_st0,-19.6304,3001
a864b4e510a4a9f05aa2438e3cebd634,2XU3,igb8_di1_salt0.15_st0.0072,-23.8867,3001
a864b4e510a4a9f05aa2438e3cebd634,2XU3,igb8_di1_salt0_st0,-19.6721,3001
a864b4e510a4a9f05aa2438e3cebd634,2XU3,igb8_di1_salt0_st0.0072,-23.9287,3001
a864b4e510a4a9f05aa2438e3cebd634,2XU3,igb8_di2_salt0.15_st0,-24.8486,3001
a864b4e510a4a9f05aa2438e3cebd634,2XU3,igb8_di2_salt0.15_st0.0072,-29.1049,3001
a864b4e510a4a9f05aa2438e3cebd634,2XU3,igb8_di2_salt0_st0,-24.8906,3001
a864b4e510a4a9f05aa2438e3cebd634,2XU3,igb8_di2_salt0_st0.0072,-29.1469,3001
a864b4e510a4a9f05aa2438e3cebd634,2XU3,igb8_di4_salt0.15_st0,-27.4577,3001
a864b4e510a4a9f05aa2438e3cebd634,2XU3,igb8_di4_salt0.15_st0.0072,-31.7142,3001
a864b4e510a4a9f05aa2438e3cebd634,2XU3,igb8_di4_salt0_st0,-27.4997,3001
a864b4e510a4a9f05aa2438e3cebd634,2XU3,igb8_di4_salt0_st0.0072,-31.756,3001
a9feaf2e38ac31b8f513a09f91500ce9,5HU9,igb1_di1_salt0.15_st0,-16.6635,3001
a9feaf2e38ac31b8f513a09f91500ce9,5HU9,igb1_di1_salt0.15_st0.0072,-19.8332,3001
a9feaf2e38ac31b8f513a09f91500ce9,5HU9,igb1_di1_salt0_st0,-16.663,3001
a9feaf2e38ac31b8f513a09f91500ce9,5HU9,igb1_di1_salt0_st0.0072,-19.8325,3001
a9feaf2e38ac31b8f513a09f91500ce9,5HU9,igb1_di2_salt0.15_st0,-20.5243,3001
a9feaf2e38ac31b8f513a09f91500ce9,5HU9,igb1_di2_salt0.15_st0.0072,-23.6939,3001
a9feaf2e38ac31b8f513a09f91500ce9,5HU9,igb1_di2_salt0_st0,-20.5237,3001
a9feaf2e38ac31b8f513a09f91500ce9,5HU9,igb1_di2_salt0_st0.0072,-23.6934,3001
a9feaf2e38ac31b8f513a09f91500ce9,5HU9,igb1_di4_salt0.15_st0,-22.4547,3001
a9feaf2e38ac31b8f513a09f91500ce9,5HU9,igb1_di4_salt0.15_st0.0072,-25.6243,3001
a9feaf2e38ac31b8f513a09f91500ce9,5HU9,igb1_di4_salt0_st0,-22.4542,3001
a9feaf2e38ac31b8f513a09f91500ce9,5HU9,igb1_di4_salt0_st0.0072,-25.6237,3001
a9feaf2e38ac31b8f513a09f91500ce9,5HU9,igb2_di1_salt0.15_st0,-14.7991,3001
a9feaf2e38ac31b8f513a09f91500ce9,5HU9,igb2_di1_salt0.15_st0.0072,-17.9687,3001
a9feaf2e38ac31b8f513a09f91500ce9,5HU9,igb2_di1_salt0_st0,-14.798,3001
a9feaf2e38ac31b8f513a09f91500ce9,5HU9,igb2_di1_salt0_st0.0072,-17.9676,3001
a9feaf2e38ac31b8f513a09f91500ce9,5HU9,igb2_di2_salt0.15_st0,-19.6044,3001
a9feaf2e38ac31b8f513a09f91500ce9,5HU9,igb2_di2_salt0.15_st0.0072,-22.774,3001
a9feaf2e38ac31b8f513a09f91500ce9,5HU9,igb2_di2_salt0_st0,-19.6033,3001
a9feaf2e38ac31b8f513a09f91500ce9,5HU9,igb2_di2_salt0_st0.0072,-22.7729,3001
a9feaf2e38ac31b8f513a09f91500ce9,5HU9,igb2_di4_salt0.15_st0,-22.007,3001
a9feaf2e38ac31b8f513a09f91500ce9,5HU9,igb2_di4_salt0.15_st0.0072,-25.1767,3001
a9feaf2e38ac31b8f513a09f91500ce9,5HU9,igb2_di4_salt0_st0,-22.006,3001
a9feaf2e38ac31b8f513a09f91500ce9,5HU9,igb2_di4_salt0_st0.0072,-25.1757,3001
a9feaf2e38ac31b8f513a09f91500ce9,5HU9,igb5_di1_salt0.15_st0,-15.2465,3001
a9feaf2e38ac31b8f513a09f91500ce9,5HU9,igb5_di1_salt0.15_st0.0072,-18.4162,3001
a9feaf2e38ac31b8f513a09f91500ce9,5HU9,igb5_di1_salt0_st0,-15.2454,3001
a9feaf2e38ac31b8f513a09f91500ce9,5HU9,igb5_di1_salt0_st0.0072,-18.415,3001
a9feaf2e38ac31b8f513a09f91500ce9,5HU9,igb5_di2_salt0.15_st0,-19.8253,3001
a9feaf2e38ac31b8f513a09f91500ce9,5HU9,igb5_di2_salt0.15_st0.0072,-22.9949,3001
a9feaf2e38ac31b8f513a09f91500ce9,5HU9,igb5_di2_salt0_st0,-19.8241,3001
a9feaf2e38ac31b8f513a09f91500ce9,5HU9,igb5_di2_salt0_st0.0072,-22.9937,3001
a9feaf2e38ac31b8f513a09f91500ce9,5HU9,igb5_di4_salt0.15_st0,-22.1147,3001
a9feaf2e38ac31b8f513a09f91500ce9,5HU9,igb5_di4_salt0.15_st0.0072,-25.2842,3001
a9feaf2e38ac31b8f513a09f91500ce9,5HU9,igb5_di4_salt0_st0,-22.1135,3001
a9feaf2e38ac31b8f513a09f91500ce9,5HU9,igb5_di4_salt0_st0.0072,-25.283,3001
a9feaf2e38ac31b8f513a09f91500ce9,5HU9,igb8_di1_salt0.15_st0,-12.7398,3001
a9feaf2e38ac31b8f513a09f91500ce9,5HU9,igb8_di1_salt0.15_st0.0072,-15.9092,3001
a9feaf2e38ac31b8f513a09f91500ce9,5HU9,igb8_di1_salt0_st0,-12.7463,3001
a9feaf2e38ac31b8f513a09f91500ce9,5HU9,igb8_di1_salt0_st0.0072,-15.9159,3001
a9feaf2e38ac31b8f513a09f91500ce9,5HU9,igb8_di2_salt0.15_st0,-18.584,3001
a9feaf2e38ac31b8f513a09f91500ce9,5HU9,igb8_di2_salt0.15_st0.0072,-21.7538,3001
a9feaf2e38ac31b8f513a09f91500ce9,5HU9,igb8_di2_salt0_st0,-18.5907,3001
a9feaf2e38ac31b8f513a09f91500ce9,5HU9,igb8_di2_salt0_st0.0072,-21.7604,3001
a9feaf2e38ac31b8f513a09f91500ce9,5HU9,igb8_di4_salt0.15_st0,-21.5062,3001
a9feaf2e38ac31b8f513a09f91500ce9,5HU9,igb8_di4_salt0.15_st0.0072,-24.6758,3001
a9feaf2e38ac31b8f513a09f91500ce9,5HU9,igb8_di4_salt0_st0,-21.5129,3001
a9feaf2e38ac31b8f513a09f91500ce9,5HU9,igb8_di4_salt0_st0.0072,-24.6825,3001
aa4ab13cb4df4d90f08700b97350a57b,4QB3,igb1_di1_salt0.15_st0,-22.1432,3001
aa4ab13cb4df4d90f08700b97350a57b,4QB3,igb1_di1_salt0.15_st0.0072,-26.6215,3001
aa4ab13cb4df4d90f08700b97350a57b,4QB3,igb1_di1_salt0_st0,-22.1302,3001
aa4ab13cb4df4d90f08700b97350a57b,4QB3,igb1_di1_salt0_st0.0072,-26.6086,3001
aa4ab13cb4df4d90f08700b97350a57b,4QB3,igb1_di2_salt0.15_st0,-27.5734,3001
aa4ab13cb4df4d90f08700b97350a57b,4QB3,igb1_di2_salt0.15_st0.0072,-32.0516,3001
aa4ab13cb4df4d90f08700b97350a57b,4QB3,igb1_di2_salt0_st0,-27.5602,3001
aa4ab13cb4df4d90f08700b97350a57b,4QB3,igb1_di2_salt0_st0.0072,-32.0386,3001
aa4ab13cb4df4d90f08700b97350a57b,4QB3,igb1_di4_salt0.15_st0,-30.2884,3001
aa4ab13cb4df4d90f08700b97350a57b,4QB3,igb1_di4_salt0.15_st0.0072,-34.7666,3001
aa4ab13cb4df4d90f08700b97350a57b,4QB3,igb1_di4_salt0_st0,-30.2755,3001
aa4ab13cb4df4d90f08700b97350a57b,4QB3,igb1_di4_salt0_st0.0072,-34.7535,3001
aa4ab13cb4df4d90f08700b97350a57b,4QB3,igb2_di1_salt0.15_st0,-19.4344,3001
aa4ab13cb4df4d90f08700b97350a57b,4QB3,igb2_di1_salt0.15_st0.0072,-23.9126,3001
aa4ab13cb4df4d90f08700b97350a57b,4QB3,igb2_di1_salt0_st0,-19.4206,3001
aa4ab13cb4df4d90f08700b97350a57b,4QB3,igb2_di1_salt0_st0.0072,-23.8989,3001
aa4ab13cb4df4d90f08700b97350a57b,4QB3,igb2_di2_salt0.15_st0,-26.2367,3001
aa4ab13cb4df4d90f08700b97350a57b,4QB3,igb2_di2_salt0.15_st0.0072,-30.715,3001
aa4ab13cb4df4d90f08700b97350a57b,4QB3,igb2_di2_salt0_st0,-26.223,3001
aa4ab13cb4df4d90f08700b97350a57b,4QB3,igb2_di2_salt0_st0.0072,-30.7012,3001
aa4ab13cb4df4d90f08700b97350a57b,4QB3,igb2_di4_salt0.15_st0,-29.638,3001
aa4ab13cb4df4d90f08700b97350a57b,4QB3,igb2_di4_salt0.15_st0.0072,-34.1161,3001
aa4ab13cb4df4d90f08700b97350a57b,4QB3,igb2_di4_salt0_st0,-29.6241,3001
aa4ab13cb4df4d90f08700b97350a57b,4QB3,igb2_di4_salt0_st0.0072,-34.1024,3001
aa4ab13cb4df4d90f08700b97350a57b,4QB3,igb5_di1_salt0.15_st0,-20.0232,3001
aa4ab13cb4df4d90f08700b97350a57b,4QB3,igb5_di1_salt0.15_st0.0072,-24.5014,3001
aa4ab13cb4df4d90f08700b97350a57b,4QB3,igb5_di1_salt0_st0,-20.0084,3001
aa4ab13cb4df4d90f08700b97350a57b,4QB3,igb5_di1_salt0_st0.0072,-24.4866,3001
aa4ab13cb4df4d90f08700b97350a57b,4QB3,igb5_di2_salt0.15_st0,-26.5279,3001
aa4ab13cb4df4d90f08700b97350a57b,4QB3,igb5_di2_salt0.15_st0.0072,-31.0061,3001
aa4ab13cb4df4d90f08700b97350a57b,4QB3,igb5_di2_salt0_st0,-26.5131,3001
aa4ab13cb4df4d90f08700b97350a57b,4QB3,igb5_di2_salt0_st0.0072,-30.9913,3001
aa4ab13cb4df4d90f08700b97350a57b,4QB3,igb5_di4_salt0.15_st0,-29.7802,3001
aa4ab13cb4df4d90f08700b97350a57b,4QB3,igb5_di4_salt0.15_st0.0072,-34.2584,3001
aa4ab13cb4df4d90f08700b97350a57b,4QB3,igb5_di4_salt0_st0,-29.7655,3001
aa4ab13cb4df4d90f08700b97350a57b,4QB3,igb5_di4_salt0_st0.0072,-34.2437,3001
aa4ab13cb4df4d90f08700b97350a57b,4QB3,igb8_di1_salt0.15_st0,-20.8731,3001
aa4ab13cb4df4d90f08700b97350a57b,4QB3,igb8_di1_salt0.15_st0.0072,-25.3514,3001
aa4ab13cb4df4d90f08700b97350a57b,4QB3,igb8_di1_salt0_st0,-20.8633,3001
aa4ab13cb4df4d90f08700b97350a57b,4QB3,igb8_di1_salt0_st0.0072,-25.3416,3001
aa4ab13cb4df4d90f08700b97350a57b,4QB3,igb8_di2_salt0.15_st0,-26.9449,3001
aa4ab13cb4df4d90f08700b97350a57b,4QB3,igb8_di2_salt0.15_st0.0072,-31.4231,3001
aa4ab13cb4df4d90f08700b97350a57b,4QB3,igb8_di2_salt0_st0,-26.935,3001
aa4ab13cb4df4d90f08700b97350a57b,4QB3,igb8_di2_salt0_st0.0072,-31.4133,3001
aa4ab13cb4df4d90f08700b97350a57b,4QB3,igb8_di4_salt0.15_st0,-29.9807,3001
aa4ab13cb4df4d90f08700b97350a57b,4QB3,igb8_di4_salt0.15_st0.0072,-34.4589,3001
aa4ab13cb4df4d90f08700b97350a57b,4QB3,igb8_di4_salt0_st0,-29.9708,3001
aa4ab13cb4df4d90f08700b97350a57b,4QB3,igb8_di4_salt0_st0.0072,-34.4491,3001
ab32da1f7ea48da050cb3f074c41b42f,4L7G,igb1_di1_salt0.15_st0,-19.5421,3001
ab32da1f7ea48da050cb3f074c41b42f,4L7G,igb1_di1_salt0.15_st0.0072,-23.9054,3001
ab32da1f7ea48da050cb3f074c41b42f,4L7G,igb1_di1_salt0_st0,-19.5505,3001
ab32da1f7ea48da050cb3f074c41b42f,4L7G,igb1_di1_salt0_st0.0072,-23.9137,3001
ab32da1f7ea48da050cb3f074c41b42f,4L7G,igb1_di2_salt0.15_st0,-24.6052,3001
ab32da1f7ea48da050cb3f074c41b42f,4L7G,igb1_di2_salt0.15_st0.0072,-28.9683,3001
ab32da1f7ea48da050cb3f074c41b42f,4L7G,igb1_di2_salt0_st0,-24.6134,3001
ab32da1f7ea48da050cb3f074c41b42f,4L7G,igb1_di2_salt0_st0.0072,-28.9767,3001
ab32da1f7ea48da050cb3f074c41b42f,4L7G,igb1_di4_salt0.15_st0,-27.1366,3001
ab32da1f7ea48da050cb3f074c41b42f,4L7G,igb1_di4_salt0.15_st0.0072,-31.4997,3001
ab32da1f7ea48da050cb3f074c41b42f,4L7G,igb1_di4_salt0_st0,-27.145,3001
ab32da1f7ea48da050cb3f074c41b42f,4L7G,igb1_di4_salt0_st0.0072,-31.5083,3001
ab32da1f7ea48da050cb3f074c41b42f,4L7G,igb2_di1_salt0.15_st0,-13.3981,3001
ab32da1f7ea48da050cb3f074c41b42f,4L7G,igb2_di1_salt0.15_st0.0072,-17.7613,3001
ab32da1f7ea48da050cb3f074c41b42f,4L7G,igb2_di1_salt0_st0,-13.409,3001
ab32da1f7ea48da050cb3f074c41b42f,4L7G,igb2_di1_salt0_st0.0072,-17.7722,3001
ab32da1f7ea48da050cb3f074c41b42f,4L7G,igb2_di2_salt0.15_st0,-21.5714,3001
ab32da1f7ea48da050cb3f074c41b42f,4L7G,igb2_di2_salt0.15_st0.0072,-25.9345,3001
ab32da1f7ea48da050cb3f074c41b42f,4L7G,igb2_di2_salt0_st0,-21.5823,3001
ab32da1f7ea48da050cb3f074c41b42f,4L7G,igb2_di2_salt0_st0.0072,-25.9455,3001
ab32da1f7ea48da050cb3f074c41b42f,4L7G,igb2_di4_salt0.15_st0,-25.6582,3001
ab32da1f7ea48da050cb3f074c41b42f,4L7G,igb2_di4_salt0.15_st0.0072,-30.0214,3001
ab32da1f7ea48da050cb3f074c41b42f,4L7G,igb2_di4_salt0_st0,-25.6691,3001
ab32da1f7ea48da050cb3f074c41b42f,4L7G,igb2_di4_salt0_st0.0072,-30.0322,3001
ab32da1f7ea48da050cb3f074c41b42f,4L7G,igb5_di1_salt0.15_st0,-14.2006,3001
ab32da1f7ea48da050cb3f074c41b42f,4L7G,igb5_di1_salt0.15_st0.0072,-18.5639,3001
ab32da1f7ea48da050cb3f074c41b42f,4L7G,igb5_di1_salt0_st0,-14.2177,3001
ab32da1f7ea48da050cb3f074c41b42f,4L7G,igb5_di1_salt0_st0.0072,-18.5809,3001
ab32da1f7ea48da050cb3f074c41b42f,4L7G,igb5_di2_salt0.15_st0,-21.9644,3001
ab32da1f7ea48da050cb3f074c41b42f,4L7G,igb5_di2_salt0.15_st0.0072,-26.3278,3001
ab32da1f7ea48da050cb3f074c41b42f,4L7G,igb5_di2_salt0_st0,-21.9815,3001
ab32da1f7ea48da050cb3f074c41b42f,4L7G,igb5_di2_salt0_st0.0072,-26.3447,3001
ab32da1f7ea48da050cb3f074c41b42f,4L7G,igb5_di4_salt0.15_st0,-25.8463,3001
ab32da1f7ea48da050cb3f074c41b42f,4L7G,igb5_di4_salt0.15_st0.0072,-30.2095,3001
ab32da1f7ea48da050cb3f074c41b42f,4L7G,igb5_di4_salt0_st0,-25.8635,3001
ab32da1f7ea48da050cb3f074c41b42f,4L7G,igb5_di4_salt0_st0.0072,-30.2266,3001
ab32da1f7ea48da050cb3f074c41b42f,4L7G,igb8_di1_salt0.15_st0,-8.4719,3001
ab32da1f7ea48da050cb3f074c41b42f,4L7G,igb8_di1_salt0.15_st0.0072,-12.835,3001
ab32da1f7ea48da050cb3f074c41b42f,4L7G,igb8_di1_salt0_st0,-8.4845,3001
ab32da1f7ea48da050cb3f074c41b42f,4L7G,igb8_di1_salt0_st0.0072,-12.8476,3001
ab32da1f7ea48da050cb3f074c41b42f,4L7G,igb8_di2_salt0.15_st0,-19.1392,3001
ab32da1f7ea48da050cb3f074c41b42f,4L7G,igb8_di2_salt0.15_st0.0072,-23.5025,3001
ab32da1f7ea48da050cb3f074c41b42f,4L7G,igb8_di2_salt0_st0,-19.1518,3001
ab32da1f7ea48da050cb3f074c41b42f,4L7G,igb8_di2_salt0_st0.0072,-23.515,3001
ab32da1f7ea48da050cb3f074c41b42f,4L7G,igb8_di4_salt0.15_st0,-24.4729,3001
ab32da1f7ea48da050cb3f074c41b42f,4L7G,igb8_di4_salt0.15_st0.0072,-28.8361,3001
ab32da1f7ea48da050cb3f074c41b42f,4L7G,igb8_di4_salt0_st0,-24.4857,3001
ab32da1f7ea48da050cb3f074c41b42f,4L7G,igb8_di4_salt0_st0.0072,-28.8487,3001
ac6254a319053d53d01f6c8c06bc783d,4QB3,igb1_di1_salt0.15_st0,-29.4825,3001
ac6254a319053d53d01f6c8c06bc783d,4QB3,igb1_di1_salt0.15_st0.0072,-34.6955,3001
ac6254a319053d53d01f6c8c06bc783d,4QB3,igb1_di1_salt0_st0,-29.4774,3001
ac6254a319053d53d01f6c8c06bc783d,4QB3,igb1_di1_salt0_st0.0072,-34.6904,3001
ac6254a319053d53d01f6c8c06bc783d,4QB3,igb1_di2_salt0.15_st0,-34.7193,3001
ac6254a319053d53d01f6c8c06bc783d,4QB3,igb1_di2_salt0.15_st0.0072,-39.9323,3001
ac6254a319053d53d01f6c8c06bc783d,4QB3,igb1_di2_salt0_st0,-34.7142,3001
ac6254a319053d53d01f6c8c06bc783d,4QB3,igb1_di2_salt0_st0.0072,-39.9272,3001
ac6254a319053d53d01f6c8c06bc783d,4QB3,igb1_di4_salt0.15_st0,-37.3377,3001
ac6254a319053d53d01f6c8c06bc783d,4QB3,igb1_di4_salt0.15_st0.0072,-42.5507,3001
ac6254a319053d53d01f6c8c06bc783d,4QB3,igb1_di4_salt0_st0,-37.3325,3001
ac6254a319053d53d01f6c8c06bc783d,4QB3,igb1_di4_salt0_st0.0072,-42.5454,3001
ac6254a319053d53d01f6c8c06bc783d,4QB3,igb2_di1_salt0.15_st0,-26.2943,3001
ac6254a319053d53d01f6c8c06bc783d,4QB3,igb2_di1_salt0.15_st0.0072,-31.5073,3001
ac6254a319053d53d01f6c8c06bc783d,4QB3,igb2_di1_salt0_st0,-26.2873,3001
ac6254a319053d53d01f6c8c06bc783d,4QB3,igb2_di1_salt0_st0.0072,-31.5003,3001
ac6254a319053d53d01f6c8c06bc783d,4QB3,igb2_di2_salt0.15_st0,-33.1465,3001
ac6254a319053d53d01f6c8c06bc783d,4QB3,igb2_di2_salt0.15_st0.0072,-38.3597,3001
ac6254a319053d53d01f6c8c06bc783d,4QB3,igb2_di2_salt0_st0,-33.1396,3001
ac6254a319053d53d01f6c8c06bc783d,4QB3,igb2_di2_salt0_st0.0072,-38.3526,3001
ac6254a319053d53d01f6c8c06bc783d,4QB3,igb2_di4_salt0.15_st0,-36.5727,3001
ac6254a319053d53d01f6c8c06bc783d,4QB3,igb2_di4_salt0.15_st0.0072,-41.7858,3001
ac6254a319053d53d01f6c8c06bc783d,4QB3,igb2_di4_salt0_st0,-36.5658,3001
ac6254a319053d53d01f6c8c06bc783d,4QB3,igb2_di4_salt0_st0.0072,-41.7787,3001
ac6254a319053d53d01f6c8c06bc783d,4QB3,igb5_di1_salt0.15_st0,-28.0097,3001
ac6254a319053d53d01f6c8c06bc783d,4QB3,igb5_di1_salt0.15_st0.0072,-33.2228,3001
ac6254a319053d53d01f6c8c06bc783d,4QB3,igb5_di1_salt0_st0,-28.0006,3001
ac6254a319053d53d01f6c8c06bc783d,4QB3,igb5_di1_salt0_st0.0072,-33.2135,3001
ac6254a319053d53d01f6c8c06bc783d,4QB3,igb5_di2_salt0.15_st0,-33.9944,3001
ac6254a319053d53d01f6c8c06bc783d,4QB3,igb5_di2_salt0.15_st0.0072,-39.2073,3001
ac6254a319053d53d01f6c8c06bc783d,4QB3,igb5_di2_salt0_st0,-33.9852,3001
ac6254a319053d53d01f6c8c06bc783d,4QB3,igb5_di2_salt0_st0.0072,-39.1982,3001
ac6254a319053d53d01f6c8c06bc783d,4QB3,igb5_di4_salt0.15_st0,-36.9866,3001
ac6254a319053d53d01f6c8c06bc783d,4QB3,igb5_di4_salt0.15_st0.0072,-42.1997,3001
ac6254a319053d53d01f6c8c06bc783d,4QB3,igb5_di4_salt0_st0,-36.9774,3001
ac6254a319053d53d01f6c8c06bc783d,4QB3,igb5_di4_salt0_st0.0072,-42.1905,3001
ac6254a319053d53d01f6c8c06bc783d,4QB3,igb8_di1_salt0.15_st0,-26.7347,3001
ac6254a319053d53d01f6c8c06bc783d,4QB3,igb8_di1_salt0.15_st0.0072,-31.9475,3001
ac6254a319053d53d01f6c8c06bc783d,4QB3,igb8_di1_salt0_st0,-26.7292,3001
ac6254a319053d53d01f6c8c06bc783d,4QB3,igb8_di1_salt0_st0.0072,-31.9421,3001
ac6254a319053d53d01f6c8c06bc783d,4QB3,igb8_di2_salt0.15_st0,-33.363,3001
ac6254a319053d53d01f6c8c06bc783d,4QB3,igb8_di2_salt0.15_st0.0072,-38.5761,3001
ac6254a319053d53d01f6c8c06bc783d,4QB3,igb8_di2_salt0_st0,-33.3578,3001
ac6254a319053d53d01f6c8c06bc783d,4QB3,igb8_di2_salt0_st0.0072,-38.5707,3001
ac6254a319053d53d01f6c8c06bc783d,4QB3,igb8_di4_salt0.15_st0,-36.6774,3001
ac6254a319053d53d01f6c8c06bc783d,4QB3,igb8_di4_salt0.15_st0.0072,-41.8903,3001
ac6254a319053d53d01f6c8c06bc783d,4QB3,igb8_di4_salt0_st0,-36.672,3001
ac6254a319053d53d01f6c8c06bc783d,4QB3,igb8_di4_salt0_st0.0072,-41.885,3001
ace45146c6a78c8039ff1fcd87b39fda,9D9I,igb1_di1_salt0.15_st0,-25.0793,3001
ace45146c6a78c8039ff1fcd87b39fda,9D9I,igb1_di1_salt0.15_st0.0072,-30.1964,3001
ace45146c6a78c8039ff1fcd87b39fda,9D9I,igb1_di1_salt0_st0,-25.075,3001
ace45146c6a78c8039ff1fcd87b39fda,9D9I,igb1_di1_salt0_st0.0072,-30.1925,3001
ace45146c6a78c8039ff1fcd87b39fda,9D9I,igb1_di2_salt0.15_st0,-31.6046,3001
ace45146c6a78c8039ff1fcd87b39fda,9D9I,igb1_di2_salt0.15_st0.0072,-36.7221,3001
ace45146c6a78c8039ff1fcd87b39fda,9D9I,igb1_di2_salt0_st0,-31.6005,3001
ace45146c6a78c8039ff1fcd87b39fda,9D9I,igb1_di2_salt0_st0.0072,-36.718,3001
ace45146c6a78c8039ff1fcd87b39fda,9D9I,igb1_di4_salt0.15_st0,-34.8674,3001
ace45146c6a78c8039ff1fcd87b39fda,9D9I,igb1_di4_salt0.15_st0.0072,-39.9849,3001
ace45146c6a78c8039ff1fcd87b39fda,9D9I,igb1_di4_salt0_st0,-34.8632,3001
ace45146c6a78c8039ff1fcd87b39fda,9D9I,igb1_di4_salt0_st0.0072,-39.9806,3001
ace45146c6a78c8039ff1fcd87b39fda,9D9I,igb2_di1_salt0.15_st0,-20.6848,3001
ace45146c6a78c8039ff1fcd87b39fda,9D9I,igb2_di1_salt0.15_st0.0072,-25.8023,3001
ace45146c6a78c8039ff1fcd87b39fda,9D9I,igb2_di1_salt0_st0,-20.6802,3001
ace45146c6a78c8039ff1fcd87b39fda,9D9I,igb2_di1_salt0_st0.0072,-25.7978,3001
ace45146c6a78c8039ff1fcd87b39fda,9D9I,igb2_di2_salt0.15_st0,-29.4361,3001
ace45146c6a78c8039ff1fcd87b39fda,9D9I,igb2_di2_salt0.15_st0.0072,-34.5534,3001
ace45146c6a78c8039ff1fcd87b39fda,9D9I,igb2_di2_salt0_st0,-29.4315,3001
ace45146c6a78c8039ff1fcd87b39fda,9D9I,igb2_di2_salt0_st0.0072,-34.549,3001
ace45146c6a78c8039ff1fcd87b39fda,9D9I,igb2_di4_salt0.15_st0,-33.8115,3001
ace45146c6a78c8039ff1fcd87b39fda,9D9I,igb2_di4_salt0.15_st0.0072,-38.9291,3001
ace45146c6a78c8039ff1fcd87b39fda,9D9I,igb2_di4_salt0_st0,-33.8071,3001
ace45146c6a78c8039ff1fcd87b39fda,9D9I,igb2_di4_salt0_st0.0072,-38.9246,3001
ace45146c6a78c8039ff1fcd87b39fda,9D9I,igb5_di1_salt0.15_st0,-21.7732,3001
ace45146c6a78c8039ff1fcd87b39fda,9D9I,igb5_di1_salt0.15_st0.0072,-26.8905,3001
ace45146c6a78c8039ff1fcd87b39fda,9D9I,igb5_di1_salt0_st0,-21.7695,3001
ace45146c6a78c8039ff1fcd87b39fda,9D9I,igb5_di1_salt0_st0.0072,-26.887,3001
ace45146c6a78c8039ff1fcd87b39fda,9D9I,igb5_di2_salt0.15_st0,-29.9727,3001
ace45146c6a78c8039ff1fcd87b39fda,9D9I,igb5_di2_salt0.15_st0.0072,-35.09,3001
ace45146c6a78c8039ff1fcd87b39fda,9D9I,igb5_di2_salt0_st0,-29.9691,3001
ace45146c6a78c8039ff1fcd87b39fda,9D9I,igb5_di2_salt0_st0.0072,-35.0866,3001
ace45146c6a78c8039ff1fcd87b39fda,9D9I,igb5_di4_salt0.15_st0,-34.0723,3001
ace45146c6a78c8039ff1fcd87b39fda,9D9I,igb5_di4_salt0.15_st0.0072,-39.1899,3001
ace45146c6a78c8039ff1fcd87b39fda,9D9I,igb5_di4_salt0_st0,-34.0688,3001
ace45146c6a78c8039ff1fcd87b39fda,9D9I,igb5_di4_salt0_st0.0072,-39.1864,3001
ace45146c6a78c8039ff1fcd87b39fda,9D9I,igb8_di1_salt0.15_st0,-17.4942,3001
ace45146c6a78c8039ff1fcd87b39fda,9D9I,igb8_di1_salt0.15_st0.0072,-22.6116,3001
ace45146c6a78c8039ff1fcd87b39fda,9D9I,igb8_di1_salt0_st0,-17.4915,3001
ace45146c6a78c8039ff1fcd87b39fda,9D9I,igb8_di1_salt0_st0.0072,-22.6089,3001
ace45146c6a78c8039ff1fcd87b39fda,9D9I,igb8_di2_salt0.15_st0,-27.8604,3001
ace45146c6a78c8039ff1fcd87b39fda,9D9I,igb8_di2_salt0.15_st0.0072,-32.9779,3001
ace45146c6a78c8039ff1fcd87b39fda,9D9I,igb8_di2_salt0_st0,-27.8576,3001
ace45146c6a78c8039ff1fcd87b39fda,9D9I,igb8_di2_salt0_st0.0072,-32.9751,3001
ace45146c6a78c8039ff1fcd87b39fda,9D9I,igb8_di4_salt0.15_st0,-33.0435,3001
ace45146c6a78c8039ff1fcd87b39fda,9D9I,igb8_di4_salt0.15_st0.0072,-38.1609,3001
ace45146c6a78c8039ff1fcd87b39fda,9D9I,igb8_di4_salt0_st0,-33.0407,3001
ace45146c6a78c8039ff1fcd87b39fda,9D9I,igb8_di4_salt0_st0.0072,-38.1582,3001
ad3886476184578f75d5af9504b7aca7,2XU3,igb1_di1_salt0.15_st0,-17.5426,3001
ad3886476184578f75d5af9504b7aca7,2XU3,igb1_di1_salt0.15_st0.0072,-21.3707,3001
ad3886476184578f75d5af9504b7aca7,2XU3,igb1_di1_salt0_st0,-17.5399,3001
ad3886476184578f75d5af9504b7aca7,2XU3,igb1_di1_salt0_st0.0072,-21.3679,3001
ad3886476184578f75d5af9504b7aca7,2XU3,igb1_di2_salt0.15_st0,-23.5549,3001
ad3886476184578f75d5af9504b7aca7,2XU3,igb1_di2_salt0.15_st0.0072,-27.3829,3001
ad3886476184578f75d5af9504b7aca7,2XU3,igb1_di2_salt0_st0,-23.5521,3001
ad3886476184578f75d5af9504b7aca7,2XU3,igb1_di2_salt0_st0.0072,-27.3803,3001
ad3886476184578f75d5af9504b7aca7,2XU3,igb1_di4_salt0.15_st0,-26.561,3001
ad3886476184578f75d5af9504b7aca7,2XU3,igb1_di4_salt0.15_st0.0072,-30.3891,3001
ad3886476184578f75d5af9504b7aca7,2XU3,igb1_di4_salt0_st0,-26.5582,3001
ad3886476184578f75d5af9504b7aca7,2XU3,igb1_di4_salt0_st0.0072,-30.3863,3001
ad3886476184578f75d5af9504b7aca7,2XU3,igb2_di1_salt0.15_st0,-13.9829,3001
ad3886476184578f75d5af9504b7aca7,2XU3,igb2_di1_salt0.15_st0.0072,-17.8109,3001
ad3886476184578f75d5af9504b7aca7,2XU3,igb2_di1_salt0_st0,-13.9805,3001
ad3886476184578f75d5af9504b7aca7,2XU3,igb2_di1_salt0_st0.0072,-17.8085,3001
ad3886476184578f75d5af9504b7aca7,2XU3,igb2_di2_salt0.15_st0,-21.7979,3001
ad3886476184578f75d5af9504b7aca7,2XU3,igb2_di2_salt0.15_st0.0072,-25.6261,3001
ad3886476184578f75d5af9504b7aca7,2XU3,igb2_di2_salt0_st0,-21.7954,3001
ad3886476184578f75d5af9504b7aca7,2XU3,igb2_di2_salt0_st0.0072,-25.6235,3001
ad3886476184578f75d5af9504b7aca7,2XU3,igb2_di4_salt0.15_st0,-25.7055,3001
ad3886476184578f75d5af9504b7aca7,2XU3,igb2_di4_salt0.15_st0.0072,-29.5336,3001
ad3886476184578f75d5af9504b7aca7,2XU3,igb2_di4_salt0_st0,-25.7029,3001
ad3886476184578f75d5af9504b7aca7,2XU3,igb2_di4_salt0_st0.0072,-29.5309,3001
ad3886476184578f75d5af9504b7aca7,2XU3,igb5_di1_salt0.15_st0,-14.2048,3001
ad3886476184578f75d5af9504b7aca7,2XU3,igb5_di1_salt0.15_st0.0072,-18.0328,3001
ad3886476184578f75d5af9504b7aca7,2XU3,igb5_di1_salt0_st0,-14.2026,3001
ad3886476184578f75d5af9504b7aca7,2XU3,igb5_di1_salt0_st0.0072,-18.0307,3001
ad3886476184578f75d5af9504b7aca7,2XU3,igb5_di2_salt0.15_st0,-21.9071,3001
ad3886476184578f75d5af9504b7aca7,2XU3,igb5_di2_salt0.15_st0.0072,-25.7351,3001
ad3886476184578f75d5af9504b7aca7,2XU3,igb5_di2_salt0_st0,-21.9051,3001
ad3886476184578f75d5af9504b7aca7,2XU3,igb5_di2_salt0_st0.0072,-25.7332,3001
ad3886476184578f75d5af9504b7aca7,2XU3,igb5_di4_salt0.15_st0,-25.7584,3001
ad3886476184578f75d5af9504b7aca7,2XU3,igb5_di4_salt0.15_st0.0072,-29.5864,3001
ad3886476184578f75d5af9504b7aca7,2XU3,igb5_di4_salt0_st0,-25.7563,3001
ad3886476184578f75d5af9504b7aca7,2XU3,igb5_di4_salt0_st0.0072,-29.5844,3001
ad3886476184578f75d5af9504b7aca7,2XU3,igb8_di1_salt0.15_st0,-14.7156,3001
ad3886476184578f75d5af9504b7aca7,2XU3,igb8_di1_salt0.15_st0.0072,-18.5436,3001
ad3886476184578f75d5af9504b7aca7,2XU3,igb8_di1_salt0_st0,-14.7133,3001
ad3886476184578f75d5af9504b7aca7,2XU3,igb8_di1_salt0_st0.0072,-18.5414,3001
ad3886476184578f75d5af9504b7aca7,2XU3,igb8_di2_salt0.15_st0,-22.1593,3001
ad3886476184578f75d5af9504b7aca7,2XU3,igb8_di2_salt0.15_st0.0072,-25.9874,3001
ad3886476184578f75d5af9504b7aca7,2XU3,igb8_di2_salt0_st0,-22.157,3001
ad3886476184578f75d5af9504b7aca7,2XU3,igb8_di2_salt0_st0.0072,-25.9852,3001
ad3886476184578f75d5af9504b7aca7,2XU3,igb8_di4_salt0.15_st0,-25.8812,3001
ad3886476184578f75d5af9504b7aca7,2XU3,igb8_di4_salt0.15_st0.0072,-29.7093,3001
ad3886476184578f75d5af9504b7aca7,2XU3,igb8_di4_salt0_st0,-25.8791,3001
ad3886476184578f75d5af9504b7aca7,2XU3,igb8_di4_salt0_st0.0072,-29.7071,3001
b19d1a70ff3d2abd6986665d47eff086,3I06,igb1_di1_salt0.15_st0,-13.6183,3001
b19d1a70ff3d2abd6986665d47eff086,3I06,igb1_di1_salt0.15_st0.0072,-16.5356,3001
b19d1a70ff3d2abd6986665d47eff086,3I06,igb1_di1_salt0_st0,-13.6248,3001
b19d1a70ff3d2abd6986665d47eff086,3I06,igb1_di1_salt0_st0.0072,-16.5423,3001
b19d1a70ff3d2abd6986665d47eff086,3I06,igb1_di2_salt0.15_st0,-16.9699,3001
b19d1a70ff3d2abd6986665d47eff086,3I06,igb1_di2_salt0.15_st0.0072,-19.8875,3001
b19d1a70ff3d2abd6986665d47eff086,3I06,igb1_di2_salt0_st0,-16.9765,3001
b19d1a70ff3d2abd6986665d47eff086,3I06,igb1_di2_salt0_st0.0072,-19.8941,3001
b19d1a70ff3d2abd6986665d47eff086,3I06,igb1_di4_salt0.15_st0,-18.6459,3001
b19d1a70ff3d2abd6986665d47eff086,3I06,igb1_di4_salt0.15_st0.0072,-21.5633,3001
b19d1a70ff3d2abd6986665d47eff086,3I06,igb1_di4_salt0_st0,-18.6524,3001
b19d1a70ff3d2abd6986665d47eff086,3I06,igb1_di4_salt0_st0.0072,-21.5698,3001
b19d1a70ff3d2abd6986665d47eff086,3I06,igb2_di1_salt0.15_st0,-11.413,3001
b19d1a70ff3d2abd6986665d47eff086,3I06,igb2_di1_salt0.15_st0.0072,-14.3306,3001
b19d1a70ff3d2abd6986665d47eff086,3I06,igb2_di1_salt0_st0,-11.4197,3001
b19d1a70ff3d2abd6986665d47eff086,3I06,igb2_di1_salt0_st0.0072,-14.3372,3001
b19d1a70ff3d2abd6986665d47eff086,3I06,igb2_di2_salt0.15_st0,-15.8816,3001
b19d1a70ff3d2abd6986665d47eff086,3I06,igb2_di2_salt0.15_st0.0072,-18.799,3001
b19d1a70ff3d2abd6986665d47eff086,3I06,igb2_di2_salt0_st0,-15.8882,3001
b19d1a70ff3d2abd6986665d47eff086,3I06,igb2_di2_salt0_st0.0072,-18.8057,3001
b19d1a70ff3d2abd6986665d47eff086,3I06,igb2_di4_salt0.15_st0,-18.1159,3001
b19d1a70ff3d2abd6986665d47eff086,3I06,igb2_di4_salt0.15_st0.0072,-21.0334,3001
b19d1a70ff3d2abd6986665d47eff086,3I06,igb2_di4_salt0_st0,-18.1224,3001
b19d1a70ff3d2abd6986665d47eff086,3I06,igb2_di4_salt0_st0.0072,-21.04,3001
b19d1a70ff3d2abd6986665d47eff086,3I06,igb5_di1_salt0.15_st0,-11.7318,3001
b19d1a70ff3d2abd6986665d47eff086,3I06,igb5_di1_salt0.15_st0.0072,-14.6493,3001
b19d1a70ff3d2abd6986665d47eff086,3I06,igb5_di1_salt0_st0,-11.7393,3001
b19d1a70ff3d2abd6986665d47eff086,3I06,igb5_di1_salt0_st0.0072,-14.6568,3001
b19d1a70ff3d2abd6986665d47eff086,3I06,igb5_di2_salt0.15_st0,-16.0384,3001
b19d1a70ff3d2abd6986665d47eff086,3I06,igb5_di2_salt0.15_st0.0072,-18.9559,3001
b19d1a70ff3d2abd6986665d47eff086,3I06,igb5_di2_salt0_st0,-16.046,3001
b19d1a70ff3d2abd6986665d47eff086,3I06,igb5_di2_salt0_st0.0072,-18.9634,3001
b19d1a70ff3d2abd6986665d47eff086,3I06,igb5_di4_salt0.15_st0,-18.1918,3001
b19d1a70ff3d2abd6986665d47eff086,3I06,igb5_di4_salt0.15_st0.0072,-21.1093,3001
b19d1a70ff3d2abd6986665d47eff086,3I06,igb5_di4_salt0_st0,-18.1993,3001
b19d1a70ff3d2abd6986665d47eff086,3I06,igb5_di4_salt0_st0.0072,-21.1168,3001
b19d1a70ff3d2abd6986665d47eff086,3I06,igb8_di1_salt0.15_st0,-11.6223,3001
b19d1a70ff3d2abd6986665d47eff086,3I06,igb8_di1_salt0.15_st0.0072,-14.5397,3001
b19d1a70ff3d2abd6986665d47eff086,3I06,igb8_di1_salt0_st0,-11.6292,3001
b19d1a70ff3d2abd6986665d47eff086,3I06,igb8_di1_salt0_st0.0072,-14.5468,3001
b19d1a70ff3d2abd6986665d47eff086,3I06,igb8_di2_salt0.15_st0,-15.9846,3001
b19d1a70ff3d2abd6986665d47eff086,3I06,igb8_di2_salt0.15_st0.0072,-18.9021,3001
b19d1a70ff3d2abd6986665d47eff086,3I06,igb8_di2_salt0_st0,-15.9917,3001
b19d1a70ff3d2abd6986665d47eff086,3I06,igb8_di2_salt0_st0.0072,-18.9091,3001
b19d1a70ff3d2abd6986665d47eff086,3I06,igb8_di4_salt0.15_st0,-18.1659,3001
b19d1a70ff3d2abd6986665d47eff086,3I06,igb8_di4_salt0.15_st0.0072,-21.0834,3001
b19d1a70ff3d2abd6986665d47eff086,3I06,igb8_di4_salt0_st0,-18.1728,3001
b19d1a70ff3d2abd6986665d47eff086,3I06,igb8_di4_salt0_st0.0072,-21.0905,3001
b1a7ee597e9d75bd95fcad2e74c8ab83,4L7G,igb1_di1_salt0.15_st0,-24.1186,3001
b1a7ee597e9d75bd95fcad2e74c8ab83,4L7G,igb1_di1_salt0.15_st0.0072,-30.0447,3001
b1a7ee597e9d75bd95fcad2e74c8ab83,4L7G,igb1_di1_salt0_st0,-24.1068,3001
b1a7ee597e9d75bd95fcad2e74c8ab83,4L7G,igb1_di1_salt0_st0.0072,-30.0329,3001
b1a7ee597e9d75bd95fcad2e74c8ab83,4L7G,igb1_di2_salt0.15_st0,-33.3513,3001
b1a7ee597e9d75bd95fcad2e74c8ab83,4L7G,igb1_di2_salt0.15_st0.0072,-39.2774,3001
b1a7ee597e9d75bd95fcad2e74c8ab83,4L7G,igb1_di2_salt0_st0,-33.3395,3001
b1a7ee597e9d75bd95fcad2e74c8ab83,4L7G,igb1_di2_salt0_st0.0072,-39.2656,3001
b1a7ee597e9d75bd95fcad2e74c8ab83,4L7G,igb1_di4_salt0.15_st0,-37.9677,3001
b1a7ee597e9d75bd95fcad2e74c8ab83,4L7G,igb1_di4_salt0.15_st0.0072,-43.8938,3001
b1a7ee597e9d75bd95fcad2e74c8ab83,4L7G,igb1_di4_salt0_st0,-37.9559,3001
b1a7ee597e9d75bd95fcad2e74c8ab83,4L7G,igb1_di4_salt0_st0.0072,-43.882,3001
b1a7ee597e9d75bd95fcad2e74c8ab83,4L7G,igb2_di1_salt0.15_st0,-15.7629,3001
b1a7ee597e9d75bd95fcad2e74c8ab83,4L7G,igb2_di1_salt0.15_st0.0072,-21.6889,3001
b1a7ee597e9d75bd95fcad2e74c8ab83,4L7G,igb2_di1_salt0_st0,-15.7526,3001
b1a7ee597e9d75bd95fcad2e74c8ab83,4L7G,igb2_di1_salt0_st0.0072,-21.6786,3001
b1a7ee597e9d75bd95fcad2e74c8ab83,4L7G,igb2_di2_salt0.15_st0,-29.2265,3001
b1a7ee597e9d75bd95fcad2e74c8ab83,4L7G,igb2_di2_salt0.15_st0.0072,-35.1526,3001
b1a7ee597e9d75bd95fcad2e74c8ab83,4L7G,igb2_di2_salt0_st0,-29.2163,3001
b1a7ee597e9d75bd95fcad2e74c8ab83,4L7G,igb2_di2_salt0_st0.0072,-35.1424,3001
b1a7ee597e9d75bd95fcad2e74c8ab83,4L7G,igb2_di4_salt0.15_st0,-35.9585,3001
b1a7ee597e9d75bd95fcad2e74c8ab83,4L7G,igb2_di4_salt0.15_st0.0072,-41.8844,3001
b1a7ee597e9d75bd95fcad2e74c8ab83,4L7G,igb2_di4_salt0_st0,-35.9481,3001
b1a7ee597e9d75bd95fcad2e74c8ab83,4L7G,igb2_di4_salt0_st0.0072,-41.8742,3001
b1a7ee597e9d75bd95fcad2e74c8ab83,4L7G,igb5_di1_salt0.15_st0,-15.9848,3001
b1a7ee597e9d75bd95fcad2e74c8ab83,4L7G,igb5_di1_salt0.15_st0.0072,-21.9108,3001
b1a7ee597e9d75bd95fcad2e74c8ab83,4L7G,igb5_di1_salt0_st0,-15.9773,3001
b1a7ee597e9d75bd95fcad2e74c8ab83,4L7G,igb5_di1_salt0_st0.0072,-21.9034,3001
b1a7ee597e9d75bd95fcad2e74c8ab83,4L7G,igb5_di2_salt0.15_st0,-29.3346,3001
b1a7ee597e9d75bd95fcad2e74c8ab83,4L7G,igb5_di2_salt0.15_st0.0072,-35.2606,3001
b1a7ee597e9d75bd95fcad2e74c8ab83,4L7G,igb5_di2_salt0_st0,-29.3274,3001
b1a7ee597e9d75bd95fcad2e74c8ab83,4L7G,igb5_di2_salt0_st0.0072,-35.2532,3001
b1a7ee597e9d75bd95fcad2e74c8ab83,4L7G,igb5_di4_salt0.15_st0,-36.0096,3001
b1a7ee597e9d75bd95fcad2e74c8ab83,4L7G,igb5_di4_salt0.15_st0.0072,-41.9355,3001
b1a7ee597e9d75bd95fcad2e74c8ab83,4L7G,igb5_di4_salt0_st0,-36.0022,3001
b1a7ee597e9d75bd95fcad2e74c8ab83,4L7G,igb5_di4_salt0_st0.0072,-41.9281,3001
b1a7ee597e9d75bd95fcad2e74c8ab83,4L7G,igb8_di1_salt0.15_st0,-15.6264,3001
b1a7ee597e9d75bd95fcad2e74c8ab83,4L7G,igb8_di1_salt0.15_st0.0072,-21.5523,3001
b1a7ee597e9d75bd95fcad2e74c8ab83,4L7G,igb8_di1_salt0_st0,-15.6145,3001
b1a7ee597e9d75bd95fcad2e74c8ab83,4L7G,igb8_di1_salt0_st0.0072,-21.5404,3001
b1a7ee597e9d75bd95fcad2e74c8ab83,4L7G,igb8_di2_salt0.15_st0,-29.16,3001
b1a7ee597e9d75bd95fcad2e74c8ab83,4L7G,igb8_di2_salt0.15_st0.0072,-35.086,3001
b1a7ee597e9d75bd95fcad2e74c8ab83,4L7G,igb8_di2_salt0_st0,-29.1481,3001
b1a7ee597e9d75bd95fcad2e74c8ab83,4L7G,igb8_di2_salt0_st0.0072,-35.0741,3001
b1a7ee597e9d75bd95fcad2e74c8ab83,4L7G,igb8_di4_salt0.15_st0,-35.9269,3001
b1a7ee597e9d75bd95fcad2e74c8ab83,4L7G,igb8_di4_salt0.15_st0.0072,-41.8529,3001
b1a7ee597e9d75bd95fcad2e74c8ab83,4L7G,igb8_di4_salt0_st0,-35.9149,3001
b1a7ee597e9d75bd95fcad2e74c8ab83,4L7G,igb8_di4_salt0_st0.0072,-41.8411,3001
b2d145c83fe363359f846985aa11d3ba,4QB3,igb1_di1_salt0.15_st0,-21.8206,3001
b2d145c83fe363359f846985aa11d3ba,4QB3,igb1_di1_salt0.15_st0.0072,-26.1159,3001
b2d145c83fe363359f846985aa11d3ba,4QB3,igb1_di1_salt0_st0,-21.8091,3001
b2d145c83fe363359f846985aa11d3ba,4QB3,igb1_di1_salt0_st0.0072,-26.1044,3001
b2d145c83fe363359f846985aa11d3ba,4QB3,igb1_di2_salt0.15_st0,-27.2296,3001
b2d145c83fe363359f846985aa11d3ba,4QB3,igb1_di2_salt0.15_st0.0072,-31.5247,3001
b2d145c83fe363359f846985aa11d3ba,4QB3,igb1_di2_salt0_st0,-27.218,3001
b2d145c83fe363359f846985aa11d3ba,4QB3,igb1_di2_salt0_st0.0072,-31.5133,3001
b2d145c83fe363359f846985aa11d3ba,4QB3,igb1_di4_salt0.15_st0,-29.934,3001
b2d145c83fe363359f846985aa11d3ba,4QB3,igb1_di4_salt0.15_st0.0072,-34.2292,3001
b2d145c83fe363359f846985aa11d3ba,4QB3,igb1_di4_salt0_st0,-29.9226,3001
b2d145c83fe363359f846985aa11d3ba,4QB3,igb1_di4_salt0_st0.0072,-34.2178,3001
b2d145c83fe363359f846985aa11d3ba,4QB3,igb2_di1_salt0.15_st0,-18.5713,3001
b2d145c83fe363359f846985aa11d3ba,4QB3,igb2_di1_salt0.15_st0.0072,-22.8667,3001
b2d145c83fe363359f846985aa11d3ba,4QB3,igb2_di1_salt0_st0,-18.5591,3001
b2d145c83fe363359f846985aa11d3ba,4QB3,igb2_di1_salt0_st0.0072,-22.8544,3001
b2d145c83fe363359f846985aa11d3ba,4QB3,igb2_di2_salt0.15_st0,-25.6263,3001
b2d145c83fe363359f846985aa11d3ba,4QB3,igb2_di2_salt0.15_st0.0072,-29.9216,3001
b2d145c83fe363359f846985aa11d3ba,4QB3,igb2_di2_salt0_st0,-25.614,3001
b2d145c83fe363359f846985aa11d3ba,4QB3,igb2_di2_salt0_st0.0072,-29.9093,3001
b2d145c83fe363359f846985aa11d3ba,4QB3,igb2_di4_salt0.15_st0,-29.1537,3001
b2d145c83fe363359f846985aa11d3ba,4QB3,igb2_di4_salt0.15_st0.0072,-33.4491,3001
b2d145c83fe363359f846985aa11d3ba,4QB3,igb2_di4_salt0_st0,-29.1414,3001
b2d145c83fe363359f846985aa11d3ba,4QB3,igb2_di4_salt0_st0.0072,-33.4367,3001
b2d145c83fe363359f846985aa11d3ba,4QB3,igb5_di1_salt0.15_st0,-20.1376,3001
b2d145c83fe363359f846985aa11d3ba,4QB3,igb5_di1_salt0.15_st0.0072,-24.4326,3001
b2d145c83fe363359f846985aa11d3ba,4QB3,igb5_di1_salt0_st0,-20.1235,3001
b2d145c83fe363359f846985aa11d3ba,4QB3,igb5_di1_salt0_st0.0072,-24.4187,3001
b2d145c83fe363359f846985aa11d3ba,4QB3,igb5_di2_salt0.15_st0,-26.4002,3001
b2d145c83fe363359f846985aa11d3ba,4QB3,igb5_di2_salt0.15_st0.0072,-30.6954,3001
b2d145c83fe363359f846985aa11d3ba,4QB3,igb5_di2_salt0_st0,-26.386,3001
b2d145c83fe363359f846985aa11d3ba,4QB3,igb5_di2_salt0_st0.0072,-30.6813,3001
b2d145c83fe363359f846985aa11d3ba,4QB3,igb5_di4_salt0.15_st0,-29.5314,3001
b2d145c83fe363359f846985aa11d3ba,4QB3,igb5_di4_salt0.15_st0.0072,-33.8267,3001
b2d145c83fe363359f846985aa11d3ba,4QB3,igb5_di4_salt0_st0,-29.5174,3001
b2d145c83fe363359f846985aa11d3ba,4QB3,igb5_di4_salt0_st0.0072,-33.8126,3001
b2d145c83fe363359f846985aa11d3ba,4QB3,igb8_di1_salt0.15_st0,-18.8655,3001
b2d145c83fe363359f846985aa11d3ba,4QB3,igb8_di1_salt0.15_st0.0072,-23.1608,3001
b2d145c83fe363359f846985aa11d3ba,4QB3,igb8_di1_salt0_st0,-18.8536,3001
b2d145c83fe363359f846985aa11d3ba,4QB3,igb8_di1_salt0_st0.0072,-23.1489,3001
b2d145c83fe363359f846985aa11d3ba,4QB3,igb8_di2_salt0.15_st0,-25.7712,3001
b2d145c83fe363359f846985aa11d3ba,4QB3,igb8_di2_salt0.15_st0.0072,-30.0665,3001
b2d145c83fe363359f846985aa11d3ba,4QB3,igb8_di2_salt0_st0,-25.7595,3001
b2d145c83fe363359f846985aa11d3ba,4QB3,igb8_di2_salt0_st0.0072,-30.0546,3001
b2d145c83fe363359f846985aa11d3ba,4QB3,igb8_di4_salt0.15_st0,-29.2241,3001
b2d145c83fe363359f846985aa11d3ba,4QB3,igb8_di4_salt0.15_st0.0072,-33.5194,3001
b2d145c83fe363359f846985aa11d3ba,4QB3,igb8_di4_salt0_st0,-29.2124,3001
b2d145c83fe363359f846985aa11d3ba,4QB3,igb8_di4_salt0_st0.0072,-33.5075,3001
b336313e484c9484749cc0714b940ff4,8ELC,igb1_di1_salt0.15_st0,-25.4356,3001
b336313e484c9484749cc0714b940ff4,8ELC,igb1_di1_salt0.15_st0.0072,-29.0964,3001
b336313e484c9484749cc0714b940ff4,8ELC,igb1_di1_salt0_st0,-25.4307,3001
b336313e484c9484749cc0714b940ff4,8ELC,igb1_di1_salt0_st0.0072,-29.0916,3001
b336313e484c9484749cc0714b940ff4,8ELC,igb1_di2_salt0.15_st0,-30.019,3001
b336313e484c9484749cc0714b940ff4,8ELC,igb1_di2_salt0.15_st0.0072,-33.6798,3001
b336313e484c9484749cc0714b940ff4,8ELC,igb1_di2_salt0_st0,-30.0139,3001
b336313e484c9484749cc0714b940ff4,8ELC,igb1_di2_salt0_st0.0072,-33.6749,3001
b336313e484c9484749cc0714b940ff4,8ELC,igb1_di4_salt0.15_st0,-32.3106,3001
b336313e484c9484749cc0714b940ff4,8ELC,igb1_di4_salt0.15_st0.0072,-35.9715,3001
b336313e484c9484749cc0714b940ff4,8ELC,igb1_di4_salt0_st0,-32.3059,3001
b336313e484c9484749cc0714b940ff4,8ELC,igb1_di4_salt0_st0.0072,-35.9666,3001
b336313e484c9484749cc0714b940ff4,8ELC,igb2_di1_salt0.15_st0,-21.6243,3001
b336313e484c9484749cc0714b940ff4,8ELC,igb2_di1_salt0.15_st0.0072,-25.2853,3001
b336313e484c9484749cc0714b940ff4,8ELC,igb2_di1_salt0_st0,-21.6204,3001
b336313e484c9484749cc0714b940ff4,8ELC,igb2_di1_salt0_st0.0072,-25.2814,3001
b336313e484c9484749cc0714b940ff4,8ELC,igb2_di2_salt0.15_st0,-28.1375,3001
b336313e484c9484749cc0714b940ff4,8ELC,igb2_di2_salt0.15_st0.0072,-31.7983,3001
b336313e484c9484749cc0714b940ff4,8ELC,igb2_di2_salt0_st0,-28.1335,3001
b336313e484c9484749cc0714b940ff4,8ELC,igb2_di2_salt0_st0.0072,-31.7944,3001
b336313e484c9484749cc0714b940ff4,8ELC,igb2_di4_salt0.15_st0,-31.394,3001
b336313e484c9484749cc0714b940ff4,8ELC,igb2_di4_salt0.15_st0.0072,-35.0547,3001
b336313e484c9484749cc0714b940ff4,8ELC,igb2_di4_salt0_st0,-31.39,3001
b336313e484c9484749cc0714b940ff4,8ELC,igb2_di4_salt0_st0.0072,-35.0509,3001
b336313e484c9484749cc0714b940ff4,8ELC,igb5_di1_salt0.15_st0,-21.7127,3001
b336313e484c9484749cc0714b940ff4,8ELC,igb5_di1_salt0.15_st0.0072,-25.3737,3001
b336313e484c9484749cc0714b940ff4,8ELC,igb5_di1_salt0_st0,-21.7121,3001
b336313e484c9484749cc0714b940ff4,8ELC,igb5_di1_salt0_st0.0072,-25.3729,3001
b336313e484c9484749cc0714b940ff4,8ELC,igb5_di2_salt0.15_st0,-28.1793,3001
b336313e484c9484749cc0714b940ff4,8ELC,igb5_di2_salt0.15_st0.0072,-31.8402,3001
b336313e484c9484749cc0714b940ff4,8ELC,igb5_di2_salt0_st0,-28.1788,3001
b336313e484c9484749cc0714b940ff4,8ELC,igb5_di2_salt0_st0.0072,-31.8396,3001
b336313e484c9484749cc0714b940ff4,8ELC,igb5_di4_salt0.15_st0,-31.4127,3001
b336313e484c9484749cc0714b940ff4,8ELC,igb5_di4_salt0.15_st0.0072,-35.0735,3001
b336313e484c9484749cc0714b940ff4,8ELC,igb5_di4_salt0_st0,-31.412,3001
b336313e484c9484749cc0714b940ff4,8ELC,igb5_di4_salt0_st0.0072,-35.073,3001
b336313e484c9484749cc0714b940ff4,8ELC,igb8_di1_salt0.15_st0,-18.6915,3001
b336313e484c9484749cc0714b940ff4,8ELC,igb8_di1_salt0.15_st0.0072,-22.3523,3001
b336313e484c9484749cc0714b940ff4,8ELC,igb8_di1_salt0_st0,-18.6901,3001
b336313e484c9484749cc0714b940ff4,8ELC,igb8_di1_salt0_st0.0072,-22.3509,3001
b336313e484c9484749cc0714b940ff4,8ELC,igb8_di2_salt0.15_st0,-26.6887,3001
b336313e484c9484749cc0714b940ff4,8ELC,igb8_di2_salt0.15_st0.0072,-30.3495,3001
b336313e484c9484749cc0714b940ff4,8ELC,igb8_di2_salt0_st0,-26.6871,3001
b336313e484c9484749cc0714b940ff4,8ELC,igb8_di2_salt0_st0.0072,-30.3481,3001
b336313e484c9484749cc0714b940ff4,8ELC,igb8_di4_salt0.15_st0,-30.6872,3001
b336313e484c9484749cc0714b940ff4,8ELC,igb8_di4_salt0.15_st0.0072,-34.3481,3001
b336313e484c9484749cc0714b940ff4,8ELC,igb8_di4_salt0_st0,-30.6858,3001
b336313e484c9484749cc0714b940ff4,8ELC,igb8_di4_salt0_st0.0072,-34.3466,3001
b4b28e7bbe6caf601c6f1d9f426e6b74,8ELC,igb1_di1_salt0.15_st0,-18.8941,3001
b4b28e7bbe6caf601c6f1d9f426e6b74,8ELC,igb1_di1_salt0.15_st0.0072,-22.3257,3001
b4b28e7bbe6caf601c6f1d9f426e6b74,8ELC,igb1_di1_salt0_st0,-18.8881,3001
b4b28e7bbe6caf601c6f1d9f426e6b74,8ELC,igb1_di1_salt0_st0.0072,-22.3195,3001
b4b28e7bbe6caf601c6f1d9f426e6b74,8ELC,igb1_di2_salt0.15_st0,-23.2946,3001
b4b28e7bbe6caf601c6f1d9f426e6b74,8ELC,igb1_di2_salt0.15_st0.0072,-26.7261,3001
b4b28e7bbe6caf601c6f1d9f426e6b74,8ELC,igb1_di2_salt0_st0,-23.2884,3001
b4b28e7bbe6caf601c6f1d9f426e6b74,8ELC,igb1_di2_salt0_st0.0072,-26.7198,3001
b4b28e7bbe6caf601c6f1d9f426e6b74,8ELC,igb1_di4_salt0.15_st0,-25.4948,3001
b4b28e7bbe6caf601c6f1d9f426e6b74,8ELC,igb1_di4_salt0.15_st0.0072,-28.9262,3001
b4b28e7bbe6caf601c6f1d9f426e6b74,8ELC,igb1_di4_salt0_st0,-25.4886,3001
b4b28e7bbe6caf601c6f1d9f426e6b74,8ELC,igb1_di4_salt0_st0.0072,-28.92,3001
b4b28e7bbe6caf601c6f1d9f426e6b74,8ELC,igb2_di1_salt0.15_st0,-15.9384,3001
b4b28e7bbe6caf601c6f1d9f426e6b74,8ELC,igb2_di1_salt0.15_st0.0072,-19.3699,3001
b4b28e7bbe6caf601c6f1d9f426e6b74,8ELC,igb2_di1_salt0_st0,-15.931,3001
b4b28e7bbe6caf601c6f1d9f426e6b74,8ELC,igb2_di1_salt0_st0.0072,-19.3626,3001
b4b28e7bbe6caf601c6f1d9f426e6b74,8ELC,igb2_di2_salt0.15_st0,-21.8363,3001
b4b28e7bbe6caf601c6f1d9f426e6b74,8ELC,igb2_di2_salt0.15_st0.0072,-25.2678,3001
b4b28e7bbe6caf601c6f1d9f426e6b74,8ELC,igb2_di2_salt0_st0,-21.829,3001
b4b28e7bbe6caf601c6f1d9f426e6b74,8ELC,igb2_di2_salt0_st0.0072,-25.2604,3001
b4b28e7bbe6caf601c6f1d9f426e6b74,8ELC,igb2_di4_salt0.15_st0,-24.7853,3001
b4b28e7bbe6caf601c6f1d9f426e6b74,8ELC,igb2_di4_salt0.15_st0.0072,-28.2168,3001
b4b28e7bbe6caf601c6f1d9f426e6b74,8ELC,igb2_di4_salt0_st0,-24.7779,3001
b4b28e7bbe6caf601c6f1d9f426e6b74,8ELC,igb2_di4_salt0_st0.0072,-28.2095,3001
b4b28e7bbe6caf601c6f1d9f426e6b74,8ELC,igb5_di1_salt0.15_st0,-17.5287,3001
b4b28e7bbe6caf601c6f1d9f426e6b74,8ELC,igb5_di1_salt0.15_st0.0072,-20.9602,3001
b4b28e7bbe6caf601c6f1d9f426e6b74,8ELC,igb5_di1_salt0_st0,-17.5211,3001
b4b28e7bbe6caf601c6f1d9f426e6b74,8ELC,igb5_di1_salt0_st0.0072,-20.9525,3001
b4b28e7bbe6caf601c6f1d9f426e6b74,8ELC,igb5_di2_salt0.15_st0,-22.6214,3001
b4b28e7bbe6caf601c6f1d9f426e6b74,8ELC,igb5_di2_salt0.15_st0.0072,-26.0529,3001
b4b28e7bbe6caf601c6f1d9f426e6b74,8ELC,igb5_di2_salt0_st0,-22.6137,3001
b4b28e7bbe6caf601c6f1d9f426e6b74,8ELC,igb5_di2_salt0_st0.0072,-26.0451,3001
b4b28e7bbe6caf601c6f1d9f426e6b74,8ELC,igb5_di4_salt0.15_st0,-25.1678,3001
b4b28e7bbe6caf601c6f1d9f426e6b74,8ELC,igb5_di4_salt0.15_st0.0072,-28.5992,3001
b4b28e7bbe6caf601c6f1d9f426e6b74,8ELC,igb5_di4_salt0_st0,-25.1601,3001
b4b28e7bbe6caf601c6f1d9f426e6b74,8ELC,igb5_di4_salt0_st0.0072,-28.5916,3001
b4b28e7bbe6caf601c6f1d9f426e6b74,8ELC,igb8_di1_salt0.15_st0,-11.8521,3001
b4b28e7bbe6caf601c6f1d9f426e6b74,8ELC,igb8_di1_salt0.15_st0.0072,-15.2836,3001
b4b28e7bbe6caf601c6f1d9f426e6b74,8ELC,igb8_di1_salt0_st0,-11.8474,3001
b4b28e7bbe6caf601c6f1d9f426e6b74,8ELC,igb8_di1_salt0_st0.0072,-15.2788,3001
b4b28e7bbe6caf601c6f1d9f426e6b74,8ELC,igb8_di2_salt0.15_st0,-19.8181,3001
b4b28e7bbe6caf601c6f1d9f426e6b74,8ELC,igb8_di2_salt0.15_st0.0072,-23.2496,3001
b4b28e7bbe6caf601c6f1d9f426e6b74,8ELC,igb8_di2_salt0_st0,-19.8134,3001
b4b28e7bbe6caf601c6f1d9f426e6b74,8ELC,igb8_di2_salt0_st0.0072,-23.245,3001
b4b28e7bbe6caf601c6f1d9f426e6b74,8ELC,igb8_di4_salt0.15_st0,-23.8012,3001
b4b28e7bbe6caf601c6f1d9f426e6b74,8ELC,igb8_di4_salt0.15_st0.0072,-27.2327,3001
b4b28e7bbe6caf601c6f1d9f426e6b74,8ELC,igb8_di4_salt0_st0,-23.7965,3001
b4b28e7bbe6caf601c6f1d9f426e6b74,8ELC,igb8_di4_salt0_st0.0072,-27.228,3001
b60c297c7199140f1f38ac6909b5bf24,3I06,igb1_di1_salt0.15_st0,-15.0041,3001
b60c297c7199140f1f38ac6909b5bf24,3I06,igb1_di1_salt0.15_st0.0072,-18.0803,3001
b60c297c7199140f1f38ac6909b5bf24,3I06,igb1_di1_salt0_st0,-15.0008,3001
b60c297c7199140f1f38ac6909b5bf24,3I06,igb1_di1_salt0_st0.0072,-18.0768,3001
b60c297c7199140f1f38ac6909b5bf24,3I06,igb1_di2_salt0.15_st0,-19.5865,3001
b60c297c7199140f1f38ac6909b5bf24,3I06,igb1_di2_salt0.15_st0.0072,-22.6627,3001
b60c297c7199140f1f38ac6909b5bf24,3I06,igb1_di2_salt0_st0,-19.5834,3001
b60c297c7199140f1f38ac6909b5bf24,3I06,igb1_di2_salt0_st0.0072,-22.6595,3001
b60c297c7199140f1f38ac6909b5bf24,3I06,igb1_di4_salt0.15_st0,-21.8779,3001
b60c297c7199140f1f38ac6909b5bf24,3I06,igb1_di4_salt0.15_st0.0072,-24.954,3001
b60c297c7199140f1f38ac6909b5bf24,3I06,igb1_di4_salt0_st0,-21.8745,3001
b60c297c7199140f1f38ac6909b5bf24,3I06,igb1_di4_salt0_st0.0072,-24.9507,3001
b60c297c7199140f1f38ac6909b5bf24,3I06,igb2_di1_salt0.15_st0,-12.6987,3001
b60c297c7199140f1f38ac6909b5bf24,3I06,igb2_di1_salt0.15_st0.0072,-15.7749,3001
b60c297c7199140f1f38ac6909b5bf24,3I06,igb2_di1_salt0_st0,-12.6954,3001
b60c297c7199140f1f38ac6909b5bf24,3I06,igb2_di1_salt0_st0.0072,-15.7714,3001
b60c297c7199140f1f38ac6909b5bf24,3I06,igb2_di2_salt0.15_st0,-18.4488,3001
b60c297c7199140f1f38ac6909b5bf24,3I06,igb2_di2_salt0.15_st0.0072,-21.5249,3001
b60c297c7199140f1f38ac6909b5bf24,3I06,igb2_di2_salt0_st0,-18.4454,3001
b60c297c7199140f1f38ac6909b5bf24,3I06,igb2_di2_salt0_st0.0072,-21.5216,3001
b60c297c7199140f1f38ac6909b5bf24,3I06,igb2_di4_salt0.15_st0,-21.3239,3001
b60c297c7199140f1f38ac6909b5bf24,3I06,igb2_di4_salt0.15_st0.0072,-24.4,3001
b60c297c7199140f1f38ac6909b5bf24,3I06,igb2_di4_salt0_st0,-21.3205,3001
b60c297c7199140f1f38ac6909b5bf24,3I06,igb2_di4_salt0_st0.0072,-24.3965,3001
b60c297c7199140f1f38ac6909b5bf24,3I06,igb5_di1_salt0.15_st0,-13.6122,3001
b60c297c7199140f1f38ac6909b5bf24,3I06,igb5_di1_salt0.15_st0.0072,-16.6883,3001
b60c297c7199140f1f38ac6909b5bf24,3I06,igb5_di1_salt0_st0,-13.609,3001
b60c297c7199140f1f38ac6909b5bf24,3I06,igb5_di1_salt0_st0.0072,-16.6853,3001
b60c297c7199140f1f38ac6909b5bf24,3I06,igb5_di2_salt0.15_st0,-18.8996,3001
b60c297c7199140f1f38ac6909b5bf24,3I06,igb5_di2_salt0.15_st0.0072,-21.9756,3001
b60c297c7199140f1f38ac6909b5bf24,3I06,igb5_di2_salt0_st0,-18.8964,3001
b60c297c7199140f1f38ac6909b5bf24,3I06,igb5_di2_salt0_st0.0072,-21.9725,3001
b60c297c7199140f1f38ac6909b5bf24,3I06,igb5_di4_salt0.15_st0,-21.5432,3001
b60c297c7199140f1f38ac6909b5bf24,3I06,igb5_di4_salt0.15_st0.0072,-24.6194,3001
b60c297c7199140f1f38ac6909b5bf24,3I06,igb5_di4_salt0_st0,-21.5401,3001
b60c297c7199140f1f38ac6909b5bf24,3I06,igb5_di4_salt0_st0.0072,-24.6162,3001
b60c297c7199140f1f38ac6909b5bf24,3I06,igb8_di1_salt0.15_st0,-12.566,3001
b60c297c7199140f1f38ac6909b5bf24,3I06,igb8_di1_salt0.15_st0.0072,-15.6421,3001
b60c297c7199140f1f38ac6909b5bf24,3I06,igb8_di1_salt0_st0,-12.5717,3001
b60c297c7199140f1f38ac6909b5bf24,3I06,igb8_di1_salt0_st0.0072,-15.6479,3001
b60c297c7199140f1f38ac6909b5bf24,3I06,igb8_di2_salt0.15_st0,-18.3787,3001
b60c297c7199140f1f38ac6909b5bf24,3I06,igb8_di2_salt0.15_st0.0072,-21.4548,3001
b60c297c7199140f1f38ac6909b5bf24,3I06,igb8_di2_salt0_st0,-18.3844,3001
b60c297c7199140f1f38ac6909b5bf24,3I06,igb8_di2_salt0_st0.0072,-21.4606,3001
b60c297c7199140f1f38ac6909b5bf24,3I06,igb8_di4_salt0.15_st0,-21.2851,3001
b60c297c7199140f1f38ac6909b5bf24,3I06,igb8_di4_salt0.15_st0.0072,-24.3611,3001
b60c297c7199140f1f38ac6909b5bf24,3I06,igb8_di4_salt0_st0,-21.2908,3001
b60c297c7199140f1f38ac6909b5bf24,3I06,igb8_di4_salt0_st0.0072,-24.3669,3001
b6465c8ac0ed173d3faf7c401e0c4924,9D9I,igb1_di1_salt0.15_st0,-29.0176,3001
b6465c8ac0ed173d3faf7c401e0c4924,9D9I,igb1_di1_salt0.15_st0.0072,-34.8752,3001
b6465c8ac0ed173d3faf7c401e0c4924,9D9I,igb1_di1_salt0_st0,-29.0261,3001
b6465c8ac0ed173d3faf7c401e0c4924,9D9I,igb1_di1_salt0_st0.0072,-34.8837,3001
b6465c8ac0ed173d3faf7c401e0c4924,9D9I,igb1_di2_salt0.15_st0,-35.4618,3001
b6465c8ac0ed173d3faf7c401e0c4924,9D9I,igb1_di2_salt0.15_st0.0072,-41.3193,3001
b6465c8ac0ed173d3faf7c401e0c4924,9D9I,igb1_di2_salt0_st0,-35.4702,3001
b6465c8ac0ed173d3faf7c401e0c4924,9D9I,igb1_di2_salt0_st0.0072,-41.3279,3001
b6465c8ac0ed173d3faf7c401e0c4924,9D9I,igb1_di4_salt0.15_st0,-38.6838,3001
b6465c8ac0ed173d3faf7c401e0c4924,9D9I,igb1_di4_salt0.15_st0.0072,-44.5413,3001
b6465c8ac0ed173d3faf7c401e0c4924,9D9I,igb1_di4_salt0_st0,-38.6922,3001
b6465c8ac0ed173d3faf7c401e0c4924,9D9I,igb1_di4_salt0_st0.0072,-44.5499,3001
b6465c8ac0ed173d3faf7c401e0c4924,9D9I,igb2_di1_salt0.15_st0,-22.812,3001
b6465c8ac0ed173d3faf7c401e0c4924,9D9I,igb2_di1_salt0.15_st0.0072,-28.6695,3001
b6465c8ac0ed173d3faf7c401e0c4924,9D9I,igb2_di1_salt0_st0,-22.8207,3001
b6465c8ac0ed173d3faf7c401e0c4924,9D9I,igb2_di1_salt0_st0.0072,-28.6782,3001
b6465c8ac0ed173d3faf7c401e0c4924,9D9I,igb2_di2_salt0.15_st0,-32.3988,3001
b6465c8ac0ed173d3faf7c401e0c4924,9D9I,igb2_di2_salt0.15_st0.0072,-38.2566,3001
b6465c8ac0ed173d3faf7c401e0c4924,9D9I,igb2_di2_salt0_st0,-32.4076,3001
b6465c8ac0ed173d3faf7c401e0c4924,9D9I,igb2_di2_salt0_st0.0072,-38.2651,3001
b6465c8ac0ed173d3faf7c401e0c4924,9D9I,igb2_di4_salt0.15_st0,-37.1924,3001
b6465c8ac0ed173d3faf7c401e0c4924,9D9I,igb2_di4_salt0.15_st0.0072,-43.05,3001
b6465c8ac0ed173d3faf7c401e0c4924,9D9I,igb2_di4_salt0_st0,-37.2009,3001
b6465c8ac0ed173d3faf7c401e0c4924,9D9I,igb2_di4_salt0_st0.0072,-43.0587,3001
b6465c8ac0ed173d3faf7c401e0c4924,9D9I,igb5_di1_salt0.15_st0,-24.1681,3001
b6465c8ac0ed173d3faf7c401e0c4924,9D9I,igb5_di1_salt0.15_st0.0072,-30.0257,3001
b6465c8ac0ed173d3faf7c401e0c4924,9D9I,igb5_di1_salt0_st0,-24.1782,3001
b6465c8ac0ed173d3faf7c401e0c4924,9D9I,igb5_di1_salt0_st0.0072,-30.036,3001
b6465c8ac0ed173d3faf7c401e0c4924,9D9I,igb5_di2_salt0.15_st0,-33.0674,3001
b6465c8ac0ed173d3faf7c401e0c4924,9D9I,igb5_di2_salt0.15_st0.0072,-38.925,3001
b6465c8ac0ed173d3faf7c401e0c4924,9D9I,igb5_di2_salt0_st0,-33.0776,3001
b6465c8ac0ed173d3faf7c401e0c4924,9D9I,igb5_di2_salt0_st0.0072,-38.9353,3001
b6465c8ac0ed173d3faf7c401e0c4924,9D9I,igb5_di4_salt0.15_st0,-37.5171,3001
b6465c8ac0ed173d3faf7c401e0c4924,9D9I,igb5_di4_salt0.15_st0.0072,-43.3747,3001
b6465c8ac0ed173d3faf7c401e0c4924,9D9I,igb5_di4_salt0_st0,-37.5273,3001
b6465c8ac0ed173d3faf7c401e0c4924,9D9I,igb5_di4_salt0_st0.0072,-43.3849,3001
b6465c8ac0ed173d3faf7c401e0c4924,9D9I,igb8_di1_salt0.15_st0,-18.7796,3001
b6465c8ac0ed173d3faf7c401e0c4924,9D9I,igb8_di1_salt0.15_st0.0072,-24.6372,3001
b6465c8ac0ed173d3faf7c401e0c4924,9D9I,igb8_di1_salt0_st0,-18.7905,3001
b6465c8ac0ed173d3faf7c401e0c4924,9D9I,igb8_di1_salt0_st0.0072,-24.648,3001
b6465c8ac0ed173d3faf7c401e0c4924,9D9I,igb8_di2_salt0.15_st0,-30.4076,3001
b6465c8ac0ed173d3faf7c401e0c4924,9D9I,igb8_di2_salt0.15_st0.0072,-36.2653,3001
b6465c8ac0ed173d3faf7c401e0c4924,9D9I,igb8_di2_salt0_st0,-30.4184,3001
b6465c8ac0ed173d3faf7c401e0c4924,9D9I,igb8_di2_salt0_st0.0072,-36.2759,3001
b6465c8ac0ed173d3faf7c401e0c4924,9D9I,igb8_di4_salt0.15_st0,-36.2216,3001
b6465c8ac0ed173d3faf7c401e0c4924,9D9I,igb8_di4_salt0.15_st0.0072,-42.0792,3001
b6465c8ac0ed173d3faf7c401e0c4924,9D9I,igb8_di4_salt0_st0,-36.2324,3001
b6465c8ac0ed173d3faf7c401e0c4924,9D9I,igb8_di4_salt0_st0.0072,-42.09,3001
b7649d4e54db2998f4f380ff5b78484d,4L7G,igb1_di1_salt0.15_st0,-20.8966,3001
b7649d4e54db2998f4f380ff5b78484d,4L7G,igb1_di1_salt0.15_st0.0072,-25.7874,3001
b7649d4e54db2998f4f380ff5b78484d,4L7G,igb1_di1_salt0_st0,-20.9107,3001
b7649d4e54db2998f4f380ff5b78484d,4L7G,igb1_di1_salt0_st0.0072,-25.8014,3001
b7649d4e54db2998f4f380ff5b78484d,4L7G,igb1_di2_salt0.15_st0,-26.9838,3001
b7649d4e54db2998f4f380ff5b78484d,4L7G,igb1_di2_salt0.15_st0.0072,-31.8745,3001
b7649d4e54db2998f4f380ff5b78484d,4L7G,igb1_di2_salt0_st0,-26.9979,3001
b7649d4e54db2998f4f380ff5b78484d,4L7G,igb1_di2_salt0_st0.0072,-31.8886,3001
b7649d4e54db2998f4f380ff5b78484d,4L7G,igb1_di4_salt0.15_st0,-30.0273,3001
b7649d4e54db2998f4f380ff5b78484d,4L7G,igb1_di4_salt0.15_st0.0072,-34.9182,3001
b7649d4e54db2998f4f380ff5b78484d,4L7G,igb1_di4_salt0_st0,-30.0416,3001
b7649d4e54db2998f4f380ff5b78484d,4L7G,igb1_di4_salt0_st0.0072,-34.9322,3001
b7649d4e54db2998f4f380ff5b78484d,4L7G,igb2_di1_salt0.15_st0,-14.9992,3001
b7649d4e54db2998f4f380ff5b78484d,4L7G,igb2_di1_salt0.15_st0.0072,-19.89,3001
b7649d4e54db2998f4f380ff5b78484d,4L7G,igb2_di1_salt0_st0,-15.0134,3001
b7649d4e54db2998f4f380ff5b78484d,4L7G,igb2_di1_salt0_st0.0072,-19.9042,3001
b7649d4e54db2998f4f380ff5b78484d,4L7G,igb2_di2_salt0.15_st0,-24.0731,3001
b7649d4e54db2998f4f380ff5b78484d,4L7G,igb2_di2_salt0.15_st0.0072,-28.9638,3001
b7649d4e54db2998f4f380ff5b78484d,4L7G,igb2_di2_salt0_st0,-24.0872,3001
b7649d4e54db2998f4f380ff5b78484d,4L7G,igb2_di2_salt0_st0.0072,-28.9781,3001
b7649d4e54db2998f4f380ff5b78484d,4L7G,igb2_di4_salt0.15_st0,-28.61,3001
b7649d4e54db2998f4f380ff5b78484d,4L7G,igb2_di4_salt0.15_st0.0072,-33.5009,3001
b7649d4e54db2998f4f380ff5b78484d,4L7G,igb2_di4_salt0_st0,-28.6242,3001
b7649d4e54db2998f4f380ff5b78484d,4L7G,igb2_di4_salt0_st0.0072,-33.5151,3001
b7649d4e54db2998f4f380ff5b78484d,4L7G,igb5_di1_salt0.15_st0,-15.9852,3001
b7649d4e54db2998f4f380ff5b78484d,4L7G,igb5_di1_salt0.15_st0.0072,-20.8761,3001
b7649d4e54db2998f4f380ff5b78484d,4L7G,igb5_di1_salt0_st0,-15.9993,3001
b7649d4e54db2998f4f380ff5b78484d,4L7G,igb5_di1_salt0_st0.0072,-20.8901,3001
b7649d4e54db2998f4f380ff5b78484d,4L7G,igb5_di2_salt0.15_st0,-24.5599,3001
b7649d4e54db2998f4f380ff5b78484d,4L7G,igb5_di2_salt0.15_st0.0072,-29.4507,3001
b7649d4e54db2998f4f380ff5b78484d,4L7G,igb5_di2_salt0_st0,-24.574,3001
b7649d4e54db2998f4f380ff5b78484d,4L7G,igb5_di2_salt0_st0.0072,-29.4648,3001
b7649d4e54db2998f4f380ff5b78484d,4L7G,igb5_di4_salt0.15_st0,-28.847,3001
b7649d4e54db2998f4f380ff5b78484d,4L7G,igb5_di4_salt0.15_st0.0072,-33.7379,3001
b7649d4e54db2998f4f380ff5b78484d,4L7G,igb5_di4_salt0_st0,-28.8613,3001
b7649d4e54db2998f4f380ff5b78484d,4L7G,igb5_di4_salt0_st0.0072,-33.752,3001
b7649d4e54db2998f4f380ff5b78484d,4L7G,igb8_di1_salt0.15_st0,-11.3659,3001
b7649d4e54db2998f4f380ff5b78484d,4L7G,igb8_di1_salt0.15_st0.0072,-16.2567,3001
b7649d4e54db2998f4f380ff5b78484d,4L7G,igb8_di1_salt0_st0,-11.3852,3001
b7649d4e54db2998f4f380ff5b78484d,4L7G,igb8_di1_salt0_st0.0072,-16.276,3001
b7649d4e54db2998f4f380ff5b78484d,4L7G,igb8_di2_salt0.15_st0,-22.2772,3001
b7649d4e54db2998f4f380ff5b78484d,4L7G,igb8_di2_salt0.15_st0.0072,-27.168,3001
b7649d4e54db2998f4f380ff5b78484d,4L7G,igb8_di2_salt0_st0,-22.2966,3001
b7649d4e54db2998f4f380ff5b78484d,4L7G,igb8_di2_salt0_st0.0072,-27.1874,3001
b7649d4e54db2998f4f380ff5b78484d,4L7G,igb8_di4_salt0.15_st0,-27.7329,3001
b7649d4e54db2998f4f380ff5b78484d,4L7G,igb8_di4_salt0.15_st0.0072,-32.6237,3001
b7649d4e54db2998f4f380ff5b78484d,4L7G,igb8_di4_salt0_st0,-27.7523,3001
b7649d4e54db2998f4f380ff5b78484d,4L7G,igb8_di4_salt0_st0.0072,-32.6432,3001
b85a22ec0aa0dc6afd4221dc2f0bb482,3I06,igb1_di1_salt0.15_st0,-15.5059,3001
b85a22ec0aa0dc6afd4221dc2f0bb482,3I06,igb1_di1_salt0.15_st0.0072,-19.0317,3001
b85a22ec0aa0dc6afd4221dc2f0bb482,3I06,igb1_di1_salt0_st0,-15.5147,3001
b85a22ec0aa0dc6afd4221dc2f0bb482,3I06,igb1_di1_salt0_st0.0072,-19.0405,3001
b85a22ec0aa0dc6afd4221dc2f0bb482,3I06,igb1_di2_salt0.15_st0,-21.1414,3001
b85a22ec0aa0dc6afd4221dc2f0bb482,3I06,igb1_di2_salt0.15_st0.0072,-24.6672,3001
b85a22ec0aa0dc6afd4221dc2f0bb482,3I06,igb1_di2_salt0_st0,-21.15,3001
b85a22ec0aa0dc6afd4221dc2f0bb482,3I06,igb1_di2_salt0_st0.0072,-24.6759,3001
b85a22ec0aa0dc6afd4221dc2f0bb482,3I06,igb1_di4_salt0.15_st0,-23.959,3001
b85a22ec0aa0dc6afd4221dc2f0bb482,3I06,igb1_di4_salt0.15_st0.0072,-27.4848,3001
b85a22ec0aa0dc6afd4221dc2f0bb482,3I06,igb1_di4_salt0_st0,-23.9678,3001
b85a22ec0aa0dc6afd4221dc2f0bb482,3I06,igb1_di4_salt0_st0.0072,-27.4937,3001
b85a22ec0aa0dc6afd4221dc2f0bb482,3I06,igb2_di1_salt0.15_st0,-12.6984,3001
b85a22ec0aa0dc6afd4221dc2f0bb482,3I06,igb2_di1_salt0.15_st0.0072,-16.2241,3001
b85a22ec0aa0dc6afd4221dc2f0bb482,3I06,igb2_di1_salt0_st0,-12.707,3001
b85a22ec0aa0dc6afd4221dc2f0bb482,3I06,igb2_di1_salt0_st0.0072,-16.2327,3001
b85a22ec0aa0dc6afd4221dc2f0bb482,3I06,igb2_di2_salt0.15_st0,-19.7557,3001
b85a22ec0aa0dc6afd4221dc2f0bb482,3I06,igb2_di2_salt0.15_st0.0072,-23.2815,3001
b85a22ec0aa0dc6afd4221dc2f0bb482,3I06,igb2_di2_salt0_st0,-19.7644,3001
b85a22ec0aa0dc6afd4221dc2f0bb482,3I06,igb2_di2_salt0_st0.0072,-23.2901,3001
b85a22ec0aa0dc6afd4221dc2f0bb482,3I06,igb2_di4_salt0.15_st0,-23.2845,3001
b85a22ec0aa0dc6afd4221dc2f0bb482,3I06,igb2_di4_salt0.15_st0.0072,-26.8103,3001
b85a22ec0aa0dc6afd4221dc2f0bb482,3I06,igb2_di4_salt0_st0,-23.293,3001
b85a22ec0aa0dc6afd4221dc2f0bb482,3I06,igb2_di4_salt0_st0.0072,-26.8188,3001
b85a22ec0aa0dc6afd4221dc2f0bb482,3I06,igb5_di1_salt0.15_st0,-13.4423,3001
b85a22ec0aa0dc6afd4221dc2f0bb482,3I06,igb5_di1_salt0.15_st0.0072,-16.9681,3001
b85a22ec0aa0dc6afd4221dc2f0bb482,3I06,igb5_di1_salt0_st0,-13.4507,3001
b85a22ec0aa0dc6afd4221dc2f0bb482,3I06,igb5_di1_salt0_st0.0072,-16.9766,3001
b85a22ec0aa0dc6afd4221dc2f0bb482,3I06,igb5_di2_salt0.15_st0,-20.123,3001
b85a22ec0aa0dc6afd4221dc2f0bb482,3I06,igb5_di2_salt0.15_st0.0072,-23.6488,3001
b85a22ec0aa0dc6afd4221dc2f0bb482,3I06,igb5_di2_salt0_st0,-20.1314,3001
b85a22ec0aa0dc6afd4221dc2f0bb482,3I06,igb5_di2_salt0_st0.0072,-23.6572,3001
b85a22ec0aa0dc6afd4221dc2f0bb482,3I06,igb5_di4_salt0.15_st0,-23.4633,3001
b85a22ec0aa0dc6afd4221dc2f0bb482,3I06,igb5_di4_salt0.15_st0.0072,-26.9891,3001
b85a22ec0aa0dc6afd4221dc2f0bb482,3I06,igb5_di4_salt0_st0,-23.4718,3001
b85a22ec0aa0dc6afd4221dc2f0bb482,3I06,igb5_di4_salt0_st0.0072,-26.9976,3001
b85a22ec0aa0dc6afd4221dc2f0bb482,3I06,igb8_di1_salt0.15_st0,-11.906,3001
b85a22ec0aa0dc6afd4221dc2f0bb482,3I06,igb8_di1_salt0.15_st0.0072,-15.4319,3001
b85a22ec0aa0dc6afd4221dc2f0bb482,3I06,igb8_di1_salt0_st0,-11.9289,3001
b85a22ec0aa0dc6afd4221dc2f0bb482,3I06,igb8_di1_salt0_st0.0072,-15.4547,3001
b85a22ec0aa0dc6afd4221dc2f0bb482,3I06,igb8_di2_salt0.15_st0,-19.3576,3001
b85a22ec0aa0dc6afd4221dc2f0bb482,3I06,igb8_di2_salt0.15_st0.0072,-22.8833,3001
b85a22ec0aa0dc6afd4221dc2f0bb482,3I06,igb8_di2_salt0_st0,-19.3803,3001
b85a22ec0aa0dc6afd4221dc2f0bb482,3I06,igb8_di2_salt0_st0.0072,-22.9061,3001
b85a22ec0aa0dc6afd4221dc2f0bb482,3I06,igb8_di4_salt0.15_st0,-23.0832,3001
b85a22ec0aa0dc6afd4221dc2f0bb482,3I06,igb8_di4_salt0.15_st0.0072,-26.609,3001
b85a22ec0aa0dc6afd4221dc2f0bb482,3I06,igb8_di4_salt0_st0,-23.106,3001
b85a22ec0aa0dc6afd4221dc2f0bb482,3I06,igb8_di4_salt0_st0.0072,-26.6319,3001
b8ac149673f7c3cd33b88439965cd67f,9D9I,igb1_di1_salt0.15_st0,-30.5718,3001
b8ac149673f7c3cd33b88439965cd67f,9D9I,igb1_di1_salt0.15_st0.0072,-36.6395,3001
b8ac149673f7c3cd33b88439965cd67f,9D9I,igb1_di1_salt0_st0,-30.5822,3001
b8ac149673f7c3cd33b88439965cd67f,9D9I,igb1_di1_salt0_st0.0072,-36.65,3001
b8ac149673f7c3cd33b88439965cd67f,9D9I,igb1_di2_salt0.15_st0,-37.6761,3001
b8ac149673f7c3cd33b88439965cd67f,9D9I,igb1_di2_salt0.15_st0.0072,-43.7439,3001
b8ac149673f7c3cd33b88439965cd67f,9D9I,igb1_di2_salt0_st0,-37.6865,3001
b8ac149673f7c3cd33b88439965cd67f,9D9I,igb1_di2_salt0_st0.0072,-43.7541,3001
b8ac149673f7c3cd33b88439965cd67f,9D9I,igb1_di4_salt0.15_st0,-41.2283,3001
b8ac149673f7c3cd33b88439965cd67f,9D9I,igb1_di4_salt0.15_st0.0072,-47.2959,3001
b8ac149673f7c3cd33b88439965cd67f,9D9I,igb1_di4_salt0_st0,-41.2388,3001
b8ac149673f7c3cd33b88439965cd67f,9D9I,igb1_di4_salt0_st0.0072,-47.3064,3001
b8ac149673f7c3cd33b88439965cd67f,9D9I,igb2_di1_salt0.15_st0,-24.2724,3001
b8ac149673f7c3cd33b88439965cd67f,9D9I,igb2_di1_salt0.15_st0.0072,-30.3402,3001
b8ac149673f7c3cd33b88439965cd67f,9D9I,igb2_di1_salt0_st0,-24.2828,3001
b8ac149673f7c3cd33b88439965cd67f,9D9I,igb2_di1_salt0_st0.0072,-30.3503,3001
b8ac149673f7c3cd33b88439965cd67f,9D9I,igb2_di2_salt0.15_st0,-34.5671,3001
b8ac149673f7c3cd33b88439965cd67f,9D9I,igb2_di2_salt0.15_st0.0072,-40.6349,3001
b8ac149673f7c3cd33b88439965cd67f,9D9I,igb2_di2_salt0_st0,-34.5774,3001
b8ac149673f7c3cd33b88439965cd67f,9D9I,igb2_di2_salt0_st0.0072,-40.6451,3001
b8ac149673f7c3cd33b88439965cd67f,9D9I,igb2_di4_salt0.15_st0,-39.7145,3001
b8ac149673f7c3cd33b88439965cd67f,9D9I,igb2_di4_salt0.15_st0.0072,-45.7822,3001
b8ac149673f7c3cd33b88439965cd67f,9D9I,igb2_di4_salt0_st0,-39.7247,3001
b8ac149673f7c3cd33b88439965cd67f,9D9I,igb2_di4_salt0_st0.0072,-45.7925,3001
b8ac149673f7c3cd33b88439965cd67f,9D9I,igb5_di1_salt0.15_st0,-25.5617,3001
b8ac149673f7c3cd33b88439965cd67f,9D9I,igb5_di1_salt0.15_st0.0072,-31.6294,3001
b8ac149673f7c3cd33b88439965cd67f,9D9I,igb5_di1_salt0_st0,-25.5731,3001
b8ac149673f7c3cd33b88439965cd67f,9D9I,igb5_di1_salt0_st0.0072,-31.6407,3001
b8ac149673f7c3cd33b88439965cd67f,9D9I,igb5_di2_salt0.15_st0,-35.2029,3001
b8ac149673f7c3cd33b88439965cd67f,9D9I,igb5_di2_salt0.15_st0.0072,-41.2706,3001
b8ac149673f7c3cd33b88439965cd67f,9D9I,igb5_di2_salt0_st0,-35.2143,3001
b8ac149673f7c3cd33b88439965cd67f,9D9I,igb5_di2_salt0_st0.0072,-41.282,3001
b8ac149673f7c3cd33b88439965cd67f,9D9I,igb5_di4_salt0.15_st0,-40.0235,3001
b8ac149673f7c3cd33b88439965cd67f,9D9I,igb5_di4_salt0.15_st0.0072,-46.0911,3001
b8ac149673f7c3cd33b88439965cd67f,9D9I,igb5_di4_salt0_st0,-40.0349,3001
b8ac149673f7c3cd33b88439965cd67f,9D9I,igb5_di4_salt0_st0.0072,-46.1026,3001
b8ac149673f7c3cd33b88439965cd67f,9D9I,igb8_di1_salt0.15_st0,-21.2863,3001
b8ac149673f7c3cd33b88439965cd67f,9D9I,igb8_di1_salt0.15_st0.0072,-27.354,3001
b8ac149673f7c3cd33b88439965cd67f,9D9I,igb8_di1_salt0_st0,-21.2986,3001
b8ac149673f7c3cd33b88439965cd67f,9D9I,igb8_di1_salt0_st0.0072,-27.3663,3001
b8ac149673f7c3cd33b88439965cd67f,9D9I,igb8_di2_salt0.15_st0,-33.0924,3001
b8ac149673f7c3cd33b88439965cd67f,9D9I,igb8_di2_salt0.15_st0.0072,-39.1601,3001
b8ac149673f7c3cd33b88439965cd67f,9D9I,igb8_di2_salt0_st0,-33.1047,3001
b8ac149673f7c3cd33b88439965cd67f,9D9I,igb8_di2_salt0_st0.0072,-39.1722,3001
b8ac149673f7c3cd33b88439965cd67f,9D9I,igb8_di4_salt0.15_st0,-38.9954,3001
b8ac149673f7c3cd33b88439965cd67f,9D9I,igb8_di4_salt0.15_st0.0072,-45.0629,3001
b8ac149673f7c3cd33b88439965cd67f,9D9I,igb8_di4_salt0_st0,-39.0076,3001
b8ac149673f7c3cd33b88439965cd67f,9D9I,igb8_di4_salt0_st0.0072,-45.0752,3001
b935f060fc633ecb59aac069eeb99d71,9D9I,igb1_di1_salt0.15_st0,-20.6185,3001
b935f060fc633ecb59aac069eeb99d71,9D9I,igb1_di1_salt0.15_st0.0072,-24.7953,3001
b935f060fc633ecb59aac069eeb99d71,9D9I,igb1_di1_salt0_st0,-20.6132,3001
b935f060fc633ecb59aac069eeb99d71,9D9I,igb1_di1_salt0_st0.0072,-24.7901,3001
b935f060fc633ecb59aac069eeb99d71,9D9I,igb1_di2_salt0.15_st0,-25.5863,3001
b935f060fc633ecb59aac069eeb99d71,9D9I,igb1_di2_salt0.15_st0.0072,-29.7631,3001
b935f060fc633ecb59aac069eeb99d71,9D9I,igb1_di2_salt0_st0,-25.5811,3001
b935f060fc633ecb59aac069eeb99d71,9D9I,igb1_di2_salt0_st0.0072,-29.758,3001
b935f060fc633ecb59aac069eeb99d71,9D9I,igb1_di4_salt0.15_st0,-28.0702,3001
b935f060fc633ecb59aac069eeb99d71,9D9I,igb1_di4_salt0.15_st0.0072,-32.2471,3001
b935f060fc633ecb59aac069eeb99d71,9D9I,igb1_di4_salt0_st0,-28.0649,3001
b935f060fc633ecb59aac069eeb99d71,9D9I,igb1_di4_salt0_st0.0072,-32.2419,3001
b935f060fc633ecb59aac069eeb99d71,9D9I,igb2_di1_salt0.15_st0,-17.0878,3001
b935f060fc633ecb59aac069eeb99d71,9D9I,igb2_di1_salt0.15_st0.0072,-21.2649,3001
b935f060fc633ecb59aac069eeb99d71,9D9I,igb2_di1_salt0_st0,-17.0828,3001
b935f060fc633ecb59aac069eeb99d71,9D9I,igb2_di1_salt0_st0.0072,-21.2597,3001
b935f060fc633ecb59aac069eeb99d71,9D9I,igb2_di2_salt0.15_st0,-23.8437,3001
b935f060fc633ecb59aac069eeb99d71,9D9I,igb2_di2_salt0.15_st0.0072,-28.0207,3001
b935f060fc633ecb59aac069eeb99d71,9D9I,igb2_di2_salt0_st0,-23.8387,3001
b935f060fc633ecb59aac069eeb99d71,9D9I,igb2_di2_salt0_st0.0072,-28.0155,3001
b935f060fc633ecb59aac069eeb99d71,9D9I,igb2_di4_salt0.15_st0,-27.2217,3001
b935f060fc633ecb59aac069eeb99d71,9D9I,igb2_di4_salt0.15_st0.0072,-31.3986,3001
b935f060fc633ecb59aac069eeb99d71,9D9I,igb2_di4_salt0_st0,-27.2164,3001
b935f060fc633ecb59aac069eeb99d71,9D9I,igb2_di4_salt0_st0.0072,-31.3934,3001
b935f060fc633ecb59aac069eeb99d71,9D9I,igb5_di1_salt0.15_st0,-17.7834,3001
b935f060fc633ecb59aac069eeb99d71,9D9I,igb5_di1_salt0.15_st0.0072,-21.9603,3001
b935f060fc633ecb59aac069eeb99d71,9D9I,igb5_di1_salt0_st0,-17.7805,3001
b935f060fc633ecb59aac069eeb99d71,9D9I,igb5_di1_salt0_st0.0072,-21.9574,3001
b935f060fc633ecb59aac069eeb99d71,9D9I,igb5_di2_salt0.15_st0,-24.1859,3001
b935f060fc633ecb59aac069eeb99d71,9D9I,igb5_di2_salt0.15_st0.0072,-28.3627,3001
b935f060fc633ecb59aac069eeb99d71,9D9I,igb5_di2_salt0_st0,-24.1829,3001
b935f060fc633ecb59aac069eeb99d71,9D9I,igb5_di2_salt0_st0.0072,-28.3599,3001
b935f060fc633ecb59aac069eeb99d71,9D9I,igb5_di4_salt0.15_st0,-27.387,3001
b935f060fc633ecb59aac069eeb99d71,9D9I,igb5_di4_salt0.15_st0.0072,-31.564,3001
b935f060fc633ecb59aac069eeb99d71,9D9I,igb5_di4_salt0_st0,-27.3842,3001
b935f060fc633ecb59aac069eeb99d71,9D9I,igb5_di4_salt0_st0.0072,-31.5611,3001
b935f060fc633ecb59aac069eeb99d71,9D9I,igb8_di1_salt0.15_st0,-13.4148,3001
b935f060fc633ecb59aac069eeb99d71,9D9I,igb8_di1_salt0.15_st0.0072,-17.5915,3001
b935f060fc633ecb59aac069eeb99d71,9D9I,igb8_di1_salt0_st0,-13.4112,3001
b935f060fc633ecb59aac069eeb99d71,9D9I,igb8_di1_salt0_st0.0072,-17.5879,3001
b935f060fc633ecb59aac069eeb99d71,9D9I,igb8_di2_salt0.15_st0,-22.0301,3001
b935f060fc633ecb59aac069eeb99d71,9D9I,igb8_di2_salt0.15_st0.0072,-26.207,3001
b935f060fc633ecb59aac069eeb99d71,9D9I,igb8_di2_salt0_st0,-22.0265,3001
b935f060fc633ecb59aac069eeb99d71,9D9I,igb8_di2_salt0_st0.0072,-26.2034,3001
b935f060fc633ecb59aac069eeb99d71,9D9I,igb8_di4_salt0.15_st0,-26.3378,3001
b935f060fc633ecb59aac069eeb99d71,9D9I,igb8_di4_salt0.15_st0.0072,-30.5147,3001
b935f060fc633ecb59aac069eeb99d71,9D9I,igb8_di4_salt0_st0,-26.3342,3001
b935f060fc633ecb59aac069eeb99d71,9D9I,igb8_di4_salt0_st0.0072,-30.511,3001
b97da2a131609768b2ffb5b85b870db2,5HU9,igb1_di1_salt0.15_st0,-16.6528,3001
b97da2a131609768b2ffb5b85b870db2,5HU9,igb1_di1_salt0.15_st0.0072,-19.8478,3001
b97da2a131609768b2ffb5b85b870db2,5HU9,igb1_di1_salt0_st0,-16.6711,3001
b97da2a131609768b2ffb5b85b870db2,5HU9,igb1_di1_salt0_st0.0072,-19.8658,3001
b97da2a131609768b2ffb5b85b870db2,5HU9,igb1_di2_salt0.15_st0,-20.2829,3001
b97da2a131609768b2ffb5b85b870db2,5HU9,igb1_di2_salt0.15_st0.0072,-23.4778,3001
b97da2a131609768b2ffb5b85b870db2,5HU9,igb1_di2_salt0_st0,-20.301,3001
b97da2a131609768b2ffb5b85b870db2,5HU9,igb1_di2_salt0_st0.0072,-23.4959,3001
b97da2a131609768b2ffb5b85b870db2,5HU9,igb1_di4_salt0.15_st0,-22.0978,3001
b97da2a131609768b2ffb5b85b870db2,5HU9,igb1_di4_salt0.15_st0.0072,-25.2928,3001
b97da2a131609768b2ffb5b85b870db2,5HU9,igb1_di4_salt0_st0,-22.116,3001
b97da2a131609768b2ffb5b85b870db2,5HU9,igb1_di4_salt0_st0.0072,-25.3109,3001
b97da2a131609768b2ffb5b85b870db2,5HU9,igb2_di1_salt0.15_st0,-13.3515,3001
b97da2a131609768b2ffb5b85b870db2,5HU9,igb2_di1_salt0.15_st0.0072,-16.5464,3001
b97da2a131609768b2ffb5b85b870db2,5HU9,igb2_di1_salt0_st0,-13.3699,3001
b97da2a131609768b2ffb5b85b870db2,5HU9,igb2_di1_salt0_st0.0072,-16.5648,3001
b97da2a131609768b2ffb5b85b870db2,5HU9,igb2_di2_salt0.15_st0,-18.6535,3001
b97da2a131609768b2ffb5b85b870db2,5HU9,igb2_di2_salt0.15_st0.0072,-21.8483,3001
b97da2a131609768b2ffb5b85b870db2,5HU9,igb2_di2_salt0_st0,-18.6717,3001
b97da2a131609768b2ffb5b85b870db2,5HU9,igb2_di2_salt0_st0.0072,-21.8666,3001
b97da2a131609768b2ffb5b85b870db2,5HU9,igb2_di4_salt0.15_st0,-21.3044,3001
b97da2a131609768b2ffb5b85b870db2,5HU9,igb2_di4_salt0.15_st0.0072,-24.4991,3001
b97da2a131609768b2ffb5b85b870db2,5HU9,igb2_di4_salt0_st0,-21.3227,3001
b97da2a131609768b2ffb5b85b870db2,5HU9,igb2_di4_salt0_st0.0072,-24.5175,3001
b97da2a131609768b2ffb5b85b870db2,5HU9,igb5_di1_salt0.15_st0,-13.2886,3001
b97da2a131609768b2ffb5b85b870db2,5HU9,igb5_di1_salt0.15_st0.0072,-16.4834,3001
b97da2a131609768b2ffb5b85b870db2,5HU9,igb5_di1_salt0_st0,-13.3073,3001
b97da2a131609768b2ffb5b85b870db2,5HU9,igb5_di1_salt0_st0.0072,-16.5023,3001
b97da2a131609768b2ffb5b85b870db2,5HU9,igb5_di2_salt0.15_st0,-18.6221,3001
b97da2a131609768b2ffb5b85b870db2,5HU9,igb5_di2_salt0.15_st0.0072,-21.8169,3001
b97da2a131609768b2ffb5b85b870db2,5HU9,igb5_di2_salt0_st0,-18.6409,3001
b97da2a131609768b2ffb5b85b870db2,5HU9,igb5_di2_salt0_st0.0072,-21.8357,3001
b97da2a131609768b2ffb5b85b870db2,5HU9,igb5_di4_salt0.15_st0,-21.2887,3001
b97da2a131609768b2ffb5b85b870db2,5HU9,igb5_di4_salt0.15_st0.0072,-24.4837,3001
b97da2a131609768b2ffb5b85b870db2,5HU9,igb5_di4_salt0_st0,-21.3077,3001
b97da2a131609768b2ffb5b85b870db2,5HU9,igb5_di4_salt0_st0.0072,-24.5025,3001
b97da2a131609768b2ffb5b85b870db2,5HU9,igb8_di1_salt0.15_st0,-10.3022,3001
b97da2a131609768b2ffb5b85b870db2,5HU9,igb8_di1_salt0.15_st0.0072,-13.4971,3001
b97da2a131609768b2ffb5b85b870db2,5HU9,igb8_di1_salt0_st0,-10.3233,3001
b97da2a131609768b2ffb5b85b870db2,5HU9,igb8_di1_salt0_st0.0072,-13.5182,3001
b97da2a131609768b2ffb5b85b870db2,5HU9,igb8_di2_salt0.15_st0,-17.147,3001
b97da2a131609768b2ffb5b85b870db2,5HU9,igb8_di2_salt0.15_st0.0072,-20.3418,3001
b97da2a131609768b2ffb5b85b870db2,5HU9,igb8_di2_salt0_st0,-17.1681,3001
b97da2a131609768b2ffb5b85b870db2,5HU9,igb8_di2_salt0_st0.0072,-20.363,3001
b97da2a131609768b2ffb5b85b870db2,5HU9,igb8_di4_salt0.15_st0,-20.5694,3001
b97da2a131609768b2ffb5b85b870db2,5HU9,igb8_di4_salt0.15_st0.0072,-23.7643,3001
b97da2a131609768b2ffb5b85b870db2,5HU9,igb8_di4_salt0_st0,-20.5905,3001
b97da2a131609768b2ffb5b85b870db2,5HU9,igb8_di4_salt0_st0.0072,-23.7853,3001
b9b9bfeefa0e6a15732b8a6efe510a7f,5HU9,igb1_di1_salt0.15_st0,-12.685,3001
b9b9bfeefa0e6a15732b8a6efe510a7f,5HU9,igb1_di1_salt0.15_st0.0072,-14.7694,3001
b9b9bfeefa0e6a15732b8a6efe510a7f,5HU9,igb1_di1_salt0_st0,-12.6911,3001
b9b9bfeefa0e6a15732b8a6efe510a7f,5HU9,igb1_di1_salt0_st0.0072,-14.7755,3001
b9b9bfeefa0e6a15732b8a6efe510a7f,5HU9,igb1_di2_salt0.15_st0,-14.7589,3001
b9b9bfeefa0e6a15732b8a6efe510a7f,5HU9,igb1_di2_salt0.15_st0.0072,-16.8433,3001
b9b9bfeefa0e6a15732b8a6efe510a7f,5HU9,igb1_di2_salt0_st0,-14.765,3001
b9b9bfeefa0e6a15732b8a6efe510a7f,5HU9,igb1_di2_salt0_st0.0072,-16.8494,3001
b9b9bfeefa0e6a15732b8a6efe510a7f,5HU9,igb1_di4_salt0.15_st0,-15.7957,3001
b9b9bfeefa0e6a15732b8a6efe510a7f,5HU9,igb1_di4_salt0.15_st0.0072,-17.8801,3001
b9b9bfeefa0e6a15732b8a6efe510a7f,5HU9,igb1_di4_salt0_st0,-15.802,3001
b9b9bfeefa0e6a15732b8a6efe510a7f,5HU9,igb1_di4_salt0_st0.0072,-17.8864,3001
b9b9bfeefa0e6a15732b8a6efe510a7f,5HU9,igb2_di1_salt0.15_st0,-10.8478,3001
b9b9bfeefa0e6a15732b8a6efe510a7f,5HU9,igb2_di1_salt0.15_st0.0072,-12.9323,3001
b9b9bfeefa0e6a15732b8a6efe510a7f,5HU9,igb2_di1_salt0_st0,-10.8536,3001
b9b9bfeefa0e6a15732b8a6efe510a7f,5HU9,igb2_di1_salt0_st0.0072,-12.9381,3001
b9b9bfeefa0e6a15732b8a6efe510a7f,5HU9,igb2_di2_salt0.15_st0,-13.8521,3001
b9b9bfeefa0e6a15732b8a6efe510a7f,5HU9,igb2_di2_salt0.15_st0.0072,-15.9365,3001
b9b9bfeefa0e6a15732b8a6efe510a7f,5HU9,igb2_di2_salt0_st0,-13.858,3001
b9b9bfeefa0e6a15732b8a6efe510a7f,5HU9,igb2_di2_salt0_st0.0072,-15.9424,3001
b9b9bfeefa0e6a15732b8a6efe510a7f,5HU9,igb2_di4_salt0.15_st0,-15.3544,3001
b9b9bfeefa0e6a15732b8a6efe510a7f,5HU9,igb2_di4_salt0.15_st0.0072,-17.4388,3001
b9b9bfeefa0e6a15732b8a6efe510a7f,5HU9,igb2_di4_salt0_st0,-15.3604,3001
b9b9bfeefa0e6a15732b8a6efe510a7f,5HU9,igb2_di4_salt0_st0.0072,-17.4448,3001
b9b9bfeefa0e6a15732b8a6efe510a7f,5HU9,igb5_di1_salt0.15_st0,-11.089,3001
b9b9bfeefa0e6a15732b8a6efe510a7f,5HU9,igb5_di1_salt0.15_st0.0072,-13.1734,3001
b9b9bfeefa0e6a15732b8a6efe510a7f,5HU9,igb5_di1_salt0_st0,-11.095,3001
b9b9bfeefa0e6a15732b8a6efe510a7f,5HU9,igb5_di1_salt0_st0.0072,-13.1792,3001
b9b9bfeefa0e6a15732b8a6efe510a7f,5HU9,igb5_di2_salt0.15_st0,-13.9712,3001
b9b9bfeefa0e6a15732b8a6efe510a7f,5HU9,igb5_di2_salt0.15_st0.0072,-16.0556,3001
b9b9bfeefa0e6a15732b8a6efe510a7f,5HU9,igb5_di2_salt0_st0,-13.9772,3001
b9b9bfeefa0e6a15732b8a6efe510a7f,5HU9,igb5_di2_salt0_st0.0072,-16.0616,3001
b9b9bfeefa0e6a15732b8a6efe510a7f,5HU9,igb5_di4_salt0.15_st0,-15.4123,3001
b9b9bfeefa0e6a15732b8a6efe510a7f,5HU9,igb5_di4_salt0.15_st0.0072,-17.4967,3001
b9b9bfeefa0e6a15732b8a6efe510a7f,5HU9,igb5_di4_salt0_st0,-15.4183,3001
b9b9bfeefa0e6a15732b8a6efe510a7f,5HU9,igb5_di4_salt0_st0.0072,-17.5025,3001
b9b9bfeefa0e6a15732b8a6efe510a7f,5HU9,igb8_di1_salt0.15_st0,-8.7844,3001
b9b9bfeefa0e6a15732b8a6efe510a7f,5HU9,igb8_di1_salt0.15_st0.0072,-10.8687,3001
b9b9bfeefa0e6a15732b8a6efe510a7f,5HU9,igb8_di1_salt0_st0,-8.7937,3001
b9b9bfeefa0e6a15732b8a6efe510a7f,5HU9,igb8_di1_salt0_st0.0072,-10.8782,3001
b9b9bfeefa0e6a15732b8a6efe510a7f,5HU9,igb8_di2_salt0.15_st0,-12.832,3001
b9b9bfeefa0e6a15732b8a6efe510a7f,5HU9,igb8_di2_salt0.15_st0.0072,-14.9165,3001
b9b9bfeefa0e6a15732b8a6efe510a7f,5HU9,igb8_di2_salt0_st0,-12.8414,3001
b9b9bfeefa0e6a15732b8a6efe510a7f,5HU9,igb8_di2_salt0_st0.0072,-14.9257,3001
b9b9bfeefa0e6a15732b8a6efe510a7f,5HU9,igb8_di4_salt0.15_st0,-14.8559,3001
b9b9bfeefa0e6a15732b8a6efe510a7f,5HU9,igb8_di4_salt0.15_st0.0072,-16.9403,3001
b9b9bfeefa0e6a15732b8a6efe510a7f,5HU9,igb8_di4_salt0_st0,-14.8652,3001
b9b9bfeefa0e6a15732b8a6efe510a7f,5HU9,igb8_di4_salt0_st0.0072,-16.9497,3001
ba808f52df2ffa29ea7a2a6a9cd5f0b8,3I06,igb1_di1_salt0.15_st0,-12.7604,3001
ba808f52df2ffa29ea7a2a6a9cd5f0b8,3I06,igb1_di1_salt0.15_st0.0072,-15.7065,3001
ba808f52df2ffa29ea7a2a6a9cd5f0b8,3I06,igb1_di1_salt0_st0,-12.7836,3001
ba808f52df2ffa29ea7a2a6a9cd5f0b8,3I06,igb1_di1_salt0_st0.0072,-15.7297,3001
ba808f52df2ffa29ea7a2a6a9cd5f0b8,3I06,igb1_di2_salt0.15_st0,-17.4982,3001
ba808f52df2ffa29ea7a2a6a9cd5f0b8,3I06,igb1_di2_salt0.15_st0.0072,-20.4444,3001
ba808f52df2ffa29ea7a2a6a9cd5f0b8,3I06,igb1_di2_salt0_st0,-17.5214,3001
ba808f52df2ffa29ea7a2a6a9cd5f0b8,3I06,igb1_di2_salt0_st0.0072,-20.4675,3001
ba808f52df2ffa29ea7a2a6a9cd5f0b8,3I06,igb1_di4_salt0.15_st0,-19.8671,3001
ba808f52df2ffa29ea7a2a6a9cd5f0b8,3I06,igb1_di4_salt0.15_st0.0072,-22.8133,3001
ba808f52df2ffa29ea7a2a6a9cd5f0b8,3I06,igb1_di4_salt0_st0,-19.8903,3001
ba808f52df2ffa29ea7a2a6a9cd5f0b8,3I06,igb1_di4_salt0_st0.0072,-22.8364,3001
ba808f52df2ffa29ea7a2a6a9cd5f0b8,3I06,igb2_di1_salt0.15_st0,-10.6197,3001
ba808f52df2ffa29ea7a2a6a9cd5f0b8,3I06,igb2_di1_salt0.15_st0.0072,-13.5658,3001
ba808f52df2ffa29ea7a2a6a9cd5f0b8,3I06,igb2_di1_salt0_st0,-10.6427,3001
ba808f52df2ffa29ea7a2a6a9cd5f0b8,3I06,igb2_di1_salt0_st0.0072,-13.5889,3001
ba808f52df2ffa29ea7a2a6a9cd5f0b8,3I06,igb2_di2_salt0.15_st0,-16.4418,3001
ba808f52df2ffa29ea7a2a6a9cd5f0b8,3I06,igb2_di2_salt0.15_st0.0072,-19.388,3001
ba808f52df2ffa29ea7a2a6a9cd5f0b8,3I06,igb2_di2_salt0_st0,-16.4648,3001
ba808f52df2ffa29ea7a2a6a9cd5f0b8,3I06,igb2_di2_salt0_st0.0072,-19.411,3001
ba808f52df2ffa29ea7a2a6a9cd5f0b8,3I06,igb2_di4_salt0.15_st0,-19.3528,3001
ba808f52df2ffa29ea7a2a6a9cd5f0b8,3I06,igb2_di4_salt0.15_st0.0072,-22.2989,3001
ba808f52df2ffa29ea7a2a6a9cd5f0b8,3I06,igb2_di4_salt0_st0,-19.3759,3001
ba808f52df2ffa29ea7a2a6a9cd5f0b8,3I06,igb2_di4_salt0_st0.0072,-22.322,3001
ba808f52df2ffa29ea7a2a6a9cd5f0b8,3I06,igb5_di1_salt0.15_st0,-11.2333,3001
ba808f52df2ffa29ea7a2a6a9cd5f0b8,3I06,igb5_di1_salt0.15_st0.0072,-14.1794,3001
ba808f52df2ffa29ea7a2a6a9cd5f0b8,3I06,igb5_di1_salt0_st0,-11.2563,3001
ba808f52df2ffa29ea7a2a6a9cd5f0b8,3I06,igb5_di1_salt0_st0.0072,-14.2026,3001
ba808f52df2ffa29ea7a2a6a9cd5f0b8,3I06,igb5_di2_salt0.15_st0,-16.7447,3001
ba808f52df2ffa29ea7a2a6a9cd5f0b8,3I06,igb5_di2_salt0.15_st0.0072,-19.6907,3001
ba808f52df2ffa29ea7a2a6a9cd5f0b8,3I06,igb5_di2_salt0_st0,-16.7676,3001
ba808f52df2ffa29ea7a2a6a9cd5f0b8,3I06,igb5_di2_salt0_st0.0072,-19.7137,3001
ba808f52df2ffa29ea7a2a6a9cd5f0b8,3I06,igb5_di4_salt0.15_st0,-19.5002,3001
ba808f52df2ffa29ea7a2a6a9cd5f0b8,3I06,igb5_di4_salt0.15_st0.0072,-22.4463,3001
ba808f52df2ffa29ea7a2a6a9cd5f0b8,3I06,igb5_di4_salt0_st0,-19.5233,3001
ba808f52df2ffa29ea7a2a6a9cd5f0b8,3I06,igb5_di4_salt0_st0.0072,-22.4695,3001
ba808f52df2ffa29ea7a2a6a9cd5f0b8,3I06,igb8_di1_salt0.15_st0,-11.3168,3001
ba808f52df2ffa29ea7a2a6a9cd5f0b8,3I06,igb8_di1_salt0.15_st0.0072,-14.2629,3001
ba808f52df2ffa29ea7a2a6a9cd5f0b8,3I06,igb8_di1_salt0_st0,-11.349,3001
ba808f52df2ffa29ea7a2a6a9cd5f0b8,3I06,igb8_di1_salt0_st0.0072,-14.2951,3001
ba808f52df2ffa29ea7a2a6a9cd5f0b8,3I06,igb8_di2_salt0.15_st0,-16.7811,3001
ba808f52df2ffa29ea7a2a6a9cd5f0b8,3I06,igb8_di2_salt0.15_st0.0072,-19.7272,3001
ba808f52df2ffa29ea7a2a6a9cd5f0b8,3I06,igb8_di2_salt0_st0,-16.8134,3001
ba808f52df2ffa29ea7a2a6a9cd5f0b8,3I06,igb8_di2_salt0_st0.0072,-19.7595,3001
ba808f52df2ffa29ea7a2a6a9cd5f0b8,3I06,igb8_di4_salt0.15_st0,-19.5133,3001
ba808f52df2ffa29ea7a2a6a9cd5f0b8,3I06,igb8_di4_salt0.15_st0.0072,-22.4595,3001
ba808f52df2ffa29ea7a2a6a9cd5f0b8,3I06,igb8_di4_salt0_st0,-19.5456,3001
ba808f52df2ffa29ea7a2a6a9cd5f0b8,3I06,igb8_di4_salt0_st0.0072,-22.4918,3001
bb0523a55a6136f05a592d05fd8ff8de,9SI4,igb1_di1_salt0.15_st0,-14.4081,3001
bb0523a55a6136f05a592d05fd8ff8de,9SI4,igb1_di1_salt0.15_st0.0072,-17.1265,3001
bb0523a55a6136f05a592d05fd8ff8de,9SI4,igb1_di1_salt0_st0,-14.4084,3001
bb0523a55a6136f05a592d05fd8ff8de,9SI4,igb1_di1_salt0_st0.0072,-17.1269,3001
bb0523a55a6136f05a592d05fd8ff8de,9SI4,igb1_di2_salt0.15_st0,-17.7404,3001
bb0523a55a6136f05a592d05fd8ff8de,9SI4,igb1_di2_salt0.15_st0.0072,-20.459,3001
bb0523a55a6136f05a592d05fd8ff8de,9SI4,igb1_di2_salt0_st0,-17.7408,3001
bb0523a55a6136f05a592d05fd8ff8de,9SI4,igb1_di2_salt0_st0.0072,-20.4593,3001
bb0523a55a6136f05a592d05fd8ff8de,9SI4,igb1_di4_salt0.15_st0,-19.4068,3001
bb0523a55a6136f05a592d05fd8ff8de,9SI4,igb1_di4_salt0.15_st0.0072,-22.1251,3001
bb0523a55a6136f05a592d05fd8ff8de,9SI4,igb1_di4_salt0_st0,-19.4072,3001
bb0523a55a6136f05a592d05fd8ff8de,9SI4,igb1_di4_salt0_st0.0072,-22.1256,3001
bb0523a55a6136f05a592d05fd8ff8de,9SI4,igb2_di1_salt0.15_st0,-12.3715,3001
bb0523a55a6136f05a592d05fd8ff8de,9SI4,igb2_di1_salt0.15_st0.0072,-15.0899,3001
bb0523a55a6136f05a592d05fd8ff8de,9SI4,igb2_di1_salt0_st0,-12.3724,3001
bb0523a55a6136f05a592d05fd8ff8de,9SI4,igb2_di1_salt0_st0.0072,-15.0909,3001
bb0523a55a6136f05a592d05fd8ff8de,9SI4,igb2_di2_salt0.15_st0,-16.7351,3001
bb0523a55a6136f05a592d05fd8ff8de,9SI4,igb2_di2_salt0.15_st0.0072,-19.4536,3001
bb0523a55a6136f05a592d05fd8ff8de,9SI4,igb2_di2_salt0_st0,-16.736,3001
bb0523a55a6136f05a592d05fd8ff8de,9SI4,igb2_di2_salt0_st0.0072,-19.4544,3001
bb0523a55a6136f05a592d05fd8ff8de,9SI4,igb2_di4_salt0.15_st0,-18.9168,3001
bb0523a55a6136f05a592d05fd8ff8de,9SI4,igb2_di4_salt0.15_st0.0072,-21.6354,3001
bb0523a55a6136f05a592d05fd8ff8de,9SI4,igb2_di4_salt0_st0,-18.9178,3001
bb0523a55a6136f05a592d05fd8ff8de,9SI4,igb2_di4_salt0_st0.0072,-21.6363,3001
bb0523a55a6136f05a592d05fd8ff8de,9SI4,igb5_di1_salt0.15_st0,-12.5079,3001
bb0523a55a6136f05a592d05fd8ff8de,9SI4,igb5_di1_salt0.15_st0.0072,-15.2263,3001
bb0523a55a6136f05a592d05fd8ff8de,9SI4,igb5_di1_salt0_st0,-12.5104,3001
bb0523a55a6136f05a592d05fd8ff8de,9SI4,igb5_di1_salt0_st0.0072,-15.2288,3001
bb0523a55a6136f05a592d05fd8ff8de,9SI4,igb5_di2_salt0.15_st0,-16.8018,3001
bb0523a55a6136f05a592d05fd8ff8de,9SI4,igb5_di2_salt0.15_st0.0072,-19.5201,3001
bb0523a55a6136f05a592d05fd8ff8de,9SI4,igb5_di2_salt0_st0,-16.8041,3001
bb0523a55a6136f05a592d05fd8ff8de,9SI4,igb5_di2_salt0_st0.0072,-19.5226,3001
bb0523a55a6136f05a592d05fd8ff8de,9SI4,igb5_di4_salt0.15_st0,-18.9486,3001
bb0523a55a6136f05a592d05fd8ff8de,9SI4,igb5_di4_salt0.15_st0.0072,-21.6669,3001
bb0523a55a6136f05a592d05fd8ff8de,9SI4,igb5_di4_salt0_st0,-18.951,3001
bb0523a55a6136f05a592d05fd8ff8de,9SI4,igb5_di4_salt0_st0.0072,-21.6695,3001
bb0523a55a6136f05a592d05fd8ff8de,9SI4,igb8_di1_salt0.15_st0,-12.3505,3001
bb0523a55a6136f05a592d05fd8ff8de,9SI4,igb8_di1_salt0.15_st0.0072,-15.0688,3001
bb0523a55a6136f05a592d05fd8ff8de,9SI4,igb8_di1_salt0_st0,-12.3512,3001
bb0523a55a6136f05a592d05fd8ff8de,9SI4,igb8_di1_salt0_st0.0072,-15.0696,3001
bb0523a55a6136f05a592d05fd8ff8de,9SI4,igb8_di2_salt0.15_st0,-16.7247,3001
bb0523a55a6136f05a592d05fd8ff8de,9SI4,igb8_di2_salt0.15_st0.0072,-19.4432,3001
bb0523a55a6136f05a592d05fd8ff8de,9SI4,igb8_di2_salt0_st0,-16.7255,3001
bb0523a55a6136f05a592d05fd8ff8de,9SI4,igb8_di2_salt0_st0.0072,-19.444,3001
bb0523a55a6136f05a592d05fd8ff8de,9SI4,igb8_di4_salt0.15_st0,-18.912,3001
bb0523a55a6136f05a592d05fd8ff8de,9SI4,igb8_di4_salt0.15_st0.0072,-21.6303,3001
bb0523a55a6136f05a592d05fd8ff8de,9SI4,igb8_di4_salt0_st0,-18.9127,3001
bb0523a55a6136f05a592d05fd8ff8de,9SI4,igb8_di4_salt0_st0.0072,-21.6312,3001
bc27b2dd2f1cfe96f171984d54609c4e,5HU9,igb1_di1_salt0.15_st0,-19.6807,3001
bc27b2dd2f1cfe96f171984d54609c4e,5HU9,igb1_di1_salt0.15_st0.0072,-23.4135,3001
bc27b2dd2f1cfe96f171984d54609c4e,5HU9,igb1_di1_salt0_st0,-19.6783,3001
bc27b2dd2f1cfe96f171984d54609c4e,5HU9,igb1_di1_salt0_st0.0072,-23.4112,3001
bc27b2dd2f1cfe96f171984d54609c4e,5HU9,igb1_di2_salt0.15_st0,-23.955,3001
bc27b2dd2f1cfe96f171984d54609c4e,5HU9,igb1_di2_salt0.15_st0.0072,-27.6878,3001
bc27b2dd2f1cfe96f171984d54609c4e,5HU9,igb1_di2_salt0_st0,-23.9528,3001
bc27b2dd2f1cfe96f171984d54609c4e,5HU9,igb1_di2_salt0_st0.0072,-27.6856,3001
bc27b2dd2f1cfe96f171984d54609c4e,5HU9,igb1_di4_salt0.15_st0,-26.0922,3001
bc27b2dd2f1cfe96f171984d54609c4e,5HU9,igb1_di4_salt0.15_st0.0072,-29.825,3001
bc27b2dd2f1cfe96f171984d54609c4e,5HU9,igb1_di4_salt0_st0,-26.0899,3001
bc27b2dd2f1cfe96f171984d54609c4e,5HU9,igb1_di4_salt0_st0.0072,-29.8228,3001
bc27b2dd2f1cfe96f171984d54609c4e,5HU9,igb2_di1_salt0.15_st0,-18.0322,3001
bc27b2dd2f1cfe96f171984d54609c4e,5HU9,igb2_di1_salt0.15_st0.0072,-21.7649,3001
bc27b2dd2f1cfe96f171984d54609c4e,5HU9,igb2_di1_salt0_st0,-18.0283,3001
bc27b2dd2f1cfe96f171984d54609c4e,5HU9,igb2_di1_salt0_st0.0072,-21.7612,3001
bc27b2dd2f1cfe96f171984d54609c4e,5HU9,igb2_di2_salt0.15_st0,-23.1422,3001
bc27b2dd2f1cfe96f171984d54609c4e,5HU9,igb2_di2_salt0.15_st0.0072,-26.8751,3001
bc27b2dd2f1cfe96f171984d54609c4e,5HU9,igb2_di2_salt0_st0,-23.1382,3001
bc27b2dd2f1cfe96f171984d54609c4e,5HU9,igb2_di2_salt0_st0.0072,-26.8712,3001
bc27b2dd2f1cfe96f171984d54609c4e,5HU9,igb2_di4_salt0.15_st0,-25.6973,3001
bc27b2dd2f1cfe96f171984d54609c4e,5HU9,igb2_di4_salt0.15_st0.0072,-29.43,3001
bc27b2dd2f1cfe96f171984d54609c4e,5HU9,igb2_di4_salt0_st0,-25.6933,3001
bc27b2dd2f1cfe96f171984d54609c4e,5HU9,igb2_di4_salt0_st0.0072,-29.4261,3001
bc27b2dd2f1cfe96f171984d54609c4e,5HU9,igb5_di1_salt0.15_st0,-19.0831,3001
bc27b2dd2f1cfe96f171984d54609c4e,5HU9,igb5_di1_salt0.15_st0.0072,-22.8159,3001
bc27b2dd2f1cfe96f171984d54609c4e,5HU9,igb5_di1_salt0_st0,-19.078,3001
bc27b2dd2f1cfe96f171984d54609c4e,5HU9,igb5_di1_salt0_st0.0072,-22.8109,3001
bc27b2dd2f1cfe96f171984d54609c4e,5HU9,igb5_di2_salt0.15_st0,-23.6615,3001
bc27b2dd2f1cfe96f171984d54609c4e,5HU9,igb5_di2_salt0.15_st0.0072,-27.3944,3001
bc27b2dd2f1cfe96f171984d54609c4e,5HU9,igb5_di2_salt0_st0,-23.6564,3001
bc27b2dd2f1cfe96f171984d54609c4e,5HU9,igb5_di2_salt0_st0.0072,-27.3893,3001
bc27b2dd2f1cfe96f171984d54609c4e,5HU9,igb5_di4_salt0.15_st0,-25.9507,3001
bc27b2dd2f1cfe96f171984d54609c4e,5HU9,igb5_di4_salt0.15_st0.0072,-29.6836,3001
bc27b2dd2f1cfe96f171984d54609c4e,5HU9,igb5_di4_salt0_st0,-25.9456,3001
bc27b2dd2f1cfe96f171984d54609c4e,5HU9,igb5_di4_salt0_st0.0072,-29.6784,3001
bc27b2dd2f1cfe96f171984d54609c4e,5HU9,igb8_di1_salt0.15_st0,-15.7383,3001
bc27b2dd2f1cfe96f171984d54609c4e,5HU9,igb8_di1_salt0.15_st0.0072,-19.4712,3001
bc27b2dd2f1cfe96f171984d54609c4e,5HU9,igb8_di1_salt0_st0,-15.7432,3001
bc27b2dd2f1cfe96f171984d54609c4e,5HU9,igb8_di1_salt0_st0.0072,-19.476,3001
bc27b2dd2f1cfe96f171984d54609c4e,5HU9,igb8_di2_salt0.15_st0,-22.0057,3001
bc27b2dd2f1cfe96f171984d54609c4e,5HU9,igb8_di2_salt0.15_st0.0072,-25.7386,3001
bc27b2dd2f1cfe96f171984d54609c4e,5HU9,igb8_di2_salt0_st0,-22.0105,3001
bc27b2dd2f1cfe96f171984d54609c4e,5HU9,igb8_di2_salt0_st0.0072,-25.7434,3001
bc27b2dd2f1cfe96f171984d54609c4e,5HU9,igb8_di4_salt0.15_st0,-25.1394,3001
bc27b2dd2f1cfe96f171984d54609c4e,5HU9,igb8_di4_salt0.15_st0.0072,-28.8721,3001
bc27b2dd2f1cfe96f171984d54609c4e,5HU9,igb8_di4_salt0_st0,-25.1441,3001
bc27b2dd2f1cfe96f171984d54609c4e,5HU9,igb8_di4_salt0_st0.0072,-28.877,3001
bf34923dc4f956fa0c26fb0a54550049,4QB3,igb1_di1_salt0.15_st0,-25.172,3001
bf34923dc4f956fa0c26fb0a54550049,4QB3,igb1_di1_salt0.15_st0.0072,-30.067,3001
bf34923dc4f956fa0c26fb0a54550049,4QB3,igb1_di1_salt0_st0,-25.1454,3001
bf34923dc4f956fa0c26fb0a54550049,4QB3,igb1_di1_salt0_st0.0072,-30.0402,3001
bf34923dc4f956fa0c26fb0a54550049,4QB3,igb1_di2_salt0.15_st0,-31.3569,3001
bf34923dc4f956fa0c26fb0a54550049,4QB3,igb1_di2_salt0.15_st0.0072,-36.2519,3001
bf34923dc4f956fa0c26fb0a54550049,4QB3,igb1_di2_salt0_st0,-31.3302,3001
bf34923dc4f956fa0c26fb0a54550049,4QB3,igb1_di2_salt0_st0.0072,-36.225,3001
bf34923dc4f956fa0c26fb0a54550049,4QB3,igb1_di4_salt0.15_st0,-34.4493,3001
bf34923dc4f956fa0c26fb0a54550049,4QB3,igb1_di4_salt0.15_st0.0072,-39.3442,3001
bf34923dc4f956fa0c26fb0a54550049,4QB3,igb1_di4_salt0_st0,-34.4226,3001
bf34923dc4f956fa0c26fb0a54550049,4QB3,igb1_di4_salt0_st0.0072,-39.3174,3001
bf34923dc4f956fa0c26fb0a54550049,4QB3,igb2_di1_salt0.15_st0,-22.8211,3001
bf34923dc4f956fa0c26fb0a54550049,4QB3,igb2_di1_salt0.15_st0.0072,-27.716,3001
bf34923dc4f956fa0c26fb0a54550049,4QB3,igb2_di1_salt0_st0,-22.7934,3001
bf34923dc4f956fa0c26fb0a54550049,4QB3,igb2_di1_salt0_st0.0072,-27.6882,3001
bf34923dc4f956fa0c26fb0a54550049,4QB3,igb2_di2_salt0.15_st0,-30.1972,3001
bf34923dc4f956fa0c26fb0a54550049,4QB3,igb2_di2_salt0.15_st0.0072,-35.092,3001
bf34923dc4f956fa0c26fb0a54550049,4QB3,igb2_di2_salt0_st0,-30.1692,3001
bf34923dc4f956fa0c26fb0a54550049,4QB3,igb2_di2_salt0_st0.0072,-35.0642,3001
bf34923dc4f956fa0c26fb0a54550049,4QB3,igb2_di4_salt0.15_st0,-33.8852,3001
bf34923dc4f956fa0c26fb0a54550049,4QB3,igb2_di4_salt0.15_st0.0072,-38.7801,3001
bf34923dc4f956fa0c26fb0a54550049,4QB3,igb2_di4_salt0_st0,-33.8573,3001
bf34923dc4f956fa0c26fb0a54550049,4QB3,igb2_di4_salt0_st0.0072,-38.7522,3001
bf34923dc4f956fa0c26fb0a54550049,4QB3,igb5_di1_salt0.15_st0,-23.6664,3001
bf34923dc4f956fa0c26fb0a54550049,4QB3,igb5_di1_salt0.15_st0.0072,-28.5612,3001
bf34923dc4f956fa0c26fb0a54550049,4QB3,igb5_di1_salt0_st0,-23.6372,3001
bf34923dc4f956fa0c26fb0a54550049,4QB3,igb5_di1_salt0_st0.0072,-28.5322,3001
bf34923dc4f956fa0c26fb0a54550049,4QB3,igb5_di2_salt0.15_st0,-30.6149,3001
bf34923dc4f956fa0c26fb0a54550049,4QB3,igb5_di2_salt0.15_st0.0072,-35.5098,3001
bf34923dc4f956fa0c26fb0a54550049,4QB3,igb5_di2_salt0_st0,-30.5859,3001
bf34923dc4f956fa0c26fb0a54550049,4QB3,igb5_di2_salt0_st0.0072,-35.4808,3001
bf34923dc4f956fa0c26fb0a54550049,4QB3,igb5_di4_salt0.15_st0,-34.0892,3001
bf34923dc4f956fa0c26fb0a54550049,4QB3,igb5_di4_salt0.15_st0.0072,-38.9842,3001
bf34923dc4f956fa0c26fb0a54550049,4QB3,igb5_di4_salt0_st0,-34.0601,3001
bf34923dc4f956fa0c26fb0a54550049,4QB3,igb5_di4_salt0_st0.0072,-38.9551,3001
bf34923dc4f956fa0c26fb0a54550049,4QB3,igb8_di1_salt0.15_st0,-22.4748,3001
bf34923dc4f956fa0c26fb0a54550049,4QB3,igb8_di1_salt0.15_st0.0072,-27.3696,3001
bf34923dc4f956fa0c26fb0a54550049,4QB3,igb8_di1_salt0_st0,-22.4505,3001
bf34923dc4f956fa0c26fb0a54550049,4QB3,igb8_di1_salt0_st0.0072,-27.3455,3001
bf34923dc4f956fa0c26fb0a54550049,4QB3,igb8_di2_salt0.15_st0,-30.0243,3001
bf34923dc4f956fa0c26fb0a54550049,4QB3,igb8_di2_salt0.15_st0.0072,-34.9192,3001
bf34923dc4f956fa0c26fb0a54550049,4QB3,igb8_di2_salt0_st0,-30.0001,3001
bf34923dc4f956fa0c26fb0a54550049,4QB3,igb8_di2_salt0_st0.0072,-34.8952,3001
bf34923dc4f956fa0c26fb0a54550049,4QB3,igb8_di4_salt0.15_st0,-33.7991,3001
bf34923dc4f956fa0c26fb0a54550049,4QB3,igb8_di4_salt0.15_st0.0072,-38.6941,3001
bf34923dc4f956fa0c26fb0a54550049,4QB3,igb8_di4_salt0_st0,-33.7749,3001
bf34923dc4f956fa0c26fb0a54550049,4QB3,igb8_di4_salt0_st0.0072,-38.67,3001
c2f2ee45493f8ae40c2fd957499cc3f6,3I06,igb1_di1_salt0.15_st0,-21.316,3001
c2f2ee45493f8ae40c2fd957499cc3f6,3I06,igb1_di1_salt0.15_st0.0072,-25.7488,3001
c2f2ee45493f8ae40c2fd957499cc3f6,3I06,igb1_di1_salt0_st0,-21.3001,3001
c2f2ee45493f8ae40c2fd957499cc3f6,3I06,igb1_di1_salt0_st0.0072,-25.7328,3001
c2f2ee45493f8ae40c2fd957499cc3f6,3I06,igb1_di2_salt0.15_st0,-27.5993,3001
c2f2ee45493f8ae40c2fd957499cc3f6,3I06,igb1_di2_salt0.15_st0.0072,-32.0322,3001
c2f2ee45493f8ae40c2fd957499cc3f6,3I06,igb1_di2_salt0_st0,-27.5835,3001
c2f2ee45493f8ae40c2fd957499cc3f6,3I06,igb1_di2_salt0_st0.0072,-32.0162,3001
c2f2ee45493f8ae40c2fd957499cc3f6,3I06,igb1_di4_salt0.15_st0,-30.741,3001
c2f2ee45493f8ae40c2fd957499cc3f6,3I06,igb1_di4_salt0.15_st0.0072,-35.1738,3001
c2f2ee45493f8ae40c2fd957499cc3f6,3I06,igb1_di4_salt0_st0,-30.7251,3001
c2f2ee45493f8ae40c2fd957499cc3f6,3I06,igb1_di4_salt0_st0.0072,-35.158,3001
c2f2ee45493f8ae40c2fd957499cc3f6,3I06,igb2_di1_salt0.15_st0,-17.5937,3001
c2f2ee45493f8ae40c2fd957499cc3f6,3I06,igb2_di1_salt0.15_st0.0072,-22.0266,3001
c2f2ee45493f8ae40c2fd957499cc3f6,3I06,igb2_di1_salt0_st0,-17.5775,3001
c2f2ee45493f8ae40c2fd957499cc3f6,3I06,igb2_di1_salt0_st0.0072,-22.0104,3001
c2f2ee45493f8ae40c2fd957499cc3f6,3I06,igb2_di2_salt0.15_st0,-25.7625,3001
c2f2ee45493f8ae40c2fd957499cc3f6,3I06,igb2_di2_salt0.15_st0.0072,-30.1952,3001
c2f2ee45493f8ae40c2fd957499cc3f6,3I06,igb2_di2_salt0_st0,-25.7462,3001
c2f2ee45493f8ae40c2fd957499cc3f6,3I06,igb2_di2_salt0_st0.0072,-30.179,3001
c2f2ee45493f8ae40c2fd957499cc3f6,3I06,igb2_di4_salt0.15_st0,-29.8468,3001
c2f2ee45493f8ae40c2fd957499cc3f6,3I06,igb2_di4_salt0.15_st0.0072,-34.2795,3001
c2f2ee45493f8ae40c2fd957499cc3f6,3I06,igb2_di4_salt0_st0,-29.8304,3001
c2f2ee45493f8ae40c2fd957499cc3f6,3I06,igb2_di4_salt0_st0.0072,-34.2633,3001
c2f2ee45493f8ae40c2fd957499cc3f6,3I06,igb5_di1_salt0.15_st0,-18.9968,3001
c2f2ee45493f8ae40c2fd957499cc3f6,3I06,igb5_di1_salt0.15_st0.0072,-23.4297,3001
c2f2ee45493f8ae40c2fd957499cc3f6,3I06,igb5_di1_salt0_st0,-18.9805,3001
c2f2ee45493f8ae40c2fd957499cc3f6,3I06,igb5_di1_salt0_st0.0072,-23.4134,3001
c2f2ee45493f8ae40c2fd957499cc3f6,3I06,igb5_di2_salt0.15_st0,-26.4549,3001
c2f2ee45493f8ae40c2fd957499cc3f6,3I06,igb5_di2_salt0.15_st0.0072,-30.8877,3001
c2f2ee45493f8ae40c2fd957499cc3f6,3I06,igb5_di2_salt0_st0,-26.4387,3001
c2f2ee45493f8ae40c2fd957499cc3f6,3I06,igb5_di2_salt0_st0.0072,-30.8715,3001
c2f2ee45493f8ae40c2fd957499cc3f6,3I06,igb5_di4_salt0.15_st0,-30.184,3001
c2f2ee45493f8ae40c2fd957499cc3f6,3I06,igb5_di4_salt0.15_st0.0072,-34.6169,3001
c2f2ee45493f8ae40c2fd957499cc3f6,3I06,igb5_di4_salt0_st0,-30.1677,3001
c2f2ee45493f8ae40c2fd957499cc3f6,3I06,igb5_di4_salt0_st0.0072,-34.6005,3001
c2f2ee45493f8ae40c2fd957499cc3f6,3I06,igb8_di1_salt0.15_st0,-15.2077,3001
c2f2ee45493f8ae40c2fd957499cc3f6,3I06,igb8_di1_salt0.15_st0.0072,-19.6406,3001
c2f2ee45493f8ae40c2fd957499cc3f6,3I06,igb8_di1_salt0_st0,-15.2096,3001
c2f2ee45493f8ae40c2fd957499cc3f6,3I06,igb8_di1_salt0_st0.0072,-19.6423,3001
c2f2ee45493f8ae40c2fd957499cc3f6,3I06,igb8_di2_salt0.15_st0,-24.5755,3001
c2f2ee45493f8ae40c2fd957499cc3f6,3I06,igb8_di2_salt0.15_st0.0072,-29.0084,3001
c2f2ee45493f8ae40c2fd957499cc3f6,3I06,igb8_di2_salt0_st0,-24.5775,3001
c2f2ee45493f8ae40c2fd957499cc3f6,3I06,igb8_di2_salt0_st0.0072,-29.0102,3001
c2f2ee45493f8ae40c2fd957499cc3f6,3I06,igb8_di4_salt0.15_st0,-29.2595,3001
c2f2ee45493f8ae40c2fd957499cc3f6,3I06,igb8_di4_salt0.15_st0.0072,-33.6924,3001
c2f2ee45493f8ae40c2fd957499cc3f6,3I06,igb8_di4_salt0_st0,-29.2613,3001
c2f2ee45493f8ae40c2fd957499cc3f6,3I06,igb8_di4_salt0_st0.0072,-33.6942,3001
c3abed8fe47c90e2af144bafbdc1da21,4L7G,igb1_di1_salt0.15_st0,-16.3096,3001
c3abed8fe47c90e2af144bafbdc1da21,4L7G,igb1_di1_salt0.15_st0.0072,-20.5732,3001
c3abed8fe47c90e2af144bafbdc1da21,4L7G,igb1_di1_salt0_st0,-16.3645,3001
c3abed8fe47c90e2af144bafbdc1da21,4L7G,igb1_di1_salt0_st0.0072,-20.6281,3001
c3abed8fe47c90e2af144bafbdc1da21,4L7G,igb1_di2_salt0.15_st0,-22.1029,3001
c3abed8fe47c90e2af144bafbdc1da21,4L7G,igb1_di2_salt0.15_st0.0072,-26.3665,3001
c3abed8fe47c90e2af144bafbdc1da21,4L7G,igb1_di2_salt0_st0,-22.1578,3001
c3abed8fe47c90e2af144bafbdc1da21,4L7G,igb1_di2_salt0_st0.0072,-26.4214,3001
c3abed8fe47c90e2af144bafbdc1da21,4L7G,igb1_di4_salt0.15_st0,-24.9995,3001
c3abed8fe47c90e2af144bafbdc1da21,4L7G,igb1_di4_salt0.15_st0.0072,-29.2631,3001
c3abed8fe47c90e2af144bafbdc1da21,4L7G,igb1_di4_salt0_st0,-25.0543,3001
c3abed8fe47c90e2af144bafbdc1da21,4L7G,igb1_di4_salt0_st0.0072,-29.318,3001
c3abed8fe47c90e2af144bafbdc1da21,4L7G,igb2_di1_salt0.15_st0,-10.2478,3001
c3abed8fe47c90e2af144bafbdc1da21,4L7G,igb2_di1_salt0.15_st0.0072,-14.5114,3001
c3abed8fe47c90e2af144bafbdc1da21,4L7G,igb2_di1_salt0_st0,-10.3027,3001
c3abed8fe47c90e2af144bafbdc1da21,4L7G,igb2_di1_salt0_st0.0072,-14.5664,3001
c3abed8fe47c90e2af144bafbdc1da21,4L7G,igb2_di2_salt0.15_st0,-19.111,3001
c3abed8fe47c90e2af144bafbdc1da21,4L7G,igb2_di2_salt0.15_st0.0072,-23.3746,3001
c3abed8fe47c90e2af144bafbdc1da21,4L7G,igb2_di2_salt0_st0,-19.166,3001
c3abed8fe47c90e2af144bafbdc1da21,4L7G,igb2_di2_salt0_st0.0072,-23.4296,3001
c3abed8fe47c90e2af144bafbdc1da21,4L7G,igb2_di4_salt0.15_st0,-23.5426,3001
c3abed8fe47c90e2af144bafbdc1da21,4L7G,igb2_di4_salt0.15_st0.0072,-27.8063,3001
c3abed8fe47c90e2af144bafbdc1da21,4L7G,igb2_di4_salt0_st0,-23.5977,3001
c3abed8fe47c90e2af144bafbdc1da21,4L7G,igb2_di4_salt0_st0.0072,-27.8613,3001
c3abed8fe47c90e2af144bafbdc1da21,4L7G,igb5_di1_salt0.15_st0,-10.7868,3001
c3abed8fe47c90e2af144bafbdc1da21,4L7G,igb5_di1_salt0.15_st0.0072,-15.0504,3001
c3abed8fe47c90e2af144bafbdc1da21,4L7G,igb5_di1_salt0_st0,-10.8422,3001
c3abed8fe47c90e2af144bafbdc1da21,4L7G,igb5_di1_salt0_st0.0072,-15.1059,3001
c3abed8fe47c90e2af144bafbdc1da21,4L7G,igb5_di2_salt0.15_st0,-19.3768,3001
c3abed8fe47c90e2af144bafbdc1da21,4L7G,igb5_di2_salt0.15_st0.0072,-23.6403,3001
c3abed8fe47c90e2af144bafbdc1da21,4L7G,igb5_di2_salt0_st0,-19.4322,3001
c3abed8fe47c90e2af144bafbdc1da21,4L7G,igb5_di2_salt0_st0.0072,-23.6958,3001
c3abed8fe47c90e2af144bafbdc1da21,4L7G,igb5_di4_salt0.15_st0,-23.6717,3001
c3abed8fe47c90e2af144bafbdc1da21,4L7G,igb5_di4_salt0.15_st0.0072,-27.9353,3001
c3abed8fe47c90e2af144bafbdc1da21,4L7G,igb5_di4_salt0_st0,-23.7272,3001
c3abed8fe47c90e2af144bafbdc1da21,4L7G,igb5_di4_salt0_st0.0072,-27.9908,3001
c3abed8fe47c90e2af144bafbdc1da21,4L7G,igb8_di1_salt0.15_st0,-7.95,3001
c3abed8fe47c90e2af144bafbdc1da21,4L7G,igb8_di1_salt0.15_st0.0072,-12.2135,3001
c3abed8fe47c90e2af144bafbdc1da21,4L7G,igb8_di1_salt0_st0,-8.0073,3001
c3abed8fe47c90e2af144bafbdc1da21,4L7G,igb8_di1_salt0_st0.0072,-12.2712,3001
c3abed8fe47c90e2af144bafbdc1da21,4L7G,igb8_di2_salt0.15_st0,-17.9756,3001
c3abed8fe47c90e2af144bafbdc1da21,4L7G,igb8_di2_salt0.15_st0.0072,-22.2393,3001
c3abed8fe47c90e2af144bafbdc1da21,4L7G,igb8_di2_salt0_st0,-18.033,3001
c3abed8fe47c90e2af144bafbdc1da21,4L7G,igb8_di2_salt0_st0.0072,-22.2967,3001
c3abed8fe47c90e2af144bafbdc1da21,4L7G,igb8_di4_salt0.15_st0,-22.9885,3001
c3abed8fe47c90e2af144bafbdc1da21,4L7G,igb8_di4_salt0.15_st0.0072,-27.2521,3001
c3abed8fe47c90e2af144bafbdc1da21,4L7G,igb8_di4_salt0_st0,-23.0458,3001
c3abed8fe47c90e2af144bafbdc1da21,4L7G,igb8_di4_salt0_st0.0072,-27.3096,3001
c3e6f0472fa7320f5e210e26cfc4ecec,4L7G,igb1_di1_salt0.15_st0,-24.3384,3001
c3e6f0472fa7320f5e210e26cfc4ecec,4L7G,igb1_di1_salt0.15_st0.0072,-28.2903,3001
c3e6f0472fa7320f5e210e26cfc4ecec,4L7G,igb1_di1_salt0_st0,-24.3705,3001
c3e6f0472fa7320f5e210e26cfc4ecec,4L7G,igb1_di1_salt0_st0.0072,-28.3224,3001
c3e6f0472fa7320f5e210e26cfc4ecec,4L7G,igb1_di2_salt0.15_st0,-27.8141,3001
c3e6f0472fa7320f5e210e26cfc4ecec,4L7G,igb1_di2_salt0.15_st0.0072,-31.766,3001
c3e6f0472fa7320f5e210e26cfc4ecec,4L7G,igb1_di2_salt0_st0,-27.8461,3001
c3e6f0472fa7320f5e210e26cfc4ecec,4L7G,igb1_di2_salt0_st0.0072,-31.798,3001
c3e6f0472fa7320f5e210e26cfc4ecec,4L7G,igb1_di4_salt0.15_st0,-29.552,3001
c3e6f0472fa7320f5e210e26cfc4ecec,4L7G,igb1_di4_salt0.15_st0.0072,-33.5039,3001
c3e6f0472fa7320f5e210e26cfc4ecec,4L7G,igb1_di4_salt0_st0,-29.584,3001
c3e6f0472fa7320f5e210e26cfc4ecec,4L7G,igb1_di4_salt0_st0.0072,-33.5359,3001
c3e6f0472fa7320f5e210e26cfc4ecec,4L7G,igb2_di1_salt0.15_st0,-19.2582,3001
c3e6f0472fa7320f5e210e26cfc4ecec,4L7G,igb2_di1_salt0.15_st0.0072,-23.2102,3001
c3e6f0472fa7320f5e210e26cfc4ecec,4L7G,igb2_di1_salt0_st0,-19.2909,3001
c3e6f0472fa7320f5e210e26cfc4ecec,4L7G,igb2_di1_salt0_st0.0072,-23.2428,3001
c3e6f0472fa7320f5e210e26cfc4ecec,4L7G,igb2_di2_salt0.15_st0,-25.3066,3001
c3e6f0472fa7320f5e210e26cfc4ecec,4L7G,igb2_di2_salt0.15_st0.0072,-29.2584,3001
c3e6f0472fa7320f5e210e26cfc4ecec,4L7G,igb2_di2_salt0_st0,-25.3391,3001
c3e6f0472fa7320f5e210e26cfc4ecec,4L7G,igb2_di2_salt0_st0.0072,-29.2911,3001
c3e6f0472fa7320f5e210e26cfc4ecec,4L7G,igb2_di4_salt0.15_st0,-28.3308,3001
c3e6f0472fa7320f5e210e26cfc4ecec,4L7G,igb2_di4_salt0.15_st0.0072,-32.2826,3001
c3e6f0472fa7320f5e210e26cfc4ecec,4L7G,igb2_di4_salt0_st0,-28.3632,3001
c3e6f0472fa7320f5e210e26cfc4ecec,4L7G,igb2_di4_salt0_st0.0072,-32.3152,3001
c3e6f0472fa7320f5e210e26cfc4ecec,4L7G,igb5_di1_salt0.15_st0,-20.4934,3001
c3e6f0472fa7320f5e210e26cfc4ecec,4L7G,igb5_di1_salt0.15_st0.0072,-24.4453,3001
c3e6f0472fa7320f5e210e26cfc4ecec,4L7G,igb5_di1_salt0_st0,-20.5271,3001
c3e6f0472fa7320f5e210e26cfc4ecec,4L7G,igb5_di1_salt0_st0.0072,-24.479,3001
c3e6f0472fa7320f5e210e26cfc4ecec,4L7G,igb5_di2_salt0.15_st0,-25.9157,3001
c3e6f0472fa7320f5e210e26cfc4ecec,4L7G,igb5_di2_salt0.15_st0.0072,-29.8677,3001
c3e6f0472fa7320f5e210e26cfc4ecec,4L7G,igb5_di2_salt0_st0,-25.9492,3001
c3e6f0472fa7320f5e210e26cfc4ecec,4L7G,igb5_di2_salt0_st0.0072,-29.9011,3001
c3e6f0472fa7320f5e210e26cfc4ecec,4L7G,igb5_di4_salt0.15_st0,-28.6267,3001
c3e6f0472fa7320f5e210e26cfc4ecec,4L7G,igb5_di4_salt0.15_st0.0072,-32.5786,3001
c3e6f0472fa7320f5e210e26cfc4ecec,4L7G,igb5_di4_salt0_st0,-28.6604,3001
c3e6f0472fa7320f5e210e26cfc4ecec,4L7G,igb5_di4_salt0_st0.0072,-32.6122,3001
c3e6f0472fa7320f5e210e26cfc4ecec,4L7G,igb8_di1_salt0.15_st0,-17.1854,3001
c3e6f0472fa7320f5e210e26cfc4ecec,4L7G,igb8_di1_salt0.15_st0.0072,-21.1373,3001
c3e6f0472fa7320f5e210e26cfc4ecec,4L7G,igb8_di1_salt0_st0,-17.2194,3001
c3e6f0472fa7320f5e210e26cfc4ecec,4L7G,igb8_di1_salt0_st0.0072,-21.1713,3001
c3e6f0472fa7320f5e210e26cfc4ecec,4L7G,igb8_di2_salt0.15_st0,-24.2826,3001
c3e6f0472fa7320f5e210e26cfc4ecec,4L7G,igb8_di2_salt0.15_st0.0072,-28.2345,3001
c3e6f0472fa7320f5e210e26cfc4ecec,4L7G,igb8_di2_salt0_st0,-24.3167,3001
c3e6f0472fa7320f5e210e26cfc4ecec,4L7G,igb8_di2_salt0_st0.0072,-28.2687,3001
c3e6f0472fa7320f5e210e26cfc4ecec,4L7G,igb8_di4_salt0.15_st0,-27.8314,3001
c3e6f0472fa7320f5e210e26cfc4ecec,4L7G,igb8_di4_salt0.15_st0.0072,-31.7832,3001
c3e6f0472fa7320f5e210e26cfc4ecec,4L7G,igb8_di4_salt0_st0,-27.8655,3001
c3e6f0472fa7320f5e210e26cfc4ecec,4L7G,igb8_di4_salt0_st0.0072,-31.8173,3001
c42e22237c07702a044507738b0805b2,2XU3,igb1_di1_salt0.15_st0,-18.6531,3001
c42e22237c07702a044507738b0805b2,2XU3,igb1_di1_salt0.15_st0.0072,-22.3303,3001
c42e22237c07702a044507738b0805b2,2XU3,igb1_di1_salt0_st0,-18.6435,3001
c42e22237c07702a044507738b0805b2,2XU3,igb1_di1_salt0_st0.0072,-22.3207,3001
c42e22237c07702a044507738b0805b2,2XU3,igb1_di2_salt0.15_st0,-22.7502,3001
c42e22237c07702a044507738b0805b2,2XU3,igb1_di2_salt0.15_st0.0072,-26.4275,3001
c42e22237c07702a044507738b0805b2,2XU3,igb1_di2_salt0_st0,-22.7406,3001
c42e22237c07702a044507738b0805b2,2XU3,igb1_di2_salt0_st0.0072,-26.4179,3001
c42e22237c07702a044507738b0805b2,2XU3,igb1_di4_salt0.15_st0,-24.7988,3001
c42e22237c07702a044507738b0805b2,2XU3,igb1_di4_salt0.15_st0.0072,-28.476,3001
c42e22237c07702a044507738b0805b2,2XU3,igb1_di4_salt0_st0,-24.7893,3001
c42e22237c07702a044507738b0805b2,2XU3,igb1_di4_salt0_st0.0072,-28.4664,3001
c42e22237c07702a044507738b0805b2,2XU3,igb2_di1_salt0.15_st0,-14.7345,3001
c42e22237c07702a044507738b0805b2,2XU3,igb2_di1_salt0.15_st0.0072,-18.4116,3001
c42e22237c07702a044507738b0805b2,2XU3,igb2_di1_salt0_st0,-14.7255,3001
c42e22237c07702a044507738b0805b2,2XU3,igb2_di1_salt0_st0.0072,-18.4027,3001
c42e22237c07702a044507738b0805b2,2XU3,igb2_di2_salt0.15_st0,-20.816,3001
c42e22237c07702a044507738b0805b2,2XU3,igb2_di2_salt0.15_st0.0072,-24.4932,3001
c42e22237c07702a044507738b0805b2,2XU3,igb2_di2_salt0_st0,-20.8069,3001
c42e22237c07702a044507738b0805b2,2XU3,igb2_di2_salt0_st0.0072,-24.4842,3001
c42e22237c07702a044507738b0805b2,2XU3,igb2_di4_salt0.15_st0,-23.8568,3001
c42e22237c07702a044507738b0805b2,2XU3,igb2_di4_salt0.15_st0.0072,-27.534,3001
c42e22237c07702a044507738b0805b2,2XU3,igb2_di4_salt0_st0,-23.8477,3001
c42e22237c07702a044507738b0805b2,2XU3,igb2_di4_salt0_st0.0072,-27.525,3001
c42e22237c07702a044507738b0805b2,2XU3,igb5_di1_salt0.15_st0,-15.2017,3001
c42e22237c07702a044507738b0805b2,2XU3,igb5_di1_salt0.15_st0.0072,-18.8789,3001
c42e22237c07702a044507738b0805b2,2XU3,igb5_di1_salt0_st0,-15.1943,3001
c42e22237c07702a044507738b0805b2,2XU3,igb5_di1_salt0_st0.0072,-18.8715,3001
c42e22237c07702a044507738b0805b2,2XU3,igb5_di2_salt0.15_st0,-21.0457,3001
c42e22237c07702a044507738b0805b2,2XU3,igb5_di2_salt0.15_st0.0072,-24.7229,3001
c42e22237c07702a044507738b0805b2,2XU3,igb5_di2_salt0_st0,-21.0383,3001
c42e22237c07702a044507738b0805b2,2XU3,igb5_di2_salt0_st0.0072,-24.7156,3001
c42e22237c07702a044507738b0805b2,2XU3,igb5_di4_salt0.15_st0,-23.9677,3001
c42e22237c07702a044507738b0805b2,2XU3,igb5_di4_salt0.15_st0.0072,-27.645,3001
c42e22237c07702a044507738b0805b2,2XU3,igb5_di4_salt0_st0,-23.9604,3001
c42e22237c07702a044507738b0805b2,2XU3,igb5_di4_salt0_st0.0072,-27.6376,3001
c42e22237c07702a044507738b0805b2,2XU3,igb8_di1_salt0.15_st0,-15.1661,3001
c42e22237c07702a044507738b0805b2,2XU3,igb8_di1_salt0.15_st0.0072,-18.8435,3001
c42e22237c07702a044507738b0805b2,2XU3,igb8_di1_salt0_st0,-15.1582,3001
c42e22237c07702a044507738b0805b2,2XU3,igb8_di1_salt0_st0.0072,-18.8355,3001
c42e22237c07702a044507738b0805b2,2XU3,igb8_di2_salt0.15_st0,-21.0286,3001
c42e22237c07702a044507738b0805b2,2XU3,igb8_di2_salt0.15_st0.0072,-24.7058,3001
c42e22237c07702a044507738b0805b2,2XU3,igb8_di2_salt0_st0,-21.0205,3001
c42e22237c07702a044507738b0805b2,2XU3,igb8_di2_salt0_st0.0072,-24.6978,3001
c42e22237c07702a044507738b0805b2,2XU3,igb8_di4_salt0.15_st0,-23.9596,3001
c42e22237c07702a044507738b0805b2,2XU3,igb8_di4_salt0.15_st0.0072,-27.6369,3001
c42e22237c07702a044507738b0805b2,2XU3,igb8_di4_salt0_st0,-23.9517,3001
c42e22237c07702a044507738b0805b2,2XU3,igb8_di4_salt0_st0.0072,-27.629,3001
c52270f78e77bf608aafaa68736e6b18,8ELC,igb1_di1_salt0.15_st0,-15.831,3001
c52270f78e77bf608aafaa68736e6b18,8ELC,igb1_di1_salt0.15_st0.0072,-18.5457,3001
c52270f78e77bf608aafaa68736e6b18,8ELC,igb1_di1_salt0_st0,-15.8289,3001
c52270f78e77bf608aafaa68736e6b18,8ELC,igb1_di1_salt0_st0.0072,-18.5435,3001
c52270f78e77bf608aafaa68736e6b18,8ELC,igb1_di2_salt0.15_st0,-18.3726,3001
c52270f78e77bf608aafaa68736e6b18,8ELC,igb1_di2_salt0.15_st0.0072,-21.0871,3001
c52270f78e77bf608aafaa68736e6b18,8ELC,igb1_di2_salt0_st0,-18.3704,3001
c52270f78e77bf608aafaa68736e6b18,8ELC,igb1_di2_salt0_st0.0072,-21.0849,3001
c52270f78e77bf608aafaa68736e6b18,8ELC,igb1_di4_salt0.15_st0,-19.6434,3001
c52270f78e77bf608aafaa68736e6b18,8ELC,igb1_di4_salt0.15_st0.0072,-22.3578,3001
c52270f78e77bf608aafaa68736e6b18,8ELC,igb1_di4_salt0_st0,-19.6411,3001
c52270f78e77bf608aafaa68736e6b18,8ELC,igb1_di4_salt0_st0.0072,-22.3555,3001
c52270f78e77bf608aafaa68736e6b18,8ELC,igb2_di1_salt0.15_st0,-14.4911,3001
c52270f78e77bf608aafaa68736e6b18,8ELC,igb2_di1_salt0.15_st0.0072,-17.2057,3001
c52270f78e77bf608aafaa68736e6b18,8ELC,igb2_di1_salt0_st0,-14.4869,3001
c52270f78e77bf608aafaa68736e6b18,8ELC,igb2_di1_salt0_st0.0072,-17.2014,3001
c52270f78e77bf608aafaa68736e6b18,8ELC,igb2_di2_salt0.15_st0,-17.7122,3001
c52270f78e77bf608aafaa68736e6b18,8ELC,igb2_di2_salt0.15_st0.0072,-20.4267,3001
c52270f78e77bf608aafaa68736e6b18,8ELC,igb2_di2_salt0_st0,-17.7081,3001
c52270f78e77bf608aafaa68736e6b18,8ELC,igb2_di2_salt0_st0.0072,-20.4225,3001
c52270f78e77bf608aafaa68736e6b18,8ELC,igb2_di4_salt0.15_st0,-19.3228,3001
c52270f78e77bf608aafaa68736e6b18,8ELC,igb2_di4_salt0.15_st0.0072,-22.0374,3001
c52270f78e77bf608aafaa68736e6b18,8ELC,igb2_di4_salt0_st0,-19.3185,3001
c52270f78e77bf608aafaa68736e6b18,8ELC,igb2_di4_salt0_st0.0072,-22.0331,3001
c52270f78e77bf608aafaa68736e6b18,8ELC,igb5_di1_salt0.15_st0,-16.0177,3001
c52270f78e77bf608aafaa68736e6b18,8ELC,igb5_di1_salt0.15_st0.0072,-18.7323,3001
c52270f78e77bf608aafaa68736e6b18,8ELC,igb5_di1_salt0_st0,-16.0116,3001
c52270f78e77bf608aafaa68736e6b18,8ELC,igb5_di1_salt0_st0.0072,-18.726,3001
c52270f78e77bf608aafaa68736e6b18,8ELC,igb5_di2_salt0.15_st0,-18.4665,3001
c52270f78e77bf608aafaa68736e6b18,8ELC,igb5_di2_salt0.15_st0.0072,-21.1812,3001
c52270f78e77bf608aafaa68736e6b18,8ELC,igb5_di2_salt0_st0,-18.4604,3001
c52270f78e77bf608aafaa68736e6b18,8ELC,igb5_di2_salt0_st0.0072,-21.175,3001
c52270f78e77bf608aafaa68736e6b18,8ELC,igb5_di4_salt0.15_st0,-19.6911,3001
c52270f78e77bf608aafaa68736e6b18,8ELC,igb5_di4_salt0.15_st0.0072,-22.4056,3001
c52270f78e77bf608aafaa68736e6b18,8ELC,igb5_di4_salt0_st0,-19.6849,3001
c52270f78e77bf608aafaa68736e6b18,8ELC,igb5_di4_salt0_st0.0072,-22.3995,3001
c52270f78e77bf608aafaa68736e6b18,8ELC,igb8_di1_salt0.15_st0,-13.2415,3001
c52270f78e77bf608aafaa68736e6b18,8ELC,igb8_di1_salt0.15_st0.0072,-15.9561,3001
c52270f78e77bf608aafaa68736e6b18,8ELC,igb8_di1_salt0_st0,-13.2398,3001
c52270f78e77bf608aafaa68736e6b18,8ELC,igb8_di1_salt0_st0.0072,-15.9544,3001
c52270f78e77bf608aafaa68736e6b18,8ELC,igb8_di2_salt0.15_st0,-17.0942,3001
c52270f78e77bf608aafaa68736e6b18,8ELC,igb8_di2_salt0.15_st0.0072,-19.8087,3001
c52270f78e77bf608aafaa68736e6b18,8ELC,igb8_di2_salt0_st0,-17.0926,3001
c52270f78e77bf608aafaa68736e6b18,8ELC,igb8_di2_salt0_st0.0072,-19.807,3001
c52270f78e77bf608aafaa68736e6b18,8ELC,igb8_di4_salt0.15_st0,-19.0205,3001
c52270f78e77bf608aafaa68736e6b18,8ELC,igb8_di4_salt0.15_st0.0072,-21.7351,3001
c52270f78e77bf608aafaa68736e6b18,8ELC,igb8_di4_salt0_st0,-19.0189,3001
c52270f78e77bf608aafaa68736e6b18,8ELC,igb8_di4_salt0_st0.0072,-21.7333,3001
c5cf1f886c6849f8233c8b282a929680,2XU3,igb1_di1_salt0.15_st0,-13.685,3001
c5cf1f886c6849f8233c8b282a929680,2XU3,igb1_di1_salt0.15_st0.0072,-16.4003,3001
c5cf1f886c6849f8233c8b282a929680,2XU3,igb1_di1_salt0_st0,-13.7196,3001
c5cf1f886c6849f8233c8b282a929680,2XU3,igb1_di1_salt0_st0.0072,-16.435,3001
c5cf1f886c6849f8233c8b282a929680,2XU3,igb1_di2_salt0.15_st0,-17.5673,3001
c5cf1f886c6849f8233c8b282a929680,2XU3,igb1_di2_salt0.15_st0.0072,-20.2826,3001
c5cf1f886c6849f8233c8b282a929680,2XU3,igb1_di2_salt0_st0,-17.6018,3001
c5cf1f886c6849f8233c8b282a929680,2XU3,igb1_di2_salt0_st0.0072,-20.3172,3001
c5cf1f886c6849f8233c8b282a929680,2XU3,igb1_di4_salt0.15_st0,-19.5084,3001
c5cf1f886c6849f8233c8b282a929680,2XU3,igb1_di4_salt0.15_st0.0072,-22.2237,3001
c5cf1f886c6849f8233c8b282a929680,2XU3,igb1_di4_salt0_st0,-19.5431,3001
c5cf1f886c6849f8233c8b282a929680,2XU3,igb1_di4_salt0_st0.0072,-22.2583,3001
c5cf1f886c6849f8233c8b282a929680,2XU3,igb2_di1_salt0.15_st0,-11.8719,3001
c5cf1f886c6849f8233c8b282a929680,2XU3,igb2_di1_salt0.15_st0.0072,-14.5873,3001
c5cf1f886c6849f8233c8b282a929680,2XU3,igb2_di1_salt0_st0,-11.9065,3001
c5cf1f886c6849f8233c8b282a929680,2XU3,igb2_di1_salt0_st0.0072,-14.6217,3001
c5cf1f886c6849f8233c8b282a929680,2XU3,igb2_di2_salt0.15_st0,-16.6726,3001
c5cf1f886c6849f8233c8b282a929680,2XU3,igb2_di2_salt0.15_st0.0072,-19.3878,3001
c5cf1f886c6849f8233c8b282a929680,2XU3,igb2_di2_salt0_st0,-16.707,3001
c5cf1f886c6849f8233c8b282a929680,2XU3,igb2_di2_salt0_st0.0072,-19.4223,3001
c5cf1f886c6849f8233c8b282a929680,2XU3,igb2_di4_salt0.15_st0,-19.0728,3001
c5cf1f886c6849f8233c8b282a929680,2XU3,igb2_di4_salt0.15_st0.0072,-21.7881,3001
c5cf1f886c6849f8233c8b282a929680,2XU3,igb2_di4_salt0_st0,-19.1073,3001
c5cf1f886c6849f8233c8b282a929680,2XU3,igb2_di4_salt0_st0.0072,-21.8226,3001
c5cf1f886c6849f8233c8b282a929680,2XU3,igb5_di1_salt0.15_st0,-12.3212,3001
c5cf1f886c6849f8233c8b282a929680,2XU3,igb5_di1_salt0.15_st0.0072,-15.0364,3001
c5cf1f886c6849f8233c8b282a929680,2XU3,igb5_di1_salt0_st0,-12.3556,3001
c5cf1f886c6849f8233c8b282a929680,2XU3,igb5_di1_salt0_st0.0072,-15.0709,3001
c5cf1f886c6849f8233c8b282a929680,2XU3,igb5_di2_salt0.15_st0,-16.8941,3001
c5cf1f886c6849f8233c8b282a929680,2XU3,igb5_di2_salt0.15_st0.0072,-19.6094,3001
c5cf1f886c6849f8233c8b282a929680,2XU3,igb5_di2_salt0_st0,-16.9286,3001
c5cf1f886c6849f8233c8b282a929680,2XU3,igb5_di2_salt0_st0.0072,-19.644,3001
c5cf1f886c6849f8233c8b282a929680,2XU3,igb5_di4_salt0.15_st0,-19.1807,3001
c5cf1f886c6849f8233c8b282a929680,2XU3,igb5_di4_salt0.15_st0.0072,-21.896,3001
c5cf1f886c6849f8233c8b282a929680,2XU3,igb5_di4_salt0_st0,-19.2153,3001
c5cf1f886c6849f8233c8b282a929680,2XU3,igb5_di4_salt0_st0.0072,-21.9305,3001
c5cf1f886c6849f8233c8b282a929680,2XU3,igb8_di1_salt0.15_st0,-11.8302,3001
c5cf1f886c6849f8233c8b282a929680,2XU3,igb8_di1_salt0.15_st0.0072,-14.5455,3001
c5cf1f886c6849f8233c8b282a929680,2XU3,igb8_di1_salt0_st0,-11.8647,3001
c5cf1f886c6849f8233c8b282a929680,2XU3,igb8_di1_salt0_st0.0072,-14.5801,3001
c5cf1f886c6849f8233c8b282a929680,2XU3,igb8_di2_salt0.15_st0,-16.652,3001
c5cf1f886c6849f8233c8b282a929680,2XU3,igb8_di2_salt0.15_st0.0072,-19.3673,3001
c5cf1f886c6849f8233c8b282a929680,2XU3,igb8_di2_salt0_st0,-16.6864,3001
c5cf1f886c6849f8233c8b282a929680,2XU3,igb8_di2_salt0_st0.0072,-19.4017,3001
c5cf1f886c6849f8233c8b282a929680,2XU3,igb8_di4_salt0.15_st0,-19.0629,3001
c5cf1f886c6849f8233c8b282a929680,2XU3,igb8_di4_salt0.15_st0.0072,-21.7782,3001
c5cf1f886c6849f8233c8b282a929680,2XU3,igb8_di4_salt0_st0,-19.0972,3001
c5cf1f886c6849f8233c8b282a929680,2XU3,igb8_di4_salt0_st0.0072,-21.8126,3001
c842104ea7034c335c96f16efde3aff4,2XU3,igb1_di1_salt0.15_st0,-12.9636,3001
c842104ea7034c335c96f16efde3aff4,2XU3,igb1_di1_salt0.15_st0.0072,-15.9619,3001
c842104ea7034c335c96f16efde3aff4,2XU3,igb1_di1_salt0_st0,-12.954,3001
c842104ea7034c335c96f16efde3aff4,2XU3,igb1_di1_salt0_st0.0072,-15.9523,3001
c842104ea7034c335c96f16efde3aff4,2XU3,igb1_di2_salt0.15_st0,-18.0274,3001
c842104ea7034c335c96f16efde3aff4,2XU3,igb1_di2_salt0.15_st0.0072,-21.0255,3001
c842104ea7034c335c96f16efde3aff4,2XU3,igb1_di2_salt0_st0,-18.0178,3001
c842104ea7034c335c96f16efde3aff4,2XU3,igb1_di2_salt0_st0.0072,-21.016,3001
c842104ea7034c335c96f16efde3aff4,2XU3,igb1_di4_salt0.15_st0,-20.5593,3001
c842104ea7034c335c96f16efde3aff4,2XU3,igb1_di4_salt0.15_st0.0072,-23.5576,3001
c842104ea7034c335c96f16efde3aff4,2XU3,igb1_di4_salt0_st0,-20.5497,3001
c842104ea7034c335c96f16efde3aff4,2XU3,igb1_di4_salt0_st0.0072,-23.5478,3001
c842104ea7034c335c96f16efde3aff4,2XU3,igb2_di1_salt0.15_st0,-10.2731,3001
c842104ea7034c335c96f16efde3aff4,2XU3,igb2_di1_salt0.15_st0.0072,-13.2713,3001
c842104ea7034c335c96f16efde3aff4,2XU3,igb2_di1_salt0_st0,-10.2633,3001
c842104ea7034c335c96f16efde3aff4,2XU3,igb2_di1_salt0_st0.0072,-13.2615,3001
c842104ea7034c335c96f16efde3aff4,2XU3,igb2_di2_salt0.15_st0,-16.6997,3001
c842104ea7034c335c96f16efde3aff4,2XU3,igb2_di2_salt0.15_st0.0072,-19.6978,3001
c842104ea7034c335c96f16efde3aff4,2XU3,igb2_di2_salt0_st0,-16.6898,3001
c842104ea7034c335c96f16efde3aff4,2XU3,igb2_di2_salt0_st0.0072,-19.688,3001
c842104ea7034c335c96f16efde3aff4,2XU3,igb2_di4_salt0.15_st0,-19.9129,3001
c842104ea7034c335c96f16efde3aff4,2XU3,igb2_di4_salt0.15_st0.0072,-22.911,3001
c842104ea7034c335c96f16efde3aff4,2XU3,igb2_di4_salt0_st0,-19.903,3001
c842104ea7034c335c96f16efde3aff4,2XU3,igb2_di4_salt0_st0.0072,-22.9013,3001
c842104ea7034c335c96f16efde3aff4,2XU3,igb5_di1_salt0.15_st0,-10.7598,3001
c842104ea7034c335c96f16efde3aff4,2XU3,igb5_di1_salt0.15_st0.0072,-13.7579,3001
c842104ea7034c335c96f16efde3aff4,2XU3,igb5_di1_salt0_st0,-10.7499,3001
c842104ea7034c335c96f16efde3aff4,2XU3,igb5_di1_salt0_st0.0072,-13.7482,3001
c842104ea7034c335c96f16efde3aff4,2XU3,igb5_di2_salt0.15_st0,-16.9398,3001
c842104ea7034c335c96f16efde3aff4,2XU3,igb5_di2_salt0.15_st0.0072,-19.938,3001
c842104ea7034c335c96f16efde3aff4,2XU3,igb5_di2_salt0_st0,-16.93,3001
c842104ea7034c335c96f16efde3aff4,2XU3,igb5_di2_salt0_st0.0072,-19.9282,3001
c842104ea7034c335c96f16efde3aff4,2XU3,igb5_di4_salt0.15_st0,-20.0299,3001
c842104ea7034c335c96f16efde3aff4,2XU3,igb5_di4_salt0.15_st0.0072,-23.028,3001
c842104ea7034c335c96f16efde3aff4,2XU3,igb5_di4_salt0_st0,-20.0201,3001
c842104ea7034c335c96f16efde3aff4,2XU3,igb5_di4_salt0_st0.0072,-23.0182,3001
c842104ea7034c335c96f16efde3aff4,2XU3,igb8_di1_salt0.15_st0,-10.8652,3001
c842104ea7034c335c96f16efde3aff4,2XU3,igb8_di1_salt0.15_st0.0072,-13.8633,3001
c842104ea7034c335c96f16efde3aff4,2XU3,igb8_di1_salt0_st0,-10.8555,3001
c842104ea7034c335c96f16efde3aff4,2XU3,igb8_di1_salt0_st0.0072,-13.8537,3001
c842104ea7034c335c96f16efde3aff4,2XU3,igb8_di2_salt0.15_st0,-16.9917,3001
c842104ea7034c335c96f16efde3aff4,2XU3,igb8_di2_salt0.15_st0.0072,-19.9898,3001
c842104ea7034c335c96f16efde3aff4,2XU3,igb8_di2_salt0_st0,-16.9821,3001
c842104ea7034c335c96f16efde3aff4,2XU3,igb8_di2_salt0_st0.0072,-19.9803,3001
c842104ea7034c335c96f16efde3aff4,2XU3,igb8_di4_salt0.15_st0,-20.0548,3001
c842104ea7034c335c96f16efde3aff4,2XU3,igb8_di4_salt0.15_st0.0072,-23.0531,3001
c842104ea7034c335c96f16efde3aff4,2XU3,igb8_di4_salt0_st0,-20.0453,3001
c842104ea7034c335c96f16efde3aff4,2XU3,igb8_di4_salt0_st0.0072,-23.0435,3001
ca3e30b78b8b15c1aa76fed50341d715,9D9I,igb1_di1_salt0.15_st0,-23.9434,3001
ca3e30b78b8b15c1aa76fed50341d715,9D9I,igb1_di1_salt0.15_st0.0072,-28.7727,3001
ca3e30b78b8b15c1aa76fed50341d715,9D9I,igb1_di1_salt0_st0,-23.9409,3001
ca3e30b78b8b15c1aa76fed50341d715,9D9I,igb1_di1_salt0_st0.0072,-28.7704,3001
ca3e30b78b8b15c1aa76fed50341d715,9D9I,igb1_di2_salt0.15_st0,-30.5795,3001
ca3e30b78b8b15c1aa76fed50341d715,9D9I,igb1_di2_salt0.15_st0.0072,-35.4088,3001
ca3e30b78b8b15c1aa76fed50341d715,9D9I,igb1_di2_salt0_st0,-30.5772,3001
ca3e30b78b8b15c1aa76fed50341d715,9D9I,igb1_di2_salt0_st0.0072,-35.4066,3001
ca3e30b78b8b15c1aa76fed50341d715,9D9I,igb1_di4_salt0.15_st0,-33.8976,3001
ca3e30b78b8b15c1aa76fed50341d715,9D9I,igb1_di4_salt0.15_st0.0072,-38.7269,3001
ca3e30b78b8b15c1aa76fed50341d715,9D9I,igb1_di4_salt0_st0,-33.8952,3001
ca3e30b78b8b15c1aa76fed50341d715,9D9I,igb1_di4_salt0_st0.0072,-38.7245,3001
ca3e30b78b8b15c1aa76fed50341d715,9D9I,igb2_di1_salt0.15_st0,-19.0917,3001
ca3e30b78b8b15c1aa76fed50341d715,9D9I,igb2_di1_salt0.15_st0.0072,-23.9211,3001
ca3e30b78b8b15c1aa76fed50341d715,9D9I,igb2_di1_salt0_st0,-19.0887,3001
ca3e30b78b8b15c1aa76fed50341d715,9D9I,igb2_di1_salt0_st0.0072,-23.9181,3001
ca3e30b78b8b15c1aa76fed50341d715,9D9I,igb2_di2_salt0.15_st0,-28.1854,3001
ca3e30b78b8b15c1aa76fed50341d715,9D9I,igb2_di2_salt0.15_st0.0072,-33.0147,3001
ca3e30b78b8b15c1aa76fed50341d715,9D9I,igb2_di2_salt0_st0,-28.1821,3001
ca3e30b78b8b15c1aa76fed50341d715,9D9I,igb2_di2_salt0_st0.0072,-33.0117,3001
ca3e30b78b8b15c1aa76fed50341d715,9D9I,igb2_di4_salt0.15_st0,-32.7321,3001
ca3e30b78b8b15c1aa76fed50341d715,9D9I,igb2_di4_salt0.15_st0.0072,-37.5615,3001
ca3e30b78b8b15c1aa76fed50341d715,9D9I,igb2_di4_salt0_st0,-32.729,3001
ca3e30b78b8b15c1aa76fed50341d715,9D9I,igb2_di4_salt0_st0.0072,-37.5585,3001
ca3e30b78b8b15c1aa76fed50341d715,9D9I,igb5_di1_salt0.15_st0,-20.6457,3001
ca3e30b78b8b15c1aa76fed50341d715,9D9I,igb5_di1_salt0.15_st0.0072,-25.4751,3001
ca3e30b78b8b15c1aa76fed50341d715,9D9I,igb5_di1_salt0_st0,-20.6435,3001
ca3e30b78b8b15c1aa76fed50341d715,9D9I,igb5_di1_salt0_st0.0072,-25.473,3001
ca3e30b78b8b15c1aa76fed50341d715,9D9I,igb5_di2_salt0.15_st0,-28.9517,3001
ca3e30b78b8b15c1aa76fed50341d715,9D9I,igb5_di2_salt0.15_st0.0072,-33.7813,3001
ca3e30b78b8b15c1aa76fed50341d715,9D9I,igb5_di2_salt0_st0,-28.9496,3001
ca3e30b78b8b15c1aa76fed50341d715,9D9I,igb5_di2_salt0_st0.0072,-33.7791,3001
ca3e30b78b8b15c1aa76fed50341d715,9D9I,igb5_di4_salt0.15_st0,-33.1048,3001
ca3e30b78b8b15c1aa76fed50341d715,9D9I,igb5_di4_salt0.15_st0.0072,-37.9342,3001
ca3e30b78b8b15c1aa76fed50341d715,9D9I,igb5_di4_salt0_st0,-33.1027,3001
ca3e30b78b8b15c1aa76fed50341d715,9D9I,igb5_di4_salt0_st0.0072,-37.9321,3001
ca3e30b78b8b15c1aa76fed50341d715,9D9I,igb8_di1_salt0.15_st0,-15.0225,3001
ca3e30b78b8b15c1aa76fed50341d715,9D9I,igb8_di1_salt0.15_st0.0072,-19.8518,3001
ca3e30b78b8b15c1aa76fed50341d715,9D9I,igb8_di1_salt0_st0,-15.0232,3001
ca3e30b78b8b15c1aa76fed50341d715,9D9I,igb8_di1_salt0_st0.0072,-19.8524,3001
ca3e30b78b8b15c1aa76fed50341d715,9D9I,igb8_di2_salt0.15_st0,-26.175,3001
ca3e30b78b8b15c1aa76fed50341d715,9D9I,igb8_di2_salt0.15_st0.0072,-31.0044,3001
ca3e30b78b8b15c1aa76fed50341d715,9D9I,igb8_di2_salt0_st0,-26.1756,3001
ca3e30b78b8b15c1aa76fed50341d715,9D9I,igb8_di2_salt0_st0.0072,-31.0051,3001
ca3e30b78b8b15c1aa76fed50341d715,9D9I,igb8_di4_salt0.15_st0,-31.7514,3001
ca3e30b78b8b15c1aa76fed50341d715,9D9I,igb8_di4_salt0.15_st0.0072,-36.5807,3001
ca3e30b78b8b15c1aa76fed50341d715,9D9I,igb8_di4_salt0_st0,-31.7521,3001
ca3e30b78b8b15c1aa76fed50341d715,9D9I,igb8_di4_salt0_st0.0072,-36.5813,3001
cabddb27a77b57b277eb28c407a26d3f,3I06,igb1_di1_salt0.15_st0,-16.8021,3001
cabddb27a77b57b277eb28c407a26d3f,3I06,igb1_di1_salt0.15_st0.0072,-20.5769,3001
cabddb27a77b57b277eb28c407a26d3f,3I06,igb1_di1_salt0_st0,-16.823,3001
cabddb27a77b57b277eb28c407a26d3f,3I06,igb1_di1_salt0_st0.0072,-20.598,3001
cabddb27a77b57b277eb28c407a26d3f,3I06,igb1_di2_salt0.15_st0,-22.6154,3001
cabddb27a77b57b277eb28c407a26d3f,3I06,igb1_di2_salt0.15_st0.0072,-26.3903,3001
cabddb27a77b57b277eb28c407a26d3f,3I06,igb1_di2_salt0_st0,-22.6365,3001
cabddb27a77b57b277eb28c407a26d3f,3I06,igb1_di2_salt0_st0.0072,-26.4112,3001
cabddb27a77b57b277eb28c407a26d3f,3I06,igb1_di4_salt0.15_st0,-25.5222,3001
cabddb27a77b57b277eb28c407a26d3f,3I06,igb1_di4_salt0.15_st0.0072,-29.2971,3001
cabddb27a77b57b277eb28c407a26d3f,3I06,igb1_di4_salt0_st0,-25.543,3001
cabddb27a77b57b277eb28c407a26d3f,3I06,igb1_di4_salt0_st0.0072,-29.3181,3001
cabddb27a77b57b277eb28c407a26d3f,3I06,igb2_di1_salt0.15_st0,-13.7712,3001
cabddb27a77b57b277eb28c407a26d3f,3I06,igb2_di1_salt0.15_st0.0072,-17.546,3001
cabddb27a77b57b277eb28c407a26d3f,3I06,igb2_di1_salt0_st0,-13.792,3001
cabddb27a77b57b277eb28c407a26d3f,3I06,igb2_di1_salt0_st0.0072,-17.5669,3001
cabddb27a77b57b277eb28c407a26d3f,3I06,igb2_di2_salt0.15_st0,-21.1196,3001
cabddb27a77b57b277eb28c407a26d3f,3I06,igb2_di2_salt0.15_st0.0072,-24.8946,3001
cabddb27a77b57b277eb28c407a26d3f,3I06,igb2_di2_salt0_st0,-21.1403,3001
cabddb27a77b57b277eb28c407a26d3f,3I06,igb2_di2_salt0_st0.0072,-24.9153,3001
cabddb27a77b57b277eb28c407a26d3f,3I06,igb2_di4_salt0.15_st0,-24.7939,3001
cabddb27a77b57b277eb28c407a26d3f,3I06,igb2_di4_salt0.15_st0.0072,-28.5688,3001
cabddb27a77b57b277eb28c407a26d3f,3I06,igb2_di4_salt0_st0,-24.8146,3001
cabddb27a77b57b277eb28c407a26d3f,3I06,igb2_di4_salt0_st0.0072,-28.5895,3001
cabddb27a77b57b277eb28c407a26d3f,3I06,igb5_di1_salt0.15_st0,-14.7271,3001
cabddb27a77b57b277eb28c407a26d3f,3I06,igb5_di1_salt0.15_st0.0072,-18.5021,3001
cabddb27a77b57b277eb28c407a26d3f,3I06,igb5_di1_salt0_st0,-14.7478,3001
cabddb27a77b57b277eb28c407a26d3f,3I06,igb5_di1_salt0_st0.0072,-18.5228,3001
cabddb27a77b57b277eb28c407a26d3f,3I06,igb5_di2_salt0.15_st0,-21.5914,3001
cabddb27a77b57b277eb28c407a26d3f,3I06,igb5_di2_salt0.15_st0.0072,-25.3663,3001
cabddb27a77b57b277eb28c407a26d3f,3I06,igb5_di2_salt0_st0,-21.6123,3001
cabddb27a77b57b277eb28c407a26d3f,3I06,igb5_di2_salt0_st0.0072,-25.3872,3001
cabddb27a77b57b277eb28c407a26d3f,3I06,igb5_di4_salt0.15_st0,-25.0234,3001
cabddb27a77b57b277eb28c407a26d3f,3I06,igb5_di4_salt0.15_st0.0072,-28.7984,3001
cabddb27a77b57b277eb28c407a26d3f,3I06,igb5_di4_salt0_st0,-25.0444,3001
cabddb27a77b57b277eb28c407a26d3f,3I06,igb5_di4_salt0_st0.0072,-28.8193,3001
cabddb27a77b57b277eb28c407a26d3f,3I06,igb8_di1_salt0.15_st0,-11.9285,3001
cabddb27a77b57b277eb28c407a26d3f,3I06,igb8_di1_salt0.15_st0.0072,-15.7033,3001
cabddb27a77b57b277eb28c407a26d3f,3I06,igb8_di1_salt0_st0,-11.9692,3001
cabddb27a77b57b277eb28c407a26d3f,3I06,igb8_di1_salt0_st0.0072,-15.7442,3001
cabddb27a77b57b277eb28c407a26d3f,3I06,igb8_di2_salt0.15_st0,-20.2,3001
cabddb27a77b57b277eb28c407a26d3f,3I06,igb8_di2_salt0.15_st0.0072,-23.975,3001
cabddb27a77b57b277eb28c407a26d3f,3I06,igb8_di2_salt0_st0,-20.2408,3001
cabddb27a77b57b277eb28c407a26d3f,3I06,igb8_di2_salt0_st0.0072,-24.0157,3001
cabddb27a77b57b277eb28c407a26d3f,3I06,igb8_di4_salt0.15_st0,-24.3358,3001
cabddb27a77b57b277eb28c407a26d3f,3I06,igb8_di4_salt0.15_st0.0072,-28.1108,3001
cabddb27a77b57b277eb28c407a26d3f,3I06,igb8_di4_salt0_st0,-24.3765,3001
cabddb27a77b57b277eb28c407a26d3f,3I06,igb8_di4_salt0_st0.0072,-28.1514,3001
cb20abd70e0ece3d85e1338101d4bd72,2XU3,igb1_di1_salt0.15_st0,-14.0663,3001
cb20abd70e0ece3d85e1338101d4bd72,2XU3,igb1_di1_salt0.15_st0.0072,-17.1043,3001
cb20abd70e0ece3d85e1338101d4bd72,2XU3,igb1_di1_salt0_st0,-14.0583,3001
cb20abd70e0ece3d85e1338101d4bd72,2XU3,igb1_di1_salt0_st0.0072,-17.0964,3001
cb20abd70e0ece3d85e1338101d4bd72,2XU3,igb1_di2_salt0.15_st0,-19.1308,3001
cb20abd70e0ece3d85e1338101d4bd72,2XU3,igb1_di2_salt0.15_st0.0072,-22.1689,3001
cb20abd70e0ece3d85e1338101d4bd72,2XU3,igb1_di2_salt0_st0,-19.1228,3001
cb20abd70e0ece3d85e1338101d4bd72,2XU3,igb1_di2_salt0_st0.0072,-22.1609,3001
cb20abd70e0ece3d85e1338101d4bd72,2XU3,igb1_di4_salt0.15_st0,-21.6631,3001
cb20abd70e0ece3d85e1338101d4bd72,2XU3,igb1_di4_salt0.15_st0.0072,-24.7012,3001
cb20abd70e0ece3d85e1338101d4bd72,2XU3,igb1_di4_salt0_st0,-21.655,3001
cb20abd70e0ece3d85e1338101d4bd72,2XU3,igb1_di4_salt0_st0.0072,-24.6931,3001
cb20abd70e0ece3d85e1338101d4bd72,2XU3,igb2_di1_salt0.15_st0,-11.5522,3001
cb20abd70e0ece3d85e1338101d4bd72,2XU3,igb2_di1_salt0.15_st0.0072,-14.5902,3001
cb20abd70e0ece3d85e1338101d4bd72,2XU3,igb2_di1_salt0_st0,-11.5441,3001
cb20abd70e0ece3d85e1338101d4bd72,2XU3,igb2_di1_salt0_st0.0072,-14.5822,3001
cb20abd70e0ece3d85e1338101d4bd72,2XU3,igb2_di2_salt0.15_st0,-17.89,3001
cb20abd70e0ece3d85e1338101d4bd72,2XU3,igb2_di2_salt0.15_st0.0072,-20.9281,3001
cb20abd70e0ece3d85e1338101d4bd72,2XU3,igb2_di2_salt0_st0,-17.8819,3001
cb20abd70e0ece3d85e1338101d4bd72,2XU3,igb2_di2_salt0_st0.0072,-20.9201,3001
cb20abd70e0ece3d85e1338101d4bd72,2XU3,igb2_di4_salt0.15_st0,-21.059,3001
cb20abd70e0ece3d85e1338101d4bd72,2XU3,igb2_di4_salt0.15_st0.0072,-24.097,3001
cb20abd70e0ece3d85e1338101d4bd72,2XU3,igb2_di4_salt0_st0,-21.0509,3001
cb20abd70e0ece3d85e1338101d4bd72,2XU3,igb2_di4_salt0_st0.0072,-24.0889,3001
cb20abd70e0ece3d85e1338101d4bd72,2XU3,igb5_di1_salt0.15_st0,-11.9044,3001
cb20abd70e0ece3d85e1338101d4bd72,2XU3,igb5_di1_salt0.15_st0.0072,-14.9425,3001
cb20abd70e0ece3d85e1338101d4bd72,2XU3,igb5_di1_salt0_st0,-11.8965,3001
cb20abd70e0ece3d85e1338101d4bd72,2XU3,igb5_di1_salt0_st0.0072,-14.9346,3001
cb20abd70e0ece3d85e1338101d4bd72,2XU3,igb5_di2_salt0.15_st0,-18.0638,3001
cb20abd70e0ece3d85e1338101d4bd72,2XU3,igb5_di2_salt0.15_st0.0072,-21.1019,3001
cb20abd70e0ece3d85e1338101d4bd72,2XU3,igb5_di2_salt0_st0,-18.0558,3001
cb20abd70e0ece3d85e1338101d4bd72,2XU3,igb5_di2_salt0_st0.0072,-21.094,3001
cb20abd70e0ece3d85e1338101d4bd72,2XU3,igb5_di4_salt0.15_st0,-21.1434,3001
cb20abd70e0ece3d85e1338101d4bd72,2XU3,igb5_di4_salt0.15_st0.0072,-24.1814,3001
cb20abd70e0ece3d85e1338101d4bd72,2XU3,igb5_di4_salt0_st0,-21.1356,3001
cb20abd70e0ece3d85e1338101d4bd72,2XU3,igb5_di4_salt0_st0.0072,-24.1736,3001
cb20abd70e0ece3d85e1338101d4bd72,2XU3,igb8_di1_salt0.15_st0,-11.9652,3001
cb20abd70e0ece3d85e1338101d4bd72,2XU3,igb8_di1_salt0.15_st0.0072,-15.0032,3001
cb20abd70e0ece3d85e1338101d4bd72,2XU3,igb8_di1_salt0_st0,-11.9574,3001
cb20abd70e0ece3d85e1338101d4bd72,2XU3,igb8_di1_salt0_st0.0072,-14.9953,3001
cb20abd70e0ece3d85e1338101d4bd72,2XU3,igb8_di2_salt0.15_st0,-18.0938,3001
cb20abd70e0ece3d85e1338101d4bd72,2XU3,igb8_di2_salt0.15_st0.0072,-21.1318,3001
cb20abd70e0ece3d85e1338101d4bd72,2XU3,igb8_di2_salt0_st0,-18.0858,3001
cb20abd70e0ece3d85e1338101d4bd72,2XU3,igb8_di2_salt0_st0.0072,-21.1238,3001
cb20abd70e0ece3d85e1338101d4bd72,2XU3,igb8_di4_salt0.15_st0,-21.158,3001
cb20abd70e0ece3d85e1338101d4bd72,2XU3,igb8_di4_salt0.15_st0.0072,-24.1962,3001
cb20abd70e0ece3d85e1338101d4bd72,2XU3,igb8_di4_salt0_st0,-21.1502,3001
cb20abd70e0ece3d85e1338101d4bd72,2XU3,igb8_di4_salt0_st0.0072,-24.1882,3001
cc7b6263adb98dd621cdb08fde955a6f,4QB3,igb1_di1_salt0.15_st0,-25.7727,3001
cc7b6263adb98dd621cdb08fde955a6f,4QB3,igb1_di1_salt0.15_st0.0072,-31.2023,3001
cc7b6263adb98dd621cdb08fde955a6f,4QB3,igb1_di1_salt0_st0,-25.7711,3001
cc7b6263adb98dd621cdb08fde955a6f,4QB3,igb1_di1_salt0_st0.0072,-31.2008,3001
cc7b6263adb98dd621cdb08fde955a6f,4QB3,igb1_di2_salt0.15_st0,-32.2832,3001
cc7b6263adb98dd621cdb08fde955a6f,4QB3,igb1_di2_salt0.15_st0.0072,-37.7129,3001
cc7b6263adb98dd621cdb08fde955a6f,4QB3,igb1_di2_salt0_st0,-32.2817,3001
cc7b6263adb98dd621cdb08fde955a6f,4QB3,igb1_di2_salt0_st0.0072,-37.7113,3001
cc7b6263adb98dd621cdb08fde955a6f,4QB3,igb1_di4_salt0.15_st0,-35.5385,3001
cc7b6263adb98dd621cdb08fde955a6f,4QB3,igb1_di4_salt0.15_st0.0072,-40.9682,3001
cc7b6263adb98dd621cdb08fde955a6f,4QB3,igb1_di4_salt0_st0,-35.5369,3001
cc7b6263adb98dd621cdb08fde955a6f,4QB3,igb1_di4_salt0_st0.0072,-40.9666,3001
cc7b6263adb98dd621cdb08fde955a6f,4QB3,igb2_di1_salt0.15_st0,-21.6529,3001
cc7b6263adb98dd621cdb08fde955a6f,4QB3,igb2_di1_salt0.15_st0.0072,-27.0825,3001
cc7b6263adb98dd621cdb08fde955a6f,4QB3,igb2_di1_salt0_st0,-21.6505,3001
cc7b6263adb98dd621cdb08fde955a6f,4QB3,igb2_di1_salt0_st0.0072,-27.0802,3001
cc7b6263adb98dd621cdb08fde955a6f,4QB3,igb2_di2_salt0.15_st0,-30.2503,3001
cc7b6263adb98dd621cdb08fde955a6f,4QB3,igb2_di2_salt0.15_st0.0072,-35.68,3001
cc7b6263adb98dd621cdb08fde955a6f,4QB3,igb2_di2_salt0_st0,-30.2479,3001
cc7b6263adb98dd621cdb08fde955a6f,4QB3,igb2_di2_salt0_st0.0072,-35.6777,3001
cc7b6263adb98dd621cdb08fde955a6f,4QB3,igb2_di4_salt0.15_st0,-34.5491,3001
cc7b6263adb98dd621cdb08fde955a6f,4QB3,igb2_di4_salt0.15_st0.0072,-39.9787,3001
cc7b6263adb98dd621cdb08fde955a6f,4QB3,igb2_di4_salt0_st0,-34.5468,3001
cc7b6263adb98dd621cdb08fde955a6f,4QB3,igb2_di4_salt0_st0.0072,-39.9763,3001
cc7b6263adb98dd621cdb08fde955a6f,4QB3,igb5_di1_salt0.15_st0,-23.4806,3001
cc7b6263adb98dd621cdb08fde955a6f,4QB3,igb5_di1_salt0.15_st0.0072,-28.9102,3001
cc7b6263adb98dd621cdb08fde955a6f,4QB3,igb5_di1_salt0_st0,-23.477,3001
cc7b6263adb98dd621cdb08fde955a6f,4QB3,igb5_di1_salt0_st0.0072,-28.9065,3001
cc7b6263adb98dd621cdb08fde955a6f,4QB3,igb5_di2_salt0.15_st0,-31.1531,3001
cc7b6263adb98dd621cdb08fde955a6f,4QB3,igb5_di2_salt0.15_st0.0072,-36.5827,3001
cc7b6263adb98dd621cdb08fde955a6f,4QB3,igb5_di2_salt0_st0,-31.1494,3001
cc7b6263adb98dd621cdb08fde955a6f,4QB3,igb5_di2_salt0_st0.0072,-36.579,3001
cc7b6263adb98dd621cdb08fde955a6f,4QB3,igb5_di4_salt0.15_st0,-34.9893,3001
cc7b6263adb98dd621cdb08fde955a6f,4QB3,igb5_di4_salt0.15_st0.0072,-40.4189,3001
cc7b6263adb98dd621cdb08fde955a6f,4QB3,igb5_di4_salt0_st0,-34.9857,3001
cc7b6263adb98dd621cdb08fde955a6f,4QB3,igb5_di4_salt0_st0.0072,-40.4153,3001
cc7b6263adb98dd621cdb08fde955a6f,4QB3,igb8_di1_salt0.15_st0,-19.4224,3001
cc7b6263adb98dd621cdb08fde955a6f,4QB3,igb8_di1_salt0.15_st0.0072,-24.852,3001
cc7b6263adb98dd621cdb08fde955a6f,4QB3,igb8_di1_salt0_st0,-19.4199,3001
cc7b6263adb98dd621cdb08fde955a6f,4QB3,igb8_di1_salt0_st0.0072,-24.8495,3001
cc7b6263adb98dd621cdb08fde955a6f,4QB3,igb8_di2_salt0.15_st0,-29.1495,3001
cc7b6263adb98dd621cdb08fde955a6f,4QB3,igb8_di2_salt0.15_st0.0072,-34.5791,3001
cc7b6263adb98dd621cdb08fde955a6f,4QB3,igb8_di2_salt0_st0,-29.1472,3001
cc7b6263adb98dd621cdb08fde955a6f,4QB3,igb8_di2_salt0_st0.0072,-34.5767,3001
cc7b6263adb98dd621cdb08fde955a6f,4QB3,igb8_di4_salt0.15_st0,-34.013,3001
cc7b6263adb98dd621cdb08fde955a6f,4QB3,igb8_di4_salt0.15_st0.0072,-39.4427,3001
cc7b6263adb98dd621cdb08fde955a6f,4QB3,igb8_di4_salt0_st0,-34.0107,3001
cc7b6263adb98dd621cdb08fde955a6f,4QB3,igb8_di4_salt0_st0.0072,-39.4403,3001
ccb9fbbe8dccd3e51806073eb486a17c,8ELC,igb1_di1_salt0.15_st0,-20.8999,3001
ccb9fbbe8dccd3e51806073eb486a17c,8ELC,igb1_di1_salt0.15_st0.0072,-25.0706,3001
ccb9fbbe8dccd3e51806073eb486a17c,8ELC,igb1_di1_salt0_st0,-20.8989,3001
ccb9fbbe8dccd3e51806073eb486a17c,8ELC,igb1_di1_salt0_st0.0072,-25.0697,3001
ccb9fbbe8dccd3e51806073eb486a17c,8ELC,igb1_di2_salt0.15_st0,-26.2492,3001
ccb9fbbe8dccd3e51806073eb486a17c,8ELC,igb1_di2_salt0.15_st0.0072,-30.42,3001
ccb9fbbe8dccd3e51806073eb486a17c,8ELC,igb1_di2_salt0_st0,-26.2482,3001
ccb9fbbe8dccd3e51806073eb486a17c,8ELC,igb1_di2_salt0_st0.0072,-30.419,3001
ccb9fbbe8dccd3e51806073eb486a17c,8ELC,igb1_di4_salt0.15_st0,-28.9238,3001
ccb9fbbe8dccd3e51806073eb486a17c,8ELC,igb1_di4_salt0.15_st0.0072,-33.0947,3001
ccb9fbbe8dccd3e51806073eb486a17c,8ELC,igb1_di4_salt0_st0,-28.9228,3001
ccb9fbbe8dccd3e51806073eb486a17c,8ELC,igb1_di4_salt0_st0.0072,-33.0936,3001
ccb9fbbe8dccd3e51806073eb486a17c,8ELC,igb2_di1_salt0.15_st0,-19.0279,3001
ccb9fbbe8dccd3e51806073eb486a17c,8ELC,igb2_di1_salt0.15_st0.0072,-23.1986,3001
ccb9fbbe8dccd3e51806073eb486a17c,8ELC,igb2_di1_salt0_st0,-19.0236,3001
ccb9fbbe8dccd3e51806073eb486a17c,8ELC,igb2_di1_salt0_st0.0072,-23.1944,3001
ccb9fbbe8dccd3e51806073eb486a17c,8ELC,igb2_di2_salt0.15_st0,-25.327,3001
ccb9fbbe8dccd3e51806073eb486a17c,8ELC,igb2_di2_salt0.15_st0.0072,-29.4976,3001
ccb9fbbe8dccd3e51806073eb486a17c,8ELC,igb2_di2_salt0_st0,-25.3227,3001
ccb9fbbe8dccd3e51806073eb486a17c,8ELC,igb2_di2_salt0_st0.0072,-29.4935,3001
ccb9fbbe8dccd3e51806073eb486a17c,8ELC,igb2_di4_salt0.15_st0,-28.4763,3001
ccb9fbbe8dccd3e51806073eb486a17c,8ELC,igb2_di4_salt0.15_st0.0072,-32.6471,3001
ccb9fbbe8dccd3e51806073eb486a17c,8ELC,igb2_di4_salt0_st0,-28.4721,3001
ccb9fbbe8dccd3e51806073eb486a17c,8ELC,igb2_di4_salt0_st0.0072,-32.643,3001
ccb9fbbe8dccd3e51806073eb486a17c,8ELC,igb5_di1_salt0.15_st0,-21.2958,3001
ccb9fbbe8dccd3e51806073eb486a17c,8ELC,igb5_di1_salt0.15_st0.0072,-25.4666,3001
ccb9fbbe8dccd3e51806073eb486a17c,8ELC,igb5_di1_salt0_st0,-21.2887,3001
ccb9fbbe8dccd3e51806073eb486a17c,8ELC,igb5_di1_salt0_st0.0072,-25.4594,3001
ccb9fbbe8dccd3e51806073eb486a17c,8ELC,igb5_di2_salt0.15_st0,-26.4478,3001
ccb9fbbe8dccd3e51806073eb486a17c,8ELC,igb5_di2_salt0.15_st0.0072,-30.6185,3001
ccb9fbbe8dccd3e51806073eb486a17c,8ELC,igb5_di2_salt0_st0,-26.4406,3001
ccb9fbbe8dccd3e51806073eb486a17c,8ELC,igb5_di2_salt0_st0.0072,-30.6114,3001
ccb9fbbe8dccd3e51806073eb486a17c,8ELC,igb5_di4_salt0.15_st0,-29.0237,3001
ccb9fbbe8dccd3e51806073eb486a17c,8ELC,igb5_di4_salt0.15_st0.0072,-33.1945,3001
ccb9fbbe8dccd3e51806073eb486a17c,8ELC,igb5_di4_salt0_st0,-29.0165,3001
ccb9fbbe8dccd3e51806073eb486a17c,8ELC,igb5_di4_salt0_st0.0072,-33.1873,3001
ccb9fbbe8dccd3e51806073eb486a17c,8ELC,igb8_di1_salt0.15_st0,-16.67,3001
ccb9fbbe8dccd3e51806073eb486a17c,8ELC,igb8_di1_salt0.15_st0.0072,-20.8409,3001
ccb9fbbe8dccd3e51806073eb486a17c,8ELC,igb8_di1_salt0_st0,-16.6714,3001
ccb9fbbe8dccd3e51806073eb486a17c,8ELC,igb8_di1_salt0_st0.0072,-20.8421,3001
ccb9fbbe8dccd3e51806073eb486a17c,8ELC,igb8_di2_salt0.15_st0,-24.1602,3001
ccb9fbbe8dccd3e51806073eb486a17c,8ELC,igb8_di2_salt0.15_st0.0072,-28.3312,3001
ccb9fbbe8dccd3e51806073eb486a17c,8ELC,igb8_di2_salt0_st0,-24.1618,3001
ccb9fbbe8dccd3e51806073eb486a17c,8ELC,igb8_di2_salt0_st0.0072,-28.3325,3001
ccb9fbbe8dccd3e51806073eb486a17c,8ELC,igb8_di4_salt0.15_st0,-27.9055,3001
ccb9fbbe8dccd3e51806073eb486a17c,8ELC,igb8_di4_salt0.15_st0.0072,-32.0763,3001
ccb9fbbe8dccd3e51806073eb486a17c,8ELC,igb8_di4_salt0_st0,-27.907,3001
ccb9fbbe8dccd3e51806073eb486a17c,8ELC,igb8_di4_salt0_st0.0072,-32.0777,3001
ce9a796b1b540bd01171a965543d5ed4,4QB3,igb1_di1_salt0.15_st0,-21.4284,3001
ce9a796b1b540bd01171a965543d5ed4,4QB3,igb1_di1_salt0.15_st0.0072,-26.0973,3001
ce9a796b1b540bd01171a965543d5ed4,4QB3,igb1_di1_salt0_st0,-21.419,3001
ce9a796b1b540bd01171a965543d5ed4,4QB3,igb1_di1_salt0_st0.0072,-26.0877,3001
ce9a796b1b540bd01171a965543d5ed4,4QB3,igb1_di2_salt0.15_st0,-27.0816,3001
ce9a796b1b540bd01171a965543d5ed4,4QB3,igb1_di2_salt0.15_st0.0072,-31.7503,3001
ce9a796b1b540bd01171a965543d5ed4,4QB3,igb1_di2_salt0_st0,-27.072,3001
ce9a796b1b540bd01171a965543d5ed4,4QB3,igb1_di2_salt0_st0.0072,-31.7409,3001
ce9a796b1b540bd01171a965543d5ed4,4QB3,igb1_di4_salt0.15_st0,-29.9081,3001
ce9a796b1b540bd01171a965543d5ed4,4QB3,igb1_di4_salt0.15_st0.0072,-34.5769,3001
ce9a796b1b540bd01171a965543d5ed4,4QB3,igb1_di4_salt0_st0,-29.8986,3001
ce9a796b1b540bd01171a965543d5ed4,4QB3,igb1_di4_salt0_st0.0072,-34.5673,3001
ce9a796b1b540bd01171a965543d5ed4,4QB3,igb2_di1_salt0.15_st0,-17.5456,3001
ce9a796b1b540bd01171a965543d5ed4,4QB3,igb2_di1_salt0.15_st0.0072,-22.2144,3001
ce9a796b1b540bd01171a965543d5ed4,4QB3,igb2_di1_salt0_st0,-17.5356,3001
ce9a796b1b540bd01171a965543d5ed4,4QB3,igb2_di1_salt0_st0.0072,-22.2044,3001
ce9a796b1b540bd01171a965543d5ed4,4QB3,igb2_di2_salt0.15_st0,-25.1655,3001
ce9a796b1b540bd01171a965543d5ed4,4QB3,igb2_di2_salt0.15_st0.0072,-29.8343,3001
ce9a796b1b540bd01171a965543d5ed4,4QB3,igb2_di2_salt0_st0,-25.1555,3001
ce9a796b1b540bd01171a965543d5ed4,4QB3,igb2_di2_salt0_st0.0072,-29.8243,3001
ce9a796b1b540bd01171a965543d5ed4,4QB3,igb2_di4_salt0.15_st0,-28.9753,3001
ce9a796b1b540bd01171a965543d5ed4,4QB3,igb2_di4_salt0.15_st0.0072,-33.6442,3001
ce9a796b1b540bd01171a965543d5ed4,4QB3,igb2_di4_salt0_st0,-28.9653,3001
ce9a796b1b540bd01171a965543d5ed4,4QB3,igb2_di4_salt0_st0.0072,-33.634,3001
ce9a796b1b540bd01171a965543d5ed4,4QB3,igb5_di1_salt0.15_st0,-19.6917,3001
ce9a796b1b540bd01171a965543d5ed4,4QB3,igb5_di1_salt0.15_st0.0072,-24.3604,3001
ce9a796b1b540bd01171a965543d5ed4,4QB3,igb5_di1_salt0_st0,-19.6802,3001
ce9a796b1b540bd01171a965543d5ed4,4QB3,igb5_di1_salt0_st0.0072,-24.3491,3001
ce9a796b1b540bd01171a965543d5ed4,4QB3,igb5_di2_salt0.15_st0,-26.2253,3001
ce9a796b1b540bd01171a965543d5ed4,4QB3,igb5_di2_salt0.15_st0.0072,-30.8942,3001
ce9a796b1b540bd01171a965543d5ed4,4QB3,igb5_di2_salt0_st0,-26.2139,3001
ce9a796b1b540bd01171a965543d5ed4,4QB3,igb5_di2_salt0_st0.0072,-30.8827,3001
ce9a796b1b540bd01171a965543d5ed4,4QB3,igb5_di4_salt0.15_st0,-29.4922,3001
ce9a796b1b540bd01171a965543d5ed4,4QB3,igb5_di4_salt0.15_st0.0072,-34.1609,3001
ce9a796b1b540bd01171a965543d5ed4,4QB3,igb5_di4_salt0_st0,-29.4807,3001
ce9a796b1b540bd01171a965543d5ed4,4QB3,igb5_di4_salt0_st0.0072,-34.1496,3001
ce9a796b1b540bd01171a965543d5ed4,4QB3,igb8_di1_salt0.15_st0,-14.6857,3001
ce9a796b1b540bd01171a965543d5ed4,4QB3,igb8_di1_salt0.15_st0.0072,-19.3544,3001
ce9a796b1b540bd01171a965543d5ed4,4QB3,igb8_di1_salt0_st0,-14.6769,3001
ce9a796b1b540bd01171a965543d5ed4,4QB3,igb8_di1_salt0_st0.0072,-19.3457,3001
ce9a796b1b540bd01171a965543d5ed4,4QB3,igb8_di2_salt0.15_st0,-23.7534,3001
ce9a796b1b540bd01171a965543d5ed4,4QB3,igb8_di2_salt0.15_st0.0072,-28.4221,3001
ce9a796b1b540bd01171a965543d5ed4,4QB3,igb8_di2_salt0_st0,-23.7445,3001
ce9a796b1b540bd01171a965543d5ed4,4QB3,igb8_di2_salt0_st0.0072,-28.4132,3001
ce9a796b1b540bd01171a965543d5ed4,4QB3,igb8_di4_salt0.15_st0,-28.2872,3001
ce9a796b1b540bd01171a965543d5ed4,4QB3,igb8_di4_salt0.15_st0.0072,-32.956,3001
ce9a796b1b540bd01171a965543d5ed4,4QB3,igb8_di4_salt0_st0,-28.2783,3001
ce9a796b1b540bd01171a965543d5ed4,4QB3,igb8_di4_salt0_st0.0072,-32.9472,3001
ceb2b49097d65c6344d7760b76a49be7,8ELC,igb1_di1_salt0.15_st0,-16.0966,3001
ceb2b49097d65c6344d7760b76a49be7,8ELC,igb1_di1_salt0.15_st0.0072,-19.2059,3001
ceb2b49097d65c6344d7760b76a49be7,8ELC,igb1_di1_salt0_st0,-16.1003,3001
ceb2b49097d65c6344d7760b76a49be7,8ELC,igb1_di1_salt0_st0.0072,-19.2096,3001
ceb2b49097d65c6344d7760b76a49be7,8ELC,igb1_di2_salt0.15_st0,-18.8733,3001
ceb2b49097d65c6344d7760b76a49be7,8ELC,igb1_di2_salt0.15_st0.0072,-21.9826,3001
ceb2b49097d65c6344d7760b76a49be7,8ELC,igb1_di2_salt0_st0,-18.8771,3001
ceb2b49097d65c6344d7760b76a49be7,8ELC,igb1_di2_salt0_st0.0072,-21.9863,3001
ceb2b49097d65c6344d7760b76a49be7,8ELC,igb1_di4_salt0.15_st0,-20.2618,3001
ceb2b49097d65c6344d7760b76a49be7,8ELC,igb1_di4_salt0.15_st0.0072,-23.3711,3001
ceb2b49097d65c6344d7760b76a49be7,8ELC,igb1_di4_salt0_st0,-20.2655,3001
ceb2b49097d65c6344d7760b76a49be7,8ELC,igb1_di4_salt0_st0.0072,-23.3748,3001
ceb2b49097d65c6344d7760b76a49be7,8ELC,igb2_di1_salt0.15_st0,-12.1625,3001
ceb2b49097d65c6344d7760b76a49be7,8ELC,igb2_di1_salt0.15_st0.0072,-15.2717,3001
ceb2b49097d65c6344d7760b76a49be7,8ELC,igb2_di1_salt0_st0,-12.1667,3001
ceb2b49097d65c6344d7760b76a49be7,8ELC,igb2_di1_salt0_st0.0072,-15.2759,3001
ceb2b49097d65c6344d7760b76a49be7,8ELC,igb2_di2_salt0.15_st0,-16.9313,3001
ceb2b49097d65c6344d7760b76a49be7,8ELC,igb2_di2_salt0.15_st0.0072,-20.0405,3001
ceb2b49097d65c6344d7760b76a49be7,8ELC,igb2_di2_salt0_st0,-16.9357,3001
ceb2b49097d65c6344d7760b76a49be7,8ELC,igb2_di2_salt0_st0.0072,-20.0448,3001
ceb2b49097d65c6344d7760b76a49be7,8ELC,igb2_di4_salt0.15_st0,-19.3158,3001
ceb2b49097d65c6344d7760b76a49be7,8ELC,igb2_di4_salt0.15_st0.0072,-22.4251,3001
ceb2b49097d65c6344d7760b76a49be7,8ELC,igb2_di4_salt0_st0,-19.3201,3001
ceb2b49097d65c6344d7760b76a49be7,8ELC,igb2_di4_salt0_st0.0072,-22.4294,3001
ceb2b49097d65c6344d7760b76a49be7,8ELC,igb5_di1_salt0.15_st0,-12.4778,3001
ceb2b49097d65c6344d7760b76a49be7,8ELC,igb5_di1_salt0.15_st0.0072,-15.5872,3001
ceb2b49097d65c6344d7760b76a49be7,8ELC,igb5_di1_salt0_st0,-12.4843,3001
ceb2b49097d65c6344d7760b76a49be7,8ELC,igb5_di1_salt0_st0.0072,-15.5935,3001
ceb2b49097d65c6344d7760b76a49be7,8ELC,igb5_di2_salt0.15_st0,-17.086,3001
ceb2b49097d65c6344d7760b76a49be7,8ELC,igb5_di2_salt0.15_st0.0072,-20.1953,3001
ceb2b49097d65c6344d7760b76a49be7,8ELC,igb5_di2_salt0_st0,-17.0924,3001
ceb2b49097d65c6344d7760b76a49be7,8ELC,igb5_di2_salt0_st0.0072,-20.2018,3001
ceb2b49097d65c6344d7760b76a49be7,8ELC,igb5_di4_salt0.15_st0,-19.39,3001
ceb2b49097d65c6344d7760b76a49be7,8ELC,igb5_di4_salt0.15_st0.0072,-22.4992,3001
ceb2b49097d65c6344d7760b76a49be7,8ELC,igb5_di4_salt0_st0,-19.3964,3001
ceb2b49097d65c6344d7760b76a49be7,8ELC,igb5_di4_salt0_st0.0072,-22.5057,3001
ceb2b49097d65c6344d7760b76a49be7,8ELC,igb8_di1_salt0.15_st0,-8.3088,3001
ceb2b49097d65c6344d7760b76a49be7,8ELC,igb8_di1_salt0.15_st0.0072,-11.4181,3001
ceb2b49097d65c6344d7760b76a49be7,8ELC,igb8_di1_salt0_st0,-8.3138,3001
ceb2b49097d65c6344d7760b76a49be7,8ELC,igb8_di1_salt0_st0.0072,-11.423,3001
ceb2b49097d65c6344d7760b76a49be7,8ELC,igb8_di2_salt0.15_st0,-15.0291,3001
ceb2b49097d65c6344d7760b76a49be7,8ELC,igb8_di2_salt0.15_st0.0072,-18.1383,3001
ceb2b49097d65c6344d7760b76a49be7,8ELC,igb8_di2_salt0_st0,-15.034,3001
ceb2b49097d65c6344d7760b76a49be7,8ELC,igb8_di2_salt0_st0.0072,-18.1433,3001
ceb2b49097d65c6344d7760b76a49be7,8ELC,igb8_di4_salt0.15_st0,-18.3891,3001
ceb2b49097d65c6344d7760b76a49be7,8ELC,igb8_di4_salt0.15_st0.0072,-21.4986,3001
ceb2b49097d65c6344d7760b76a49be7,8ELC,igb8_di4_salt0_st0,-18.3941,3001
ceb2b49097d65c6344d7760b76a49be7,8ELC,igb8_di4_salt0_st0.0072,-21.5034,3001
d03b3614f1c49ff6b9fbf5832ee9770f,3I06,igb1_di1_salt0.15_st0,-11.3514,3001
d03b3614f1c49ff6b9fbf5832ee9770f,3I06,igb1_di1_salt0.15_st0.0072,-14.0678,3001
d03b3614f1c49ff6b9fbf5832ee9770f,3I06,igb1_di1_salt0_st0,-11.3609,3001
d03b3614f1c49ff6b9fbf5832ee9770f,3I06,igb1_di1_salt0_st0.0072,-14.0774,3001
d03b3614f1c49ff6b9fbf5832ee9770f,3I06,igb1_di2_salt0.15_st0,-15.5145,3001
d03b3614f1c49ff6b9fbf5832ee9770f,3I06,igb1_di2_salt0.15_st0.0072,-18.2309,3001
d03b3614f1c49ff6b9fbf5832ee9770f,3I06,igb1_di2_salt0_st0,-15.524,3001
d03b3614f1c49ff6b9fbf5832ee9770f,3I06,igb1_di2_salt0_st0.0072,-18.2404,3001
d03b3614f1c49ff6b9fbf5832ee9770f,3I06,igb1_di4_salt0.15_st0,-17.596,3001
d03b3614f1c49ff6b9fbf5832ee9770f,3I06,igb1_di4_salt0.15_st0.0072,-20.3123,3001
d03b3614f1c49ff6b9fbf5832ee9770f,3I06,igb1_di4_salt0_st0,-17.6055,3001
d03b3614f1c49ff6b9fbf5832ee9770f,3I06,igb1_di4_salt0_st0.0072,-20.3219,3001
d03b3614f1c49ff6b9fbf5832ee9770f,3I06,igb2_di1_salt0.15_st0,-9.0783,3001
d03b3614f1c49ff6b9fbf5832ee9770f,3I06,igb2_di1_salt0.15_st0.0072,-11.7947,3001
d03b3614f1c49ff6b9fbf5832ee9770f,3I06,igb2_di1_salt0_st0,-9.0879,3001
d03b3614f1c49ff6b9fbf5832ee9770f,3I06,igb2_di1_salt0_st0.0072,-11.8041,3001
d03b3614f1c49ff6b9fbf5832ee9770f,3I06,igb2_di2_salt0.15_st0,-14.3926,3001
d03b3614f1c49ff6b9fbf5832ee9770f,3I06,igb2_di2_salt0.15_st0.0072,-17.1089,3001
d03b3614f1c49ff6b9fbf5832ee9770f,3I06,igb2_di2_salt0_st0,-14.4021,3001
d03b3614f1c49ff6b9fbf5832ee9770f,3I06,igb2_di2_salt0_st0.0072,-17.1185,3001
d03b3614f1c49ff6b9fbf5832ee9770f,3I06,igb2_di4_salt0.15_st0,-17.0497,3001
d03b3614f1c49ff6b9fbf5832ee9770f,3I06,igb2_di4_salt0.15_st0.0072,-19.7661,3001
d03b3614f1c49ff6b9fbf5832ee9770f,3I06,igb2_di4_salt0_st0,-17.0592,3001
d03b3614f1c49ff6b9fbf5832ee9770f,3I06,igb2_di4_salt0_st0.0072,-19.7757,3001
d03b3614f1c49ff6b9fbf5832ee9770f,3I06,igb5_di1_salt0.15_st0,-9.5579,3001
d03b3614f1c49ff6b9fbf5832ee9770f,3I06,igb5_di1_salt0.15_st0.0072,-12.2743,3001
d03b3614f1c49ff6b9fbf5832ee9770f,3I06,igb5_di1_salt0_st0,-9.5676,3001
d03b3614f1c49ff6b9fbf5832ee9770f,3I06,igb5_di1_salt0_st0.0072,-12.2839,3001
d03b3614f1c49ff6b9fbf5832ee9770f,3I06,igb5_di2_salt0.15_st0,-14.6291,3001
d03b3614f1c49ff6b9fbf5832ee9770f,3I06,igb5_di2_salt0.15_st0.0072,-17.3456,3001
d03b3614f1c49ff6b9fbf5832ee9770f,3I06,igb5_di2_salt0_st0,-14.6388,3001
d03b3614f1c49ff6b9fbf5832ee9770f,3I06,igb5_di2_salt0_st0.0072,-17.3552,3001
d03b3614f1c49ff6b9fbf5832ee9770f,3I06,igb5_di4_salt0.15_st0,-17.1649,3001
d03b3614f1c49ff6b9fbf5832ee9770f,3I06,igb5_di4_salt0.15_st0.0072,-19.8813,3001
d03b3614f1c49ff6b9fbf5832ee9770f,3I06,igb5_di4_salt0_st0,-17.1746,3001
d03b3614f1c49ff6b9fbf5832ee9770f,3I06,igb5_di4_salt0_st0.0072,-19.891,3001
d03b3614f1c49ff6b9fbf5832ee9770f,3I06,igb8_di1_salt0.15_st0,-8.6783,3001
d03b3614f1c49ff6b9fbf5832ee9770f,3I06,igb8_di1_salt0.15_st0.0072,-11.3946,3001
d03b3614f1c49ff6b9fbf5832ee9770f,3I06,igb8_di1_salt0_st0,-8.7007,3001
d03b3614f1c49ff6b9fbf5832ee9770f,3I06,igb8_di1_salt0_st0.0072,-11.4172,3001
d03b3614f1c49ff6b9fbf5832ee9770f,3I06,igb8_di2_salt0.15_st0,-14.1885,3001
d03b3614f1c49ff6b9fbf5832ee9770f,3I06,igb8_di2_salt0.15_st0.0072,-16.905,3001
d03b3614f1c49ff6b9fbf5832ee9770f,3I06,igb8_di2_salt0_st0,-14.211,3001
d03b3614f1c49ff6b9fbf5832ee9770f,3I06,igb8_di2_salt0_st0.0072,-16.9275,3001
d03b3614f1c49ff6b9fbf5832ee9770f,3I06,igb8_di4_salt0.15_st0,-16.9438,3001
d03b3614f1c49ff6b9fbf5832ee9770f,3I06,igb8_di4_salt0.15_st0.0072,-19.6602,3001
d03b3614f1c49ff6b9fbf5832ee9770f,3I06,igb8_di4_salt0_st0,-16.9663,3001
d03b3614f1c49ff6b9fbf5832ee9770f,3I06,igb8_di4_salt0_st0.0072,-19.6826,3001
d14a66e8dd811490ccafaf75afa970de,4QB3,igb1_di1_salt0.15_st0,-22.0176,3001
d14a66e8dd811490ccafaf75afa970de,4QB3,igb1_di1_salt0.15_st0.0072,-25.5291,3001
d14a66e8dd811490ccafaf75afa970de,4QB3,igb1_di1_salt0_st0,-22.0216,3001
d14a66e8dd811490ccafaf75afa970de,4QB3,igb1_di1_salt0_st0.0072,-25.5329,3001
d14a66e8dd811490ccafaf75afa970de,4QB3,igb1_di2_salt0.15_st0,-25.5307,3001
d14a66e8dd811490ccafaf75afa970de,4QB3,igb1_di2_salt0.15_st0.0072,-29.0421,3001
d14a66e8dd811490ccafaf75afa970de,4QB3,igb1_di2_salt0_st0,-25.5346,3001
d14a66e8dd811490ccafaf75afa970de,4QB3,igb1_di2_salt0_st0.0072,-29.046,3001
d14a66e8dd811490ccafaf75afa970de,4QB3,igb1_di4_salt0.15_st0,-27.2872,3001
d14a66e8dd811490ccafaf75afa970de,4QB3,igb1_di4_salt0.15_st0.0072,-30.7987,3001
d14a66e8dd811490ccafaf75afa970de,4QB3,igb1_di4_salt0_st0,-27.291,3001
d14a66e8dd811490ccafaf75afa970de,4QB3,igb1_di4_salt0_st0.0072,-30.8024,3001
d14a66e8dd811490ccafaf75afa970de,4QB3,igb2_di1_salt0.15_st0,-19.3832,3001
d14a66e8dd811490ccafaf75afa970de,4QB3,igb2_di1_salt0.15_st0.0072,-22.8946,3001
d14a66e8dd811490ccafaf75afa970de,4QB3,igb2_di1_salt0_st0,-19.3864,3001
d14a66e8dd811490ccafaf75afa970de,4QB3,igb2_di1_salt0_st0.0072,-22.8979,3001
d14a66e8dd811490ccafaf75afa970de,4QB3,igb2_di2_salt0.15_st0,-24.2308,3001
d14a66e8dd811490ccafaf75afa970de,4QB3,igb2_di2_salt0.15_st0.0072,-27.7422,3001
d14a66e8dd811490ccafaf75afa970de,4QB3,igb2_di2_salt0_st0,-24.234,3001
d14a66e8dd811490ccafaf75afa970de,4QB3,igb2_di2_salt0_st0.0072,-27.7455,3001
d14a66e8dd811490ccafaf75afa970de,4QB3,igb2_di4_salt0.15_st0,-26.6545,3001
d14a66e8dd811490ccafaf75afa970de,4QB3,igb2_di4_salt0.15_st0.0072,-30.1659,3001
d14a66e8dd811490ccafaf75afa970de,4QB3,igb2_di4_salt0_st0,-26.6578,3001
d14a66e8dd811490ccafaf75afa970de,4QB3,igb2_di4_salt0_st0.0072,-30.1693,3001
d14a66e8dd811490ccafaf75afa970de,4QB3,igb5_di1_salt0.15_st0,-20.2411,3001
d14a66e8dd811490ccafaf75afa970de,4QB3,igb5_di1_salt0.15_st0.0072,-23.7525,3001
d14a66e8dd811490ccafaf75afa970de,4QB3,igb5_di1_salt0_st0,-20.2434,3001
d14a66e8dd811490ccafaf75afa970de,4QB3,igb5_di1_salt0_st0.0072,-23.7548,3001
d14a66e8dd811490ccafaf75afa970de,4QB3,igb5_di2_salt0.15_st0,-24.6547,3001
d14a66e8dd811490ccafaf75afa970de,4QB3,igb5_di2_salt0.15_st0.0072,-28.1661,3001
d14a66e8dd811490ccafaf75afa970de,4QB3,igb5_di2_salt0_st0,-24.6569,3001
d14a66e8dd811490ccafaf75afa970de,4QB3,igb5_di2_salt0_st0.0072,-28.1684,3001
d14a66e8dd811490ccafaf75afa970de,4QB3,igb5_di4_salt0.15_st0,-26.8615,3001
d14a66e8dd811490ccafaf75afa970de,4QB3,igb5_di4_salt0.15_st0.0072,-30.3729,3001
d14a66e8dd811490ccafaf75afa970de,4QB3,igb5_di4_salt0_st0,-26.8637,3001
d14a66e8dd811490ccafaf75afa970de,4QB3,igb5_di4_salt0_st0.0072,-30.3752,3001
d14a66e8dd811490ccafaf75afa970de,4QB3,igb8_di1_salt0.15_st0,-18.3301,3001
d14a66e8dd811490ccafaf75afa970de,4QB3,igb8_di1_salt0.15_st0.0072,-21.8416,3001
d14a66e8dd811490ccafaf75afa970de,4QB3,igb8_di1_salt0_st0,-18.336,3001
d14a66e8dd811490ccafaf75afa970de,4QB3,igb8_di1_salt0_st0.0072,-21.8475,3001
d14a66e8dd811490ccafaf75afa970de,4QB3,igb8_di2_salt0.15_st0,-23.7097,3001
d14a66e8dd811490ccafaf75afa970de,4QB3,igb8_di2_salt0.15_st0.0072,-27.2211,3001
d14a66e8dd811490ccafaf75afa970de,4QB3,igb8_di2_salt0_st0,-23.7155,3001
d14a66e8dd811490ccafaf75afa970de,4QB3,igb8_di2_salt0_st0.0072,-27.227,3001
d14a66e8dd811490ccafaf75afa970de,4QB3,igb8_di4_salt0.15_st0,-26.3995,3001
d14a66e8dd811490ccafaf75afa970de,4QB3,igb8_di4_salt0.15_st0.0072,-29.9109,3001
d14a66e8dd811490ccafaf75afa970de,4QB3,igb8_di4_salt0_st0,-26.4053,3001
d14a66e8dd811490ccafaf75afa970de,4QB3,igb8_di4_salt0_st0.0072,-29.9167,3001
d53bf0815e07a7eed23cd2bbc64997ea,5HU9,igb1_di1_salt0.15_st0,-20.1122,3001
d53bf0815e07a7eed23cd2bbc64997ea,5HU9,igb1_di1_salt0.15_st0.0072,-24.2019,3001
d53bf0815e07a7eed23cd2bbc64997ea,5HU9,igb1_di1_salt0_st0,-20.1177,3001
d53bf0815e07a7eed23cd2bbc64997ea,5HU9,igb1_di1_salt0_st0.0072,-24.2074,3001
d53bf0815e07a7eed23cd2bbc64997ea,5HU9,igb1_di2_salt0.15_st0,-25.4214,3001
d53bf0815e07a7eed23cd2bbc64997ea,5HU9,igb1_di2_salt0.15_st0.0072,-29.5112,3001
d53bf0815e07a7eed23cd2bbc64997ea,5HU9,igb1_di2_salt0_st0,-25.427,3001
d53bf0815e07a7eed23cd2bbc64997ea,5HU9,igb1_di2_salt0_st0.0072,-29.5166,3001
d53bf0815e07a7eed23cd2bbc64997ea,5HU9,igb1_di4_salt0.15_st0,-28.0762,3001
d53bf0815e07a7eed23cd2bbc64997ea,5HU9,igb1_di4_salt0.15_st0.0072,-32.1658,3001
d53bf0815e07a7eed23cd2bbc64997ea,5HU9,igb1_di4_salt0_st0,-28.0817,3001
d53bf0815e07a7eed23cd2bbc64997ea,5HU9,igb1_di4_salt0_st0.0072,-32.1714,3001
d53bf0815e07a7eed23cd2bbc64997ea,5HU9,igb2_di1_salt0.15_st0,-16.5461,3001
d53bf0815e07a7eed23cd2bbc64997ea,5HU9,igb2_di1_salt0.15_st0.0072,-20.6358,3001
d53bf0815e07a7eed23cd2bbc64997ea,5HU9,igb2_di1_salt0_st0,-16.5512,3001
d53bf0815e07a7eed23cd2bbc64997ea,5HU9,igb2_di1_salt0_st0.0072,-20.6409,3001
d53bf0815e07a7eed23cd2bbc64997ea,5HU9,igb2_di2_salt0.15_st0,-23.6615,3001
d53bf0815e07a7eed23cd2bbc64997ea,5HU9,igb2_di2_salt0.15_st0.0072,-27.7513,3001
d53bf0815e07a7eed23cd2bbc64997ea,5HU9,igb2_di2_salt0_st0,-23.6668,3001
d53bf0815e07a7eed23cd2bbc64997ea,5HU9,igb2_di2_salt0_st0.0072,-27.7566,3001
d53bf0815e07a7eed23cd2bbc64997ea,5HU9,igb2_di4_salt0.15_st0,-27.2193,3001
d53bf0815e07a7eed23cd2bbc64997ea,5HU9,igb2_di4_salt0.15_st0.0072,-31.309,3001
d53bf0815e07a7eed23cd2bbc64997ea,5HU9,igb2_di4_salt0_st0,-27.2244,3001
d53bf0815e07a7eed23cd2bbc64997ea,5HU9,igb2_di4_salt0_st0.0072,-31.3142,3001
d53bf0815e07a7eed23cd2bbc64997ea,5HU9,igb5_di1_salt0.15_st0,-17.0053,3001
d53bf0815e07a7eed23cd2bbc64997ea,5HU9,igb5_di1_salt0.15_st0.0072,-21.095,3001
d53bf0815e07a7eed23cd2bbc64997ea,5HU9,igb5_di1_salt0_st0,-17.0114,3001
d53bf0815e07a7eed23cd2bbc64997ea,5HU9,igb5_di1_salt0_st0.0072,-21.1009,3001
d53bf0815e07a7eed23cd2bbc64997ea,5HU9,igb5_di2_salt0.15_st0,-23.8879,3001
d53bf0815e07a7eed23cd2bbc64997ea,5HU9,igb5_di2_salt0.15_st0.0072,-27.9774,3001
d53bf0815e07a7eed23cd2bbc64997ea,5HU9,igb5_di2_salt0_st0,-23.8938,3001
d53bf0815e07a7eed23cd2bbc64997ea,5HU9,igb5_di2_salt0_st0.0072,-27.9834,3001
d53bf0815e07a7eed23cd2bbc64997ea,5HU9,igb5_di4_salt0.15_st0,-27.3293,3001
d53bf0815e07a7eed23cd2bbc64997ea,5HU9,igb5_di4_salt0.15_st0.0072,-31.4188,3001
d53bf0815e07a7eed23cd2bbc64997ea,5HU9,igb5_di4_salt0_st0,-27.335,3001
d53bf0815e07a7eed23cd2bbc64997ea,5HU9,igb5_di4_salt0_st0.0072,-31.4248,3001
d53bf0815e07a7eed23cd2bbc64997ea,5HU9,igb8_di1_salt0.15_st0,-15.3723,3001
d53bf0815e07a7eed23cd2bbc64997ea,5HU9,igb8_di1_salt0.15_st0.0072,-19.462,3001
d53bf0815e07a7eed23cd2bbc64997ea,5HU9,igb8_di1_salt0_st0,-15.3776,3001
d53bf0815e07a7eed23cd2bbc64997ea,5HU9,igb8_di1_salt0_st0.0072,-19.4673,3001
d53bf0815e07a7eed23cd2bbc64997ea,5HU9,igb8_di2_salt0.15_st0,-23.0823,3001
d53bf0815e07a7eed23cd2bbc64997ea,5HU9,igb8_di2_salt0.15_st0.0072,-27.1719,3001
d53bf0815e07a7eed23cd2bbc64997ea,5HU9,igb8_di2_salt0_st0,-23.0875,3001
d53bf0815e07a7eed23cd2bbc64997ea,5HU9,igb8_di2_salt0_st0.0072,-27.1772,3001
d53bf0815e07a7eed23cd2bbc64997ea,5HU9,igb8_di4_salt0.15_st0,-26.9373,3001
d53bf0815e07a7eed23cd2bbc64997ea,5HU9,igb8_di4_salt0.15_st0.0072,-31.0269,3001
d53bf0815e07a7eed23cd2bbc64997ea,5HU9,igb8_di4_salt0_st0,-26.9425,3001
d53bf0815e07a7eed23cd2bbc64997ea,5HU9,igb8_di4_salt0_st0.0072,-31.0321,3001
d60363c0fec1c05a155d848f9a232a3e,2XU3,igb1_di1_salt0.15_st0,-15.7133,3001
d60363c0fec1c05a155d848f9a232a3e,2XU3,igb1_di1_salt0.15_st0.0072,-18.679,3001
d60363c0fec1c05a155d848f9a232a3e,2XU3,igb1_di1_salt0_st0,-15.7383,3001
d60363c0fec1c05a155d848f9a232a3e,2XU3,igb1_di1_salt0_st0.0072,-18.704,3001
d60363c0fec1c05a155d848f9a232a3e,2XU3,igb1_di2_salt0.15_st0,-19.5849,3001
d60363c0fec1c05a155d848f9a232a3e,2XU3,igb1_di2_salt0.15_st0.0072,-22.5506,3001
d60363c0fec1c05a155d848f9a232a3e,2XU3,igb1_di2_salt0_st0,-19.61,3001
d60363c0fec1c05a155d848f9a232a3e,2XU3,igb1_di2_salt0_st0.0072,-22.5756,3001
d60363c0fec1c05a155d848f9a232a3e,2XU3,igb1_di4_salt0.15_st0,-21.5208,3001
d60363c0fec1c05a155d848f9a232a3e,2XU3,igb1_di4_salt0.15_st0.0072,-24.4864,3001
d60363c0fec1c05a155d848f9a232a3e,2XU3,igb1_di4_salt0_st0,-21.5459,3001
d60363c0fec1c05a155d848f9a232a3e,2XU3,igb1_di4_salt0_st0.0072,-24.5114,3001
d60363c0fec1c05a155d848f9a232a3e,2XU3,igb2_di1_salt0.15_st0,-13.824,3001
d60363c0fec1c05a155d848f9a232a3e,2XU3,igb2_di1_salt0.15_st0.0072,-16.7896,3001
d60363c0fec1c05a155d848f9a232a3e,2XU3,igb2_di1_salt0_st0,-13.8491,3001
d60363c0fec1c05a155d848f9a232a3e,2XU3,igb2_di1_salt0_st0.0072,-16.8147,3001
d60363c0fec1c05a155d848f9a232a3e,2XU3,igb2_di2_salt0.15_st0,-18.6524,3001
d60363c0fec1c05a155d848f9a232a3e,2XU3,igb2_di2_salt0.15_st0.0072,-21.6181,3001
d60363c0fec1c05a155d848f9a232a3e,2XU3,igb2_di2_salt0_st0,-18.6776,3001
d60363c0fec1c05a155d848f9a232a3e,2XU3,igb2_di2_salt0_st0.0072,-21.6432,3001
d60363c0fec1c05a155d848f9a232a3e,2XU3,igb2_di4_salt0.15_st0,-21.0667,3001
d60363c0fec1c05a155d848f9a232a3e,2XU3,igb2_di4_salt0.15_st0.0072,-24.0324,3001
d60363c0fec1c05a155d848f9a232a3e,2XU3,igb2_di4_salt0_st0,-21.0918,3001
d60363c0fec1c05a155d848f9a232a3e,2XU3,igb2_di4_salt0_st0.0072,-24.0573,3001
d60363c0fec1c05a155d848f9a232a3e,2XU3,igb5_di1_salt0.15_st0,-14.379,3001
d60363c0fec1c05a155d848f9a232a3e,2XU3,igb5_di1_salt0.15_st0.0072,-17.3446,3001
d60363c0fec1c05a155d848f9a232a3e,2XU3,igb5_di1_salt0_st0,-14.4042,3001
d60363c0fec1c05a155d848f9a232a3e,2XU3,igb5_di1_salt0_st0.0072,-17.3699,3001
d60363c0fec1c05a155d848f9a232a3e,2XU3,igb5_di2_salt0.15_st0,-18.9262,3001
d60363c0fec1c05a155d848f9a232a3e,2XU3,igb5_di2_salt0.15_st0.0072,-21.8918,3001
d60363c0fec1c05a155d848f9a232a3e,2XU3,igb5_di2_salt0_st0,-18.9515,3001
d60363c0fec1c05a155d848f9a232a3e,2XU3,igb5_di2_salt0_st0.0072,-21.9171,3001
d60363c0fec1c05a155d848f9a232a3e,2XU3,igb5_di4_salt0.15_st0,-21.1998,3001
d60363c0fec1c05a155d848f9a232a3e,2XU3,igb5_di4_salt0.15_st0.0072,-24.1656,3001
d60363c0fec1c05a155d848f9a232a3e,2XU3,igb5_di4_salt0_st0,-21.2251,3001
d60363c0fec1c05a155d848f9a232a3e,2XU3,igb5_di4_salt0_st0.0072,-24.1907,3001
d60363c0fec1c05a155d848f9a232a3e,2XU3,igb8_di1_salt0.15_st0,-14.0486,3001
d60363c0fec1c05a155d848f9a232a3e,2XU3,igb8_di1_salt0.15_st0.0072,-17.0142,3001
d60363c0fec1c05a155d848f9a232a3e,2XU3,igb8_di1_salt0_st0,-14.0729,3001
d60363c0fec1c05a155d848f9a232a3e,2XU3,igb8_di1_salt0_st0.0072,-17.0387,3001
d60363c0fec1c05a155d848f9a232a3e,2XU3,igb8_di2_salt0.15_st0,-18.7635,3001
d60363c0fec1c05a155d848f9a232a3e,2XU3,igb8_di2_salt0.15_st0.0072,-21.7292,3001
d60363c0fec1c05a155d848f9a232a3e,2XU3,igb8_di2_salt0_st0,-18.788,3001
d60363c0fec1c05a155d848f9a232a3e,2XU3,igb8_di2_salt0_st0.0072,-21.7537,3001
d60363c0fec1c05a155d848f9a232a3e,2XU3,igb8_di4_salt0.15_st0,-21.1212,3001
d60363c0fec1c05a155d848f9a232a3e,2XU3,igb8_di4_salt0.15_st0.0072,-24.0867,3001
d60363c0fec1c05a155d848f9a232a3e,2XU3,igb8_di4_salt0_st0,-21.1455,3001
d60363c0fec1c05a155d848f9a232a3e,2XU3,igb8_di4_salt0_st0.0072,-24.1112,3001
d8a2b383fc51f79cc2469b166af9122c,9D9I,igb1_di1_salt0.15_st0,-27.709,3001
d8a2b383fc51f79cc2469b166af9122c,9D9I,igb1_di1_salt0.15_st0.0072,-32.6847,3001
d8a2b383fc51f79cc2469b166af9122c,9D9I,igb1_di1_salt0_st0,-27.7077,3001
d8a2b383fc51f79cc2469b166af9122c,9D9I,igb1_di1_salt0_st0.0072,-32.6835,3001
d8a2b383fc51f79cc2469b166af9122c,9D9I,igb1_di2_salt0.15_st0,-31.8959,3001
d8a2b383fc51f79cc2469b166af9122c,9D9I,igb1_di2_salt0.15_st0.0072,-36.8716,3001
d8a2b383fc51f79cc2469b166af9122c,9D9I,igb1_di2_salt0_st0,-31.8946,3001
d8a2b383fc51f79cc2469b166af9122c,9D9I,igb1_di2_salt0_st0.0072,-36.8704,3001
d8a2b383fc51f79cc2469b166af9122c,9D9I,igb1_di4_salt0.15_st0,-33.9893,3001
d8a2b383fc51f79cc2469b166af9122c,9D9I,igb1_di4_salt0.15_st0.0072,-38.965,3001
d8a2b383fc51f79cc2469b166af9122c,9D9I,igb1_di4_salt0_st0,-33.988,3001
d8a2b383fc51f79cc2469b166af9122c,9D9I,igb1_di4_salt0_st0.0072,-38.9637,3001
d8a2b383fc51f79cc2469b166af9122c,9D9I,igb2_di1_salt0.15_st0,-22.5089,3001
d8a2b383fc51f79cc2469b166af9122c,9D9I,igb2_di1_salt0.15_st0.0072,-27.4846,3001
d8a2b383fc51f79cc2469b166af9122c,9D9I,igb2_di1_salt0_st0,-22.5072,3001
d8a2b383fc51f79cc2469b166af9122c,9D9I,igb2_di1_salt0_st0.0072,-27.4828,3001
d8a2b383fc51f79cc2469b166af9122c,9D9I,igb2_di2_salt0.15_st0,-29.3296,3001
d8a2b383fc51f79cc2469b166af9122c,9D9I,igb2_di2_salt0.15_st0.0072,-34.3054,3001
d8a2b383fc51f79cc2469b166af9122c,9D9I,igb2_di2_salt0_st0,-29.3279,3001
d8a2b383fc51f79cc2469b166af9122c,9D9I,igb2_di2_salt0_st0.0072,-34.3036,3001
d8a2b383fc51f79cc2469b166af9122c,9D9I,igb2_di4_salt0.15_st0,-32.74,3001
d8a2b383fc51f79cc2469b166af9122c,9D9I,igb2_di4_salt0.15_st0.0072,-37.7155,3001
d8a2b383fc51f79cc2469b166af9122c,9D9I,igb2_di4_salt0_st0,-32.7382,3001
d8a2b383fc51f79cc2469b166af9122c,9D9I,igb2_di4_salt0_st0.0072,-37.7139,3001
d8a2b383fc51f79cc2469b166af9122c,9D9I,igb5_di1_salt0.15_st0,-24.0942,3001
d8a2b383fc51f79cc2469b166af9122c,9D9I,igb5_di1_salt0.15_st0.0072,-29.0699,3001
d8a2b383fc51f79cc2469b166af9122c,9D9I,igb5_di1_salt0_st0,-24.0933,3001
d8a2b383fc51f79cc2469b166af9122c,9D9I,igb5_di1_salt0_st0.0072,-29.0691,3001
d8a2b383fc51f79cc2469b166af9122c,9D9I,igb5_di2_salt0.15_st0,-30.1115,3001
d8a2b383fc51f79cc2469b166af9122c,9D9I,igb5_di2_salt0.15_st0.0072,-35.0872,3001
d8a2b383fc51f79cc2469b166af9122c,9D9I,igb5_di2_salt0_st0,-30.1107,3001
d8a2b383fc51f79cc2469b166af9122c,9D9I,igb5_di2_salt0_st0.0072,-35.0864,3001
d8a2b383fc51f79cc2469b166af9122c,9D9I,igb5_di4_salt0.15_st0,-33.1202,3001
d8a2b383fc51f79cc2469b166af9122c,9D9I,igb5_di4_salt0.15_st0.0072,-38.096,3001
d8a2b383fc51f79cc2469b166af9122c,9D9I,igb5_di4_salt0_st0,-33.1194,3001
d8a2b383fc51f79cc2469b166af9122c,9D9I,igb5_di4_salt0_st0.0072,-38.0951,3001
d8a2b383fc51f79cc2469b166af9122c,9D9I,igb8_di1_salt0.15_st0,-18.6085,3001
d8a2b383fc51f79cc2469b166af9122c,9D9I,igb8_di1_salt0.15_st0.0072,-23.584,3001
d8a2b383fc51f79cc2469b166af9122c,9D9I,igb8_di1_salt0_st0,-18.6094,3001
d8a2b383fc51f79cc2469b166af9122c,9D9I,igb8_di1_salt0_st0.0072,-23.5851,3001
d8a2b383fc51f79cc2469b166af9122c,9D9I,igb8_di2_salt0.15_st0,-27.4031,3001
d8a2b383fc51f79cc2469b166af9122c,9D9I,igb8_di2_salt0.15_st0.0072,-32.3788,3001
d8a2b383fc51f79cc2469b166af9122c,9D9I,igb8_di2_salt0_st0,-27.4041,3001
d8a2b383fc51f79cc2469b166af9122c,9D9I,igb8_di2_salt0_st0.0072,-32.3798,3001
d8a2b383fc51f79cc2469b166af9122c,9D9I,igb8_di4_salt0.15_st0,-31.8005,3001
d8a2b383fc51f79cc2469b166af9122c,9D9I,igb8_di4_salt0.15_st0.0072,-36.7762,3001
d8a2b383fc51f79cc2469b166af9122c,9D9I,igb8_di4_salt0_st0,-31.8015,3001
d8a2b383fc51f79cc2469b166af9122c,9D9I,igb8_di4_salt0_st0.0072,-36.7771,3001
d9a52d46c0ccf0c1913e0eebbacfc330,9SI4,igb1_di1_salt0.15_st0,-10.1025,3001
d9a52d46c0ccf0c1913e0eebbacfc330,9SI4,igb1_di1_salt0.15_st0.0072,-12.2472,3001
d9a52d46c0ccf0c1913e0eebbacfc330,9SI4,igb1_di1_salt0_st0,-10.118,3001
d9a52d46c0ccf0c1913e0eebbacfc330,9SI4,igb1_di1_salt0_st0.0072,-12.2626,3001
d9a52d46c0ccf0c1913e0eebbacfc330,9SI4,igb1_di2_salt0.15_st0,-12.7897,3001
d9a52d46c0ccf0c1913e0eebbacfc330,9SI4,igb1_di2_salt0.15_st0.0072,-14.9345,3001
d9a52d46c0ccf0c1913e0eebbacfc330,9SI4,igb1_di2_salt0_st0,-12.8052,3001
d9a52d46c0ccf0c1913e0eebbacfc330,9SI4,igb1_di2_salt0_st0.0072,-14.95,3001
d9a52d46c0ccf0c1913e0eebbacfc330,9SI4,igb1_di4_salt0.15_st0,-14.1333,3001
d9a52d46c0ccf0c1913e0eebbacfc330,9SI4,igb1_di4_salt0.15_st0.0072,-16.2781,3001
d9a52d46c0ccf0c1913e0eebbacfc330,9SI4,igb1_di4_salt0_st0,-14.1488,3001
d9a52d46c0ccf0c1913e0eebbacfc330,9SI4,igb1_di4_salt0_st0.0072,-16.2934,3001
d9a52d46c0ccf0c1913e0eebbacfc330,9SI4,igb2_di1_salt0.15_st0,-7.7227,3001
d9a52d46c0ccf0c1913e0eebbacfc330,9SI4,igb2_di1_salt0.15_st0.0072,-9.8674,3001
d9a52d46c0ccf0c1913e0eebbacfc330,9SI4,igb2_di1_salt0_st0,-7.739,3001
d9a52d46c0ccf0c1913e0eebbacfc330,9SI4,igb2_di1_salt0_st0.0072,-9.8838,3001
d9a52d46c0ccf0c1913e0eebbacfc330,9SI4,igb2_di2_salt0.15_st0,-11.6147,3001
d9a52d46c0ccf0c1913e0eebbacfc330,9SI4,igb2_di2_salt0.15_st0.0072,-13.7594,3001
d9a52d46c0ccf0c1913e0eebbacfc330,9SI4,igb2_di2_salt0_st0,-11.631,3001
d9a52d46c0ccf0c1913e0eebbacfc330,9SI4,igb2_di2_salt0_st0.0072,-13.7758,3001
d9a52d46c0ccf0c1913e0eebbacfc330,9SI4,igb2_di4_salt0.15_st0,-13.5606,3001
d9a52d46c0ccf0c1913e0eebbacfc330,9SI4,igb2_di4_salt0.15_st0.0072,-15.7055,3001
d9a52d46c0ccf0c1913e0eebbacfc330,9SI4,igb2_di4_salt0_st0,-13.577,3001
d9a52d46c0ccf0c1913e0eebbacfc330,9SI4,igb2_di4_salt0_st0.0072,-15.7217,3001
d9a52d46c0ccf0c1913e0eebbacfc330,9SI4,igb5_di1_salt0.15_st0,-7.5488,3001
d9a52d46c0ccf0c1913e0eebbacfc330,9SI4,igb5_di1_salt0.15_st0.0072,-9.6934,3001
d9a52d46c0ccf0c1913e0eebbacfc330,9SI4,igb5_di1_salt0_st0,-7.567,3001
d9a52d46c0ccf0c1913e0eebbacfc330,9SI4,igb5_di1_salt0_st0.0072,-9.7117,3001
d9a52d46c0ccf0c1913e0eebbacfc330,9SI4,igb5_di2_salt0.15_st0,-11.5278,3001
d9a52d46c0ccf0c1913e0eebbacfc330,9SI4,igb5_di2_salt0.15_st0.0072,-13.6726,3001
d9a52d46c0ccf0c1913e0eebbacfc330,9SI4,igb5_di2_salt0_st0,-11.5461,3001
d9a52d46c0ccf0c1913e0eebbacfc330,9SI4,igb5_di2_salt0_st0.0072,-13.6908,3001
d9a52d46c0ccf0c1913e0eebbacfc330,9SI4,igb5_di4_salt0.15_st0,-13.5174,3001
d9a52d46c0ccf0c1913e0eebbacfc330,9SI4,igb5_di4_salt0.15_st0.0072,-15.6622,3001
d9a52d46c0ccf0c1913e0eebbacfc330,9SI4,igb5_di4_salt0_st0,-13.5356,3001
d9a52d46c0ccf0c1913e0eebbacfc330,9SI4,igb5_di4_salt0_st0.0072,-15.6803,3001
d9a52d46c0ccf0c1913e0eebbacfc330,9SI4,igb8_di1_salt0.15_st0,-7.2119,3001
d9a52d46c0ccf0c1913e0eebbacfc330,9SI4,igb8_di1_salt0.15_st0.0072,-9.3567,3001
d9a52d46c0ccf0c1913e0eebbacfc330,9SI4,igb8_di1_salt0_st0,-7.2276,3001
d9a52d46c0ccf0c1913e0eebbacfc330,9SI4,igb8_di1_salt0_st0.0072,-9.3723,3001
d9a52d46c0ccf0c1913e0eebbacfc330,9SI4,igb8_di2_salt0.15_st0,-11.3631,3001
d9a52d46c0ccf0c1913e0eebbacfc330,9SI4,igb8_di2_salt0.15_st0.0072,-13.5078,3001
d9a52d46c0ccf0c1913e0eebbacfc330,9SI4,igb8_di2_salt0_st0,-11.3786,3001
d9a52d46c0ccf0c1913e0eebbacfc330,9SI4,igb8_di2_salt0_st0.0072,-13.5233,3001
d9a52d46c0ccf0c1913e0eebbacfc330,9SI4,igb8_di4_salt0.15_st0,-13.4386,3001
d9a52d46c0ccf0c1913e0eebbacfc330,9SI4,igb8_di4_salt0.15_st0.0072,-15.5833,3001
d9a52d46c0ccf0c1913e0eebbacfc330,9SI4,igb8_di4_salt0_st0,-13.4541,3001
d9a52d46c0ccf0c1913e0eebbacfc330,9SI4,igb8_di4_salt0_st0.0072,-15.5988,3001
db2ffa37256932f6732629ec5f2a035f,8ELC,igb1_di1_salt0.15_st0,-21.3446,3001
db2ffa37256932f6732629ec5f2a035f,8ELC,igb1_di1_salt0.15_st0.0072,-25.1663,3001
db2ffa37256932f6732629ec5f2a035f,8ELC,igb1_di1_salt0_st0,-21.3559,3001
db2ffa37256932f6732629ec5f2a035f,8ELC,igb1_di1_salt0_st0.0072,-25.1778,3001
db2ffa37256932f6732629ec5f2a035f,8ELC,igb1_di2_salt0.15_st0,-25.3783,3001
db2ffa37256932f6732629ec5f2a035f,8ELC,igb1_di2_salt0.15_st0.0072,-29.2002,3001
db2ffa37256932f6732629ec5f2a035f,8ELC,igb1_di2_salt0_st0,-25.3898,3001
db2ffa37256932f6732629ec5f2a035f,8ELC,igb1_di2_salt0_st0.0072,-29.2115,3001
db2ffa37256932f6732629ec5f2a035f,8ELC,igb1_di4_salt0.15_st0,-27.3953,3001
db2ffa37256932f6732629ec5f2a035f,8ELC,igb1_di4_salt0.15_st0.0072,-31.2171,3001
db2ffa37256932f6732629ec5f2a035f,8ELC,igb1_di4_salt0_st0,-27.4065,3001
db2ffa37256932f6732629ec5f2a035f,8ELC,igb1_di4_salt0_st0.0072,-31.2284,3001
db2ffa37256932f6732629ec5f2a035f,8ELC,igb2_di1_salt0.15_st0,-18.7635,3001
db2ffa37256932f6732629ec5f2a035f,8ELC,igb2_di1_salt0.15_st0.0072,-22.5853,3001
db2ffa37256932f6732629ec5f2a035f,8ELC,igb2_di1_salt0_st0,-18.7728,3001
db2ffa37256932f6732629ec5f2a035f,8ELC,igb2_di1_salt0_st0.0072,-22.5947,3001
db2ffa37256932f6732629ec5f2a035f,8ELC,igb2_di2_salt0.15_st0,-24.1054,3001
db2ffa37256932f6732629ec5f2a035f,8ELC,igb2_di2_salt0.15_st0.0072,-27.9273,3001
db2ffa37256932f6732629ec5f2a035f,8ELC,igb2_di2_salt0_st0,-24.1148,3001
db2ffa37256932f6732629ec5f2a035f,8ELC,igb2_di2_salt0_st0.0072,-27.9366,3001
db2ffa37256932f6732629ec5f2a035f,8ELC,igb2_di4_salt0.15_st0,-26.7763,3001
db2ffa37256932f6732629ec5f2a035f,8ELC,igb2_di4_salt0.15_st0.0072,-30.5983,3001
db2ffa37256932f6732629ec5f2a035f,8ELC,igb2_di4_salt0_st0,-26.7858,3001
db2ffa37256932f6732629ec5f2a035f,8ELC,igb2_di4_salt0_st0.0072,-30.6075,3001
db2ffa37256932f6732629ec5f2a035f,8ELC,igb5_di1_salt0.15_st0,-20.5575,3001
db2ffa37256932f6732629ec5f2a035f,8ELC,igb5_di1_salt0.15_st0.0072,-24.3793,3001
db2ffa37256932f6732629ec5f2a035f,8ELC,igb5_di1_salt0_st0,-20.5657,3001
db2ffa37256932f6732629ec5f2a035f,8ELC,igb5_di1_salt0_st0.0072,-24.3876,3001
db2ffa37256932f6732629ec5f2a035f,8ELC,igb5_di2_salt0.15_st0,-24.9915,3001
db2ffa37256932f6732629ec5f2a035f,8ELC,igb5_di2_salt0.15_st0.0072,-28.8133,3001
db2ffa37256932f6732629ec5f2a035f,8ELC,igb5_di2_salt0_st0,-24.9997,3001
db2ffa37256932f6732629ec5f2a035f,8ELC,igb5_di2_salt0_st0.0072,-28.8215,3001
db2ffa37256932f6732629ec5f2a035f,8ELC,igb5_di4_salt0.15_st0,-27.2085,3001
db2ffa37256932f6732629ec5f2a035f,8ELC,igb5_di4_salt0.15_st0.0072,-31.0302,3001
db2ffa37256932f6732629ec5f2a035f,8ELC,igb5_di4_salt0_st0,-27.2167,3001
db2ffa37256932f6732629ec5f2a035f,8ELC,igb5_di4_salt0_st0.0072,-31.0384,3001
db2ffa37256932f6732629ec5f2a035f,8ELC,igb8_di1_salt0.15_st0,-15.2943,3001
db2ffa37256932f6732629ec5f2a035f,8ELC,igb8_di1_salt0.15_st0.0072,-19.1161,3001
db2ffa37256932f6732629ec5f2a035f,8ELC,igb8_di1_salt0_st0,-15.3065,3001
db2ffa37256932f6732629ec5f2a035f,8ELC,igb8_di1_salt0_st0.0072,-19.1284,3001
db2ffa37256932f6732629ec5f2a035f,8ELC,igb8_di2_salt0.15_st0,-22.3917,3001
db2ffa37256932f6732629ec5f2a035f,8ELC,igb8_di2_salt0.15_st0.0072,-26.2135,3001
db2ffa37256932f6732629ec5f2a035f,8ELC,igb8_di2_salt0_st0,-22.404,3001
db2ffa37256932f6732629ec5f2a035f,8ELC,igb8_di2_salt0_st0.0072,-26.2258,3001
db2ffa37256932f6732629ec5f2a035f,8ELC,igb8_di4_salt0.15_st0,-25.9404,3001
db2ffa37256932f6732629ec5f2a035f,8ELC,igb8_di4_salt0.15_st0.0072,-29.7623,3001
db2ffa37256932f6732629ec5f2a035f,8ELC,igb8_di4_salt0_st0,-25.9527,3001
db2ffa37256932f6732629ec5f2a035f,8ELC,igb8_di4_salt0_st0.0072,-29.7747,3001
dbc5bdf0c84f89a682be5ac536c00bd2,9SI4,igb1_di1_salt0.15_st0,-17.2425,3001
dbc5bdf0c84f89a682be5ac536c00bd2,9SI4,igb1_di1_salt0.15_st0.0072,-20.3665,3001
dbc5bdf0c84f89a682be5ac536c00bd2,9SI4,igb1_di1_salt0_st0,-17.2565,3001
dbc5bdf0c84f89a682be5ac536c00bd2,9SI4,igb1_di1_salt0_st0.0072,-20.3807,3001
dbc5bdf0c84f89a682be5ac536c00bd2,9SI4,igb1_di2_salt0.15_st0,-20.9613,3001
dbc5bdf0c84f89a682be5ac536c00bd2,9SI4,igb1_di2_salt0.15_st0.0072,-24.0854,3001
dbc5bdf0c84f89a682be5ac536c00bd2,9SI4,igb1_di2_salt0_st0,-20.9753,3001
dbc5bdf0c84f89a682be5ac536c00bd2,9SI4,igb1_di2_salt0_st0.0072,-24.0994,3001
dbc5bdf0c84f89a682be5ac536c00bd2,9SI4,igb1_di4_salt0.15_st0,-22.8208,3001
dbc5bdf0c84f89a682be5ac536c00bd2,9SI4,igb1_di4_salt0.15_st0.0072,-25.9449,3001
dbc5bdf0c84f89a682be5ac536c00bd2,9SI4,igb1_di4_salt0_st0,-22.8349,3001
dbc5bdf0c84f89a682be5ac536c00bd2,9SI4,igb1_di4_salt0_st0.0072,-25.9589,3001
dbc5bdf0c84f89a682be5ac536c00bd2,9SI4,igb2_di1_salt0.15_st0,-13.138,3001
dbc5bdf0c84f89a682be5ac536c00bd2,9SI4,igb2_di1_salt0.15_st0.0072,-16.2621,3001
dbc5bdf0c84f89a682be5ac536c00bd2,9SI4,igb2_di1_salt0_st0,-13.1545,3001
dbc5bdf0c84f89a682be5ac536c00bd2,9SI4,igb2_di1_salt0_st0.0072,-16.2785,3001
dbc5bdf0c84f89a682be5ac536c00bd2,9SI4,igb2_di2_salt0.15_st0,-18.9342,3001
dbc5bdf0c84f89a682be5ac536c00bd2,9SI4,igb2_di2_salt0.15_st0.0072,-22.0584,3001
dbc5bdf0c84f89a682be5ac536c00bd2,9SI4,igb2_di2_salt0_st0,-18.9508,3001
dbc5bdf0c84f89a682be5ac536c00bd2,9SI4,igb2_di2_salt0_st0.0072,-22.0749,3001
dbc5bdf0c84f89a682be5ac536c00bd2,9SI4,igb2_di4_salt0.15_st0,-21.8324,3001
dbc5bdf0c84f89a682be5ac536c00bd2,9SI4,igb2_di4_salt0.15_st0.0072,-24.9567,3001
dbc5bdf0c84f89a682be5ac536c00bd2,9SI4,igb2_di4_salt0_st0,-21.849,3001
dbc5bdf0c84f89a682be5ac536c00bd2,9SI4,igb2_di4_salt0_st0.0072,-24.973,3001
dbc5bdf0c84f89a682be5ac536c00bd2,9SI4,igb5_di1_salt0.15_st0,-12.6573,3001
dbc5bdf0c84f89a682be5ac536c00bd2,9SI4,igb5_di1_salt0.15_st0.0072,-15.7815,3001
dbc5bdf0c84f89a682be5ac536c00bd2,9SI4,igb5_di1_salt0_st0,-12.6788,3001
dbc5bdf0c84f89a682be5ac536c00bd2,9SI4,igb5_di1_salt0_st0.0072,-15.8028,3001
dbc5bdf0c84f89a682be5ac536c00bd2,9SI4,igb5_di2_salt0.15_st0,-18.6946,3001
dbc5bdf0c84f89a682be5ac536c00bd2,9SI4,igb5_di2_salt0.15_st0.0072,-21.8188,3001
dbc5bdf0c84f89a682be5ac536c00bd2,9SI4,igb5_di2_salt0_st0,-18.716,3001
dbc5bdf0c84f89a682be5ac536c00bd2,9SI4,igb5_di2_salt0_st0.0072,-21.8402,3001
dbc5bdf0c84f89a682be5ac536c00bd2,9SI4,igb5_di4_salt0.15_st0,-21.7132,3001
dbc5bdf0c84f89a682be5ac536c00bd2,9SI4,igb5_di4_salt0.15_st0.0072,-24.8373,3001
dbc5bdf0c84f89a682be5ac536c00bd2,9SI4,igb5_di4_salt0_st0,-21.7346,3001
dbc5bdf0c84f89a682be5ac536c00bd2,9SI4,igb5_di4_salt0_st0.0072,-24.8588,3001
dbc5bdf0c84f89a682be5ac536c00bd2,9SI4,igb8_di1_salt0.15_st0,-11.708,3001
dbc5bdf0c84f89a682be5ac536c00bd2,9SI4,igb8_di1_salt0.15_st0.0072,-14.8319,3001
dbc5bdf0c84f89a682be5ac536c00bd2,9SI4,igb8_di1_salt0_st0,-11.7221,3001
dbc5bdf0c84f89a682be5ac536c00bd2,9SI4,igb8_di1_salt0_st0.0072,-14.8464,3001
dbc5bdf0c84f89a682be5ac536c00bd2,9SI4,igb8_di2_salt0.15_st0,-18.2296,3001
dbc5bdf0c84f89a682be5ac536c00bd2,9SI4,igb8_di2_salt0.15_st0.0072,-21.3536,3001
dbc5bdf0c84f89a682be5ac536c00bd2,9SI4,igb8_di2_salt0_st0,-18.2441,3001
dbc5bdf0c84f89a682be5ac536c00bd2,9SI4,igb8_di2_salt0_st0.0072,-21.368,3001
dbc5bdf0c84f89a682be5ac536c00bd2,9SI4,igb8_di4_salt0.15_st0,-21.4905,3001
dbc5bdf0c84f89a682be5ac536c00bd2,9SI4,igb8_di4_salt0.15_st0.0072,-24.6146,3001
dbc5bdf0c84f89a682be5ac536c00bd2,9SI4,igb8_di4_salt0_st0,-21.5049,3001
dbc5bdf0c84f89a682be5ac536c00bd2,9SI4,igb8_di4_salt0_st0.0072,-24.6288,3001
de1492a39ee5b6346482dc83a1060a60,9D9I,igb1_di1_salt0.15_st0,-29.6057,3001
de1492a39ee5b6346482dc83a1060a60,9D9I,igb1_di1_salt0.15_st0.0072,-35.1934,3001
de1492a39ee5b6346482dc83a1060a60,9D9I,igb1_di1_salt0_st0,-29.6004,3001
de1492a39ee5b6346482dc83a1060a60,9D9I,igb1_di1_salt0_st0.0072,-35.1883,3001
de1492a39ee5b6346482dc83a1060a60,9D9I,igb1_di2_salt0.15_st0,-34.9774,3001
de1492a39ee5b6346482dc83a1060a60,9D9I,igb1_di2_salt0.15_st0.0072,-40.5652,3001
de1492a39ee5b6346482dc83a1060a60,9D9I,igb1_di2_salt0_st0,-34.9723,3001
de1492a39ee5b6346482dc83a1060a60,9D9I,igb1_di2_salt0_st0.0072,-40.5601,3001
de1492a39ee5b6346482dc83a1060a60,9D9I,igb1_di4_salt0.15_st0,-37.6632,3001
de1492a39ee5b6346482dc83a1060a60,9D9I,igb1_di4_salt0.15_st0.0072,-43.251,3001
de1492a39ee5b6346482dc83a1060a60,9D9I,igb1_di4_salt0_st0,-37.658,3001
de1492a39ee5b6346482dc83a1060a60,9D9I,igb1_di4_salt0_st0.0072,-43.2459,3001
de1492a39ee5b6346482dc83a1060a60,9D9I,igb2_di1_salt0.15_st0,-25.0931,3001
de1492a39ee5b6346482dc83a1060a60,9D9I,igb2_di1_salt0.15_st0.0072,-30.6808,3001
de1492a39ee5b6346482dc83a1060a60,9D9I,igb2_di1_salt0_st0,-25.087,3001
de1492a39ee5b6346482dc83a1060a60,9D9I,igb2_di1_salt0_st0.0072,-30.6747,3001
de1492a39ee5b6346482dc83a1060a60,9D9I,igb2_di2_salt0.15_st0,-32.7507,3001
de1492a39ee5b6346482dc83a1060a60,9D9I,igb2_di2_salt0.15_st0.0072,-38.3386,3001
de1492a39ee5b6346482dc83a1060a60,9D9I,igb2_di2_salt0_st0,-32.7445,3001
de1492a39ee5b6346482dc83a1060a60,9D9I,igb2_di2_salt0_st0.0072,-38.3323,3001
de1492a39ee5b6346482dc83a1060a60,9D9I,igb2_di4_salt0.15_st0,-36.5795,3001
de1492a39ee5b6346482dc83a1060a60,9D9I,igb2_di4_salt0.15_st0.0072,-42.1674,3001
de1492a39ee5b6346482dc83a1060a60,9D9I,igb2_di4_salt0_st0,-36.5734,3001
de1492a39ee5b6346482dc83a1060a60,9D9I,igb2_di4_salt0_st0.0072,-42.1612,3001
de1492a39ee5b6346482dc83a1060a60,9D9I,igb5_di1_salt0.15_st0,-26.9145,3001
de1492a39ee5b6346482dc83a1060a60,9D9I,igb5_di1_salt0.15_st0.0072,-32.5024,3001
de1492a39ee5b6346482dc83a1060a60,9D9I,igb5_di1_salt0_st0,-26.9087,3001
de1492a39ee5b6346482dc83a1060a60,9D9I,igb5_di1_salt0_st0.0072,-32.4965,3001
de1492a39ee5b6346482dc83a1060a60,9D9I,igb5_di2_salt0.15_st0,-33.6495,3001
de1492a39ee5b6346482dc83a1060a60,9D9I,igb5_di2_salt0.15_st0.0072,-39.2373,3001
de1492a39ee5b6346482dc83a1060a60,9D9I,igb5_di2_salt0_st0,-33.6437,3001
de1492a39ee5b6346482dc83a1060a60,9D9I,igb5_di2_salt0_st0.0072,-39.2315,3001
de1492a39ee5b6346482dc83a1060a60,9D9I,igb5_di4_salt0.15_st0,-37.017,3001
de1492a39ee5b6346482dc83a1060a60,9D9I,igb5_di4_salt0.15_st0.0072,-42.6047,3001
de1492a39ee5b6346482dc83a1060a60,9D9I,igb5_di4_salt0_st0,-37.0112,3001
de1492a39ee5b6346482dc83a1060a60,9D9I,igb5_di4_salt0_st0.0072,-42.599,3001
de1492a39ee5b6346482dc83a1060a60,9D9I,igb8_di1_salt0.15_st0,-19.5461,3001
de1492a39ee5b6346482dc83a1060a60,9D9I,igb8_di1_salt0.15_st0.0072,-25.1338,3001
de1492a39ee5b6346482dc83a1060a60,9D9I,igb8_di1_salt0_st0,-19.543,3001
de1492a39ee5b6346482dc83a1060a60,9D9I,igb8_di1_salt0_st0.0072,-25.1309,3001
de1492a39ee5b6346482dc83a1060a60,9D9I,igb8_di2_salt0.15_st0,-30.0114,3001
de1492a39ee5b6346482dc83a1060a60,9D9I,igb8_di2_salt0.15_st0.0072,-35.5992,3001
de1492a39ee5b6346482dc83a1060a60,9D9I,igb8_di2_salt0_st0,-30.0085,3001
de1492a39ee5b6346482dc83a1060a60,9D9I,igb8_di2_salt0_st0.0072,-35.5962,3001
de1492a39ee5b6346482dc83a1060a60,9D9I,igb8_di4_salt0.15_st0,-35.2441,3001
de1492a39ee5b6346482dc83a1060a60,9D9I,igb8_di4_salt0.15_st0.0072,-40.8319,3001
de1492a39ee5b6346482dc83a1060a60,9D9I,igb8_di4_salt0_st0,-35.2411,3001
de1492a39ee5b6346482dc83a1060a60,9D9I,igb8_di4_salt0_st0.0072,-40.8288,3001
def33b1b26713c8ce7794e1cee2141c6,2XU3,igb1_di1_salt0.15_st0,-28.4275,3001
def33b1b26713c8ce7794e1cee2141c6,2XU3,igb1_di1_salt0.15_st0.0072,-33.354,3001
def33b1b26713c8ce7794e1cee2141c6,2XU3,igb1_di1_salt0_st0,-28.4344,3001
def33b1b26713c8ce7794e1cee2141c6,2XU3,igb1_di1_salt0_st0.0072,-33.3608,3001
def33b1b26713c8ce7794e1cee2141c6,2XU3,igb1_di2_salt0.15_st0,-32.7907,3001
def33b1b26713c8ce7794e1cee2141c6,2XU3,igb1_di2_salt0.15_st0.0072,-37.7174,3001
def33b1b26713c8ce7794e1cee2141c6,2XU3,igb1_di2_salt0_st0,-32.7978,3001
def33b1b26713c8ce7794e1cee2141c6,2XU3,igb1_di2_salt0_st0.0072,-37.7243,3001
def33b1b26713c8ce7794e1cee2141c6,2XU3,igb1_di4_salt0.15_st0,-34.9726,3001
def33b1b26713c8ce7794e1cee2141c6,2XU3,igb1_di4_salt0.15_st0.0072,-39.899,3001
def33b1b26713c8ce7794e1cee2141c6,2XU3,igb1_di4_salt0_st0,-34.9795,3001
def33b1b26713c8ce7794e1cee2141c6,2XU3,igb1_di4_salt0_st0.0072,-39.9059,3001
def33b1b26713c8ce7794e1cee2141c6,2XU3,igb2_di1_salt0.15_st0,-24.4261,3001
def33b1b26713c8ce7794e1cee2141c6,2XU3,igb2_di1_salt0.15_st0.0072,-29.3527,3001
def33b1b26713c8ce7794e1cee2141c6,2XU3,igb2_di1_salt0_st0,-24.4324,3001
def33b1b26713c8ce7794e1cee2141c6,2XU3,igb2_di1_salt0_st0.0072,-29.359,3001
def33b1b26713c8ce7794e1cee2141c6,2XU3,igb2_di2_salt0.15_st0,-30.8164,3001
def33b1b26713c8ce7794e1cee2141c6,2XU3,igb2_di2_salt0.15_st0.0072,-35.7429,3001
def33b1b26713c8ce7794e1cee2141c6,2XU3,igb2_di2_salt0_st0,-30.8226,3001
def33b1b26713c8ce7794e1cee2141c6,2XU3,igb2_di2_salt0_st0.0072,-35.7491,3001
def33b1b26713c8ce7794e1cee2141c6,2XU3,igb2_di4_salt0.15_st0,-34.0114,3001
def33b1b26713c8ce7794e1cee2141c6,2XU3,igb2_di4_salt0.15_st0.0072,-38.9379,3001
def33b1b26713c8ce7794e1cee2141c6,2XU3,igb2_di4_salt0_st0,-34.0176,3001
def33b1b26713c8ce7794e1cee2141c6,2XU3,igb2_di4_salt0_st0.0072,-38.9441,3001
def33b1b26713c8ce7794e1cee2141c6,2XU3,igb5_di1_salt0.15_st0,-25.4374,3001
def33b1b26713c8ce7794e1cee2141c6,2XU3,igb5_di1_salt0.15_st0.0072,-30.3639,3001
def33b1b26713c8ce7794e1cee2141c6,2XU3,igb5_di1_salt0_st0,-25.444,3001
def33b1b26713c8ce7794e1cee2141c6,2XU3,igb5_di1_salt0_st0.0072,-30.3705,3001
def33b1b26713c8ce7794e1cee2141c6,2XU3,igb5_di2_salt0.15_st0,-31.3152,3001
def33b1b26713c8ce7794e1cee2141c6,2XU3,igb5_di2_salt0.15_st0.0072,-36.2418,3001
def33b1b26713c8ce7794e1cee2141c6,2XU3,igb5_di2_salt0_st0,-31.3218,3001
def33b1b26713c8ce7794e1cee2141c6,2XU3,igb5_di2_salt0_st0.0072,-36.2484,3001
def33b1b26713c8ce7794e1cee2141c6,2XU3,igb5_di4_salt0.15_st0,-34.2542,3001
def33b1b26713c8ce7794e1cee2141c6,2XU3,igb5_di4_salt0.15_st0.0072,-39.1806,3001
def33b1b26713c8ce7794e1cee2141c6,2XU3,igb5_di4_salt0_st0,-34.2608,3001
def33b1b26713c8ce7794e1cee2141c6,2XU3,igb5_di4_salt0_st0.0072,-39.1873,3001
def33b1b26713c8ce7794e1cee2141c6,2XU3,igb8_di1_salt0.15_st0,-23.2646,3001
def33b1b26713c8ce7794e1cee2141c6,2XU3,igb8_di1_salt0.15_st0.0072,-28.191,3001
def33b1b26713c8ce7794e1cee2141c6,2XU3,igb8_di1_salt0_st0,-23.2778,3001
def33b1b26713c8ce7794e1cee2141c6,2XU3,igb8_di1_salt0_st0.0072,-28.2043,3001
def33b1b26713c8ce7794e1cee2141c6,2XU3,igb8_di2_salt0.15_st0,-30.2395,3001
def33b1b26713c8ce7794e1cee2141c6,2XU3,igb8_di2_salt0.15_st0.0072,-35.1659,3001
def33b1b26713c8ce7794e1cee2141c6,2XU3,igb8_di2_salt0_st0,-30.2528,3001
def33b1b26713c8ce7794e1cee2141c6,2XU3,igb8_di2_salt0_st0.0072,-35.1792,3001
def33b1b26713c8ce7794e1cee2141c6,2XU3,igb8_di4_salt0.15_st0,-33.7269,3001
def33b1b26713c8ce7794e1cee2141c6,2XU3,igb8_di4_salt0.15_st0.0072,-38.6534,3001
def33b1b26713c8ce7794e1cee2141c6,2XU3,igb8_di4_salt0_st0,-33.7402,3001
def33b1b26713c8ce7794e1cee2141c6,2XU3,igb8_di4_salt0_st0.0072,-38.6666,3001
e123cf065380d0b0c8f3053e9ba7be61,4L7G,igb1_di1_salt0.15_st0,-26.548,3001
e123cf065380d0b0c8f3053e9ba7be61,4L7G,igb1_di1_salt0.15_st0.0072,-31.7501,3001
e123cf065380d0b0c8f3053e9ba7be61,4L7G,igb1_di1_salt0_st0,-26.5702,3001
e123cf065380d0b0c8f3053e9ba7be61,4L7G,igb1_di1_salt0_st0.0072,-31.7722,3001
e123cf065380d0b0c8f3053e9ba7be61,4L7G,igb1_di2_salt0.15_st0,-32.8531,3001
e123cf065380d0b0c8f3053e9ba7be61,4L7G,igb1_di2_salt0.15_st0.0072,-38.0553,3001
e123cf065380d0b0c8f3053e9ba7be61,4L7G,igb1_di2_salt0_st0,-32.875,3001
e123cf065380d0b0c8f3053e9ba7be61,4L7G,igb1_di2_salt0_st0.0072,-38.0772,3001
e123cf065380d0b0c8f3053e9ba7be61,4L7G,igb1_di4_salt0.15_st0,-36.0056,3001
e123cf065380d0b0c8f3053e9ba7be61,4L7G,igb1_di4_salt0.15_st0.0072,-41.2077,3001
e123cf065380d0b0c8f3053e9ba7be61,4L7G,igb1_di4_salt0_st0,-36.0276,3001
e123cf065380d0b0c8f3053e9ba7be61,4L7G,igb1_di4_salt0_st0.0072,-41.2297,3001
e123cf065380d0b0c8f3053e9ba7be61,4L7G,igb2_di1_salt0.15_st0,-17.7656,3001
e123cf065380d0b0c8f3053e9ba7be61,4L7G,igb2_di1_salt0.15_st0.0072,-22.9676,3001
e123cf065380d0b0c8f3053e9ba7be61,4L7G,igb2_di1_salt0_st0,-17.7907,3001
e123cf065380d0b0c8f3053e9ba7be61,4L7G,igb2_di1_salt0_st0.0072,-22.993,3001
e123cf065380d0b0c8f3053e9ba7be61,4L7G,igb2_di2_salt0.15_st0,-28.5168,3001
e123cf065380d0b0c8f3053e9ba7be61,4L7G,igb2_di2_salt0.15_st0.0072,-33.7189,3001
e123cf065380d0b0c8f3053e9ba7be61,4L7G,igb2_di2_salt0_st0,-28.5421,3001
e123cf065380d0b0c8f3053e9ba7be61,4L7G,igb2_di2_salt0_st0.0072,-33.7443,3001
e123cf065380d0b0c8f3053e9ba7be61,4L7G,igb2_di4_salt0.15_st0,-33.8925,3001
e123cf065380d0b0c8f3053e9ba7be61,4L7G,igb2_di4_salt0.15_st0.0072,-39.0946,3001
e123cf065380d0b0c8f3053e9ba7be61,4L7G,igb2_di4_salt0_st0,-33.9177,3001
e123cf065380d0b0c8f3053e9ba7be61,4L7G,igb2_di4_salt0_st0.0072,-39.1199,3001
e123cf065380d0b0c8f3053e9ba7be61,4L7G,igb5_di1_salt0.15_st0,-18.1266,3001
e123cf065380d0b0c8f3053e9ba7be61,4L7G,igb5_di1_salt0.15_st0.0072,-23.3288,3001
e123cf065380d0b0c8f3053e9ba7be61,4L7G,igb5_di1_salt0_st0,-18.1581,3001
e123cf065380d0b0c8f3053e9ba7be61,4L7G,igb5_di1_salt0_st0.0072,-23.3602,3001
e123cf065380d0b0c8f3053e9ba7be61,4L7G,igb5_di2_salt0.15_st0,-28.692,3001
e123cf065380d0b0c8f3053e9ba7be61,4L7G,igb5_di2_salt0.15_st0.0072,-33.8941,3001
e123cf065380d0b0c8f3053e9ba7be61,4L7G,igb5_di2_salt0_st0,-28.7233,3001
e123cf065380d0b0c8f3053e9ba7be61,4L7G,igb5_di2_salt0_st0.0072,-33.9255,3001
e123cf065380d0b0c8f3053e9ba7be61,4L7G,igb5_di4_salt0.15_st0,-33.9747,3001
e123cf065380d0b0c8f3053e9ba7be61,4L7G,igb5_di4_salt0.15_st0.0072,-39.1768,3001
e123cf065380d0b0c8f3053e9ba7be61,4L7G,igb5_di4_salt0_st0,-34.006,3001
e123cf065380d0b0c8f3053e9ba7be61,4L7G,igb5_di4_salt0_st0.0072,-39.2081,3001
e123cf065380d0b0c8f3053e9ba7be61,4L7G,igb8_di1_salt0.15_st0,-17.0534,3001
e123cf065380d0b0c8f3053e9ba7be61,4L7G,igb8_di1_salt0.15_st0.0072,-22.2555,3001
e123cf065380d0b0c8f3053e9ba7be61,4L7G,igb8_di1_salt0_st0,-17.0775,3001
e123cf065380d0b0c8f3053e9ba7be61,4L7G,igb8_di1_salt0_st0.0072,-22.2797,3001
e123cf065380d0b0c8f3053e9ba7be61,4L7G,igb8_di2_salt0.15_st0,-28.1659,3001
e123cf065380d0b0c8f3053e9ba7be61,4L7G,igb8_di2_salt0.15_st0.0072,-33.368,3001
e123cf065380d0b0c8f3053e9ba7be61,4L7G,igb8_di2_salt0_st0,-28.1901,3001
e123cf065380d0b0c8f3053e9ba7be61,4L7G,igb8_di2_salt0_st0.0072,-33.3922,3001
e123cf065380d0b0c8f3053e9ba7be61,4L7G,igb8_di4_salt0.15_st0,-33.7221,3001
e123cf065380d0b0c8f3053e9ba7be61,4L7G,igb8_di4_salt0.15_st0.0072,-38.9242,3001
e123cf065380d0b0c8f3053e9ba7be61,4L7G,igb8_di4_salt0_st0,-33.7464,3001
e123cf065380d0b0c8f3053e9ba7be61,4L7G,igb8_di4_salt0_st0.0072,-38.9485,3001
e13195a3669e20a1cb71ccb752460291,9D9I,igb1_di1_salt0.15_st0,-26.0297,3001
e13195a3669e20a1cb71ccb752460291,9D9I,igb1_di1_salt0.15_st0.0072,-31.6148,3001
e13195a3669e20a1cb71ccb752460291,9D9I,igb1_di1_salt0_st0,-26.0283,3001
e13195a3669e20a1cb71ccb752460291,9D9I,igb1_di1_salt0_st0.0072,-31.6136,3001
e13195a3669e20a1cb71ccb752460291,9D9I,igb1_di2_salt0.15_st0,-33.4142,3001
e13195a3669e20a1cb71ccb752460291,9D9I,igb1_di2_salt0.15_st0.0072,-38.9995,3001
e13195a3669e20a1cb71ccb752460291,9D9I,igb1_di2_salt0_st0,-33.413,3001
e13195a3669e20a1cb71ccb752460291,9D9I,igb1_di2_salt0_st0.0072,-38.9982,3001
e13195a3669e20a1cb71ccb752460291,9D9I,igb1_di4_salt0.15_st0,-37.1065,3001
e13195a3669e20a1cb71ccb752460291,9D9I,igb1_di4_salt0.15_st0.0072,-42.6917,3001
e13195a3669e20a1cb71ccb752460291,9D9I,igb1_di4_salt0_st0,-37.1053,3001
e13195a3669e20a1cb71ccb752460291,9D9I,igb1_di4_salt0_st0.0072,-42.6905,3001
e13195a3669e20a1cb71ccb752460291,9D9I,igb2_di1_salt0.15_st0,-20.4031,3001
e13195a3669e20a1cb71ccb752460291,9D9I,igb2_di1_salt0.15_st0.0072,-25.9885,3001
e13195a3669e20a1cb71ccb752460291,9D9I,igb2_di1_salt0_st0,-20.401,3001
e13195a3669e20a1cb71ccb752460291,9D9I,igb2_di1_salt0_st0.0072,-25.9863,3001
e13195a3669e20a1cb71ccb752460291,9D9I,igb2_di2_salt0.15_st0,-30.6377,3001
e13195a3669e20a1cb71ccb752460291,9D9I,igb2_di2_salt0.15_st0.0072,-36.223,3001
e13195a3669e20a1cb71ccb752460291,9D9I,igb2_di2_salt0_st0,-30.6356,3001
e13195a3669e20a1cb71ccb752460291,9D9I,igb2_di2_salt0_st0.0072,-36.2209,3001
e13195a3669e20a1cb71ccb752460291,9D9I,igb2_di4_salt0.15_st0,-35.755,3001
e13195a3669e20a1cb71ccb752460291,9D9I,igb2_di4_salt0.15_st0.0072,-41.3403,3001
e13195a3669e20a1cb71ccb752460291,9D9I,igb2_di4_salt0_st0,-35.7528,3001
e13195a3669e20a1cb71ccb752460291,9D9I,igb2_di4_salt0_st0.0072,-41.3381,3001
e13195a3669e20a1cb71ccb752460291,9D9I,igb5_di1_salt0.15_st0,-22.6342,3001
e13195a3669e20a1cb71ccb752460291,9D9I,igb5_di1_salt0.15_st0.0072,-28.2195,3001
e13195a3669e20a1cb71ccb752460291,9D9I,igb5_di1_salt0_st0,-22.6327,3001
e13195a3669e20a1cb71ccb752460291,9D9I,igb5_di1_salt0_st0.0072,-28.2179,3001
e13195a3669e20a1cb71ccb752460291,9D9I,igb5_di2_salt0.15_st0,-31.7385,3001
e13195a3669e20a1cb71ccb752460291,9D9I,igb5_di2_salt0.15_st0.0072,-37.3237,3001
e13195a3669e20a1cb71ccb752460291,9D9I,igb5_di2_salt0_st0,-31.737,3001
e13195a3669e20a1cb71ccb752460291,9D9I,igb5_di2_salt0_st0.0072,-37.3223,3001
e13195a3669e20a1cb71ccb752460291,9D9I,igb5_di4_salt0.15_st0,-36.2906,3001
e13195a3669e20a1cb71ccb752460291,9D9I,igb5_di4_salt0.15_st0.0072,-41.8759,3001
e13195a3669e20a1cb71ccb752460291,9D9I,igb5_di4_salt0_st0,-36.2892,3001
e13195a3669e20a1cb71ccb752460291,9D9I,igb5_di4_salt0_st0.0072,-41.8744,3001
e13195a3669e20a1cb71ccb752460291,9D9I,igb8_di1_salt0.15_st0,-12.1872,3001
e13195a3669e20a1cb71ccb752460291,9D9I,igb8_di1_salt0.15_st0.0072,-17.7725,3001
e13195a3669e20a1cb71ccb752460291,9D9I,igb8_di1_salt0_st0,-12.1955,3001
e13195a3669e20a1cb71ccb752460291,9D9I,igb8_di1_salt0_st0.0072,-17.7805,3001
e13195a3669e20a1cb71ccb752460291,9D9I,igb8_di2_salt0.15_st0,-26.5776,3001
e13195a3669e20a1cb71ccb752460291,9D9I,igb8_di2_salt0.15_st0.0072,-32.1628,3001
e13195a3669e20a1cb71ccb752460291,9D9I,igb8_di2_salt0_st0,-26.5857,3001
e13195a3669e20a1cb71ccb752460291,9D9I,igb8_di2_salt0_st0.0072,-32.1711,3001
e13195a3669e20a1cb71ccb752460291,9D9I,igb8_di4_salt0.15_st0,-33.7728,3001
e13195a3669e20a1cb71ccb752460291,9D9I,igb8_di4_salt0.15_st0.0072,-39.358,3001
e13195a3669e20a1cb71ccb752460291,9D9I,igb8_di4_salt0_st0,-33.7807,3001
e13195a3669e20a1cb71ccb752460291,9D9I,igb8_di4_salt0_st0.0072,-39.3661,3001
e5ec85f1b96ce3d4ca5d747969350f0f,9D9I,igb1_di1_salt0.15_st0,-28.373,3001
e5ec85f1b96ce3d4ca5d747969350f0f,9D9I,igb1_di1_salt0.15_st0.0072,-33.8982,3001
e5ec85f1b96ce3d4ca5d747969350f0f,9D9I,igb1_di1_salt0_st0,-28.3641,3001
e5ec85f1b96ce3d4ca5d747969350f0f,9D9I,igb1_di1_salt0_st0.0072,-33.8893,3001
e5ec85f1b96ce3d4ca5d747969350f0f,9D9I,igb1_di2_salt0.15_st0,-33.9237,3001
e5ec85f1b96ce3d4ca5d747969350f0f,9D9I,igb1_di2_salt0.15_st0.0072,-39.4486,3001
e5ec85f1b96ce3d4ca5d747969350f0f,9D9I,igb1_di2_salt0_st0,-33.9146,3001
e5ec85f1b96ce3d4ca5d747969350f0f,9D9I,igb1_di2_salt0_st0.0072,-39.4397,3001
e5ec85f1b96ce3d4ca5d747969350f0f,9D9I,igb1_di4_salt0.15_st0,-36.6987,3001
e5ec85f1b96ce3d4ca5d747969350f0f,9D9I,igb1_di4_salt0.15_st0.0072,-42.2238,3001
e5ec85f1b96ce3d4ca5d747969350f0f,9D9I,igb1_di4_salt0_st0,-36.6899,3001
e5ec85f1b96ce3d4ca5d747969350f0f,9D9I,igb1_di4_salt0_st0.0072,-42.215,3001
e5ec85f1b96ce3d4ca5d747969350f0f,9D9I,igb2_di1_salt0.15_st0,-23.514,3001
e5ec85f1b96ce3d4ca5d747969350f0f,9D9I,igb2_di1_salt0.15_st0.0072,-29.0392,3001
e5ec85f1b96ce3d4ca5d747969350f0f,9D9I,igb2_di1_salt0_st0,-23.5044,3001
e5ec85f1b96ce3d4ca5d747969350f0f,9D9I,igb2_di1_salt0_st0.0072,-29.0295,3001
e5ec85f1b96ce3d4ca5d747969350f0f,9D9I,igb2_di2_salt0.15_st0,-31.5257,3001
e5ec85f1b96ce3d4ca5d747969350f0f,9D9I,igb2_di2_salt0.15_st0.0072,-37.0509,3001
e5ec85f1b96ce3d4ca5d747969350f0f,9D9I,igb2_di2_salt0_st0,-31.516,3001
e5ec85f1b96ce3d4ca5d747969350f0f,9D9I,igb2_di2_salt0_st0.0072,-37.0412,3001
e5ec85f1b96ce3d4ca5d747969350f0f,9D9I,igb2_di4_salt0.15_st0,-35.5315,3001
e5ec85f1b96ce3d4ca5d747969350f0f,9D9I,igb2_di4_salt0.15_st0.0072,-41.0567,3001
e5ec85f1b96ce3d4ca5d747969350f0f,9D9I,igb2_di4_salt0_st0,-35.5219,3001
e5ec85f1b96ce3d4ca5d747969350f0f,9D9I,igb2_di4_salt0_st0.0072,-41.047,3001
e5ec85f1b96ce3d4ca5d747969350f0f,9D9I,igb5_di1_salt0.15_st0,-25.1399,3001
e5ec85f1b96ce3d4ca5d747969350f0f,9D9I,igb5_di1_salt0.15_st0.0072,-30.6651,3001
e5ec85f1b96ce3d4ca5d747969350f0f,9D9I,igb5_di1_salt0_st0,-25.1311,3001
e5ec85f1b96ce3d4ca5d747969350f0f,9D9I,igb5_di1_salt0_st0.0072,-30.6562,3001
e5ec85f1b96ce3d4ca5d747969350f0f,9D9I,igb5_di2_salt0.15_st0,-32.3278,3001
e5ec85f1b96ce3d4ca5d747969350f0f,9D9I,igb5_di2_salt0.15_st0.0072,-37.853,3001
e5ec85f1b96ce3d4ca5d747969350f0f,9D9I,igb5_di2_salt0_st0,-32.319,3001
e5ec85f1b96ce3d4ca5d747969350f0f,9D9I,igb5_di2_salt0_st0.0072,-37.8441,3001
e5ec85f1b96ce3d4ca5d747969350f0f,9D9I,igb5_di4_salt0.15_st0,-35.9217,3001
e5ec85f1b96ce3d4ca5d747969350f0f,9D9I,igb5_di4_salt0.15_st0.0072,-41.4469,3001
e5ec85f1b96ce3d4ca5d747969350f0f,9D9I,igb5_di4_salt0_st0,-35.9128,3001
e5ec85f1b96ce3d4ca5d747969350f0f,9D9I,igb5_di4_salt0_st0.0072,-41.438,3001
e5ec85f1b96ce3d4ca5d747969350f0f,9D9I,igb8_di1_salt0.15_st0,-17.3334,3001
e5ec85f1b96ce3d4ca5d747969350f0f,9D9I,igb8_di1_salt0.15_st0.0072,-22.8584,3001
e5ec85f1b96ce3d4ca5d747969350f0f,9D9I,igb8_di1_salt0_st0,-17.3275,3001
e5ec85f1b96ce3d4ca5d747969350f0f,9D9I,igb8_di1_salt0_st0.0072,-22.8526,3001
e5ec85f1b96ce3d4ca5d747969350f0f,9D9I,igb8_di2_salt0.15_st0,-28.4734,3001
e5ec85f1b96ce3d4ca5d747969350f0f,9D9I,igb8_di2_salt0.15_st0.0072,-33.9986,3001
e5ec85f1b96ce3d4ca5d747969350f0f,9D9I,igb8_di2_salt0_st0,-28.4674,3001
e5ec85f1b96ce3d4ca5d747969350f0f,9D9I,igb8_di2_salt0_st0.0072,-33.9926,3001
e5ec85f1b96ce3d4ca5d747969350f0f,9D9I,igb8_di4_salt0.15_st0,-34.0434,3001
e5ec85f1b96ce3d4ca5d747969350f0f,9D9I,igb8_di4_salt0.15_st0.0072,-39.5686,3001
e5ec85f1b96ce3d4ca5d747969350f0f,9D9I,igb8_di4_salt0_st0,-34.0374,3001
e5ec85f1b96ce3d4ca5d747969350f0f,9D9I,igb8_di4_salt0_st0.0072,-39.5627,3001
ec69e1666eb0eb27ed19cf2994bc675f,4QB3,igb1_di1_salt0.15_st0,-18.5884,3001
ec69e1666eb0eb27ed19cf2994bc675f,4QB3,igb1_di1_salt0.15_st0.0072,-22.337,3001
ec69e1666eb0eb27ed19cf2994bc675f,4QB3,igb1_di1_salt0_st0,-18.5979,3001
ec69e1666eb0eb27ed19cf2994bc675f,4QB3,igb1_di1_salt0_st0.0072,-22.3465,3001
ec69e1666eb0eb27ed19cf2994bc675f,4QB3,igb1_di2_salt0.15_st0,-23.6777,3001
ec69e1666eb0eb27ed19cf2994bc675f,4QB3,igb1_di2_salt0.15_st0.0072,-27.4262,3001
ec69e1666eb0eb27ed19cf2994bc675f,4QB3,igb1_di2_salt0_st0,-23.6872,3001
ec69e1666eb0eb27ed19cf2994bc675f,4QB3,igb1_di2_salt0_st0.0072,-27.4357,3001
ec69e1666eb0eb27ed19cf2994bc675f,4QB3,igb1_di4_salt0.15_st0,-26.2222,3001
ec69e1666eb0eb27ed19cf2994bc675f,4QB3,igb1_di4_salt0.15_st0.0072,-29.9707,3001
ec69e1666eb0eb27ed19cf2994bc675f,4QB3,igb1_di4_salt0_st0,-26.2317,3001
ec69e1666eb0eb27ed19cf2994bc675f,4QB3,igb1_di4_salt0_st0.0072,-29.9802,3001
ec69e1666eb0eb27ed19cf2994bc675f,4QB3,igb2_di1_salt0.15_st0,-15.8998,3001
ec69e1666eb0eb27ed19cf2994bc675f,4QB3,igb2_di1_salt0.15_st0.0072,-19.6484,3001
ec69e1666eb0eb27ed19cf2994bc675f,4QB3,igb2_di1_salt0_st0,-15.9092,3001
ec69e1666eb0eb27ed19cf2994bc675f,4QB3,igb2_di1_salt0_st0.0072,-19.6577,3001
ec69e1666eb0eb27ed19cf2994bc675f,4QB3,igb2_di2_salt0.15_st0,-22.3507,3001
ec69e1666eb0eb27ed19cf2994bc675f,4QB3,igb2_di2_salt0.15_st0.0072,-26.0994,3001
ec69e1666eb0eb27ed19cf2994bc675f,4QB3,igb2_di2_salt0_st0,-22.36,3001
ec69e1666eb0eb27ed19cf2994bc675f,4QB3,igb2_di2_salt0_st0.0072,-26.1086,3001
ec69e1666eb0eb27ed19cf2994bc675f,4QB3,igb2_di4_salt0.15_st0,-25.5763,3001
ec69e1666eb0eb27ed19cf2994bc675f,4QB3,igb2_di4_salt0.15_st0.0072,-29.3249,3001
ec69e1666eb0eb27ed19cf2994bc675f,4QB3,igb2_di4_salt0_st0,-25.5856,3001
ec69e1666eb0eb27ed19cf2994bc675f,4QB3,igb2_di4_salt0_st0.0072,-29.3341,3001
ec69e1666eb0eb27ed19cf2994bc675f,4QB3,igb5_di1_salt0.15_st0,-17.1448,3001
ec69e1666eb0eb27ed19cf2994bc675f,4QB3,igb5_di1_salt0.15_st0.0072,-20.8934,3001
ec69e1666eb0eb27ed19cf2994bc675f,4QB3,igb5_di1_salt0_st0,-17.1525,3001
ec69e1666eb0eb27ed19cf2994bc675f,4QB3,igb5_di1_salt0_st0.0072,-20.901,3001
ec69e1666eb0eb27ed19cf2994bc675f,4QB3,igb5_di2_salt0.15_st0,-22.9662,3001
ec69e1666eb0eb27ed19cf2994bc675f,4QB3,igb5_di2_salt0.15_st0.0072,-26.7146,3001
ec69e1666eb0eb27ed19cf2994bc675f,4QB3,igb5_di2_salt0_st0,-22.9737,3001
ec69e1666eb0eb27ed19cf2994bc675f,4QB3,igb5_di2_salt0_st0.0072,-26.7223,3001
ec69e1666eb0eb27ed19cf2994bc675f,4QB3,igb5_di4_salt0.15_st0,-25.8768,3001
ec69e1666eb0eb27ed19cf2994bc675f,4QB3,igb5_di4_salt0.15_st0.0072,-29.6253,3001
ec69e1666eb0eb27ed19cf2994bc675f,4QB3,igb5_di4_salt0_st0,-25.8842,3001
ec69e1666eb0eb27ed19cf2994bc675f,4QB3,igb5_di4_salt0_st0.0072,-29.6328,3001
ec69e1666eb0eb27ed19cf2994bc675f,4QB3,igb8_di1_salt0.15_st0,-16.5725,3001
ec69e1666eb0eb27ed19cf2994bc675f,4QB3,igb8_di1_salt0.15_st0.0072,-20.3211,3001
ec69e1666eb0eb27ed19cf2994bc675f,4QB3,igb8_di1_salt0_st0,-16.5819,3001
ec69e1666eb0eb27ed19cf2994bc675f,4QB3,igb8_di1_salt0_st0.0072,-20.3305,3001
ec69e1666eb0eb27ed19cf2994bc675f,4QB3,igb8_di2_salt0.15_st0,-22.6827,3001
ec69e1666eb0eb27ed19cf2994bc675f,4QB3,igb8_di2_salt0.15_st0.0072,-26.4312,3001
ec69e1666eb0eb27ed19cf2994bc675f,4QB3,igb8_di2_salt0_st0,-22.6922,3001
ec69e1666eb0eb27ed19cf2994bc675f,4QB3,igb8_di2_salt0_st0.0072,-26.4407,3001
ec69e1666eb0eb27ed19cf2994bc675f,4QB3,igb8_di4_salt0.15_st0,-25.7377,3001
ec69e1666eb0eb27ed19cf2994bc675f,4QB3,igb8_di4_salt0.15_st0.0072,-29.4862,3001
ec69e1666eb0eb27ed19cf2994bc675f,4QB3,igb8_di4_salt0_st0,-25.7472,3001
ec69e1666eb0eb27ed19cf2994bc675f,4QB3,igb8_di4_salt0_st0.0072,-29.4957,3001
ee504f886574b282ca630cb14509614b,5HU9,igb1_di1_salt0.15_st0,-3.8462,3001
ee504f886574b282ca630cb14509614b,5HU9,igb1_di1_salt0.15_st0.0072,-4.9452,3001
ee504f886574b282ca630cb14509614b,5HU9,igb1_di1_salt0_st0,-3.8418,3001
ee504f886574b282ca630cb14509614b,5HU9,igb1_di1_salt0_st0.0072,-4.9408,3001
ee504f886574b282ca630cb14509614b,5HU9,igb1_di2_salt0.15_st0,-6.103,3001
ee504f886574b282ca630cb14509614b,5HU9,igb1_di2_salt0.15_st0.0072,-7.2019,3001
ee504f886574b282ca630cb14509614b,5HU9,igb1_di2_salt0_st0,-6.0985,3001
ee504f886574b282ca630cb14509614b,5HU9,igb1_di2_salt0_st0.0072,-7.1975,3001
ee504f886574b282ca630cb14509614b,5HU9,igb1_di4_salt0.15_st0,-7.2312,3001
ee504f886574b282ca630cb14509614b,5HU9,igb1_di4_salt0.15_st0.0072,-8.3302,3001
ee504f886574b282ca630cb14509614b,5HU9,igb1_di4_salt0_st0,-7.2269,3001
ee504f886574b282ca630cb14509614b,5HU9,igb1_di4_salt0_st0.0072,-8.3259,3001
ee504f886574b282ca630cb14509614b,5HU9,igb2_di1_salt0.15_st0,-2.7459,3001
ee504f886574b282ca630cb14509614b,5HU9,igb2_di1_salt0.15_st0.0072,-3.8448,3001
ee504f886574b282ca630cb14509614b,5HU9,igb2_di1_salt0_st0,-2.7413,3001
ee504f886574b282ca630cb14509614b,5HU9,igb2_di1_salt0_st0.0072,-3.8403,3001
ee504f886574b282ca630cb14509614b,5HU9,igb2_di2_salt0.15_st0,-5.5598,3001
ee504f886574b282ca630cb14509614b,5HU9,igb2_di2_salt0.15_st0.0072,-6.6587,3001
ee504f886574b282ca630cb14509614b,5HU9,igb2_di2_salt0_st0,-5.5554,3001
ee504f886574b282ca630cb14509614b,5HU9,igb2_di2_salt0_st0.0072,-6.6543,3001
ee504f886574b282ca630cb14509614b,5HU9,igb2_di4_salt0.15_st0,-6.9668,3001
ee504f886574b282ca630cb14509614b,5HU9,igb2_di4_salt0.15_st0.0072,-8.0659,3001
ee504f886574b282ca630cb14509614b,5HU9,igb2_di4_salt0_st0,-6.9624,3001
ee504f886574b282ca630cb14509614b,5HU9,igb2_di4_salt0_st0.0072,-8.0614,3001
ee504f886574b282ca630cb14509614b,5HU9,igb5_di1_salt0.15_st0,-2.8217,3001
ee504f886574b282ca630cb14509614b,5HU9,igb5_di1_salt0.15_st0.0072,-3.9207,3001
ee504f886574b282ca630cb14509614b,5HU9,igb5_di1_salt0_st0,-2.8174,3001
ee504f886574b282ca630cb14509614b,5HU9,igb5_di1_salt0_st0.0072,-3.9165,3001
ee504f886574b282ca630cb14509614b,5HU9,igb5_di2_salt0.15_st0,-5.5972,3001
ee504f886574b282ca630cb14509614b,5HU9,igb5_di2_salt0.15_st0.0072,-6.6962,3001
ee504f886574b282ca630cb14509614b,5HU9,igb5_di2_salt0_st0,-5.593,3001
ee504f886574b282ca630cb14509614b,5HU9,igb5_di2_salt0_st0.0072,-6.6919,3001
ee504f886574b282ca630cb14509614b,5HU9,igb5_di4_salt0.15_st0,-6.9848,3001
ee504f886574b282ca630cb14509614b,5HU9,igb5_di4_salt0.15_st0.0072,-8.0839,3001
ee504f886574b282ca630cb14509614b,5HU9,igb5_di4_salt0_st0,-6.9807,3001
ee504f886574b282ca630cb14509614b,5HU9,igb5_di4_salt0_st0.0072,-8.0797,3001
ee504f886574b282ca630cb14509614b,5HU9,igb8_di1_salt0.15_st0,-2.9985,3001
ee504f886574b282ca630cb14509614b,5HU9,igb8_di1_salt0.15_st0.0072,-4.0974,3001
ee504f886574b282ca630cb14509614b,5HU9,igb8_di1_salt0_st0,-2.9947,3001
ee504f886574b282ca630cb14509614b,5HU9,igb8_di1_salt0_st0.0072,-4.0936,3001
ee504f886574b282ca630cb14509614b,5HU9,igb8_di2_salt0.15_st0,-5.6843,3001
ee504f886574b282ca630cb14509614b,5HU9,igb8_di2_salt0.15_st0.0072,-6.7832,3001
ee504f886574b282ca630cb14509614b,5HU9,igb8_di2_salt0_st0,-5.6804,3001
ee504f886574b282ca630cb14509614b,5HU9,igb8_di2_salt0_st0.0072,-6.7794,3001
ee504f886574b282ca630cb14509614b,5HU9,igb8_di4_salt0.15_st0,-7.0271,3001
ee504f886574b282ca630cb14509614b,5HU9,igb8_di4_salt0.15_st0.0072,-8.1261,3001
ee504f886574b282ca630cb14509614b,5HU9,igb8_di4_salt0_st0,-7.0233,3001
ee504f886574b282ca630cb14509614b,5HU9,igb8_di4_salt0_st0.0072,-8.1222,3001
fa4de5e62b4e32e8b3d71088211803e0,3I06,igb1_di1_salt0.15_st0,-14.9179,3001
fa4de5e62b4e32e8b3d71088211803e0,3I06,igb1_di1_salt0.15_st0.0072,-18.0357,3001
fa4de5e62b4e32e8b3d71088211803e0,3I06,igb1_di1_salt0_st0,-14.9337,3001
fa4de5e62b4e32e8b3d71088211803e0,3I06,igb1_di1_salt0_st0.0072,-18.0516,3001
fa4de5e62b4e32e8b3d71088211803e0,3I06,igb1_di2_salt0.15_st0,-19.3892,3001
fa4de5e62b4e32e8b3d71088211803e0,3I06,igb1_di2_salt0.15_st0.0072,-22.5072,3001
fa4de5e62b4e32e8b3d71088211803e0,3I06,igb1_di2_salt0_st0,-19.4051,3001
fa4de5e62b4e32e8b3d71088211803e0,3I06,igb1_di2_salt0_st0.0072,-22.5231,3001
fa4de5e62b4e32e8b3d71088211803e0,3I06,igb1_di4_salt0.15_st0,-21.6249,3001
fa4de5e62b4e32e8b3d71088211803e0,3I06,igb1_di4_salt0.15_st0.0072,-24.7429,3001
fa4de5e62b4e32e8b3d71088211803e0,3I06,igb1_di4_salt0_st0,-21.6407,3001
fa4de5e62b4e32e8b3d71088211803e0,3I06,igb1_di4_salt0_st0.0072,-24.7586,3001
fa4de5e62b4e32e8b3d71088211803e0,3I06,igb2_di1_salt0.15_st0,-12.9273,3001
fa4de5e62b4e32e8b3d71088211803e0,3I06,igb2_di1_salt0.15_st0.0072,-16.0453,3001
fa4de5e62b4e32e8b3d71088211803e0,3I06,igb2_di1_salt0_st0,-12.943,3001
fa4de5e62b4e32e8b3d71088211803e0,3I06,igb2_di1_salt0_st0.0072,-16.061,3001
fa4de5e62b4e32e8b3d71088211803e0,3I06,igb2_di2_salt0.15_st0,-18.4068,3001
fa4de5e62b4e32e8b3d71088211803e0,3I06,igb2_di2_salt0.15_st0.0072,-21.5248,3001
fa4de5e62b4e32e8b3d71088211803e0,3I06,igb2_di2_salt0_st0,-18.4226,3001
fa4de5e62b4e32e8b3d71088211803e0,3I06,igb2_di2_salt0_st0.0072,-21.5406,3001
fa4de5e62b4e32e8b3d71088211803e0,3I06,igb2_di4_salt0.15_st0,-21.1467,3001
fa4de5e62b4e32e8b3d71088211803e0,3I06,igb2_di4_salt0.15_st0.0072,-24.2647,3001
fa4de5e62b4e32e8b3d71088211803e0,3I06,igb2_di4_salt0_st0,-21.1624,3001
fa4de5e62b4e32e8b3d71088211803e0,3I06,igb2_di4_salt0_st0.0072,-24.2803,3001
fa4de5e62b4e32e8b3d71088211803e0,3I06,igb5_di1_salt0.15_st0,-14.0404,3001
fa4de5e62b4e32e8b3d71088211803e0,3I06,igb5_di1_salt0.15_st0.0072,-17.1583,3001
fa4de5e62b4e32e8b3d71088211803e0,3I06,igb5_di1_salt0_st0,-14.0558,3001
fa4de5e62b4e32e8b3d71088211803e0,3I06,igb5_di1_salt0_st0.0072,-17.1737,3001
fa4de5e62b4e32e8b3d71088211803e0,3I06,igb5_di2_salt0.15_st0,-18.9563,3001
fa4de5e62b4e32e8b3d71088211803e0,3I06,igb5_di2_salt0.15_st0.0072,-22.0744,3001
fa4de5e62b4e32e8b3d71088211803e0,3I06,igb5_di2_salt0_st0,-18.9718,3001
fa4de5e62b4e32e8b3d71088211803e0,3I06,igb5_di2_salt0_st0.0072,-22.0897,3001
fa4de5e62b4e32e8b3d71088211803e0,3I06,igb5_di4_salt0.15_st0,-21.4144,3001
fa4de5e62b4e32e8b3d71088211803e0,3I06,igb5_di4_salt0.15_st0.0072,-24.5324,3001
fa4de5e62b4e32e8b3d71088211803e0,3I06,igb5_di4_salt0_st0,-21.4298,3001
fa4de5e62b4e32e8b3d71088211803e0,3I06,igb5_di4_salt0_st0.0072,-24.5478,3001
fa4de5e62b4e32e8b3d71088211803e0,3I06,igb8_di1_salt0.15_st0,-13.997,3001
fa4de5e62b4e32e8b3d71088211803e0,3I06,igb8_di1_salt0.15_st0.0072,-17.1149,3001
fa4de5e62b4e32e8b3d71088211803e0,3I06,igb8_di1_salt0_st0,-14.0285,3001
fa4de5e62b4e32e8b3d71088211803e0,3I06,igb8_di1_salt0_st0.0072,-17.1463,3001
fa4de5e62b4e32e8b3d71088211803e0,3I06,igb8_di2_salt0.15_st0,-18.9269,3001
fa4de5e62b4e32e8b3d71088211803e0,3I06,igb8_di2_salt0.15_st0.0072,-22.0449,3001
fa4de5e62b4e32e8b3d71088211803e0,3I06,igb8_di2_salt0_st0,-18.9583,3001
fa4de5e62b4e32e8b3d71088211803e0,3I06,igb8_di2_salt0_st0.0072,-22.0762,3001
fa4de5e62b4e32e8b3d71088211803e0,3I06,igb8_di4_salt0.15_st0,-21.3917,3001
fa4de5e62b4e32e8b3d71088211803e0,3I06,igb8_di4_salt0.15_st0.0072,-24.5097,3001
fa4de5e62b4e32e8b3d71088211803e0,3I06,igb8_di4_salt0_st0,-21.4233,3001
fa4de5e62b4e32e8b3d71088211803e0,3I06,igb8_di4_salt0_st0.0072,-24.5412,3001
fa512f9f244e78009694ff207c157f04,4QB3,igb1_di1_salt0.15_st0,-27.0453,3001
fa512f9f244e78009694ff207c157f04,4QB3,igb1_di1_salt0.15_st0.0072,-32.5023,3001
fa512f9f244e78009694ff207c157f04,4QB3,igb1_di1_salt0_st0,-27.0487,3001
fa512f9f244e78009694ff207c157f04,4QB3,igb1_di1_salt0_st0.0072,-32.5057,3001
fa512f9f244e78009694ff207c157f04,4QB3,igb1_di2_salt0.15_st0,-33.5152,3001
fa512f9f244e78009694ff207c157f04,4QB3,igb1_di2_salt0.15_st0.0072,-38.9723,3001
fa512f9f244e78009694ff207c157f04,4QB3,igb1_di2_salt0_st0,-33.5185,3001
fa512f9f244e78009694ff207c157f04,4QB3,igb1_di2_salt0_st0.0072,-38.9757,3001
fa512f9f244e78009694ff207c157f04,4QB3,igb1_di4_salt0.15_st0,-36.7502,3001
fa512f9f244e78009694ff207c157f04,4QB3,igb1_di4_salt0.15_st0.0072,-42.2074,3001
fa512f9f244e78009694ff207c157f04,4QB3,igb1_di4_salt0_st0,-36.7536,3001
fa512f9f244e78009694ff207c157f04,4QB3,igb1_di4_salt0_st0.0072,-42.2107,3001
fa512f9f244e78009694ff207c157f04,4QB3,igb2_di1_salt0.15_st0,-22.8645,3001
fa512f9f244e78009694ff207c157f04,4QB3,igb2_di1_salt0.15_st0.0072,-28.3217,3001
fa512f9f244e78009694ff207c157f04,4QB3,igb2_di1_salt0_st0,-22.8676,3001
fa512f9f244e78009694ff207c157f04,4QB3,igb2_di1_salt0_st0.0072,-28.3248,3001
fa512f9f244e78009694ff207c157f04,4QB3,igb2_di2_salt0.15_st0,-31.4521,3001
fa512f9f244e78009694ff207c157f04,4QB3,igb2_di2_salt0.15_st0.0072,-36.9091,3001
fa512f9f244e78009694ff207c157f04,4QB3,igb2_di2_salt0_st0,-31.4551,3001
fa512f9f244e78009694ff207c157f04,4QB3,igb2_di2_salt0_st0.0072,-36.9122,3001
fa512f9f244e78009694ff207c157f04,4QB3,igb2_di4_salt0.15_st0,-35.7458,3001
fa512f9f244e78009694ff207c157f04,4QB3,igb2_di4_salt0.15_st0.0072,-41.2029,3001
fa512f9f244e78009694ff207c157f04,4QB3,igb2_di4_salt0_st0,-35.7489,3001
fa512f9f244e78009694ff207c157f04,4QB3,igb2_di4_salt0_st0.0072,-41.2059,3001
fa512f9f244e78009694ff207c157f04,4QB3,igb5_di1_salt0.15_st0,-24.1784,3001
fa512f9f244e78009694ff207c157f04,4QB3,igb5_di1_salt0.15_st0.0072,-29.6356,3001
fa512f9f244e78009694ff207c157f04,4QB3,igb5_di1_salt0_st0,-24.1811,3001
fa512f9f244e78009694ff207c157f04,4QB3,igb5_di1_salt0_st0.0072,-29.6385,3001
fa512f9f244e78009694ff207c157f04,4QB3,igb5_di2_salt0.15_st0,-32.1006,3001
fa512f9f244e78009694ff207c157f04,4QB3,igb5_di2_salt0.15_st0.0072,-37.5576,3001
fa512f9f244e78009694ff207c157f04,4QB3,igb5_di2_salt0_st0,-32.1035,3001
fa512f9f244e78009694ff207c157f04,4QB3,igb5_di2_salt0_st0.0072,-37.5606,3001
fa512f9f244e78009694ff207c157f04,4QB3,igb5_di4_salt0.15_st0,-36.0617,3001
fa512f9f244e78009694ff207c157f04,4QB3,igb5_di4_salt0.15_st0.0072,-41.5188,3001
fa512f9f244e78009694ff207c157f04,4QB3,igb5_di4_salt0_st0,-36.0645,3001
fa512f9f244e78009694ff207c157f04,4QB3,igb5_di4_salt0_st0.0072,-41.5216,3001
fa512f9f244e78009694ff207c157f04,4QB3,igb8_di1_salt0.15_st0,-20.638,3001
fa512f9f244e78009694ff207c157f04,4QB3,igb8_di1_salt0.15_st0.0072,-26.0952,3001
fa512f9f244e78009694ff207c157f04,4QB3,igb8_di1_salt0_st0,-20.6437,3001
fa512f9f244e78009694ff207c157f04,4QB3,igb8_di1_salt0_st0.0072,-26.1007,3001
fa512f9f244e78009694ff207c157f04,4QB3,igb8_di2_salt0.15_st0,-30.3517,3001
fa512f9f244e78009694ff207c157f04,4QB3,igb8_di2_salt0.15_st0.0072,-35.809,3001
fa512f9f244e78009694ff207c157f04,4QB3,igb8_di2_salt0_st0,-30.3574,3001
fa512f9f244e78009694ff207c157f04,4QB3,igb8_di2_salt0_st0.0072,-35.8146,3001
fa512f9f244e78009694ff207c157f04,4QB3,igb8_di4_salt0.15_st0,-35.2086,3001
fa512f9f244e78009694ff207c157f04,4QB3,igb8_di4_salt0.15_st0.0072,-40.6659,3001
fa512f9f244e78009694ff207c157f04,4QB3,igb8_di4_salt0_st0,-35.2144,3001
fa512f9f244e78009694ff207c157f04,4QB3,igb8_di4_salt0_st0.0072,-40.6715,3001
fffe47a81a0ad8b0cd7beae03f34b077,2XU3,igb1_di1_salt0.15_st0,-5.7125,3001
fffe47a81a0ad8b0cd7beae03f34b077,2XU3,igb1_di1_salt0.15_st0.0072,-7.0866,3001
fffe47a81a0ad8b0cd7beae03f34b077,2XU3,igb1_di1_salt0_st0,-5.7185,3001
fffe47a81a0ad8b0cd7beae03f34b077,2XU3,igb1_di1_salt0_st0.0072,-7.0926,3001
fffe47a81a0ad8b0cd7beae03f34b077,2XU3,igb1_di2_salt0.15_st0,-7.9348,3001
fffe47a81a0ad8b0cd7beae03f34b077,2XU3,igb1_di2_salt0.15_st0.0072,-9.3089,3001
fffe47a81a0ad8b0cd7beae03f34b077,2XU3,igb1_di2_salt0_st0,-7.9408,3001
fffe47a81a0ad8b0cd7beae03f34b077,2XU3,igb1_di2_salt0_st0.0072,-9.315,3001
fffe47a81a0ad8b0cd7beae03f34b077,2XU3,igb1_di4_salt0.15_st0,-9.0458,3001
fffe47a81a0ad8b0cd7beae03f34b077,2XU3,igb1_di4_salt0.15_st0.0072,-10.4201,3001
fffe47a81a0ad8b0cd7beae03f34b077,2XU3,igb1_di4_salt0_st0,-9.0519,3001
fffe47a81a0ad8b0cd7beae03f34b077,2XU3,igb1_di4_salt0_st0.0072,-10.4261,3001
fffe47a81a0ad8b0cd7beae03f34b077,2XU3,igb2_di1_salt0.15_st0,-4.6403,3001
fffe47a81a0ad8b0cd7beae03f34b077,2XU3,igb2_di1_salt0.15_st0.0072,-6.0145,3001
fffe47a81a0ad8b0cd7beae03f34b077,2XU3,igb2_di1_salt0_st0,-4.6464,3001
fffe47a81a0ad8b0cd7beae03f34b077,2XU3,igb2_di1_salt0_st0.0072,-6.0206,3001
fffe47a81a0ad8b0cd7beae03f34b077,2XU3,igb2_di2_salt0.15_st0,-7.4056,3001
fffe47a81a0ad8b0cd7beae03f34b077,2XU3,igb2_di2_salt0.15_st0.0072,-8.7797,3001
fffe47a81a0ad8b0cd7beae03f34b077,2XU3,igb2_di2_salt0_st0,-7.4117,3001
fffe47a81a0ad8b0cd7beae03f34b077,2XU3,igb2_di2_salt0_st0.0072,-8.7857,3001
fffe47a81a0ad8b0cd7beae03f34b077,2XU3,igb2_di4_salt0.15_st0,-8.7883,3001
fffe47a81a0ad8b0cd7beae03f34b077,2XU3,igb2_di4_salt0.15_st0.0072,-10.1625,3001
fffe47a81a0ad8b0cd7beae03f34b077,2XU3,igb2_di4_salt0_st0,-8.7943,3001
fffe47a81a0ad8b0cd7beae03f34b077,2XU3,igb2_di4_salt0_st0.0072,-10.1685,3001
fffe47a81a0ad8b0cd7beae03f34b077,2XU3,igb5_di1_salt0.15_st0,-4.749,3001
fffe47a81a0ad8b0cd7beae03f34b077,2XU3,igb5_di1_salt0.15_st0.0072,-6.1232,3001
fffe47a81a0ad8b0cd7beae03f34b077,2XU3,igb5_di1_salt0_st0,-4.7553,3001
fffe47a81a0ad8b0cd7beae03f34b077,2XU3,igb5_di1_salt0_st0.0072,-6.1295,3001
fffe47a81a0ad8b0cd7beae03f34b077,2XU3,igb5_di2_salt0.15_st0,-7.4591,3001
fffe47a81a0ad8b0cd7beae03f34b077,2XU3,igb5_di2_salt0.15_st0.0072,-8.8333,3001
fffe47a81a0ad8b0cd7beae03f34b077,2XU3,igb5_di2_salt0_st0,-7.4653,3001
fffe47a81a0ad8b0cd7beae03f34b077,2XU3,igb5_di2_salt0_st0.0072,-8.8395,3001
fffe47a81a0ad8b0cd7beae03f34b077,2XU3,igb5_di4_salt0.15_st0,-8.8142,3001
fffe47a81a0ad8b0cd7beae03f34b077,2XU3,igb5_di4_salt0.15_st0.0072,-10.1883,3001
fffe47a81a0ad8b0cd7beae03f34b077,2XU3,igb5_di4_salt0_st0,-8.8204,3001
fffe47a81a0ad8b0cd7beae03f34b077,2XU3,igb5_di4_salt0_st0.0072,-10.1947,3001
fffe47a81a0ad8b0cd7beae03f34b077,2XU3,igb8_di1_salt0.15_st0,-4.9119,3001
fffe47a81a0ad8b0cd7beae03f34b077,2XU3,igb8_di1_salt0.15_st0.0072,-6.2861,3001
fffe47a81a0ad8b0cd7beae03f34b077,2XU3,igb8_di1_salt0_st0,-4.9182,3001
fffe47a81a0ad8b0cd7beae03f34b077,2XU3,igb8_di1_salt0_st0.0072,-6.2923,3001
fffe47a81a0ad8b0cd7beae03f34b077,2XU3,igb8_di2_salt0.15_st0,-7.5395,3001
fffe47a81a0ad8b0cd7beae03f34b077,2XU3,igb8_di2_salt0.15_st0.0072,-8.9137,3001
fffe47a81a0ad8b0cd7beae03f34b077,2XU3,igb8_di2_salt0_st0,-7.5457,3001
fffe47a81a0ad8b0cd7beae03f34b077,2XU3,igb8_di2_salt0_st0.0072,-8.9199,3001
fffe47a81a0ad8b0cd7beae03f34b077,2XU3,igb8_di4_salt0.15_st0,-8.8532,3001
fffe47a81a0ad8b0cd7beae03f34b077,2XU3,igb8_di4_salt0.15_st0.0072,-10.2276,3001
fffe47a81a0ad8b0cd7beae03f34b077,2XU3,igb8_di4_salt0_st0,-8.8596,3001
fffe47a81a0ad8b0cd7beae03f34b077,2XU3,igb8_di4_salt0_st0.0072,-10.2338,3001
